{"1": {"val_f1_score_neg": [0.0, 0.0, 0.0, 0.0, 0.0, 0.0, 0.0, 0.0, 0.0, 0.0, 0.0, 0.0, 0.0, 0.0, 0.0, 0.0, 0.0, 0.0, 0.0, 0.0, 0.0, 0.0, 0.0, 0.0, 0.0, 0.0, 0.0, 0.0, 0.0, 0.0, 0.0, 0.0, 0.0, 0.0, 0.0, 0.0, 0.0, 0.0, 0.0, 0.0, 0.0, 0.0, 0.0, 0.0, 0.0, 0.0, 0.0, 0.0, 0.0, 0.0, 0.0, 0.0], "val_f1_score_pos": [0.0, 0.0, 0.0, 0.0, 0.0, 0.0, 0.0, 0.0, 0.0, 0.0, 0.0, 0.0, 0.0, 0.0, 0.0, 0.0, 0.0, 0.0, 0.0, 0.0, 0.0, 0.0, 0.0, 0.0, 0.0, 0.0, 0.0, 0.0, 0.0, 0.0, 0.0, 0.0, 0.0, 0.0, 0.0, 0.0, 0.0, 0.0, 0.0, 0.0, 0.0, 0.0, 0.0, 0.0, 0.0, 0.0, 0.0, 0.0, 0.0, 0.0, 0.0, 0.0], "loss": [1.0788020690282185, 0.9889488915602366, 0.9300997654596964, 0.9233334064483643, 0.9245522568623225, 0.9227984398603439, 0.9177571485439936, 0.9246997485558192, 0.9271950622399648, 0.9217194120089213, 0.9267129004001617, 0.9164466708898544, 0.9212779899438223, 0.9202769349018732, 0.9187037547429403, 0.9304326822360357, 0.9214932570854822, 0.9146364778280258, 0.9181310335795084, 0.9169472306966782, 0.923560564716657, 0.9176032642523447, 0.9184520492951075, 0.9215368529160818, 0.9165299435456594, 0.921556368470192, 0.9248621662457784, 0.9155008792877197, 0.9168623040119807, 0.9154956340789795, 0.9152339398860931, 0.9175999263922373, 0.9137656937042872, 0.9161045451958975, 0.9132610460122427, 0.9131918549537659, 0.9111039787530899, 0.9130724569161733, 0.9128488649924597, 0.9109299580256144, 0.9076329817374548, 0.9132958849271139, 0.9137170314788818, 0.9149455378452936, 0.9039420882860819, 0.9052372525135676, 0.9085053503513336, 0.8992687910795212, 0.9140253116687139, 0.8886890759070715, 0.9067008346319199, 0.8842722276846567], "f1_score_pos_neg": [0.0858598326643308, 0.0, 0.0, 0.0, 0.0, 0.0, 0.0, 0.0, 0.0, 0.0, 0.0, 0.0, 0.0, 0.0, 0.0, 0.0, 0.0, 0.0, 0.0, 0.0, 0.0, 0.0, 0.0, 0.0, 0.0, 0.0, 0.0, 0.0, 0.0, 0.0, 0.0, 0.0, 0.0, 0.0, 0.0, 0.0, 0.0, 0.0, 0.0, 0.0, 0.0, 0.0, 0.0, 0.0, 0.0, 0.0, 0.0, 0.0, 0.0, 0.0, 0.0, 0.0], "f1_score_pos": [0.08878127361337344, 0.0, 0.0, 0.0, 0.0, 0.0, 0.0, 0.0, 0.0, 0.0, 0.0, 0.0, 0.0, 0.0, 0.0, 0.0, 0.0, 0.0, 0.0, 0.0, 0.0, 0.0, 0.0, 0.0, 0.0, 0.0, 0.0, 0.0, 0.0, 0.0, 0.0, 0.0, 0.0, 0.0, 0.0, 0.0, 0.0, 0.0, 0.0, 0.0, 0.0, 0.0, 0.0, 0.0, 0.0, 0.0, 0.0, 0.0, 0.0, 0.0, 0.0, 0.0], "val_loss": [1.0294524068720856, 0.9834449685376022, 0.9714364445643869, 0.959311499903452, 0.9621686634049993, 0.9609702141554142, 0.9715799084666394, 0.9632056404007376, 0.9684894004492303, 0.9653062467579363, 0.9705967061754502, 0.9587028038378401, 0.9587434759238685, 0.9587257048915326, 0.997205614239259, 0.9597768120491124, 0.9661743365801297, 0.9603262391650242, 0.9586877830919788, 0.9588486664047448, 0.9693828642609631, 0.9619685821419517, 0.9641956492581455, 0.9672757231111307, 0.9584201681576384, 0.9639268158203945, 0.9598683434405737, 0.958377228413838, 0.9646205234999492, 0.9592246212135603, 0.9710532237536404, 0.9657413418422772, 0.9587124992317838, 0.958459816185998, 0.9617780076990887, 0.9589540914967958, 0.9640322399740009, 0.9664047922682666, 0.957689038762304, 0.9604227200478945, 0.9593853462777372, 0.9893440552461378, 0.9764778099776494, 0.9580651734575623, 0.9624040256574032, 0.9552605313006362, 0.9574660541664841, 0.9856679865330444, 0.9534211886449274, 1.0010413476812694, 0.9529662786761329, 0.970817085487908], "val_f1_score_neu": [0.710205417493416, 0.710205417493416, 0.710205417493416, 0.710205417493416, 0.710205417493416, 0.710205417493416, 0.710205417493416, 0.710205417493416, 0.710205417493416, 0.710205417493416, 0.710205417493416, 0.710205417493416, 0.710205417493416, 0.710205417493416, 0.710205417493416, 0.710205417493416, 0.710205417493416, 0.710205417493416, 0.710205417493416, 0.710205417493416, 0.710205417493416, 0.710205417493416, 0.710205417493416, 0.710205417493416, 0.710205417493416, 0.710205417493416, 0.710205417493416, 0.710205417493416, 0.710205417493416, 0.710205417493416, 0.710205417493416, 0.710205417493416, 0.710205417493416, 0.710205417493416, 0.710205417493416, 0.710205417493416, 0.710205417493416, 0.710205417493416, 0.710205417493416, 0.710205417493416, 0.710205417493416, 0.710205417493416, 0.710205417493416, 0.710205417493416, 0.710205417493416, 0.710205417493416, 0.710205417493416, 0.710205417493416, 0.710205417493416, 0.710205417493416, 0.710205417493416, 0.710205417493416], "val_f1_score": [0.23673514413152574, 0.23673514413152574, 0.23673514413152574, 0.23673514413152574, 0.23673514413152574, 0.23673514413152574, 0.23673514413152574, 0.23673514413152574, 0.23673514413152574, 0.23673514413152574, 0.23673514413152574, 0.23673514413152574, 0.23673514413152574, 0.23673514413152574, 0.23673514413152574, 0.23673514413152574, 0.23673514413152574, 0.23673514413152574, 0.23673514413152574, 0.23673514413152574, 0.23673514413152574, 0.23673514413152574, 0.23673514413152574, 0.23673514413152574, 0.23673514413152574, 0.23673514413152574, 0.23673514413152574, 0.23673514413152574, 0.23673514413152574, 0.23673514413152574, 0.23673514413152574, 0.23673514413152574, 0.23673514413152574, 0.23673514413152574, 0.23673514413152574, 0.23673514413152574, 0.23673514413152574, 0.23673514413152574, 0.23673514413152574, 0.23673514413152574, 0.23673514413152574, 0.23673514413152574, 0.23673514413152574, 0.23673514413152574, 0.23673514413152574, 0.23673514413152574, 0.23673514413152574, 0.23673514413152574, 0.23673514413152574, 0.23673514413152574, 0.23673514413152574, 0.23673514413152574], "val_f1_score_pos_neg": [0.0, 0.0, 0.0, 0.0, 0.0, 0.0, 0.0, 0.0, 0.0, 0.0, 0.0, 0.0, 0.0, 0.0, 0.0, 0.0, 0.0, 0.0, 0.0, 0.0, 0.0, 0.0, 0.0, 0.0, 0.0, 0.0, 0.0, 0.0, 0.0, 0.0, 0.0, 0.0, 0.0, 0.0, 0.0, 0.0, 0.0, 0.0, 0.0, 0.0, 0.0, 0.0, 0.0, 0.0, 0.0, 0.0, 0.0, 0.0, 0.0, 0.0, 0.0, 0.0], "f1_score_neu": [0.5321675427258015, 0.7460345427195231, 0.7466964920361837, 0.7464790592590967, 0.7462625702222189, 0.7466952602068583, 0.7466095437606176, 0.7467214663823446, 0.746211384733518, 0.7458785474300385, 0.7464533696571986, 0.7465671400229136, 0.746433953444163, 0.7464736253023148, 0.7458429286877314, 0.7466011047363281, 0.7465946823358536, 0.7466784864664078, 0.7465283473332723, 0.7465428759654363, 0.7461126645406088, 0.7467181533575058, 0.7466410001118978, 0.7460496574640274, 0.7463722477356592, 0.745719184478124, 0.7466620951890945, 0.7462224364280701, 0.7466473827759424, 0.7466425249973933, 0.7466129312912623, 0.7466832796732584, 0.7466660737991333, 0.746537446975708, 0.7465974986553192, 0.7464956988890966, 0.7467264334360758, 0.7462620834509531, 0.7465935995181402, 0.7466848889986674, 0.7466039657592773, 0.7464546660582224, 0.7465865612030029, 0.7464291254679362, 0.7464211334784826, 0.7465923378864924, 0.7464158336321512, 0.7465005318323771, 0.7464778373638788, 0.7461732476949692, 0.746638834476471, 0.7466425249973933], "f1_score": [0.2346290796995163, 0.24867818504571915, 0.2488988364736239, 0.24882636219263077, 0.24875419090191522, 0.24889843414227167, 0.24886986364920935, 0.24890716125567755, 0.248737134039402, 0.24862618744373322, 0.24881780023376146, 0.2488557274142901, 0.24881132816274962, 0.24882455418507257, 0.24861431370178858, 0.24886703987916312, 0.24886490404605865, 0.24889283875624338, 0.24884278823932013, 0.24884763111670813, 0.2487042248249054, 0.24890605608622232, 0.24888034537434578, 0.24868323281407356, 0.24879075959324837, 0.248573067287604, 0.24888737003008524, 0.24874082207679749, 0.2488824687898159, 0.24888085077206293, 0.2488709824780623, 0.24889443442225456, 0.24888870244224867, 0.24884582062562308, 0.24886584281921387, 0.24883191287517548, 0.24890881280104318, 0.24875404189030328, 0.24886453400055566, 0.2488949733475844, 0.24886799852053323, 0.24881822988390923, 0.24886219327648482, 0.24880971014499664, 0.24880705028772354, 0.24886411552627882, 0.24880528698364893, 0.2488335184752941, 0.24882595613598824, 0.24872442210714021, 0.24887961521744728, 0.24888085077206293],