{"1": {"val_f1_score_neg": [0.21675266750455172, 0.43092087781273775, 0.5472004249779104, 0.6002402421702043, 0.41224031365513, 0.6219406725853025, 0.6285123887546846, 0.47274283072029316, 0.5782006405733, 0.6302118818340567, 0.64406595876825, 0.6377425734867023, 0.5955977924117836, 0.624209551515206, 0.648789647432045, 0.6324421219390306, 0.41556201578259094, 0.6528887644953091, 0.6562675174377655, 0.6572442647041205, 0.6496991947112296, 0.6498386274572433, 0.41767580199230914, 0.6366534304683186, 0.6105088273040679, 0.48218971934610266, 0.6445672181185655, 0.6459962218342952, 0.6412963955937556, 0.42217353282616155, 0.35725597995012875, 0.3899976428810991, 0.6087237698131995, 0.5958564822275897, 0.6264875056611703, 0.6396137606813411, 0.5855895190479194, 0.42501486563704005, 0.5992774311025777, 0.6519078183592412, 0.6074099406646921, 0.6219051148083851, 0.6433358487115484, 0.6094957366485184, 0.6464700007620986, 0.6320310828120549, 0.6140228611791235, 0.5490310100810891, 0.5717932988382168, 0.6396027517597578, 0.6383258910850529, 0.5720425550861504, 0.6379773659422974, 0.6229030970137129, 0.6193869294639756, 0.6277740733665332, 0.5909293961321187, 0.6361997896521359, 0.5786865806987143, 0.5320375381264663, 0.6344445290674886, 0.622560746890706, 0.570125688827633, 0.6193527220285426, 0.5982131623653373, 0.5880939976299233, 0.6110478195584255, 0.629871815670947, 0.5778809310051433], "val_f1_score": [0.34608358947800666, 0.4440448001543252, 0.4804792389695944, 0.5501766692288974, 0.4621025651519062, 0.5536667319819888, 0.5606721761899117, 0.4890211758933194, 0.5301793516084411, 0.582362954594024, 0.588697665589273, 0.4804778773399607, 0.539242164165224, 0.6046593316331726, 0.5606420443661836, 0.5184279048276602, 0.5221974439198404, 0.6084387980223882, 0.5138324206603629, 0.564771744671889, 0.5462678178601902, 0.5972243450913834, 0.5384857073272074, 0.5222152295382881, 0.5149730789302117, 0.5585969521878166, 0.5802932951936194, 0.5780814937037281, 0.6053099415080267, 0.5284757818984813, 0.47552916416969593, 0.5038017097540498, 0.5807503237683549, 0.5829813671283662, 0.6011132538399072, 0.5421570261426729, 0.5695422777870031, 0.5257863332653603, 0.5928802453769095, 0.5928394389056001, 0.5785307557637553, 0.5983235643245699, 0.5859118708339405, 0.4693436031801659, 0.5790274214272664, 0.5684593859900776, 0.5748187993970263, 0.5654070994310212, 0.5592933243263749, 0.5732811346978579, 0.5685664286390383, 0.5615909443049617, 0.5791971225004929, 0.5891006486511317, 0.5782166449700826, 0.581156211021619, 0.5603126281293405, 0.5817850254110747, 0.5517286466576202, 0.5354466453308572, 0.5906279371817585, 0.5613564449390527, 0.5575791079881113, 0.5804642360595449, 0.5761156746035914, 0.5667076443853648, 0.5721990241159258, 0.5763068299169107, 0.5726107807777189], "f1_score_pos_neg": [0.30637440209587413, 0.37925566768362406, 0.4306699463299343, 0.45643206366470884, 0.4943364230649812, 0.5174418311743509, 0.5229925978041831, 0.5543042896758943, 0.5536524990484828, 0.5840120599383399, 0.579469713071982, 0.6212663260244188, 0.6156501741636367, 0.6347323145185199, 0.6579715325718835, 0.6599162369966507, 0.6812267111880439, 0.7000107892921993, 0.7010563917103267, 0.717806379709925, 0.7356914934657869, 0.733139999565624, 0.7571084839957101, 0.7403584129753567, 0.7623777857848576, 0.7784348087651389, 0.811164630310876, 0.8022805870998473, 0.8079826150621686, 0.8180757966779527, 0.8317547979808989, 0.8574747989575068, 0.83448597575937, 0.8471499184767405, 0.8727613396587826, 0.8758393951824733, 0.8850917731012616, 0.8665382507301512, 0.898114684082213, 0.8850182997328895, 0.9225608238152095, 0.920715943688438, 0.8985725222598939, 0.9178351639282136, 0.9160381356875101, 0.9103400600808007, 0.9315640507709413, 0.9352382655654635, 0.9396045151210967, 0.939408479701905, 0.9348352778525579, 0.9438691983620325, 0.9401610436893645, 0.9274200690644128, 0.9326578286432085, 0.9276126133544105, 0.9574031645343417, 0.9553740805103665, 0.9563660969336828, 0.9617883073432105, 0.9252655747390929, 0.9613700920627231, 0.9625950576294036, 0.944545946660496, 0.9474363965647561, 0.9673734399534407, 0.963310297755968, 0.957780537151155, 0.9645237496920994], "f1_score": [0.3970049007662705, 0.49376860296442393, 0.5287220243896756, 0.5488211846067792, 0.5752388629175368, 0.5934031541858401, 0.5966305853355498, 0.6227923638763881, 0.6194464741718202, 0.6428201028278896, 0.6402438474552972, 0.6716803305205845, 0.6690249258563632, 0.6846662241788137, 0.7043408070291791, 0.7056429634491602, 0.721121099733171, 0.7391025913613183, 0.7370810480344863, 0.7494125493935176, 0.770096521292414, 0.7663568719511941, 0.7844381566558566, 0.7728520035743713, 0.7908039887746176, 0.8054294571990058, 0.8321903901440757, 0.8240943834895179, 0.8306737825984046, 0.8377084256637664, 0.8512756859972364, 0.8724922679719471, 0.8541141869056792, 0.8653742309127536, 0.886450971875872, 0.8912349534886224, 0.8985132156383424, 0.8813682276578176, 0.9087968277079719, 0.8963111504202798, 0.9315901739256722, 0.9297320828551338, 0.9093017947106135, 0.9274693081776301, 0.9272634202525729, 0.9197169223002025, 0.9383495840288344, 0.9423486824546542, 0.9457412000213351, 0.946810150430316, 0.9412704862299419, 0.9507181169021697, 0.9471148053805033, 0.9347521492413112, 0.9413398092701322, 0.9355651147308803, 0.9624302011160624, 0.9602721638622738, 0.9606154632000696, 0.9665464943363553, 0.9326665529182979, 0.9658394150790715, 0.9677531350226629, 0.9506482652255467, 0.953974757875715, 0.9710013092983336, 0.9676574170589447, 0.9633672939879554, 0.9682978781915846], "val_f1_score_pos": [0.10337114249646423, 0.17706504784561308, 0.17278225699819214, 0.335979843898448, 0.2434330259391546, 0.3163180025214823, 0.33867432435139094, 0.2614939142549783, 0.27956290730098, 0.4210779726961096, 0.4323082112322184, 0.08268788938540035, 0.2852348067365785, 0.48983736460239996, 0.30749887768288103, 0.1860598540432111, 0.41166026826597685, 0.4773473228573853, 0.16076808477434767, 0.30139293899366676, 0.2918102859887678, 0.4226012471501912, 0.464914513503009, 0.18211419107513926, 0.18060842063906382, 0.4483700027028237, 0.44134005382690566, 0.3419344612085975, 0.4874518816663079, 0.4233875603650102, 0.3317799648614387, 0.38247378904488083, 0.38907623529648705, 0.40132242569878357, 0.450404806926451, 0.33165823328725613, 0.3708570796361229, 0.42249629590568166, 0.4354426863490597, 0.4026269939800559, 0.39222820892132354, 0.43753995219169306, 0.38860652345394797, 0.05970025218074728, 0.3709915178185693, 0.4365445220733193, 0.3671494446195464, 0.40555070637584106, 0.3566291577849257, 0.3624910403896011, 0.3268786472910651, 0.37300778392516326, 0.39789753878808376, 0.41522071404978333, 0.3895359173102042, 0.3772287839873653, 0.34703069863639, 0.38219526113822444, 0.3279852444290096, 0.3233547907019326, 0.4411674354910797, 0.33207680789726146, 0.35727869513814536, 0.39103602676631843, 0.3923213693455324, 0.38422830301633143, 0.38165374701483207, 0.3845341912379846, 0.3959381026536347],