{"1": {"f1_score_pos": [0.0, 0.0, 0.0, 0.0, 0.0, 0.0, 0.0, 0.0, 0.0, 0.0, 0.0, 0.0, 0.0, 0.0, 0.0, 0.0, 0.0, 0.0, 0.0, 0.0, 0.0, 0.0, 0.0, 0.0, 0.0, 0.0, 0.0, 0.0, 0.0, 0.0, 0.0, 0.0, 0.0, 0.0, 0.0, 0.0, 0.0, 0.0, 0.0, 0.0, 0.0, 0.0, 0.0, 0.0, 0.0, 0.0, 0.0, 0.0, 0.0, 0.0, 0.0, 0.0], "val_f1_score_pos": [0.0, 0.0, 0.0, 0.0, 0.0, 0.0, 0.0, 0.0, 0.0, 0.0, 0.0, 0.0, 0.0, 0.0, 0.0, 0.0, 0.0, 0.0, 0.0, 0.0, 0.0, 0.0, 0.0, 0.0, 0.0, 0.0, 0.0, 0.0, 0.0, 0.0, 0.0, 0.0, 0.0, 0.0, 0.0, 0.0, 0.0, 0.0, 0.0, 0.0, 0.0, 0.0, 0.0, 0.0, 0.0, 0.0, 0.0, 0.0, 0.0, 0.0, 0.0, 0.0], "val_f1_score_neg": [0.27201800419219424, 0.27201800419219424, 0.27201800419219424, 0.27201800419219424, 0.27201800419219424, 0.27201800419219424, 0.27201800419219424, 0.27201800419219424, 0.27201800419219424, 0.27201800419219424, 0.27201800419219424, 0.27201800419219424, 0.27201800419219424, 0.27201800419219424, 0.27201800419219424, 0.27201800419219424, 0.27201800419219424, 0.27201800419219424, 0.27201800419219424, 0.27201800419219424, 0.27201800419219424, 0.27201800419219424, 0.27201800419219424, 0.27201800419219424, 0.27201800419219424, 0.27201800419219424, 0.27201800419219424, 0.27201800419219424, 0.27201800419219424, 0.27201800419219424, 0.27201800419219424, 0.27201800419219424, 0.27201800419219424, 0.27201800419219424, 0.27201800419219424, 0.27201800419219424, 0.27201800419219424, 0.27201800419219424, 0.27201800419219424, 0.27201800419219424, 0.27201800419219424, 0.27201800419219424, 0.27201800419219424, 0.27201800419219424, 0.27201800419219424, 0.27201800419219424, 0.27201800419219424, 0.27201800419219424, 0.27201800419219424, 0.27201800419219424, 0.27201800419219424, 0.27201800419219424], "val_f1_score": [0.0906726696923934, 0.0906726696923934, 0.0906726696923934, 0.0906726696923934, 0.0906726696923934, 0.0906726696923934, 0.0906726696923934, 0.0906726696923934, 0.0906726696923934, 0.0906726696923934, 0.0906726696923934, 0.0906726696923934, 0.0906726696923934, 0.0906726696923934, 0.0906726696923934, 0.0906726696923934, 0.0906726696923934, 0.0906726696923934, 0.0906726696923934, 0.0906726696923934, 0.0906726696923934, 0.0906726696923934, 0.0906726696923934, 0.0906726696923934, 0.0906726696923934, 0.0906726696923934, 0.0906726696923934, 0.0906726696923934, 0.0906726696923934, 0.0906726696923934, 0.0906726696923934, 0.0906726696923934, 0.0906726696923934, 0.0906726696923934, 0.0906726696923934, 0.0906726696923934, 0.0906726696923934, 0.0906726696923934, 0.0906726696923934, 0.0906726696923934, 0.0906726696923934, 0.0906726696923934, 0.0906726696923934, 0.0906726696923934, 0.0906726696923934, 0.0906726696923934, 0.0906726696923934, 0.0906726696923934, 0.0906726696923934, 0.0906726696923934, 0.0906726696923934, 0.0906726696923934], "val_f1_score_neu": [0.0, 0.0, 0.0, 0.0, 0.0, 0.0, 0.0, 0.0, 0.0, 0.0, 0.0, 0.0, 0.0, 0.0, 0.0, 0.0, 0.0, 0.0, 0.0, 0.0, 0.0, 0.0, 0.0, 0.0, 0.0, 0.0, 0.0, 0.0, 0.0, 0.0, 0.0, 0.0, 0.0, 0.0, 0.0, 0.0, 0.0, 0.0, 0.0, 0.0, 0.0, 0.0, 0.0, 0.0, 0.0, 0.0, 0.0, 0.0, 0.0, 0.0, 0.0, 0.0], "f1_score_neg": [0.0, 1.0, 1.0, 1.0, 1.0, 1.0, 1.0, 1.0, 1.0, 1.0, 1.0, 1.0, 1.0, 1.0, 1.0, 1.0, 1.0, 1.0, 1.0, 1.0, 1.0, 1.0, 1.0, 1.0, 1.0, 1.0, 1.0, 1.0, 1.0, 1.0, 1.0, 1.0, 1.0, 1.0, 1.0, 1.0, 1.0, 1.0, 1.0, 1.0, 1.0, 1.0, 1.0, 1.0, 1.0, 1.0, 1.0, 1.0, 1.0, 1.0, 1.0, 1.0], "f1_score_neu": [0.0, 0.0, 0.0, 0.0, 0.0, 0.0, 0.0, 0.0, 0.0, 0.0, 0.0, 0.0, 0.0, 0.0, 0.0, 0.0, 0.0, 0.0, 0.0, 0.0, 0.0, 0.0, 0.0, 0.0, 0.0, 0.0, 0.0, 0.0, 0.0, 0.0, 0.0, 0.0, 0.0, 0.0, 0.0, 0.0, 0.0, 0.0, 0.0, 0.0, 0.0, 0.0, 0.0, 0.0, 0.0, 0.0, 0.0, 0.0, 0.0, 0.0, 0.0, 0.0], "f1_score": [0.0, 0.3333333432674408, 0.3333333432674408, 0.3333333432674408, 0.3333333432674408, 0.3333333432674408, 0.3333333432674408, 0.3333333432674408, 0.3333333432674408, 0.3333333432674408, 0.3333333432674408, 0.3333333432674408, 0.3333333432674408, 0.3333333432674408, 0.3333333432674408, 0.3333333432674408, 0.3333333432674408, 0.3333333432674408, 0.3333333432674408, 0.3333333432674408, 0.3333333432674408, 0.3333333432674408, 0.3333333432674408, 0.3333333432674408, 0.3333333432674408, 0.3333333432674408, 0.3333333432674408, 0.3333333432674408, 0.3333333432674408, 0.3333333432674408, 0.3333333432674408, 0.3333333432674408, 0.3333333432674408, 0.3333333432674408, 0.3333333432674408, 0.3333333432674408, 0.3333333432674408, 0.3333333432674408, 0.3333333432674408, 0.3333333432674408, 0.3333333432674408, 0.3333333432674408, 0.3333333432674408, 0.3333333432674408, 0.3333333432674408, 0.3333333432674408, 0.3333333432674408, 0.3333333432674408, 0.3333333432674408, 0.3333333432674408, 0.3333333432674408, 0.3333333432674408], "val_loss": [4.390128876635824, 4.686106102440947, 4.731073840096527, 4.750858955423318, 4.764401862666952, 5.118526804394025, 5.294828333380714, 5.4786873521562205, 5.494719168535218, 5.500264787686456, 5.510659975171433, 5.5370075439425115, 5.546193330956355, 6.177844329171689, 6.179968927965182, 6.204458697274261, 6.205001455887765, 6.209514246879836, 6.212577613357356, 6.257592157588491, 6.266247067150093, 6.272674710613644, 6.332158392194122, 6.333553382364308, 6.333830049586302, 6.377121851321065, 6.424798387071763, 6.432749579529921, 6.434281526135861, 7.020198655572426, 7.05590687403365, 7.089439885184235, 7.095903839803636, 7.098165417417841, 7.098597541682025, 7.128859185309602, 7.130097546666243, 7.602516554485554, 7.6025840386361425, 7.62619077093233, 7.6268110969327365, 7.7768039200645465, 7.77685205723212, 7.7769782157385725, 7.777443132468043, 7.777834498347681, 8.008275115330514, 8.008524227667568, 8.01411904795977, 8.01411904795977, 8.019852083497806, 8.020068630095452], "val_f1_score_pos_neg": [0.13600900209609712, 0.13600900209609712, 0.13600900209609712, 0.13600900209609712, 0.13600900209609712, 0.13600900209609712, 0.13600900209609712, 0.13600900209609712, 0.13600900209609712, 0.13600900209609712, 0.13600900209609712, 0.13600900209609712, 0.13600900209609712, 0.13600900209609712, 0.13600900209609712, 0.13600900209609712, 0.13600900209609712, 0.13600900209609712, 0.13600900209609712, 0.13600900209609712, 0.13600900209609712, 0.13600900209609712, 0.13600900209609712, 0.13600900209609712, 0.13600900209609712, 0.13600900209609712, 0.13600900209609712, 0.13600900209609712, 0.13600900209609712, 0.13600900209609712, 0.13600900209609712, 0.13600900209609712, 0.13600900209609712, 0.13600900209609712, 0.13600900209609712, 0.13600900209609712, 0.13600900209609712, 0.13600900209609712, 0.13600900209609712, 0.13600900209609712, 0.13600900209609712, 0.13600900209609712, 0.13600900209609712, 0.13600900209609712, 0.13600900209609712, 0.13600900209609712, 0.13600900209609712, 0.13600900209609712, 0.13600900209609712, 0.13600900209609712, 0.13600900209609712, 0.13600900209609712], "acc": [0.0, 1.0, 1.0, 1.0, 1.0, 1.0, 1.0, 1.0, 1.0, 1.0, 1.0, 1.0, 1.0, 1.0, 1.0, 1.0, 1.0, 1.0, 1.0, 1.0, 1.0, 1.0, 1.0, 1.0, 1.0, 1.0, 1.0, 1.0, 1.0, 1.0, 1.0, 1.0, 1.0, 1.0, 1.0, 1.0, 1.0, 1.0, 1.0, 1.0, 1.0, 1.0, 1.0, 1.0, 1.0, 1.0, 1.0, 1.0, 1.0, 1.0, 1.0, 1.0],