{"1": {"f1_score_pos": [0.3071310574721013, 0.5301744256700788, 0.5303718128374645, 0.5305151173046657, 0.5301433056592941, 0.5300587841442653, 0.5302129153694425, 0.5304286479949951, 0.5301210614187377, 0.5303009343998772, 0.5301502197980881, 0.5301285684108734, 0.5305123925209045, 0.5302146758352008, 0.5293403512665203, 0.5301616617611477, 0.5305120072194508, 0.5303721300193242, 0.5303650093930108, 0.5303348345415932, 0.5300201273390225, 0.5304827221802303, 0.5303204442773547, 0.5300641528197697, 0.5302443759781974, 0.5303963273763657, 0.5302640699914524, 0.529953481895583, 0.5304454160588128, 0.5286258522953305, 0.0, 0.0, 0.0, 0.0, 0.0, 0.0, 0.0, 0.0, 0.0, 0.0, 0.0, 0.0, 0.0, 0.0, 0.0, 0.0, 0.0, 0.0, 0.0, 0.0, 0.0, 0.0], "val_f1_score_pos": [0.5833714594998574, 0.5833714594998574, 0.5833714594998574, 0.5833714594998574, 0.5833714594998574, 0.5833714594998574, 0.5833714594998574, 0.5833714594998574, 0.5833714594998574, 0.5833714594998574, 0.5833714594998574, 0.5833714594998574, 0.5833714594998574, 0.5833714594998574, 0.5833714594998574, 0.5833714594998574, 0.5833714594998574, 0.5833714594998574, 0.5833714594998574, 0.5833714594998574, 0.5833714594998574, 0.5833714594998574, 0.5833714594998574, 0.5833714594998574, 0.5833714594998574, 0.5833714594998574, 0.5833714594998574, 0.5833714594998574, 0.5833714594998574, 0.0, 0.0, 0.0, 0.0, 0.0, 0.0, 0.0, 0.0, 0.0, 0.0, 0.0, 0.0, 0.0, 0.0, 0.0, 0.0, 0.0, 0.0, 0.0, 0.0, 0.0, 0.0, 0.0], "val_f1_score_neg": [0.0, 0.0, 0.0, 0.0, 0.0, 0.0, 0.0, 0.0, 0.0, 0.0, 0.0, 0.0, 0.0, 0.0, 0.0, 0.0, 0.0, 0.0, 0.0, 0.0, 0.0, 0.0, 0.0, 0.0, 0.0, 0.0, 0.0, 0.0, 0.0, 0.0, 0.0, 0.0, 0.0, 0.0, 0.0, 0.0, 0.0, 0.0, 0.0, 0.0, 0.0, 0.0, 0.0, 0.0, 0.0, 0.0, 0.0, 0.0, 0.0, 0.0, 0.0, 0.0], "val_f1_score": [0.1944571611467322, 0.1944571611467322, 0.1944571611467322, 0.1944571611467322, 0.1944571611467322, 0.1944571611467322, 0.1944571611467322, 0.1944571611467322, 0.1944571611467322, 0.1944571611467322, 0.1944571611467322, 0.1944571611467322, 0.1944571611467322, 0.1944571611467322, 0.1944571611467322, 0.1944571611467322, 0.1944571611467322, 0.1944571611467322, 0.1944571611467322, 0.1944571611467322, 0.1944571611467322, 0.1944571611467322, 0.1944571611467322, 0.1944571611467322, 0.1944571611467322, 0.1944571611467322, 0.1944571611467322, 0.1944571611467322, 0.1944571611467322, 0.20035252584705757, 0.20035252584705757, 0.20035252584705757, 0.20035252584705757, 0.20035252584705757, 0.20035252584705757, 0.20035252584705757, 0.20035252584705757, 0.20035252584705757, 0.20035252584705757, 0.20035252584705757, 0.20035252584705757, 0.20035252584705757, 0.20035252584705757, 0.20035252584705757, 0.20035252584705757, 0.20035252584705757, 0.20035252584705757, 0.20035252584705757, 0.20035252584705757, 0.20035252584705757, 0.20035252584705757, 0.20035252584705757], "val_f1_score_neu": [0.0, 0.0, 0.0, 0.0, 0.0, 0.0, 0.0, 0.0, 0.0, 0.0, 0.0, 0.0, 0.0, 0.0, 0.0, 0.0, 0.0, 0.0, 0.0, 0.0, 0.0, 0.0, 0.0, 0.0, 0.0, 0.0, 0.0, 0.0, 0.0, 0.6010575536008335, 0.6010575536008335, 0.6010575536008335, 0.6010575536008335, 0.6010575536008335, 0.6010575536008335, 0.6010575536008335, 0.6010575536008335, 0.6010575536008335, 0.6010575536008335, 0.6010575536008335, 0.6010575536008335, 0.6010575536008335, 0.6010575536008335, 0.6010575536008335, 0.6010575536008335, 0.6010575536008335, 0.6010575536008335, 0.6010575536008335, 0.6010575536008335, 0.6010575536008335, 0.6010575536008335, 0.6010575536008335], "f1_score_neg": [0.04483952586139951, 0.0, 0.0, 0.0, 0.0, 0.0, 0.0, 0.0, 0.0, 0.0, 0.0, 0.0, 0.0, 0.0, 0.0, 0.0, 0.0, 0.0, 0.0, 0.0, 0.0, 0.0, 0.0, 0.0, 0.0, 0.0, 0.0, 0.0, 0.0, 0.0, 0.0, 0.0, 0.0, 0.0, 0.0, 0.0, 0.0, 0.0, 0.0, 0.0, 0.0, 0.0, 0.0, 0.0, 0.0, 0.0, 0.0, 0.0, 0.0, 0.0, 0.0, 0.0], "f1_score_neu": [0.2382488236097353, 0.0, 0.0, 0.0, 0.0, 0.0, 0.0, 0.0, 0.0, 0.0, 0.0, 0.0, 0.0, 0.0, 0.0, 0.0, 0.0, 0.0, 0.0, 0.0, 0.0, 0.0, 0.0, 0.0, 0.0, 0.0, 0.0, 0.0, 0.0, 0.01775848280106272, 0.6621261622224536, 0.661524202142443, 0.6620990591389793, 0.6620924941131047, 0.6619393740381513, 0.6619028534208026, 0.6619515738316945, 0.6618705434458596, 0.6616788996117455, 0.6619431568043572, 0.6615338155201503, 0.6620273760386876, 0.6615460025412696, 0.6621709614992142, 0.6617745373930249, 0.661783788885389, 0.66208102447646, 0.6621856732027871, 0.6619530554328646, 0.6619584624256406, 0.6621718385389873, 0.6619381542716708], "f1_score": [0.19673980719276837, 0.17672481441072055, 0.17679060782705033, 0.1768383750958102, 0.17671444160597666, 0.17668626510671206, 0.17673764484269278, 0.1768095546535083, 0.1767070277460984, 0.17676698097160884, 0.17671674489974976, 0.17670952635151999, 0.17683746825371469, 0.17673822971326963, 0.17644678641642844, 0.17672056066138403, 0.1768373410616602, 0.17679071266736304, 0.17678834178618022, 0.17677828084145272, 0.17667338305285998, 0.17682758133326257, 0.1767734863928386, 0.17668805537479265, 0.17674813206706727, 0.17679878217833384, 0.17675469549638884, 0.1766511643571513, 0.17681514578206198, 0.18212811489190375, 0.22070872357913426, 0.22050807146089418, 0.2206996934754508, 0.22069750353693962, 0.22064646120582307, 0.22063429174678667, 0.22065053188375064, 0.22062351714287484, 0.22055963852575847, 0.2206477230148656, 0.22051127680710383, 0.2206757983991078, 0.22051533684134483, 0.22072365933230945, 0.22059151530265808, 0.22059460090739386, 0.22069368298564637, 0.22072856234652655, 0.2206510230898857, 0.22065282613039017, 0.22072395150150573, 0.22064605514918054], "val_loss": [9.473027796061245, 9.473027796061245, 9.473027796061245, 9.473027796061245, 9.473027796061245, 9.473027796061245, 9.473027796061245, 9.473027796061245, 9.473027796061245, 9.473027796061245, 9.473027796061245, 9.473027796061245, 9.473027796061245, 9.473027796061245, 9.473027796061245, 9.473027796061245, 9.473027796061245, 9.473027796061245, 9.473027796061245, 9.473027796061245, 9.473027796061245, 9.473027796061245, 9.473027796061245, 9.473027796061245, 9.473027796061245, 9.473027796061245, 9.473027796061245, 9.473027796061245, 9.473027796061245, 9.185581788534009, 9.185581788534009, 9.185581788534009, 9.185581788534009, 9.185581788534009, 9.185581788534009, 9.185581788534009, 9.185581788534009, 9.185581788534009, 9.185581788534009, 9.185581788534009, 9.185581788534009, 9.185581788534009, 9.185581788534009, 9.185581788534009, 9.185581788534009, 9.185581788534009, 9.185581788534009, 9.185581788534009, 9.185581788534009, 9.185581788534009, 9.185581788534009, 9.185581788534009], "val_f1_score_pos_neg": [0.2916857297499287, 0.2916857297499287, 0.2916857297499287, 0.2916857297499287, 0.2916857297499287, 0.2916857297499287, 0.2916857297499287, 0.2916857297499287, 0.2916857297499287, 0.2916857297499287, 0.2916857297499287, 0.2916857297499287, 0.2916857297499287, 0.2916857297499287, 0.2916857297499287, 0.2916857297499287, 0.2916857297499287, 0.2916857297499287, 0.2916857297499287, 0.2916857297499287, 0.2916857297499287, 0.2916857297499287, 0.2916857297499287, 0.2916857297499287, 0.2916857297499287, 0.2916857297499287, 0.2916857297499287, 0.2916857297499287, 0.2916857297499287, 0.0, 0.0, 0.0, 0.0, 0.0, 0.0, 0.0, 0.0, 0.0, 0.0, 0.0, 0.0, 0.0, 0.0, 0.0, 0.0, 0.0, 0.0, 0.0, 0.0, 0.0, 0.0, 0.0],