{"val_f1_score_pos": [0.19956152332134736, 0.1356821197562265, 0.3757431666512131, 0.2866660124591702, 0.2905899563647582, 0.34058530209732657, 0.39124771443187684, 0.24720850703526445, 0.42911844697558443, 0.3137615630876573, 0.23947785879865296, 0.4460111065619817, 0.4246313969964548, 0.23602746221271656, 0.398828630156738, 0.4778482658445862, 0.4649038220170485, 0.4437609601278215, 0.450681767777929, 0.429489093512176, 0.4716102144657037, 0.4537471772795371, 0.46043488376589975, 0.3541348371026326, 0.40111321125060545, 0.3090554942325381, 0.42216184117265293, 0.4071329718391154, 0.2746831137775785, 0.3483611542632652, 0.4173456178932001, 0.3881228060482109, 0.3684532839169762, 0.43726582046945084, 0.4175669109290428, 0.34956290045676874, 0.27912435367254324, 0.43082702264451145, 0.4389257354345935, 0.40803300637250756, 0.39245136157918287, 0.3814987894574962, 0.4231066056269544, 0.448849106231789, 0.4289175906108405, 0.4435956535498087, 0.4284235047049958, 0.44095219276909137, 0.43278014120946207, 0.42967524737106266, 0.39290288866933704, 0.4049937810867797, 0.41259081354025406, 0.2979456031853371, 0.42187566661748915, 0.4005717806085723, 0.29192989144945164, 0.35829778749611374, 0.3605397467644323, 0.3830863639169376, 0.370492475409793, 0.42215305312067014, 0.4044987976524243, 0.4102147725912241, 0.42441554604164394, 0.41216699212615254, 0.4127601186166301, 0.4228610407646529], "loss": [1.0831928451855977, 0.8986961779495081, 0.8638942570736011, 0.8222681103895108, 0.8013030669341484, 0.7678911164402962, 0.7512093956271807, 0.7442689078549544, 0.7251663214216629, 0.6968744111557802, 0.6857846931864818, 0.6787971239537001, 0.6507760727157196, 0.63993867735068, 0.6464649954189857, 0.5978157942493757, 0.592881292415162, 0.5955763055632511, 0.5681752764309446, 0.5863320324569941, 0.5475208588565389, 0.518449930784603, 0.521618195498983, 0.5204316871240735, 0.5105465815092126, 0.5055757431934277, 0.49181972816586494, 0.43880082480609417, 0.4743573013693094, 0.42569206810245913, 0.4303311550368865, 0.3835699564466874, 0.47374730215718347, 0.4007233853141467, 0.36366806520769995, 0.4001070053006212, 0.36847039001683396, 0.38391595768431824, 0.34299544089784223, 0.37479710206389427, 0.3123273146338761, 0.34711113090937334, 0.370668176561594, 0.34136228666951257, 0.33149742024640244, 0.3103552027605474, 0.3063932325070103, 0.27582676988095045, 0.2879411697698136, 0.32681425971289474, 0.2724694851785898, 0.24318112898617983, 0.29968319134786725, 0.2433399537888666, 0.31311046285554767, 0.25200670460859936, 0.24552499735727906, 0.24813447302828232, 0.26458922028541565, 0.256242126536866, 0.2294435785152018, 0.26477235260729987, 0.2436405735400816, 0.24742926626155773, 0.20235370813558498, 0.25461691493789357, 0.2774914337011675, 0.18533842529480657], "val_f1_score_pos_neg": [0.30210000223610456, 0.1674857967697818, 0.5088833479853402, 0.31982984473938025, 0.4272650843582548, 0.48516000840130874, 0.4535882018382518, 0.41538950898762067, 0.526466842765911, 0.4559284762868568, 0.4372525561300956, 0.5276888666043559, 0.4011396703235319, 0.27437039779426275, 0.47388424489394104, 0.5190670462647806, 0.54615719137136, 0.4931469432845397, 0.4895686101012545, 0.4988235793722893, 0.5422562523248546, 0.533590886006203, 0.4147153268566123, 0.46538391890313463, 0.4458382390556816, 0.2994377147330929, 0.5185517498999633, 0.4389842557199249, 0.43705842913779064, 0.49113211718111816, 0.40413300772802924, 0.45622866957025704, 0.43924757185359825, 0.44499573769786044, 0.5071946656280308, 0.44819051737834675, 0.43938157100480146, 0.43793043901777673, 0.5036384076939152, 0.4922150842681212, 0.48920397730598675, 0.48722832419021783, 0.5133352328998464, 0.415887796793014, 0.4868673965891256, 0.449568571188511, 0.4912027150084186, 0.45068180912312117, 0.44760756526398754, 0.523841462798125, 0.44503690656970013, 0.4315579450457578, 0.4463725271280746, 0.45478518262297735, 0.382220258570125, 0.485528892217002, 0.4052223372019683, 0.3732939446985963, 0.42746854726655814, 0.4690267054068308, 0.42868796003009624, 0.34009321242423407, 0.40897123635592786, 0.5075085074098272, 0.4689181654291329, 0.4787637470972951, 0.48109749229009013, 0.5091706313531354], "f1_score_pos": [0.2967329655463497, 0.3516988489621629, 0.3859118636076649, 0.42518744245171547, 0.4467947520315647, 0.46702163480222225, 0.5006934388851126, 0.5112560326233506, 0.5396440007413427, 0.5711783102403084, 0.5739154564216733, 0.5867770699163278, 0.6226780908182263, 0.6326996330171824, 0.6273614599679908, 0.6726576648652554, 0.6515160202980042, 0.6715250598887602, 0.7010364352415005, 0.6836641306678454, 0.7291749951740106, 0.7235374028484026, 0.7231343742460012, 0.7480950138221184, 0.7355145619561275, 0.7410446039090554, 0.7592596436540285, 0.7917828181137642, 0.7711572659512361, 0.8043392666925987, 0.8033583058665196, 0.8084899603078762, 0.7641933535536131, 0.8163674119859934, 0.8455919759968916, 0.8177474724749724, 0.8435334178308646, 0.8314498166243235, 0.8348572924733162, 0.8341850818445286, 0.8549573564281067, 0.8353315386921167, 0.8261508600165447, 0.8436991851776838, 0.8639576944212118, 0.8776279892772436, 0.8782113082706928, 0.8811564991871516, 0.8736257404088974, 0.8184928987175226, 0.8950463005652031, 0.8845338057726622, 0.8646452911198139, 0.8922998371223608, 0.8594986535608768, 0.8964876259366671, 0.8877256028354168, 0.9078298980991045, 0.8958786763250828, 0.8941453012327353, 0.8968721237033606, 0.8789985347539186, 0.8949741621812185, 0.8909057676792145, 0.9084369484335184, 0.8796063009649515, 0.8955731683721145, 0.9180378547559181], "val_loss": [0.8712418373243476, 0.9252922797170888, 0.8300297753906336, 0.8468681618645016, 0.7893225334541142, 0.7845597397728755, 0.818763512268401, 0.777086134327997, 0.7695164079608222, 0.7640087629458522, 0.8758469320501876, 0.7838990491786841, 0.8992303645777048, 0.9041622628299063, 0.776579695111505, 0.8024380813565171, 0.7998700176763256, 0.8085870221290725, 0.8220367944299558, 0.7877766611444161, 0.8125471314813337, 0.8354770077867546, 0.8964751249114726, 0.8702765509613559, 0.8991275643422911, 1.1344454757168763, 0.8637404493313892, 0.9732368036373961, 0.9499087897282273, 0.979741866637928, 1.0769365976589305, 1.0253935804036733, 0.979574964140859, 0.9986716257898431, 1.0364758167725878, 1.0230406490039354, 1.07436715307077, 1.0410093650375998, 0.9817772586228769, 0.977524600128735, 1.012349479621024, 1.0921075676563243, 0.9700536665967924, 1.1604820208350013, 1.0641502789747483, 1.0988115672854974, 1.0275200515301766, 1.1158488293354756, 1.1279646006994724, 1.1911690884541672, 1.1396094704339272, 1.2697454645887882, 1.2269744429564722, 1.3656269844405242, 1.293849306818713, 1.1995810479984808, 1.3891023719198148, 1.5433403040662415, 1.255635568058496, 1.1705279729948674, 1.4346088819336473, 1.5908040295728305, 1.3887694630063014, 1.1913736860761759, 1.2822526224121766, 1.1868980822668278, 1.2304146625520516, 1.2182584284556326],