{"f1_score_neg": [0.02761193737387657, 0.0, 0.0, 0.0, 0.0, 0.0, 0.0, 0.0, 0.0, 0.0, 0.0, 0.0, 0.0, 0.0, 0.0, 0.0, 0.0, 0.0, 0.0, 0.0, 0.0, 0.0, 0.0, 0.0, 0.0, 0.0, 0.0, 0.0, 0.0, 0.0, 0.0, 0.0, 0.0, 0.0, 0.0, 0.0, 0.0, 0.0, 0.0, 0.0, 0.0, 0.0, 0.0, 0.0, 0.0, 0.0, 0.0, 0.0, 0.0, 0.0, 0.0, 0.0], "val_acc": [0.41227379853944907, 0.41227379853944907, 0.41227379853944907, 0.41227379853944907, 0.41227379853944907, 0.41227379853944907, 0.41227379853944907, 0.41227379853944907, 0.41227379853944907, 0.41227379853944907, 0.41227379853944907, 0.41227379853944907, 0.41227379853944907, 0.41227379853944907, 0.41227379853944907, 0.41227379853944907, 0.41227379853944907, 0.41227379853944907, 0.41227379853944907, 0.41227379853944907, 0.41227379853944907, 0.41227379853944907, 0.41227379853944907, 0.41227379853944907, 0.41227379853944907, 0.41227379853944907, 0.41227379853944907, 0.41227379853944907, 0.41227379853944907, 0.41227379853944907, 0.41227379853944907, 0.41227379853944907, 0.41227379853944907, 0.41227379853944907, 0.41227379853944907, 0.41227379853944907, 0.41227379853944907, 0.41227379853944907, 0.41227379853944907, 0.41227379853944907, 0.41227379853944907, 0.41227379853944907, 0.41227379853944907, 0.41227379853944907, 0.41227379853944907, 0.41227379853944907, 0.41227379853944907, 0.41227379853944907, 0.41227379853944907, 0.41227379853944907, 0.41227379853944907, 0.41227379853944907], "acc": [0.3672499991953373, 0.3725000023841858, 0.3724999986588955, 0.3725000023841858, 0.3724999986588955, 0.3725000061094761, 0.3724999986588955, 0.3725000061094761, 0.3724999949336052, 0.3724999949336052, 0.3724999986588955, 0.3725000023841858, 0.3724999949336052, 0.3724999949336052, 0.3724999986588955, 0.3724999986588955, 0.3725000061094761, 0.3724999949336052, 0.3725000023841858, 0.3724999986588955, 0.3725000023841858, 0.3724999986588955, 0.3725000023841858, 0.3724999986588955, 0.3724999949336052, 0.3724999986588955, 0.3724999986588955, 0.3725000023841858, 0.3725000023841858, 0.3725000023841858, 0.3725000023841858, 0.3725000061094761, 0.3724999986588955, 0.3725000023841858, 0.3724999986588955, 0.3724999949336052, 0.3724999986588955, 0.3724999949336052, 0.3725000023841858, 0.3725000061094761, 0.3724999986588955, 0.3725000023841858, 0.3724999986588955, 0.3724999986588955, 0.3724999986588955, 0.3725000023841858, 0.3725000023841858, 0.3724999986588955, 0.3724999949336052, 0.3724999986588955, 0.3724999986588955, 0.3724999986588955], "f1_score_pos": [0.44200668297708035, 0.5423375070095062, 0.5426067411899567, 0.5424719899892807, 0.5427142828702927, 0.5425675585865974, 0.5422849208116531, 0.5422093197703362, 0.542724147439003, 0.5422504059970379, 0.5425441563129425, 0.5424020513892174, 0.542623482644558, 0.5427758768200874, 0.5423907861113548, 0.5426006391644478, 0.5426114648580551, 0.5426454693078995, 0.5424679666757584, 0.5423495471477509, 0.5423905923962593, 0.5426826104521751, 0.5423649996519089, 0.5424613654613495, 0.5423557162284851, 0.5427321046590805, 0.5422755852341652, 0.5423280596733093, 0.542467437684536, 0.542675755918026, 0.5424624308943748, 0.5422906950116158, 0.5426861122250557, 0.5422367006540298, 0.5425382405519485, 0.5426387041807175, 0.5426955744624138, 0.5427192077040672, 0.5423158258199692, 0.5423938557505608, 0.542304091155529, 0.5426307246088982, 0.5425865426659584, 0.5424754619598389, 0.5423690229654312, 0.5422110036015511, 0.542567789554596, 0.5427131801843643, 0.5425198301672935, 0.5427174493670464, 0.5424072742462158, 0.5424879640340805], "f1_score_pos_neg": [0.23480930924415588, 0.2711687535047531, 0.27130337059497833, 0.27123599499464035, 0.27135714143514633, 0.2712837792932987, 0.27114246040582657, 0.2711046598851681, 0.2713620737195015, 0.27112520299851894, 0.27127207815647125, 0.2712010256946087, 0.271311741322279, 0.2713879384100437, 0.2711953930556774, 0.2713003195822239, 0.27130573242902756, 0.27132273465394974, 0.2712339833378792, 0.2711747735738754, 0.27119529619812965, 0.27134130522608757, 0.27118249982595444, 0.27123068273067474, 0.27117785811424255, 0.27136605232954025, 0.2711377926170826, 0.27116402983665466, 0.271233718842268, 0.271337877959013, 0.2712312154471874, 0.2711453475058079, 0.27134305611252785, 0.2711183503270149, 0.2712691202759743, 0.27131935209035873, 0.2713477872312069, 0.2713596038520336, 0.2711579129099846, 0.2711969278752804, 0.2711520455777645, 0.2713153623044491, 0.2712932713329792, 0.27123773097991943, 0.2711845114827156, 0.27110550180077553, 0.271283894777298, 0.27135659009218216, 0.2712599150836468, 0.2713587246835232, 0.2712036371231079, 0.27124398201704025], "val_f1_score_neg": [0.0, 0.0, 0.0, 0.0, 0.0, 0.0, 0.0, 0.0, 0.0, 0.0, 0.0, 0.0, 0.0, 0.0, 0.0, 0.0, 0.0, 0.0, 0.0, 0.0, 0.0, 0.0, 0.0, 0.0, 0.0, 0.0, 0.0, 0.0, 0.0, 0.0, 0.0, 0.0, 0.0, 0.0, 0.0, 0.0, 0.0, 0.0, 0.0, 0.0, 0.0, 0.0, 0.0, 0.0, 0.0, 0.0, 0.0, 0.0, 0.0, 0.0, 0.0, 0.0], "val_f1_score_neu": [0.0, 0.0, 0.0, 0.0, 0.0, 0.0, 0.0, 0.0, 0.0, 0.0, 0.0, 0.0, 0.0, 0.0, 0.0, 0.0, 0.0, 0.0, 0.0, 0.0, 0.0, 0.0, 0.0, 0.0, 0.0, 0.0, 0.0, 0.0, 0.0, 0.0, 0.0, 0.0, 0.0, 0.0, 0.0, 0.0, 0.0, 0.0, 0.0, 0.0, 0.0, 0.0, 0.0, 0.0, 0.0, 0.0, 0.0, 0.0, 0.0, 0.0, 0.0, 0.0], "val_f1_score": [0.1944571611467322, 0.1944571611467322, 0.1944571611467322, 0.1944571611467322, 0.1944571611467322, 0.1944571611467322, 0.1944571611467322, 0.1944571611467322, 0.1944571611467322, 0.1944571611467322, 0.1944571611467322, 0.1944571611467322, 0.1944571611467322, 0.1944571611467322, 0.1944571611467322, 0.1944571611467322, 0.1944571611467322, 0.1944571611467322, 0.1944571611467322, 0.1944571611467322, 0.1944571611467322, 0.1944571611467322, 0.1944571611467322, 0.1944571611467322, 0.1944571611467322, 0.1944571611467322, 0.1944571611467322, 0.1944571611467322, 0.1944571611467322, 0.1944571611467322, 0.1944571611467322, 0.1944571611467322, 0.1944571611467322, 0.1944571611467322, 0.1944571611467322, 0.1944571611467322, 0.1944571611467322, 0.1944571611467322, 0.1944571611467322, 0.1944571611467322, 0.1944571611467322, 0.1944571611467322, 0.1944571611467322, 0.1944571611467322, 0.1944571611467322, 0.1944571611467322, 0.1944571611467322, 0.1944571611467322, 0.1944571611467322, 0.1944571611467322, 0.1944571611467322, 0.1944571611467322], "f1_score_neu": [0.12161912024021149, 0.0, 0.0, 0.0, 0.0, 0.0, 0.0, 0.0, 0.0, 0.0, 0.0, 0.0, 0.0, 0.0, 0.0, 0.0, 0.0, 0.0, 0.0, 0.0, 0.0, 0.0, 0.0, 0.0, 0.0, 0.0, 0.0, 0.0, 0.0, 0.0, 0.0, 0.0, 0.0, 0.0, 0.0, 0.0, 0.0, 0.0, 0.0, 0.0, 0.0, 0.0, 0.0, 0.0, 0.0, 0.0, 0.0, 0.0, 0.0, 0.0, 0.0, 0.0], "loss": [8.80333098769188, 10.114105343818665, 10.114105820655823, 10.114105820655823, 10.114105343818665, 10.114105701446533, 10.114105939865112, 10.114105939865112, 10.114105582237244, 10.114105463027954, 10.113057613372803, 10.114105582237244, 10.114105701446533, 10.114105701446533, 10.114105939865112, 10.114105820655823, 10.114105582237244, 10.114106178283691, 10.114105939865112, 10.114105939865112, 10.114105701446533, 10.114105701446533, 10.114105463027954, 10.114105820655823, 10.114105582237244, 10.114105343818665, 10.114105582237244, 10.114105582237244, 10.114105463027954, 10.114105820655823, 10.114105701446533, 10.114105582237244, 10.114105939865112, 10.114106059074402, 10.114105820655823, 10.114105820655823, 10.114105820655823, 10.114105701446533, 10.114105701446533, 10.114105939865112, 10.114105939865112, 10.114105582237244, 10.114105343818665, 10.114105582237244, 10.114105582237244, 10.114105463027954, 10.114105820655823, 10.114105939865112, 10.114105820655823, 10.114105582237244, 10.114105582237244, 10.114105820655823],