{"f1_score_neg": [0.254225831789275, 0.30043450913702446, 0.4262189008295536, 0.5346443131566048, 0.5165717030564944, 0.5595978933076063, 0.5947726629674435, 0.6063108978172144, 0.6108436460296313, 0.6490505859255791, 0.628231288244327, 0.6912199817597866, 0.6733911857008934, 0.7068726532161236, 0.7236075575153033, 0.7363864133755366, 0.7383656712869803, 0.6988909170031548, 0.7666189645727476, 0.7788012127081553, 0.7681497981150945, 0.8200671548644701, 0.8131153186162313, 0.7588216761747996, 0.8092783093452454, 0.8569291916986307, 0.8120012109478315, 0.8386061949034532, 0.8526778394977251, 0.8704769598941008, 0.8590290496746699, 0.8825109861791134, 0.8471740347643694, 0.9011479057371616, 0.8367254982391993, 0.8944084892670313, 0.9062583409249783, 0.9162958525121212, 0.9065422241886457, 0.9119600678483645, 0.9120956522723039, 0.9043259931107362, 0.9358534216880798, 0.9230223981042703, 0.9368501206239065, 0.9359312430024147, 0.8789858768383662, 0.9427936971187592, 0.9263006796439489, 0.9563947382072607, 0.9402709454298019, 0.9357643139859041, 0.9502364359796047, 0.9193619253734747, 0.9452859771748384, 0.9409106920162836, 0.9306583404541016, 0.9287210342784723, 0.9400090041259924, 0.9574546193083128, 0.9465905291338762], "val_acc": [0.5898242892945122, 0.6430632085616339, 0.638867039255917, 0.6997115088046895, 0.6658798950474437, 0.6944663013619073, 0.6852871849878923, 0.7073170676682835, 0.7154471590829715, 0.7096774292029704, 0.7178075074399203, 0.654078151465025, 0.6850249083718071, 0.7117754912207579, 0.6687647508193025, 0.7078415985311263, 0.7183320183876521, 0.6981379373505645, 0.689745604257211, 0.7149226305961859, 0.6907946599333298, 0.6824023100512565, 0.7180697574035221, 0.6611592082754696, 0.7120377575666487, 0.6813532687096404, 0.6915814481067932, 0.7073170669804775, 0.6965643826069996, 0.6868607353701418, 0.6968266531735182, 0.6734854484711174, 0.6721741407679787, 0.6425386855147687, 0.6784683980561603, 0.6732232037285886, 0.6490951910001413, 0.6860739705664511, 0.7002360294754975, 0.694990822501674, 0.6713873532823212, 0.6493574614885002, 0.6876475138205291, 0.6926304773492761, 0.6598478891610037, 0.6614214510327401, 0.6480461569273844, 0.6860739586080056, 0.6986624597877834, 0.6910569100376193, 0.6845003900770562, 0.6679779649437365, 0.6850249148903323, 0.607133497161375, 0.6889588274950748, 0.6915814246588606, 0.682402302235279, 0.6747967421523924, 0.6800419689006391, 0.6514555440310447, 0.6889588274950748], "acc": [0.5241666672130426, 0.6670833354194959, 0.7029166730741659, 0.7139583366612593, 0.7297916685541471, 0.7158333410819372, 0.7525000038246313, 0.7593749923010668, 0.7706249977151552, 0.7739583340783914, 0.7756249979138374, 0.8018749964733919, 0.7902083285152912, 0.7770833348234495, 0.8072916691501936, 0.8158333289126555, 0.810208335518837, 0.8270833368102709, 0.818333321561416, 0.8343749990065893, 0.8360416777431965, 0.8552083323399226, 0.8662499984105428, 0.8587500018378099, 0.8558333267768224, 0.8870833193262418, 0.8389583416283131, 0.8645833296080431, 0.8947916726271311, 0.8949999945859114, 0.8833333340783914, 0.8987499997019768, 0.8870833317438761, 0.9183333329856396, 0.8929166731735071, 0.9299999922513962, 0.9283333296577135, 0.91437499721845, 0.9062499962747097, 0.9299999959766865, 0.9397916682064533, 0.9152083409329256, 0.9441666541000208, 0.9287500095864137, 0.9529166681071123, 0.9483333254853884, 0.8831250046690305, 0.9587499996026357, 0.9329166648288568, 0.9639583391447862, 0.9599999959270159, 0.9527083300054073, 0.9643750029305617, 0.9454166578749815, 0.9443750071028868, 0.9568749964237213, 0.9575000057617823, 0.9591666683554649, 0.9581249964733919, 0.9656249980131785, 0.9510416661699613], "f1_score_pos": [0.5740867840747038, 0.6509251234432062, 0.6912804332872232, 0.7023252273599306, 0.7257018225888411, 0.7038793787360191, 0.7429000772535801, 0.7482153413196405, 0.7702655792236328, 0.756709365795056, 0.7732081723709902, 0.7954408228397369, 0.7857532588144144, 0.7505825025339922, 0.7956915919979414, 0.7976179644465446, 0.7973245047032833, 0.8353107633690039, 0.7988617271184921, 0.818649855752786, 0.8241629078984261, 0.8430110538999239, 0.8601839964588484, 0.8652347077926, 0.8373097156484922, 0.8709648847579956, 0.8315795958042145, 0.8419921087721983, 0.8906471033891042, 0.8806210681796074, 0.8742850261429945, 0.8838701744874319, 0.875489316880703, 0.9105689823627472, 0.8941935040056705, 0.9306086152791977, 0.9236691122253736, 0.8993170820176601, 0.8877268445988497, 0.9240653961896896, 0.9398710901538531, 0.8984185581405958, 0.9348052876691023, 0.9178267940878868, 0.9509001721938452, 0.9410160407423973, 0.8605041454235712, 0.953328770895799, 0.9236298091709614, 0.9608279094099998, 0.9612661935389042, 0.9493390110631784, 0.9641589348514875, 0.9458478800952435, 0.9297611477474371, 0.9544197432696819, 0.9596607672671477, 0.9620719117422899, 0.9564425473411878, 0.9636947723726431, 0.9427118686338266], "f1_score_pos_neg": [0.41415630963941413, 0.47567981481552124, 0.5587496633330981, 0.6184847640494505, 0.6211367597182592, 0.6317386453350385, 0.6688363639016947, 0.677263118326664, 0.6905546126266321, 0.7028799851735433, 0.7007197365164757, 0.7433304116129875, 0.7295722253620625, 0.7287275666991869, 0.7596495747566223, 0.7670022013286749, 0.7678450991710027, 0.7671008358399073, 0.7827403408785661, 0.7987255454063416, 0.7961563592155775, 0.8315391056239605, 0.8366496500869592, 0.8120281969507536, 0.8232940112551054, 0.8639470289150873, 0.8217904083430767, 0.8402991518378258, 0.8716624788939953, 0.875549012174209, 0.8666570298373699, 0.8831905784706274, 0.8613316838939985, 0.9058584533631802, 0.865459505468607, 0.9125085634489855, 0.914963728437821, 0.9078064622978369, 0.8971345300475756, 0.9180127382278442, 0.9259833631416162, 0.9013722849388918, 0.9353293590247631, 0.9204246004422506, 0.943875152617693, 0.938473641872406, 0.8697450049221516, 0.9480612277984619, 0.9249652475118637, 0.9586113281548023, 0.9507685676217079, 0.9425516674915949, 0.9571976885199547, 0.9326049027343591, 0.9375235624611378, 0.9476652257144451, 0.9451595644156138, 0.9453964792191982, 0.9482257788379987, 0.9605747001866499, 0.9446512100597223], "val_f1_score_neg": [0.13722325305738006, 0.3324522570600167, 0.5502694749063061, 0.5785212029849267, 0.588775484042314, 0.5368739551457401, 0.4675678893036646, 0.6065421470687861, 0.5930811372948793, 0.6232200789851777, 0.6265955203760649, 0.4154070789361294, 0.43565920968397126, 0.6325798697619184, 0.5279780284269819, 0.6286824795007393, 0.6162329127305204, 0.5955960422934056, 0.5737183776672137, 0.6003562707992292, 0.5095084276438198, 0.4552818737941685, 0.6069303173234761, 0.47326367212629933, 0.5728966615158149, 0.39046540613284486, 0.4812776714117859, 0.5418930332585017, 0.5943112322548196, 0.559714105102355, 0.5213696401074838, 0.5912375763398657, 0.53765645098755, 0.41526764358493745, 0.48409259549095157, 0.4038785257318843, 0.5114016754559072, 0.49678652121768735, 0.5336197466322546, 0.5709556295213317, 0.30810045437834066, 0.4247447018653991, 0.5683471923608527, 0.5234917774933265, 0.4541310850416554, 0.4392926446290395, 0.5244085213783498, 0.479108071971246, 0.5489289798106292, 0.5075227271500704, 0.5862301131292744, 0.4945561864730601, 0.4762823397394806, 0.43897241529066544, 0.5572507627955141, 0.5643641748767245, 0.5906913595939914, 0.46433813258352913, 0.5796617867438274, 0.47954003758671837, 0.589381511727875],