{"f1_score_neu": [0.5267937577227713, 0.7195838633924723, 0.7129703061655164, 0.7164333062246442, 0.714031308889389, 0.7231073677539825, 0.732413137331605, 0.7397844716906548, 0.7299087662249804, 0.7371164187788963, 0.7495366279035807, 0.7551527535542846, 0.7476539071649313, 0.7324061566032469, 0.7777988677844405, 0.7780014118179679, 0.7860001502558589, 0.7735277432948351, 0.7734166700392962, 0.7998377233743668, 0.7980105774477124, 0.7999928500503302, 0.8115150174126029, 0.8254642514511943, 0.8175552589818835, 0.8231497425585985, 0.8297277335077524, 0.833000760525465, 0.8337273905053735, 0.8683309946209192, 0.8615849316120148, 0.8671779185533524, 0.8715547416359186, 0.8836697265505791, 0.8801696375012398, 0.8827412631362677, 0.9182213079184294, 0.8898972198367119, 0.8773209452629089, 0.9235447579994798, 0.9076111624017358, 0.8942439295351505, 0.9263385590165854, 0.9193980311974883, 0.9328069221228361, 0.9330320758745074, 0.9155135285109282, 0.9306939356029034, 0.9383535226806998, 0.9511992419138551, 0.9323602430522442, 0.9489003457129002, 0.9527277667075396, 0.9257728923112154, 0.9633308285847306, 0.9589020684361458, 0.9449942177161574, 0.9536824878305197, 0.9674384221434593, 0.962159801274538, 0.9612525552511215, 0.9432706451043487, 0.9537074891850352, 0.9736877344548702, 0.9740773243829608, 0.9504247913137078, 0.9695716816931963, 0.9750447068363428], "loss": [1.082228435203433, 0.8909329446032643, 0.8664487628266215, 0.8389326613396406, 0.8328117374330759, 0.8126029949635267, 0.7895058356225491, 0.7700387006625533, 0.7801780141890049, 0.7465392099693418, 0.7342538088560104, 0.707977781072259, 0.7149099502712488, 0.7239528056234121, 0.667755383066833, 0.6429029544815421, 0.6336133722215891, 0.6282967142760754, 0.6362007139250636, 0.594301856122911, 0.5914290584623814, 0.5774487257003784, 0.5564755643717945, 0.5260839108377695, 0.5037983120419085, 0.5017304662615061, 0.5021697203628719, 0.4931014562025666, 0.48561091953888535, 0.3974734339863062, 0.42190741701051593, 0.4266623039729893, 0.3992837234400213, 0.35631873505190015, 0.3649378390982747, 0.36891099577769637, 0.27840988454408944, 0.33464774838648736, 0.3450141556095332, 0.2554645477794111, 0.2735275449231267, 0.33787738298997283, 0.24502622452564538, 0.2566416503395885, 0.2199008734896779, 0.21880332776345313, 0.26126669510267675, 0.23748523741960526, 0.20243437285535038, 0.16428181459195912, 0.23179544880986214, 0.1768812902737409, 0.16295188188087195, 0.24823072482831776, 0.13668146112468094, 0.1553456757683307, 0.18075951153878123, 0.15628930577076972, 0.11196637491229922, 0.13003877620212734, 0.13178942631930113, 0.19816205475945026, 0.16433172661345452, 0.09474993398180231, 0.09133610082790256, 0.15980989229865372, 0.1025235466659069, 0.0948660722351633], "val_acc": [0.5686009850954613, 0.5856949966124356, 0.5748988021562296, 0.6000899594215139, 0.5852451732552272, 0.5820962708113272, 0.5811965741180269, 0.6284300373365254, 0.6324786365541637, 0.5838956349184531, 0.6144849319904171, 0.6369770686743338, 0.595141696517016, 0.5856950100187884, 0.6266306720764531, 0.6477732680104522, 0.6230319413149942, 0.6288799009932304, 0.6405758007496153, 0.6455240635736751, 0.6072874476766994, 0.6351776912412931, 0.6311291066633921, 0.6459739076302924, 0.553756187855527, 0.5798470588669925, 0.6351776728745897, 0.6414754960486548, 0.6009896476688119, 0.6018893235286399, 0.5906432753364299, 0.6428250026928107, 0.6423751695757774, 0.6104363341670395, 0.6027890214553246, 0.6423751830625685, 0.6351776706223224, 0.6347278459512914, 0.6266306904431564, 0.6468735957167141, 0.6059379263928062, 0.6464237479599435, 0.647773281416805, 0.6198830451452673, 0.6140350831343255, 0.6284300557032287, 0.6495726552837559, 0.6288798754943473, 0.6437246982331647, 0.6297795696404406, 0.6351776814010301, 0.640125957792319, 0.6342780079543456, 0.6387764438551072, 0.6383265802788401, 0.6378767397883128, 0.5843454836941065, 0.6419253292461263, 0.6365272100584174, 0.6261808451531548, 0.6446243838528175, 0.6374268982252772, 0.6495726467573155, 0.6482231218268943, 0.6396761173822297, 0.6450742268101138, 0.6369770578956261, 0.6410256447257944], "f1_score_neg": [0.20222767192171887, 0.2807513066800311, 0.32342796167358756, 0.3615989269455895, 0.4386452508624643, 0.432335541350767, 0.4764847937040031, 0.4667141467798501, 0.49136928794905543, 0.5425981706939638, 0.5122705916874111, 0.5446735797449946, 0.5924343364313245, 0.5547638642601669, 0.6093557318672538, 0.5961138098500669, 0.6100741918198764, 0.6485336674377322, 0.5828366009518504, 0.6874365489929914, 0.6468140929937363, 0.6902388436719775, 0.691381873562932, 0.6825500577688217, 0.7061439044773579, 0.7230935948900878, 0.7158142398111522, 0.6921231197193265, 0.7619820758700371, 0.7594704944640398, 0.7699309047311544, 0.7840115455910563, 0.7597035998478532, 0.7815990196540952, 0.8082457836717367, 0.8052429733797908, 0.8610021667554975, 0.798676360398531, 0.8020578906871378, 0.8765131132677197, 0.8595436820760369, 0.8058994421735406, 0.8652241891250014, 0.8546138005331159, 0.9042176278308034, 0.8953111618757248, 0.8336800644174218, 0.9067860040813684, 0.8909520376473665, 0.9242935804650187, 0.8704684255644679, 0.9055886780843139, 0.9239958068355918, 0.9072325583547354, 0.9384858747944236, 0.9391274591907859, 0.8948049983009696, 0.9235937893390656, 0.9451740048825741, 0.9389645913615823, 0.9350350387394428, 0.9238589024171233, 0.931403461843729, 0.9525435687974095, 0.9583299532532692, 0.9052662970498204, 0.9546244274824858, 0.956344242207706], "f1_score_pos_neg": [0.26186731760390103, 0.2992881080135703, 0.33972563757561147, 0.3823144491761923, 0.42757602129131556, 0.42844692105427384, 0.46556327026337385, 0.48482327489182353, 0.4777123243547976, 0.523258094675839, 0.5189728308469057, 0.5477687632665038, 0.5560882277786732, 0.565440462436527, 0.6085019549354911, 0.614242784678936, 0.6194696351885796, 0.6338609866797924, 0.6236187275499105, 0.6652427697554231, 0.6665483796969056, 0.682660617865622, 0.6878996137529612, 0.7068128837272525, 0.7280860785394907, 0.7334362659603357, 0.7338546216487885, 0.7433312297798693, 0.7496209861710668, 0.8041663970798254, 0.7827154090628028, 0.7792886067181826, 0.8067026641219854, 0.8283712733536959, 0.8187316805124283, 0.8188492562621832, 0.8754301043227315, 0.8371400153264403, 0.8329313099384308, 0.8877037921920419, 0.8689154079183936, 0.8307172786444426, 0.8927803263068199, 0.8916137162595987, 0.9020064603537321, 0.9013991747051477, 0.8783937832340598, 0.8949249535799026, 0.9128103973343968, 0.9294185731559992, 0.8995146853849292, 0.9264334756880999, 0.9304218320176005, 0.8787978161126375, 0.9448515102267265, 0.9357904121279716, 0.9232619171962142, 0.9360536420717835, 0.952957158908248, 0.9472875110805035, 0.941863402724266, 0.9154751282185316, 0.9217390445992351, 0.9613518798723817, 0.9614554746076465, 0.9319646842777729, 0.9547790819779038, 0.9621480982750654],