{"1": {"f1_score_pos": [0.04549050969736917, 0.0, 0.0, 0.0, 0.0, 0.0, 0.0, 0.0, 0.0, 0.0, 0.0, 0.0, 0.0, 0.0, 0.0, 0.0, 0.0, 0.0, 0.0, 0.0, 0.0, 0.0, 0.0, 0.0, 0.0, 0.0, 0.0, 0.0, 0.0, 0.0, 0.0, 0.0, 0.0, 0.0, 0.0, 0.0, 0.0, 0.0, 0.0, 0.0, 0.0, 0.0, 0.0, 0.0, 0.0, 0.0, 0.0, 0.0, 0.0, 0.0, 0.0, 0.0], "val_f1_score_pos": [0.0, 0.0, 0.0, 0.0, 0.0, 0.0, 0.0, 0.0, 0.0, 0.0, 0.0, 0.0, 0.0, 0.0, 0.0, 0.0, 0.0, 0.0, 0.0, 0.0, 0.0, 0.0, 0.0, 0.0, 0.0, 0.0, 0.0, 0.0, 0.0, 0.0, 0.0, 0.0, 0.0, 0.0, 0.0, 0.0, 0.0, 0.0, 0.0, 0.0, 0.0, 0.0, 0.0, 0.0, 0.0, 0.0, 0.0, 0.0, 0.0, 0.0, 0.0, 0.0], "val_f1_score_neg": [0.0, 0.0, 0.0, 0.0, 0.0, 0.0, 0.0, 0.0, 0.0, 0.0, 0.0, 0.0, 0.0, 0.0, 0.0, 0.0, 0.0, 0.0, 0.0, 0.0, 0.0, 0.0, 0.0, 0.0, 0.0, 0.0, 0.0, 0.0, 0.0, 0.0, 0.0, 0.0, 0.0, 0.0, 0.0, 0.0, 0.0, 0.0, 0.0, 0.0, 0.0, 0.0, 0.0, 0.0, 0.0, 0.0, 0.0, 0.0, 0.0, 0.0, 0.0, 0.0], "val_f1_score": [0.20035252584705757, 0.20035252584705757, 0.20035252584705757, 0.20035252584705757, 0.20035252584705757, 0.20035252584705757, 0.20035252584705757, 0.20035252584705757, 0.20035252584705757, 0.20035252584705757, 0.20035252584705757, 0.20035252584705757, 0.20035252584705757, 0.20035252584705757, 0.20035252584705757, 0.20035252584705757, 0.20035252584705757, 0.20035252584705757, 0.20035252584705757, 0.20035252584705757, 0.20035252584705757, 0.20035252584705757, 0.20035252584705757, 0.20035252584705757, 0.20035252584705757, 0.20035252584705757, 0.20035252584705757, 0.20035252584705757, 0.20035252584705757, 0.20035252584705757, 0.20035252584705757, 0.20035252584705757, 0.20035252584705757, 0.20035252584705757, 0.20035252584705757, 0.20035252584705757, 0.20035252584705757, 0.20035252584705757, 0.20035252584705757, 0.20035252584705757, 0.20035252584705757, 0.20035252584705757, 0.20035252584705757, 0.20035252584705757, 0.20035252584705757, 0.20035252584705757, 0.20035252584705757, 0.20035252584705757, 0.20035252584705757, 0.20035252584705757, 0.20035252584705757, 0.20035252584705757], "val_f1_score_neu": [0.6010575536008335, 0.6010575536008335, 0.6010575536008335, 0.6010575536008335, 0.6010575536008335, 0.6010575536008335, 0.6010575536008335, 0.6010575536008335, 0.6010575536008335, 0.6010575536008335, 0.6010575536008335, 0.6010575536008335, 0.6010575536008335, 0.6010575536008335, 0.6010575536008335, 0.6010575536008335, 0.6010575536008335, 0.6010575536008335, 0.6010575536008335, 0.6010575536008335, 0.6010575536008335, 0.6010575536008335, 0.6010575536008335, 0.6010575536008335, 0.6010575536008335, 0.6010575536008335, 0.6010575536008335, 0.6010575536008335, 0.6010575536008335, 0.6010575536008335, 0.6010575536008335, 0.6010575536008335, 0.6010575536008335, 0.6010575536008335, 0.6010575536008335, 0.6010575536008335, 0.6010575536008335, 0.6010575536008335, 0.6010575536008335, 0.6010575536008335, 0.6010575536008335, 0.6010575536008335, 0.6010575536008335, 0.6010575536008335, 0.6010575536008335, 0.6010575536008335, 0.6010575536008335, 0.6010575536008335, 0.6010575536008335, 0.6010575536008335, 0.6010575536008335, 0.6010575536008335], "f1_score_neg": [0.01733703006591116, 0.0, 0.023061579891613553, 0.0, 0.0, 0.0, 0.0, 0.0, 0.0, 0.0, 0.0, 0.0, 0.0, 0.0, 0.0, 0.0, 0.0, 0.0, 0.0, 0.0, 0.0, 0.0, 0.0, 0.0, 0.0, 0.0, 0.0, 0.0, 0.0, 0.0, 0.0, 0.0, 0.0, 0.0, 0.0, 0.0, 0.0, 0.0, 0.0, 0.0, 0.0, 0.0, 0.0, 0.0, 0.0, 0.0, 0.0, 0.0, 0.0, 0.0, 0.0, 0.0], "f1_score_neu": [0.5884989500045776, 0.6508590962205615, 0.5922683307102748, 0.6502940910203117, 0.6503825240901538, 0.6504453005535262, 0.6505194817270551, 0.6507858059235981, 0.6506172801767077, 0.6508202371852738, 0.6505503569330487, 0.6507025510072708, 0.6506716385483742, 0.6506628628287997, 0.6506843130503382, 0.6505401890192714, 0.6506503564970834, 0.6507467159203121, 0.6506787400160517, 0.6507471725344658, 0.650240319115775, 0.6506234758666584, 0.6506528854370117, 0.6508333970393453, 0.6505417408687728, 0.6506065481475422, 0.6508477021540914, 0.6506572110312325, 0.6504926234483719, 0.6506882863385337, 0.6506603147302356, 0.6505647024938038, 0.650633305311203, 0.6506917774677277, 0.650527403822967, 0.6504432569657054, 0.6507442135896001, 0.65031350510461, 0.6505576659526143, 0.6507054482187543, 0.6505845125232425, 0.650740000818457, 0.6507192743676049, 0.6503426315529006, 0.6505035481282643, 0.6507155735577855, 0.6507287578923362, 0.6506770827940532, 0.6507126124841827, 0.6507179460355214, 0.6504934951663017, 0.6505586355924606], "f1_score": [0.21710883852626597, 0.21695303757275855, 0.20510997596595967, 0.21676470232861383, 0.21679418134902204, 0.21681510550635202, 0.21683983079024724, 0.2169286079172577, 0.21687243266829423, 0.21694008633494377, 0.21685012536389486, 0.21690085796373232, 0.21689055327858245, 0.21688762493431568, 0.2168947769595044, 0.2168467358819076, 0.21688345660056388, 0.21691557871443884, 0.21689292096665927, 0.21691572879041945, 0.2167467794248036, 0.21687449914004123, 0.21688430064490863, 0.2169444720659937, 0.2168472528989826, 0.21686885399477823, 0.21694924043757574, 0.2168857410017933, 0.21683088078030519, 0.216896100501929, 0.21688677476985113, 0.21685490677399294, 0.21687777287193707, 0.21689726465514728, 0.21684247255325317, 0.21681442351213523, 0.21691474424941198, 0.2167711736900466, 0.21685256330030306, 0.2169018214834588, 0.21686150958495481, 0.2169133403471538, 0.216906429667558, 0.21678088179656438, 0.21683452065501893, 0.21690519845911435, 0.21690959270511354, 0.21689236909151077, 0.2169042123215539, 0.21690598875284195, 0.21683117215122497, 0.2168528831430844], "val_loss": [9.185581788534009, 9.185581788534009, 9.185581788534009, 9.185581788534009, 9.185581788534009, 9.185581788534009, 9.185581788534009, 9.185581788534009, 9.185581788534009, 9.185581788534009, 9.185581788534009, 9.185581788534009, 9.185581788534009, 9.185581788534009, 9.185581788534009, 9.185581788534009, 9.185581788534009, 9.185581788534009, 9.185581788534009, 9.185581788534009, 9.185581788534009, 9.185581788534009, 9.185581788534009, 9.185581788534009, 9.185581788534009, 9.185581788534009, 9.185581788534009, 9.185581788534009, 9.185581788534009, 9.185581788534009, 9.185581788534009, 9.185581788534009, 9.185581788534009, 9.185581788534009, 9.185581788534009, 9.185581788534009, 9.185581788534009, 9.185581788534009, 9.185581788534009, 9.185581788534009, 9.185581788534009, 9.185581788534009, 9.185581788534009, 9.185581788534009, 9.185581788534009, 9.185581788534009, 9.185581788534009, 9.185581788534009, 9.185581788534009, 9.185581788534009, 9.185581788534009, 9.185581788534009], "val_f1_score_pos_neg": [0.0, 0.0, 0.0, 0.0, 0.0, 0.0, 0.0, 0.0, 0.0, 0.0, 0.0, 0.0, 0.0, 0.0, 0.0, 0.0, 0.0, 0.0, 0.0, 0.0, 0.0, 0.0, 0.0, 0.0, 0.0, 0.0, 0.0, 0.0, 0.0, 0.0, 0.0, 0.0, 0.0, 0.0, 0.0, 0.0, 0.0, 0.0, 0.0, 0.0, 0.0, 0.0, 0.0, 0.0, 0.0, 0.0, 0.0, 0.0, 0.0, 0.0, 0.0, 0.0], "acc": [0.4657142896737371, 0.48249999965940205, 0.45214285435421125, 0.4825000023203237, 0.48249999965940205, 0.48249999593411175, 0.48249999433755875, 0.48250000178813934, 0.4824999954019274, 0.48249999646629604, 0.4824999991272177, 0.4824999975306647, 0.4824999975306647, 0.4824999985950334, 0.48249999806284904, 0.482500002852508, 0.4824999969984804, 0.4824999975306647, 0.4824999948697431, 0.4824999954019274, 0.48250000019158634, 0.4825000007237707, 0.48249999806284904, 0.48249999965940205, 0.4825000023203237, 0.48249998901571545, 0.4824999969984804, 0.482500001255955, 0.48250000178813934, 0.4825000007237707, 0.4824999938053744, 0.482500001255955, 0.482500002852508, 0.4824999969984804, 0.4824999938053744, 0.4824999954019274, 0.48249999965940205, 0.4824999969984804, 0.4824999975306647, 0.4825000007237707, 0.48250000019158634, 0.4824999975306647, 0.48250000019158634, 0.4824999975306647, 0.48250000019158634, 0.4824999991272177, 0.48249999806284904, 0.4824999975306647, 0.4824999969984804, 0.48250000391687664, 0.48249999965940205, 0.48249999965940205],