{"1": {"val_f1_score_pos_neg": [0.312987894503533, 0.212454811516132, 0.4552518445202428, 0.41770323238231233, 0.4735685504882442, 0.45336506348497096, 0.46339735207770033, 0.43880371330452567, 0.3327688788488219, 0.4454511157896837, 0.5071916246113882, 0.4710113026379359, 0.4752498600486158, 0.49619417870521976, 0.5141825565764135, 0.5187631999111046, 0.39800780618775283, 0.41358874933278833, 0.490252787419069, 0.5068246181140973, 0.4941962839406297, 0.42984827498943484, 0.41028266646440537, 0.505160707103954, 0.40566090701187296, 0.4674254633047213, 0.45619222312642815, 0.46210110605808724, 0.4188695175391406, 0.37809345140899026, 0.42310332230389036, 0.39342862651844684, 0.43229807490332944, 0.4832105118038951, 0.4448974344894471, 0.4735230164542908, 0.47315427124687964, 0.4813291394276175, 0.425981554612886, 0.3725200281505696, 0.4799265950261286, 0.4626419313228511, 0.4703580721026329, 0.4942954224318574, 0.4405275284975861, 0.4658211431174036, 0.332320952115164, 0.3898133922416886, 0.48751000724179866, 0.4935112864489605, 0.3512398456862206, 0.3599424845347574, 0.38455494352144215, 0.44948656250376234, 0.4303579114602055, 0.4776546675452122, 0.4995422136713887, 0.5133037510027608, 0.48886336754208154, 0.43874854200657454, 0.4835096198698448, 0.4640853988175128, 0.3956649241498929, 0.4731329779500528, 0.4693294487930449, 0.46598606474540066, 0.4814931955682872], "loss": [1.1742179294427235, 0.9597068217893442, 0.9718797753254572, 0.8581490491827329, 0.8382572134335836, 0.8126357061167558, 0.7546261996030807, 0.8058211741348108, 0.7898604286213716, 0.7499464489519596, 0.7213131872316202, 0.7308838988343874, 0.7075198044379553, 0.6754971283177534, 0.6844268304606279, 0.6544118883709112, 0.6647740056117376, 0.6064504285653433, 0.6039540519316992, 0.6297490696112314, 0.5527505092322826, 0.5902677165965239, 0.5491694491356611, 0.5749104631443819, 0.6016833279281855, 0.5255537728468577, 0.47767485429843265, 0.5143697497745355, 0.4784354803462823, 0.5001637656241655, 0.46666647990544635, 0.4358680446942647, 0.4365678026030461, 0.4373600333929062, 0.4048611093312502, 0.4163368574033181, 0.4330060016363859, 0.4014761708676815, 0.3781460840255022, 0.3570407424122095, 0.3435427341610193, 0.36904371343553066, 0.31951223872601986, 0.4093515928834677, 0.27562516524146, 0.2755324797083934, 0.35444392760594684, 0.3262237807114919, 0.2969824556882183, 0.2583814291283488, 0.32653108797967434, 0.29475262605895597, 0.2853375691920519, 0.2952280134583513, 0.25276741695900756, 0.3673285720869899, 0.19930792041122913, 0.193125003327926, 0.19591733595977226, 0.31720759719610214, 0.18768137165655693, 0.2776865630100171, 0.20474309474229813, 0.17649185347060362, 0.2433754683782657, 0.14740790675083795, 0.25040373920152587], "f1_score_neu": [0.4455975650344044, 0.5946994290376703, 0.6046225146080056, 0.6863944021364053, 0.6855137671033541, 0.679441058387359, 0.7131763386229674, 0.6857502926141024, 0.7023149182399114, 0.7094689806302389, 0.7283287855486075, 0.7256261085470518, 0.7345125675201416, 0.7600276259084543, 0.7331222295761108, 0.7542502358555794, 0.7379214689135551, 0.7756866216659546, 0.7826868630945683, 0.767959633221229, 0.8030198961496353, 0.7954474737246832, 0.79800621047616, 0.7992446372906367, 0.7653260392447313, 0.8093283139169216, 0.8237375269333521, 0.8113905775050322, 0.8351014691094557, 0.8100399573644003, 0.8397776111960411, 0.8450173561771711, 0.8482114399472872, 0.8444793497522672, 0.8619837909936905, 0.8537872210144997, 0.8610309412082037, 0.8542097061872482, 0.8766235485672951, 0.8810555040836334, 0.8816547791163126, 0.8763283764322599, 0.894045622398456, 0.8737761278947195, 0.9176781885325909, 0.917706273496151, 0.8914509105185667, 0.8999718676010767, 0.9079893926779429, 0.9194611844917139, 0.8960724249482155, 0.9076337541143099, 0.9135103945930799, 0.9115637379388014, 0.9246889638404051, 0.8812853880226612, 0.9432771603266398, 0.9414499141275883, 0.942392331858476, 0.9010837562382221, 0.9448952513436476, 0.9132647179067135, 0.9398288441201051, 0.9483077004551888, 0.9310055437187353, 0.9579076742132505, 0.931984443217516], "f1_score_neg": [0.28199021937325597, 0.4467181010792653, 0.38671838647375506, 0.49177745295067626, 0.5269581042230129, 0.531020486416916, 0.5881979887684187, 0.547916299973925, 0.5320647129168113, 0.6138944743822018, 0.5831369223694006, 0.6181376824776331, 0.5963063522552451, 0.6403166651725769, 0.5618548626080155, 0.6527359566340843, 0.5934067877630392, 0.6395138576626778, 0.681269958615303, 0.6135501476625601, 0.7048200654486815, 0.6475035113592943, 0.6816699032982191, 0.6544994662205378, 0.6681745983660221, 0.6825038672735294, 0.7559796385467052, 0.6615567418436209, 0.7622531515856584, 0.7187197307745615, 0.7425899791220824, 0.7652374741931757, 0.7333997456977764, 0.7285193608452877, 0.7993669621646404, 0.7899990243216356, 0.7501606370011965, 0.7627996963759264, 0.8155956653257211, 0.8182447974880537, 0.8020817140738169, 0.7883797846734524, 0.8433778112133344, 0.7660494750986496, 0.8781669326126575, 0.8690032350520293, 0.8122568639616171, 0.8250644442935785, 0.8499063737690449, 0.866302906225125, 0.832695464293162, 0.8580714849134287, 0.8649525369207064, 0.8516346861918768, 0.8820015725990137, 0.7909427129973968, 0.9140715710818768, 0.9196922530730566, 0.9155449755489826, 0.8362384537855784, 0.9104867341617743, 0.8612938014169534, 0.9086019781728586, 0.9146675144632658, 0.8790035396814346, 0.9355206998685995, 0.9172519172231356], "val_f1_score_neg": [0.3744379006631193, 0.3803959888780219, 0.5384831554145358, 0.4708527793661196, 0.6015232093045694, 0.6079113041287438, 0.565476707440478, 0.6394164695752617, 0.6117511948807733, 0.6121509086426131, 0.6252569586266498, 0.6213347972967685, 0.6329570123058582, 0.6454218209621019, 0.6173900940693878, 0.6409371665239442, 0.38077752984594343, 0.42736136201422226, 0.5949046474504835, 0.6286239530178968, 0.6008105126255222, 0.5296040107766304, 0.41570484706586514, 0.6223322794183224, 0.5712963204581192, 0.621027294682105, 0.512888358323573, 0.5157279872808487, 0.44261681048171886, 0.3665842088798226, 0.4810883864941385, 0.42871971388845576, 0.5456722927318732, 0.5648436015165984, 0.49130547495774196, 0.5909198096245728, 0.5596343320444581, 0.5750469105285511, 0.4461979259524429, 0.33189642003029785, 0.6078493285972795, 0.5237957147451547, 0.5434079687176017, 0.5849117319754422, 0.5467434597615985, 0.5835419350843735, 0.28245002960386545, 0.38221826623862143, 0.5995978999395281, 0.6096805824495574, 0.30577987672453577, 0.42474903955257964, 0.4520762334173454, 0.5177945909176225, 0.4491143954320368, 0.6052499788868175, 0.6001443310037048, 0.6056366503319116, 0.612206234381749, 0.5212662015822467, 0.6113114740148193, 0.5980998717392558, 0.43964521188055994, 0.5817754770177901, 0.6126271969447306, 0.5698978082317518, 0.579665557387923],