{"val_f1_score_neg": [0.41710820319520636, 0.43483340112786545, 0.5613242171393071, 0.19341050930994885, 0.5942727523079553, 0.5962302711864769, 0.5155208499325432, 0.4898696236121349, 0.5979748535306401, 0.5970044313011221, 0.6033562661772423, 0.4906465730123353, 0.6561658710335162, 0.6226049388683008, 0.6335946020916996, 0.669499715249709, 0.6662103637778111, 0.37856028312452733, 0.5523758494687735, 0.6489760007238367, 0.5828868262788169, 0.6466658671750606, 0.6436957449619157, 0.47630428934065117, 0.5422860312665629, 0.588720818682399, 0.6590857961614337, 0.6605511282780553, 0.6488879740211377, 0.6290800573854793, 0.6611165584501145, 0.6674448844821294, 0.6468868668530903, 0.653546333795617, 0.47722720922889655, 0.6424176391855961, 0.6549822649760553, 0.6264862802132689, 0.3634016831689089, 0.592271305396114, 0.6498624415371904, 0.6419527725598536, 0.6442457080906273, 0.655241785369046, 0.6518475361037672, 0.2663981285226061, 0.6193145218326657, 0.6427165872065055, 0.5739343527518465, 0.6468541229891981, 0.6571609504685121, 0.5724563742617043, 0.6275597918532316, 0.5270091333316351, 0.6535125702713397, 0.631778529137574, 0.6488776623371535, 0.6360667563214046, 0.6317337603382415, 0.6568552197715049, 0.5126146232550927, 0.6439268139370701, 0.6431011243066003, 0.628373085192287, 0.6509849248144791, 0.6457079384062026, 0.6026266575449498], "val_f1_score": [0.416939101184857, 0.456982275855686, 0.5413647645559067, 0.4270785463135145, 0.5728149300376628, 0.5727941750193093, 0.5616396202785819, 0.5235544735925239, 0.6004064062989836, 0.5666027722785562, 0.6060716226408731, 0.5293394348345734, 0.5832040986658698, 0.615396513576396, 0.6155865594335789, 0.6154768157798967, 0.6169090811003987, 0.5234162337705995, 0.5592265554338868, 0.5735203450829716, 0.6020756238921505, 0.6281259715208534, 0.6176291744396915, 0.5681541516498784, 0.5475508822978642, 0.6017956186724417, 0.6135809326622328, 0.5947477919959936, 0.5828222097494663, 0.6058537433987204, 0.565961287089205, 0.6195571882682934, 0.6215689175310191, 0.5915514977730131, 0.5667706952672041, 0.5739290980782211, 0.6254870654546727, 0.5722425925640495, 0.49262582880389943, 0.5808372096440516, 0.5648154318466736, 0.5699016348338588, 0.556621749659567, 0.6172777009450043, 0.586687178049761, 0.4750889807443494, 0.5997167025339587, 0.6068390725809767, 0.5747599730446593, 0.6028937275378595, 0.6005498227159343, 0.5723828483796902, 0.5618932743733175, 0.5502758175469817, 0.5851858556940917, 0.5846709219979318, 0.5750289472223026, 0.597220111472404, 0.596152963425949, 0.5856597399958285, 0.5529772647050282, 0.5410296361402408, 0.5775916456264576, 0.5938262490608431, 0.5903348581940002, 0.6045896449552374, 0.5547473493107149], "f1_score_pos_neg": [0.26030372316017747, 0.3169173449277878, 0.4004209917038679, 0.459952887147665, 0.46510261856019497, 0.5050249062478542, 0.5212781634181738, 0.5562958642840385, 0.546997519209981, 0.5852743331342936, 0.5854736361652613, 0.6212762072682381, 0.6048898566514254, 0.6357362829148769, 0.6477659121155739, 0.6441240347921848, 0.6646690666675568, 0.6695723980665207, 0.7039900496602058, 0.6906874217092991, 0.7230755276978016, 0.7049492448568344, 0.7335370667278767, 0.7584607116878033, 0.7499498650431633, 0.7546799369156361, 0.7446934171020985, 0.7942415773868561, 0.793354332447052, 0.8035925179719925, 0.7928836457431316, 0.8226954117417336, 0.8291896916925907, 0.8404442705214024, 0.8524052537977695, 0.8573658801615238, 0.8312908485531807, 0.893452275544405, 0.8754878789186478, 0.8678897432982922, 0.8877290897071362, 0.8787082247436047, 0.8804571107029915, 0.9023121632635593, 0.8919360004365444, 0.9092913381755352, 0.8995710648596287, 0.937112882733345, 0.9055289812386036, 0.9198002405464649, 0.9357760362327099, 0.9071624353528023, 0.9397265985608101, 0.9408354796469212, 0.9158587493002415, 0.9352062679827213, 0.9494959600269794, 0.9298646189272404, 0.9347771815955639, 0.9312824569642544, 0.9469162374734879, 0.9368672333657742, 0.9328228197991848, 0.9515196718275547, 0.928078655153513, 0.9560242183506489, 0.9533972553908825], "f1_score": [0.3598201028071344, 0.44797237776219845, 0.5060306563973427, 0.5465269945561886, 0.5536620896309614, 0.5796527490019798, 0.5926555134356022, 0.6168866939842701, 0.612481988966465, 0.6399046927690506, 0.6442501842975616, 0.6729930527508259, 0.6584095805883408, 0.6807213872671127, 0.6939076818525791, 0.6893590614199638, 0.7055494971573353, 0.7099907845258713, 0.7399337030947208, 0.731132335960865, 0.7559477128088474, 0.738150417804718, 0.7645570784807205, 0.7856308966875076, 0.7814955003559589, 0.7792660221457481, 0.7771879248321056, 0.8174996078014374, 0.8182337917387486, 0.8226447552442551, 0.8130817450582981, 0.8406518921256065, 0.8472824767231941, 0.8569357432425022, 0.8670294396579266, 0.8742481656372547, 0.84644965082407, 0.9042861685156822, 0.8870117589831352, 0.8826526813209057, 0.9017411321401596, 0.8881275914609432, 0.8956432715058327, 0.912637997418642, 0.9025790654122829, 0.9192701019346714, 0.9075337424874306, 0.9431542158126831, 0.9178021848201752, 0.9261327832937241, 0.9417730271816254, 0.9149574898183346, 0.9463199563324451, 0.9478692561388016, 0.9242480248212814, 0.9433317631483078, 0.9548253528773785, 0.9358421042561531, 0.9424132518470287, 0.9395010508596897, 0.9533540084958076, 0.9440658874809742, 0.9393180459737778, 0.9564747586846352, 0.9361418522894382, 0.9611138962209225, 0.9592710956931114], "val_f1_score_pos": [0.1127998069552114, 0.20978569121737228, 0.3371941031929184, 0.37661542117032604, 0.40612255652852813, 0.3925786874233148, 0.44130267313456567, 0.3369359091708535, 0.47871489925423133, 0.3612303419446709, 0.4798911108232756, 0.34895053794134107, 0.4527130838294207, 0.49541327146812436, 0.4839531006547067, 0.4846205823441856, 0.4403851815054023, 0.46101452220521205, 0.3754326066507502, 0.3230294135176701, 0.47270033475358475, 0.48700219904899167, 0.4727634725622159, 0.4814514722096936, 0.34943475248145456, 0.467767320368883, 0.4358018325139851, 0.3721539908655581, 0.47760027979495984, 0.4790886600865902, 0.30251549327100014, 0.4622097630732455, 0.47105581217181075, 0.36722934901633886, 0.4832358048726887, 0.32689982856440747, 0.49322556350019886, 0.33786681950011876, 0.3823501289132153, 0.39606776322752196, 0.3043064312708576, 0.3194379634783175, 0.2694446592517549, 0.46430831536268574, 0.36228147659868043, 0.43200350118766645, 0.43007561371394015, 0.4654215984096733, 0.4024290996551299, 0.426168663701226, 0.42593875036709383, 0.40040591684912863, 0.3185394934931157, 0.3776143593290503, 0.3620220202076183, 0.3878907545750816, 0.34318254581722546, 0.4199089124778665, 0.4186145553061193, 0.3641658473862113, 0.4040307359308259, 0.27213183741176983, 0.3444433288160231, 0.4068897144112349, 0.37909304871786514, 0.42590244314823933, 0.3140059861979182],