{"1": {"acc": [0.43900000055631, 0.5296666622161865], "val_acc": [0.529666672150294, 0.529666672150294], "loss": [1.1676815350850422, 1.026197890440623], "val_f1_score": [0.22974362472693124, 0.22974362472693124], "val_loss": [1.0167615115642548, 1.0120536983013153], "f1_score": [0.2116020123163859, 0.23074680318435034]}, "2": {"acc": [0.4310000042120616, 0.529666672150294], "val_acc": [0.5296666622161865, 0.5296666622161865], "loss": [1.1389564077059429, 1.0116391479969025], "val_f1_score": [0.2304165984193484, 0.2304165984193484], "val_loss": [1.0206800997257233, 1.0254246691862743], "f1_score": [0.22037544598182043, 0.2308068796992302]}}