{"1": {"val_f1_score_pos_neg": [0.5245118565269258, 0.638476179492089, 0.5863374923271611, 0.6724865268197798, 0.6360569304129348, 0.604398399208463, 0.623966721984429, 0.6419441139732419, 0.6575953896327685, 0.6781493573560197, 0.6387004444926172, 0.6860766977954967, 0.6561007253335212, 0.5576158212983886, 0.6783197250011053, 0.6098760392232545, 0.5688001552404708, 0.65290684312965, 0.6699523060396216, 0.6829617633583225, 0.5743091733412514, 0.6749783467658699, 0.588191374968332, 0.6847833857397504, 0.5520152424127762, 0.4826708091796617, 0.6144618765438069, 0.6540000852311717, 0.6093209372428405, 0.5548469903054526, 0.6731085801199607, 0.6311672352881623, 0.5108311742802102, 0.5536380533061565, 0.6581251699406113, 0.6153948699086788, 0.6486657138824963, 0.5967663963291859, 0.5568952422550961, 0.6472357003012886, 0.6471558027682641, 0.6046488084663033, 0.5744714716304296, 0.533024237220318, 0.6062619637667648, 0.6180302022230647, 0.6126070493104856, 0.5494927846788266, 0.6164302262552073, 0.6156823229295764, 0.6185422113740222, 0.6452871180881267, 0.639055940725345, 0.6255576599622817, 0.6202022121423441, 0.5876309312987509, 0.5854894064743938, 0.6321791358548076, 0.6179332182909477, 0.6116560143246415, 0.542643895338065, 0.5895637271756298, 0.6265205379986807], "loss": [0.9630069162915734, 0.7814872860908508, 0.7275346245835809, 0.6801523215630475, 0.6821416633970597, 0.656209284768385, 0.6264351422295851, 0.6164543023880791, 0.5988402454292073, 0.5783206268268473, 0.5719447153456071, 0.5446130729773465, 0.5331042137216119, 0.5245819722904879, 0.5021660433096045, 0.5201753667172264, 0.4654726175700917, 0.4881487913868007, 0.48185963665737824, 0.4422093647367814, 0.46297194195144314, 0.3968660270466524, 0.4222746587851468, 0.4271488847101436, 0.3882830739021301, 0.39500831067562103, 0.3296111524105072, 0.3980630947386517, 0.3391721086467014, 0.34667865975814705, 0.3238756941521869, 0.29868168646798415, 0.32817255574114185, 0.2820117550299448, 0.3027249416884254, 0.24216701944961266, 0.21297869677929318, 0.2946041022591731, 0.2514893191263956, 0.21140635868205743, 0.2913154604680398, 0.19192305908483617, 0.22563584937768824, 0.2147680722615298, 0.22053464217221036, 0.20060661215992534, 0.1669444785836865, 0.21558923602980726, 0.1895856673226637, 0.15865779646179257, 0.14404956591041648, 0.17742052071673028, 0.18938052424174898, 0.16656625610502326, 0.1312423089847845, 0.16824948919170044, 0.14773274892393282, 0.12498162686824799, 0.15836185655173132, 0.1427159595358021, 0.12753819619469783, 0.11695531640640076, 0.11499581529813654], "f1_score_neu": [0.48674041961374526, 0.6929649833370658, 0.7288097642800387, 0.7462085643235374, 0.7324371986529407, 0.7523215544574401, 0.7669669188120786, 0.7657500391497332, 0.7679408587077085, 0.7909580618143082, 0.7794301728991901, 0.7969416450051701, 0.7890568428179797, 0.796636114225668, 0.8093999755733153, 0.8080448271597133, 0.8275214591447044, 0.810682847219355, 0.8209999002078, 0.8357011649538489, 0.827417626100428, 0.8568859433426577, 0.8379856549641665, 0.8381573040695751, 0.8530980786856484, 0.8501287488376393, 0.8801150549860561, 0.8498599003343021, 0.8754179276087705, 0.8646184109589633, 0.8834770278019064, 0.8971024777959374, 0.8798238862963284, 0.8941646007930532, 0.8897917130414177, 0.917738535824944, 0.9335840703809962, 0.894505064277088, 0.9109907895326614, 0.9307614599957186, 0.8915341899675482, 0.9360902519787059, 0.9187612963073394, 0.9276999620830312, 0.9261353261330548, 0.9330182101796655, 0.9434656062546898, 0.9278161718564875, 0.9383575986413395, 0.9512463772998137, 0.9567600471131942, 0.9391587183755987, 0.9293003301410114, 0.9469349945292753, 0.9594296900665059, 0.9442029577844283, 0.9522575253949446, 0.9585078428773319, 0.9515294756959466, 0.9506391269319198, 0.9563197642564774, 0.961497079800157, 0.9653258770704269], "f1_score_neg": [0.26753391544608507, 0.38997314585482373, 0.46126194605055976, 0.5389185653013342, 0.5601301031077609, 0.5875113821204971, 0.5977978820309919, 0.6054629639667624, 0.6389766624745201, 0.6611517229500938, 0.6691136123502955, 0.6938933256794425, 0.6729193250922596, 0.7266944103381213, 0.7036958871518865, 0.725110823617262, 0.7465505827875698, 0.7577839432393804, 0.7697867102482739, 0.7718276267542559, 0.7601334391271367, 0.7977912189329371, 0.7961976861252504, 0.7727498017689761, 0.8278931992895463, 0.8216340769739712, 0.8546011798522052, 0.8190860082121456, 0.8634050251806483, 0.8045888928806081, 0.8731542729279574, 0.8679650986895842, 0.8572904669186648, 0.8760215569944942, 0.86463262053097, 0.8978301163981942, 0.9174538149553186, 0.8545613350237117, 0.8972040064194623, 0.9115384492804023, 0.9054843117209042, 0.903664990383036, 0.9066047501914641, 0.8999151473536211, 0.9158884392065161, 0.929357227157144, 0.9260297242332908, 0.9238949619671878, 0.9272876408170251, 0.9322677105665207, 0.9322240834727007, 0.943970155190019, 0.9117590504534104, 0.9361089371583041, 0.946315322728718, 0.9358633809229907, 0.9401120946687811, 0.9539820735945421, 0.9452061802148819, 0.9451343311982996, 0.93799648214789, 0.9490513512316872, 0.9461756558979258], "val_f1_score_neg": [0.34708900959542377, 0.5528281866925737, 0.4479862487272362, 0.6222790902504419, 0.5746745522679415, 0.47335088972091177, 0.5221481906783071, 0.5847413484236714, 0.5998300438379948, 0.6298085153962633, 0.5370675054648214, 0.646123286466601, 0.5994377554854227, 0.39625248619336456, 0.6344275939911643, 0.4896948777516308, 0.5637206459433083, 0.5964106474527999, 0.6215720742417232, 0.635792158389698, 0.4197137101863333, 0.6169702937651144, 0.47606796601485807, 0.6294053353382913, 0.41239803349474674, 0.39025004642265476, 0.5183010846806297, 0.5846615913124995, 0.5223183210615783, 0.5174774697625415, 0.6164674433766467, 0.5748284966527337, 0.35296566068047525, 0.3807441628717107, 0.5943354005392161, 0.577245045796236, 0.579330610222245, 0.4703247388172675, 0.5558989391750843, 0.5839482054383993, 0.5711755091175457, 0.5050547762536765, 0.49098561570896365, 0.4972087719638673, 0.552326666114526, 0.5357607839428281, 0.5580224164226941, 0.4424520394650776, 0.5350155380808272, 0.5415326365016434, 0.5199900281544967, 0.5751809618181049, 0.5660964846923662, 0.5540252068272232, 0.5487149855204526, 0.4914167556836478, 0.544619607637787, 0.5513729303176403, 0.5516180376071115, 0.5470872404629747, 0.37576955663948397, 0.529553089747115, 0.548349880387456], "val_f1_score_neu": [0.6353363970931108, 0.6948389157265964, 0.6531380998972611, 0.7340745647029241, 0.7339888880673651, 0.7163634112492153, 0.7316359053313373, 0.7389590698466537, 0.7428713562199052, 0.7386013534073438, 0.7290915918887959, 0.7261008650431819, 0.7406722289384772, 0.7232505596281192, 0.7358323565906282, 0.7281144277617402, 0.7161343979641674, 0.7419714570326846, 0.7363922771993597, 0.7162512497985704, 0.723622035783262, 0.6560241114489838, 0.7285767370185732, 0.7084744003948938, 0.7187922432326971, 0.6975926924277065, 0.7309842751059293, 0.7298154540334572, 0.730737699960243, 0.7117085444967859, 0.7254640317919872, 0.7253986384153929, 0.7088529098199604, 0.713629727441121, 0.7121792029684183, 0.7190084291698737, 0.7121083417371474, 0.6889736693486309, 0.7054692032829283, 0.7159187158761674, 0.7100523784346322, 0.7231186299757979, 0.7180452973799477, 0.7020947772969481, 0.723254099249871, 0.7179869326774824, 0.7215005890171953, 0.7132898496262144, 0.719747081019889, 0.723832779611592, 0.7104257876217099, 0.6550358560277257, 0.7087100336566048, 0.715264605172125, 0.7187256599829449, 0.7168116480416898, 0.7131646362433995, 0.6912675193842396, 0.7138328025292887, 0.7215705595552968, 0.7005917149799376, 0.7124908848944344, 0.6934643423122713],