{"1": {"f1_score_neu": [0.5167001940457052, 0.6881587752386144, 0.6723827574598161, 0.7074885760482988, 0.7290312498807907, 0.7148277708574345, 0.7381874950308549, 0.7549146907894235, 0.7338205838673993, 0.7627944797277451, 0.7598019791276831, 0.7524321722356897, 0.7767072359198018, 0.7983244155582628, 0.8013623301920137, 0.7961302266309136, 0.79602617809647, 0.7933007447343123, 0.8169951705556167, 0.8131538974611383, 0.8162185087015754, 0.841027800974093, 0.8302105320127386, 0.8141907437851554, 0.8497963445751291, 0.8522864799750479, 0.8454752933037909, 0.862149496611796, 0.8556794861429616, 0.8607257181092313, 0.8771440755379828, 0.888812025126658, 0.8723205453471133, 0.8844986369735316, 0.896026633287731, 0.8994035807095075, 0.8596123174617165, 0.8970806865315688, 0.8972685815472352, 0.9140231366220274, 0.8870732886226553, 0.9186474100539559, 0.8896469567951403, 0.9264234202472788, 0.9144333600997925, 0.9220106397804461, 0.8995265843052613, 0.927854483849124, 0.9273362567550257, 0.933137477228516, 0.8996900814144235, 0.9292285826645399, 0.943705719552542, 0.9185089280730799, 0.9380259945204383], "loss": [1.0517779047551907, 0.8605059126490041, 0.8519816680958396, 0.8046614104195645, 0.7678209582441732, 0.7707945414279637, 0.7384026309377268, 0.7113148115183178, 0.719727046395603, 0.668078202950327, 0.6618381526909376, 0.6715933939344004, 0.6205777423946481, 0.6087835533054251, 0.5692369275187191, 0.5969308677472567, 0.5846379524783084, 0.5679226831385964, 0.5400708109924668, 0.5289480858727506, 0.5312827115780429, 0.4710986578935071, 0.48956125268810674, 0.4964056979668768, 0.4598675448643534, 0.45275114476680756, 0.44853256093828303, 0.4252590717453706, 0.4164635699830557, 0.42028279131964635, 0.37368530819290563, 0.34777481265758214, 0.38003011596830266, 0.3476515796623732, 0.32175150670503316, 0.3208001691259836, 0.4167196911416556, 0.32280937660681575, 0.31922717804187223, 0.28241442183130666, 0.3562691909702201, 0.2694766688111581, 0.3376305528769368, 0.24483599847084597, 0.2777818606088036, 0.2607140546958697, 0.29480357154419545, 0.23462590300723127, 0.23171255149339376, 0.2175051050358697, 0.33028667184867355, 0.23425230227018656, 0.19159366023775778, 0.2736340867061364, 0.21352356025262884], "val_acc": [0.593233675866686, 0.6501442515065343, 0.649881980471057, 0.6580120659143381, 0.6367689406124588, 0.6706005761293861, 0.6572252879329095, 0.6627327582669201, 0.6645685839678026, 0.6341463338662845, 0.6711250931266847, 0.6428009519388193, 0.6601101460808254, 0.645685810555694, 0.638342513364036, 0.6430632055759304, 0.6572252800387721, 0.6446367728875874, 0.6165748793497944, 0.6540781400536978, 0.6370312098815252, 0.6446367667598609, 0.6299501723765452, 0.6472593820098189, 0.6239181676468698, 0.6362444307433318, 0.6215578362193284, 0.6346708604459715, 0.6456858112435, 0.644899040999889, 0.6302124175880326, 0.6336218166501385, 0.6260162658213694, 0.6291633865791388, 0.6393915593170788, 0.6325727761370161, 0.6420141642968422, 0.617886170045366, 0.6435877262467385, 0.5940204556145257, 0.6262785285719105, 0.6029373255577608, 0.6493574598002491, 0.6254917325824695, 0.6268030359868205, 0.6286388641419199, 0.6296879072499469, 0.6383425090027206, 0.6323105212024526, 0.6186729589066354, 0.6469971157264559, 0.6409651194224044, 0.6073957455774133, 0.6228691258362951, 0.6330972955103719], "f1_score_neg": [0.21732223891702138, 0.34049256185167714, 0.39232992802403477, 0.42211136756170736, 0.47440083599404287, 0.5079896104963202, 0.5147709352405447, 0.5497741373746019, 0.5433021772064661, 0.5511782988905907, 0.600342749372909, 0.5869955165605796, 0.612685461969752, 0.6172401363912382, 0.6642170462169146, 0.6303633502439449, 0.6340010091662407, 0.6599022926468598, 0.6626586910141142, 0.6896047662747534, 0.7127227940057453, 0.7431164227033916, 0.7245938025022808, 0.7077971732145861, 0.7493829021328374, 0.776318546188505, 0.7425136919084349, 0.7684549054032878, 0.7734214883101614, 0.7701529166416118, 0.7880762384126061, 0.8189745419903806, 0.7914441427902171, 0.817766218593246, 0.8255615720623418, 0.8350475524601183, 0.8079681012191271, 0.8351756546058153, 0.842758690056048, 0.8572228990103069, 0.8462514877319336, 0.8754401881443826, 0.8141497726503172, 0.881424691332014, 0.8473950381341734, 0.8782309403544978, 0.8515012781870993, 0.881339408849415, 0.8784953849880319, 0.8980975645153146, 0.8754897070558447, 0.8814902282074878, 0.9110280314558431, 0.8611855169660166, 0.9055054375999853], "f1_score_pos_neg": [0.33796837847483785, 0.44310602310456726, 0.47146848314686823, 0.49578780131904704, 0.536196437713347, 0.5546728741181525, 0.5639600365569717, 0.5914269572025851, 0.5780972387445601, 0.6078236205013174, 0.6217516739117471, 0.6314615991554762, 0.6560030312914598, 0.6713307468514693, 0.6981169871593776, 0.6766310294992045, 0.6887913832539007, 0.700943565682361, 0.7195118422570982, 0.7238929859901729, 0.7328842054856451, 0.7655731031769201, 0.7589026524832374, 0.7473406987754923, 0.7767627231384578, 0.7800827316547695, 0.7803657274497183, 0.7915923156236347, 0.7993826709295574, 0.7972377483782015, 0.8193872947441904, 0.8328757137060165, 0.8184135030759009, 0.8381263009811702, 0.8472254723310471, 0.8513532414248115, 0.8051162134659918, 0.848825034342314, 0.8553485995844791, 0.8707466847018192, 0.8431186777980704, 0.8805902106197256, 0.8456588614928094, 0.893468154888404, 0.8723584884091428, 0.8858578879582254, 0.8653353115445689, 0.896025161994131, 0.8950060237395135, 0.9067294134905464, 0.8625897553406263, 0.894298067218379, 0.9195977716069472, 0.8804881125688553, 0.9099213802500775], "val_f1_score_pos": [0.660494335548727, 0.6576985266932096, 0.6562495576000389, 0.7003202572476667, 0.6091767780242427, 0.6940672840779453, 0.6718803782366781, 0.6770814596090359, 0.6977660170290497, 0.6107262105976788, 0.7162648678576261, 0.6602424045513222, 0.7071691864655457, 0.6302621710528672, 0.6198031735363952, 0.7006982576650114, 0.7010014193001114, 0.6758442218147986, 0.688545824848008, 0.6676030803189451, 0.7004587366422768, 0.6965398210695088, 0.5767168872724704, 0.6864041134718988, 0.5921841950170206, 0.6311056017719352, 0.6717720686248241, 0.6848666959317875, 0.633656030966796, 0.6402062799184616, 0.5954234710741381, 0.6851916895305394, 0.6473591842896477, 0.6128095149868841, 0.6672880061023541, 0.6682974433542517, 0.6203555994042568, 0.6799738739314055, 0.648999703702669, 0.5366839715542207, 0.59724536917199, 0.6045206707667529, 0.6805568599588377, 0.6213432155723432, 0.6814827433008864, 0.6383913321942756, 0.6354189516677026, 0.6394109889306079, 0.6339438317049028, 0.6289003347118727, 0.6665061777137629, 0.6424236032333144, 0.5564609726457623, 0.6667203126133755, 0.6457684685356686], "val_f1_score_neu": [0.6187344363534228, 0.6872119214351553, 0.6948988264919485, 0.6533716341782017, 0.6958080947539828, 0.6905271644483487, 0.6978396466014081, 0.6880271244855681, 0.6895817023795513, 0.6942900727497384, 0.6708503245463248, 0.6894621672887925, 0.681077260671561, 0.692130919128711, 0.6943030439272284, 0.6569578645268732, 0.672868453405862, 0.6505046677564406, 0.5652647180379672, 0.6704418916668505, 0.6346914232199254, 0.6260450662292273, 0.692210084460959, 0.654517819429363, 0.6785522144577992, 0.6825189153384638, 0.6382757105947385, 0.6444173773035989, 0.6854563460648919, 0.6928799471891429, 0.68103894687468, 0.6151588988091543, 0.6594339306824106, 0.6817663282257598, 0.6664908420780091, 0.6360976367274389, 0.6916615117606046, 0.5794888128766605, 0.6765122347668403, 0.6654722404830137, 0.6684844154496221, 0.6651287623005778, 0.661557956377165, 0.6751513779085201, 0.605461120871212, 0.6594910165971576, 0.6702167272036262, 0.6705786931742966, 0.666379611901089, 0.650986484473939, 0.6679565404113621, 0.6809388957341262, 0.6749958672799872, 0.6222340560103226, 0.663451427851266],