{"val_f1_score": [0.37061880384808554, 0.4879853564825242, 0.5236134589442357, 0.4859002408442924, 0.5573784302764254, 0.49296582672867323, 0.5362395409576752, 0.546218821555175, 0.5263367013731788, 0.5279390451557401, 0.5845662253266565, 0.5657785627362538, 0.4865360417400348, 0.5551757619180392, 0.5813403836628686, 0.48487090256050047, 0.5683799741560953, 0.5439486766633718, 0.521152175604305, 0.5655588685688648, 0.573693189919129, 0.5251388608256385, 0.47953087819410883, 0.5308509062819796, 0.5649519068831214, 0.5568618660728191, 0.5033993141585731, 0.5306063896355948, 0.5810917730112629, 0.5767972834518885, 0.5076780805864476, 0.454902626081356, 0.5383700729220824, 0.47586162645056396, 0.5518475218072326, 0.5329698116673149, 0.5783581790010295, 0.4875667854252025, 0.549811170061483, 0.5102649765860857, 0.5723508689728504, 0.5347576199540993, 0.5259353909951526, 0.5057449899865226, 0.5380066488972131, 0.5502957271875372, 0.567742602277113, 0.5419171013062032, 0.5658959626239857, 0.5591399673400995, 0.5554290357817951, 0.5366750367042775, 0.5436627183258668, 0.5028266290850432, 0.5232138195340289, 0.5402737910341048, 0.5022647784091951, 0.5400630612926767, 0.5448527367223344, 0.5569624677736159, 0.5300448747084476, 0.5320833931353196, 0.5558160095937714, 0.5493375613139226, 0.5407528670800467, 0.5144566940499811], "val_f1_score_neu": [0.7151691084555876, 0.7192933202540611, 0.6544494151908216, 0.7263326011849479, 0.6916464022886523, 0.7317225564400248, 0.7266717059248694, 0.6820031860043109, 0.7261582467398341, 0.7255466190266062, 0.6906007077851598, 0.7294629872301062, 0.7370432986636125, 0.7289601363312056, 0.670621295716384, 0.7369637656093877, 0.7297400819574237, 0.5735239227559188, 0.7065011076545372, 0.7387713516182155, 0.6522331556864167, 0.7440971923046052, 0.6977035083107942, 0.7418951706686805, 0.7170203621999884, 0.6059710300027707, 0.7480969379412608, 0.7389252933627896, 0.6986594221316315, 0.6685548152303674, 0.7445761731118165, 0.735643823271231, 0.7433648822654007, 0.732210731082707, 0.7426301757869986, 0.7187091024459293, 0.701533438008592, 0.7274711271207503, 0.7460430462886983, 0.7301643202018481, 0.7168418797243301, 0.7344229505826801, 0.7345512771306143, 0.5277285228910288, 0.7353040504391216, 0.7393547786660308, 0.7177552679504192, 0.6829049824274074, 0.676228089719756, 0.7197835871726074, 0.7255385206778523, 0.7345096206429087, 0.5917688453996498, 0.741838412594806, 0.7362365754027116, 0.7307533037807294, 0.7336346124187011, 0.730387232832366, 0.7071839291878879, 0.6230634725474582, 0.7243230131044616, 0.7332052227563811, 0.7056606354286582, 0.6808544358475702, 0.7114188533831007, 0.7278577807890205], "f1_score_pos": [0.3877505213022232, 0.43416115641593933, 0.4544601912299792, 0.4816984236240387, 0.4991195847590764, 0.5558511118094126, 0.5491947109500567, 0.5864310363928477, 0.5819770892461141, 0.5776723275581995, 0.6251366833845774, 0.6562171975771586, 0.6404999196529388, 0.65290038784345, 0.642927256723245, 0.6815578689177831, 0.7009451886018118, 0.7074938515822092, 0.7026080340147018, 0.7269276181856791, 0.7302950372298559, 0.7734712262948354, 0.7189131677150726, 0.784248024225235, 0.8069848517576853, 0.7531485011180242, 0.8201434463262558, 0.8450420846541723, 0.796876902381579, 0.8516780734062195, 0.8232743889093399, 0.869323343038559, 0.825925757487615, 0.8863328844308853, 0.8461002061764399, 0.8638654053211212, 0.8910302172104517, 0.8855818808078766, 0.9005886614322662, 0.9088617016871771, 0.9094151010115942, 0.916034201780955, 0.9323626607656479, 0.8534809077779452, 0.8898798326651255, 0.9377054969469706, 0.9372606724500656, 0.9434105753898621, 0.9561646978060404, 0.9410500427087148, 0.9504626343647639, 0.9516250491142273, 0.9235847344001135, 0.9378706912199656, 0.9616175343592962, 0.9601864218711853, 0.9639214724302292, 0.9459028293689092, 0.9579428186019262, 0.9506532847881317, 0.9493745664755503, 0.9570532590150833, 0.929792066415151, 0.9670894096295038, 0.9620198756456375, 0.9662516415119171], "f1_score_pos_neg": [0.3281490293641885, 0.41462525725364685, 0.4541757677992185, 0.4865890443325043, 0.5043721050024033, 0.5370602731903394, 0.5447082370519638, 0.5719442913929621, 0.5749504218498865, 0.5931315918763479, 0.6067875027656555, 0.6227834324042002, 0.6392763555049896, 0.6462288945913315, 0.6481671084960302, 0.6598118195931116, 0.6679163724184036, 0.6985140790541967, 0.7004681825637817, 0.6873911122481028, 0.7162774056196213, 0.7323080400625864, 0.7333629131317139, 0.7422255575656891, 0.7648540933926901, 0.7645482122898102, 0.7743212779362997, 0.7846481204032898, 0.7895435492197672, 0.7857443739970525, 0.8227416376272837, 0.8153707385063171, 0.8050390432278315, 0.8457643389701843, 0.8259537915388743, 0.8206457694371542, 0.8767935832341512, 0.8546240478754044, 0.8713014423847198, 0.8750210056702296, 0.8843247145414352, 0.8687672217686971, 0.9243906140327454, 0.8756869932015737, 0.9008210649092993, 0.8862215975920359, 0.9261800001064936, 0.9316529780626297, 0.9433440218369166, 0.8827460408210754, 0.9447973569234213, 0.944263090689977, 0.9264507591724396, 0.9352225065231323, 0.9425057023763657, 0.9516333788633347, 0.9544266213973364, 0.9421079208453497, 0.9497516105572382, 0.9388267000516256, 0.9455211112896601, 0.9580838481585184, 0.934383953611056, 0.9597021490335464, 0.9521063566207886, 0.9662215858697891], "val_acc": [0.58299595643098, 0.625730989942452, 0.6005398082776054, 0.6252811349730636, 0.6315789446603378, 0.636977048055363, 0.6387764316821388, 0.6284300471767884, 0.6491228269661969, 0.6288798912334056, 0.6365272112113637, 0.6509221874267949, 0.6347278642375567, 0.6396761173017916, 0.6293297340298256, 0.6419253266989192, 0.6558704382387626, 0.5650022677403552, 0.5982905891206529, 0.6518218610343556, 0.6212325674480433, 0.6482231194137508, 0.5775978445899524, 0.6594691896191922, 0.6315789519533938, 0.596491225013527, 0.6572199655823272, 0.636977048055363, 0.637426901710929, 0.6171839890638773, 0.6392262635657876, 0.6450742206163789, 0.6599190263023154, 0.6144849333042397, 0.6518218537412996, 0.6176338295544046, 0.6392262720117899, 0.6477732765368927, 0.6581196707216298, 0.6221322521292515, 0.6468736005966266, 0.6531714065837474, 0.6513720205438281, 0.5200179907394002, 0.6441745397962003, 0.6545209217543437, 0.6464237612858582, 0.6297795878462678, 0.6239316174697619, 0.645973924522297, 0.6495726345843471, 0.6387764290544936, 0.5771479945004764, 0.6428250185123071, 0.6383265850783145, 0.6495726588498457, 0.6441745422093438, 0.6455240755857673, 0.6369770565013654, 0.5964912202140527, 0.639676115987969, 0.6473234445728057, 0.6351776777545021, 0.6212325651153379, 0.6351777009206798, 0.6369770565013654], "val_loss": [0.8874503303850443, 0.8457713567937112, 0.869444877861107, 0.8121535913449818, 0.8248171483242346, 0.7964940147522168, 0.7871985697445975, 0.8091190637257311, 0.7878468401304409, 0.8122972510872367, 0.7964063719002127, 0.7696594782793678, 0.819129079352399, 0.804697450382775, 0.8132052994289218, 0.8699779703549528, 0.7861772255215407, 0.8673586178565958, 0.9087217037494366, 0.8187848916206069, 0.8392207864378681, 0.9166673833166646, 1.018740640799848, 0.9031323047570157, 0.8836303206644132, 0.9698685758348741, 0.9870376274814168, 0.9936812533165387, 0.8544807337020036, 0.8557150009726276, 1.1135070268173664, 1.3428833700223812, 0.9712267858296754, 1.2511469443210117, 0.9908253189898588, 1.007646188347714, 0.9308494116559631, 1.236906670097612, 1.0727957305852434, 1.1662021935978184, 0.9880062721357976, 1.066933481102316, 1.2009366529780467, 1.2229158711551387, 1.1751370863822255, 1.1051886231310455, 1.0700728626761735, 1.2291727351327228, 1.132292082381581, 1.045135174256641, 1.1919302667951563, 1.3025843673496702, 1.2484004511470683, 1.4852481877219286, 1.356739996630385, 1.3166180421144535, 1.5381616278376817, 1.2986163733191067, 1.2962256080654897, 1.2808318074308318, 1.3375492696551874, 1.4453238355539642, 1.240103640376154, 1.310298966546344, 1.3529115724391998, 1.4756462128914212],