{"1": {"f1_score_pos": [0.4936649204993061, 0.5416972787149822, 0.5668402582537788, 0.5786912180800701, 0.589913237547261, 0.6025540629697845, 0.6239327180048099, 0.6190362841431999, 0.6471998169370654, 0.6482785830921606, 0.66708569521133, 0.680376476125846, 0.6820648399557286, 0.6978344071568952, 0.6957789317085005, 0.7129300695136106, 0.7312345414489531, 0.7288895609118053, 0.7405518897582368, 0.7445175518175892, 0.7587818940118097, 0.7720061560453046, 0.7812681440313675, 0.7891730577069053, 0.7876600091248718, 0.7946086701586882, 0.8140119735493573, 0.8190873160531297, 0.825726653794887, 0.8219312689573319, 0.8289085595725315, 0.8594715747834483, 0.8298299204266099, 0.855437943174449, 0.8643924806473147, 0.8730354898512009, 0.8748977749208792, 0.873970286133839, 0.8727236643027094, 0.8725572402562817, 0.8759691387904757, 0.8914096745809932, 0.8958586543842043, 0.8980618528383815, 0.8934472565314064, 0.9016975892225094, 0.8913509283795351, 0.9021926566621192, 0.9042462087489992, 0.907092395716942, 0.9094444166905149, 0.9011871936234885, 0.9072544480773425, 0.9093605603308842, 0.9136117295209065, 0.9253964763624862, 0.9205696767388559, 0.9164666529623369], "val_f1_score_pos": [0.6014337724712913, 0.6229639975057578, 0.6125561634248187, 0.5529596682075707, 0.603768337451946, 0.5917006612254838, 0.6493332518334849, 0.6379807046883038, 0.5835005348140249, 0.623145117506967, 0.622565447832832, 0.6236997824941152, 0.644709732564914, 0.6439519075411073, 0.6008859079422834, 0.5590970801047543, 0.6352815612665943, 0.6194057842577781, 0.6330948318575155, 0.5737600079749624, 0.5721343052692902, 0.635804337440557, 0.6214381683162026, 0.6353313472488008, 0.6354519412821571, 0.6402531975498504, 0.611110189268335, 0.6066586606023726, 0.5911927559334323, 0.6220274098029012, 0.6100457635009541, 0.6317818972272976, 0.5546622916150885, 0.586363078322761, 0.6008131083102958, 0.6137348816370599, 0.5926937361199276, 0.6177643785745833, 0.61801625859243, 0.5757179054289138, 0.604260810690151, 0.5185190052937731, 0.59910683680311, 0.605403785204194, 0.5397171616205515, 0.5531920385102236, 0.6026117889467973, 0.5959592998243203, 0.6139850866525848, 0.59587066716365, 0.6102610501851626, 0.611807939261993, 0.6119931865079004, 0.6078703562357076, 0.5623390911327462, 0.5886283804496006, 0.5936945214716298, 0.5587088387530675], "val_loss": [0.8102936300757911, 0.8193836386223049, 0.7569964394945221, 0.7607405380073584, 0.746976830969167, 0.8072686803420918, 0.7576176815979905, 0.7477196868469949, 0.7566034032666238, 0.7278972586898627, 0.7243508509669733, 0.7946290154400473, 0.7233067398800782, 0.7601738100289026, 0.7394840443550751, 0.7759786542999295, 0.7643686766736049, 0.7919317747717407, 0.8024548239643121, 0.8182967917436249, 0.8639367882119381, 0.7900796466574491, 0.8343533498246747, 0.8334317819486693, 0.8653580884867005, 0.857013639054309, 0.8648941974552912, 0.8673831740789458, 0.9840493229391079, 0.9432930454516899, 0.95157074493378, 0.9268138671655742, 1.0381347940661907, 1.0415275414661662, 1.0067431298473208, 0.9398175747746179, 1.0430208140981934, 1.0207809596315265, 1.024929216603079, 1.0602031884228704, 1.1175652958505269, 1.2489791737840212, 1.1662414498182279, 1.0500206262042489, 1.1635727442761252, 1.1880616256526448, 1.0760409119534957, 1.083845602370564, 1.1504622945952099, 1.123450575074278, 1.1800679303840318, 1.1514804467258837, 1.1570306015063883, 1.1311336409674313, 1.235152611652887, 1.1661655675973073, 1.1865893198237158, 1.2405498127091301], "acc": [0.5842870697180361, 0.6337234294154991, 0.6477497653648925, 0.6575595888579818, 0.6630238358765808, 0.6730057666812785, 0.685354097396656, 0.6860425078759105, 0.7028224790027554, 0.7072971341029552, 0.7142672749048214, 0.7245073576062141, 0.7285947836355297, 0.7387057918657401, 0.7423629645851555, 0.7542810383131064, 0.7613372318552423, 0.7649513827052608, 0.7737716210092594, 0.7788486360282888, 0.7922295831677918, 0.7923586622448573, 0.8028568972532684, 0.8115910914440531, 0.8113329348696683, 0.8204973735945553, 0.830006030102152, 0.8345237055945833, 0.8396007219676809, 0.8419671293770259, 0.846441784851646, 0.8570690983677985, 0.8565958167771938, 0.862834527933416, 0.8709233304369153, 0.8815076178470789, 0.883615866676582, 0.8812924856758396, 0.8828414082321999, 0.881120390150779, 0.8929093864275721, 0.8995353263418068, 0.9033215744658906, 0.9019447507376966, 0.9025471152316353, 0.9038378825163884, 0.9041390593393915, 0.9128302192074554, 0.9104638145370211, 0.912098785402155, 0.9170467255755819, 0.9179502621840594, 0.9174769772852198, 0.9201445646719313, 0.9261681424567174, 0.927071684194241, 0.9302125447394054, 0.9239738375530648], "val_f1_score_neu": [0.6975200145980246, 0.6488014353755582, 0.7254589086882814, 0.7286899490664982, 0.7392066836131458, 0.7337858671576651, 0.6798916721770694, 0.73639738882825, 0.7448005360244905, 0.7349502747983249, 0.7412567575423858, 0.7203830816909463, 0.7341313120154008, 0.7269957903288581, 0.7424994304409497, 0.7397056317251451, 0.7401690668338466, 0.6853965936275752, 0.6897422114249003, 0.7411300466015917, 0.7434273047160823, 0.73760096748034, 0.7206451689349745, 0.7003229045863817, 0.7388909161552425, 0.7329625064217681, 0.7353029638410866, 0.7292409384543997, 0.732594552866421, 0.7292126091288487, 0.742535300077167, 0.7168218028604871, 0.7419449803423418, 0.7357351766193083, 0.7319484260750605, 0.7024224011259221, 0.6886705273585729, 0.7130329777853478, 0.7299948954331938, 0.7391963195644872, 0.7196953092030046, 0.7341403818196139, 0.7321453735865736, 0.722710445607884, 0.7323977777683434, 0.7236136791833685, 0.7129602790843023, 0.7289440087926632, 0.6858804374958886, 0.7301212076762522, 0.678373733048512, 0.6876762687718883, 0.7250224424196262, 0.6973064495864413, 0.7314804276979394, 0.7268144413457026, 0.7255481993694598, 0.7237751821687147], "val_f1_score_neg": [0.5321288489368159, 0.5826621353882682, 0.5581020389750376, 0.5525784949041074, 0.4365025576472672, 0.3050894092424173, 0.6117122587187732, 0.5411208957982462, 0.48895714941912644, 0.602146581033281, 0.580978610945987, 0.5095978047531415, 0.5832926403058619, 0.5793706883643175, 0.5903150842370726, 0.5864341745912424, 0.5171926382732277, 0.6063979372184712, 0.6192115190783665, 0.5042375506170644, 0.5334504426725759, 0.5563759984606578, 0.5305027310705867, 0.6077760793300734, 0.4993488940719154, 0.5386418688217266, 0.5780260205227831, 0.5824524777991249, 0.48531193696084235, 0.4775780691088754, 0.49669619924413666, 0.592630372843794, 0.5395318210955804, 0.46091524985074134, 0.5212291432645558, 0.5969007786467858, 0.6100361251806438, 0.5292981854816083, 0.5895540452089639, 0.5704985017765001, 0.43335568559721604, 0.4920095937107623, 0.43626453202186405, 0.5810488673746637, 0.5592682454533102, 0.5831033398415377, 0.5759825108384043, 0.5155902884745429, 0.5976397258507941, 0.4298465249614735, 0.6023575921432838, 0.5964895686642108, 0.5301393648368155, 0.5774754899808943, 0.5419372141802297, 0.559809332592642, 0.5417871813399926, 0.5657543344395929],