{"val_loss": [0.8383227380560728, 0.7861281866762164, 0.7930175860097581, 0.7357398492440195, 0.7320390033528088, 0.7816970913609651, 0.7063271466309462, 0.7024287236446538, 0.7534401206372449, 0.707696858507237, 0.8114102031501171, 0.6983925852599245, 0.7032381196269644, 0.7317586259644331, 0.7023558718089572, 0.7323529701235412, 0.7086091572269817, 0.8447182723427269, 0.8153605395153755, 0.7326527058906265, 0.7399374155619312, 0.7559576481932453, 0.8394448370593381, 0.9393811011577009, 0.7690756454606585, 0.8856044984570395, 0.8378068908849726, 1.126673118479759, 0.9728460721603192, 0.8827197467627377, 0.9181958772740337, 0.8419163832663239, 1.0996594923611172, 1.120840173239099, 1.313853739191471, 0.9143491555567085, 1.2487683322152658, 1.2397499541551023, 0.9575219767912148, 1.1804471969479438, 1.0946370377616872, 1.064148764534632, 1.1348858692187698, 1.1264769747411676, 1.0503540363581887, 1.0857646579727425, 1.1814053070817192, 1.2353772778164642, 1.4431541297744022, 1.2924641335132458, 1.3776586198944323, 1.152267372392464, 1.369556902901194, 1.173637430717274, 1.2820166171206722, 1.1655545476350202, 1.359643097065141, 1.3406905852182, 1.2693953342772892, 1.329644223101146, 1.3820907616283897, 1.2838705722784827, 1.2996277819460156, 1.3573458452972564, 1.3605922599055151, 1.3112756923962665, 1.3284504854738508, 1.4775321698395123], "acc": [0.4993750052526593, 0.6142187463119626, 0.6260937415063381, 0.6493749963119626, 0.6545312441885471, 0.6578124957159162, 0.6640625037252903, 0.6746875001117587, 0.6951562482863665, 0.690937508828938, 0.7053124960511923, 0.7114062504842877, 0.7259374931454659, 0.726874996908009, 0.7248437525704503, 0.7359375040978193, 0.7453124942258, 0.7660937570035458, 0.7770312475040555, 0.7800000067800283, 0.7690625051036477, 0.791250005364418, 0.8001562552526593, 0.7900000000372529, 0.8123437594622374, 0.8262499989941716, 0.8318749982863665, 0.8318749964237213, 0.8374999947845936, 0.8404687503352761, 0.8624999951571226, 0.8437500027939677, 0.8707812540233135, 0.8737499974668026, 0.8689062502235174, 0.8678125021979213, 0.9017187412828207, 0.8795312531292439, 0.897812501527369, 0.9059374937787652, 0.9223437560722232, 0.9026562487706542, 0.9181250045076013, 0.9254687493667006, 0.9201562516391277, 0.9212500005960464, 0.9154687542468309, 0.9484374960884452, 0.93703125230968, 0.9173437394201756, 0.9406249988824129, 0.9359375005587935, 0.9510937454178929, 0.9250000007450581, 0.9584375023841858, 0.9367187563329935, 0.960468745790422, 0.9546875050291419, 0.9385937508195639, 0.9648437490686774, 0.94093750230968, 0.9639062434434891, 0.9687500037252903, 0.9417187506332994, 0.9695312492549419, 0.9634375050663948, 0.9640625026077032, 0.9650000082328916], "val_f1_score_pos_neg": [0.3864594800263417, 0.5048256740149881, 0.4139952160869406, 0.5263818324378179, 0.6656007155357869, 0.4625735882070788, 0.6337538993393003, 0.5859221569703315, 0.552360840897969, 0.610391319907934, 0.46853069236139094, 0.6564082460487229, 0.6262930513928952, 0.5891973122567478, 0.6646374679287056, 0.5978156417928716, 0.6682580964258266, 0.5614539198509014, 0.6159323221612345, 0.6612395116765762, 0.6629143276616029, 0.6463920815923287, 0.5443877187764398, 0.5086072299569853, 0.6501800420557518, 0.5591253836637027, 0.6357463789899113, 0.5470286635723509, 0.5535808911699965, 0.5895840363211122, 0.6090410139627604, 0.639169969397394, 0.5588343998531078, 0.5651072801456907, 0.4556374610361389, 0.6484624300295682, 0.5744062056855332, 0.5503229020212755, 0.6360193610097553, 0.5905734244963643, 0.6156149094510572, 0.6151456722993098, 0.5843365596812008, 0.5984485636475265, 0.6214362078690948, 0.6198026659668133, 0.5733908878484486, 0.5957566177379169, 0.4963917721921679, 0.5693431397669902, 0.526746281200652, 0.6038085364807693, 0.5601767412858969, 0.5944657190997176, 0.5893620025633265, 0.6153263358847225, 0.5615355730244346, 0.6042623446427272, 0.5893898611771539, 0.5821600418030793, 0.5550876051742449, 0.5941906833536131, 0.5944763611158985, 0.5696350984488326, 0.5793333100328413, 0.5943554739548158, 0.5976422317316299, 0.561961809481469], "val_f1_score_neu": [0.6471454053765484, 0.6597532904151229, 0.6806650773890526, 0.6942455499871897, 0.6778120272840504, 0.6927683526313496, 0.703041441228613, 0.7117301499846724, 0.7109889251617444, 0.7184524649933446, 0.6964424698646069, 0.6886901714781154, 0.7143760263497767, 0.673924325693007, 0.7164634325639988, 0.7164761716538516, 0.7092161124971261, 0.7112602258084986, 0.7192209807712826, 0.680456640665343, 0.6903748693129786, 0.6627792920648599, 0.7011573002496605, 0.7009630346748418, 0.6846607849724863, 0.6987902306366117, 0.6545688695336088, 0.7026196989430363, 0.7059164594359639, 0.6527081015164415, 0.7038625717288142, 0.6948566714547421, 0.7060240364249785, 0.7071882325334247, 0.6922740313658525, 0.6275377039080244, 0.7013420668793825, 0.6993367266004679, 0.661093068660603, 0.7027133782016866, 0.7004787688989387, 0.6695763862355, 0.6925863387732877, 0.6907225988869776, 0.6795698947522574, 0.6260795903087069, 0.6905434006722994, 0.6953611849425441, 0.682212599753208, 0.6976944821074101, 0.6822213606511768, 0.6774452619123671, 0.6974016717966541, 0.6906757611256711, 0.6872519933423938, 0.6798451357771961, 0.6897953794348312, 0.5770116001641128, 0.6929822362472841, 0.6806569112088153, 0.6901157068480915, 0.6787208647450342, 0.6539976517265624, 0.6845645449963762, 0.6890641790095383, 0.6810927855321313, 0.6653415733611775, 0.6776744808201524], "val_f1_score": [0.4733547910817364, 0.5564682336576399, 0.5028851887481344, 0.5823364306896839, 0.6696711658118373, 0.5393052118486724, 0.6568497752943222, 0.6278581865622308, 0.6052368768018717, 0.6464117371032408, 0.5445012985456343, 0.6671689145683211, 0.6556540671496638, 0.6174396718858328, 0.6819128191067796, 0.6373691742200724, 0.6819107831071562, 0.611389381223359, 0.6503619036898349, 0.6676452366536039, 0.6720678552285662, 0.6518545111364309, 0.5966442700386547, 0.5727258540031449, 0.6616736464759292, 0.6056803531794294, 0.6420205753993212, 0.5988923557124174, 0.6043594373732516, 0.6106254174394805, 0.6406482311486885, 0.6577322252335087, 0.6078976361482061, 0.6124676210562013, 0.5345163402862508, 0.6414875490065794, 0.6167181975223122, 0.5999941967492213, 0.6443772844026447, 0.6279534383799316, 0.6439028902845435, 0.6332892608742623, 0.6204198486936896, 0.6292065942878333, 0.6408141148925109, 0.6218949818967554, 0.6124417524840492, 0.6289581740086954, 0.5583320672575207, 0.6121269404153451, 0.5785713197363976, 0.6283541227024808, 0.6059184124736751, 0.6265357513456498, 0.6219920340154604, 0.6368326025155471, 0.6042888529057456, 0.5951787836746127, 0.623920675340738, 0.6149923514732063, 0.6000969886873577, 0.622367426116042, 0.6143168196601878, 0.6079449295966356, 0.6159102836212961, 0.6232679300410773, 0.6202086825211968, 0.6005327181649777],