{"1": {"val_acc": [0.44217151354968065, 0.5698924585180335, 0.6068712214519432, 0.5580907513424382, 0.5693679516346098, 0.6094938360140951, 0.5942827261810443, 0.5934959325676604, 0.5774980268858563, 0.6105428844213548, 0.5782848131522212, 0.6047731454279239, 0.6150013157898068, 0.5997901939983102, 0.6045108887269495, 0.5987411426053472, 0.5780225546848358, 0.5843168209457598, 0.5811696748329591, 0.5822187240687124, 0.5662208290479016, 0.5767112555636404, 0.586939414514196, 0.5793338562602481, 0.5971675909256454, 0.5940204502527651, 0.5531077850468353, 0.5948072390358747, 0.5622869105342801, 0.5987411443717581, 0.5919223581278321, 0.5885129884850657, 0.5814319497607932, 0.560188828601382, 0.601363757167499, 0.5759244710636864, 0.597954370673485, 0.5780225541533494, 0.5801206486543394, 0.5864148920769771, 0.587988455855812, 0.5851036006935995, 0.5814319503704394, 0.5955940127341478, 0.5774980281833085, 0.5840545528334581, 0.5882507190753118, 0.5929714096614829, 0.5879884563247707, 0.5764489922034531, 0.5801206427454605, 0.5701547314606094, 0.5801206330223844, 0.584316810753725, 0.5840545552095152, 0.5858903739229138, 0.5874639447673925, 0.57907159665173, 0.5798583824491363, 0.5478625757672985, 0.5911355916358904, 0.583792285940449, 0.5769735104982039, 0.5856281189883502, 0.5853658508760485, 0.5832677713192075, 0.5827432488819886, 0.5727773514626816], "loss": [1.1758287223902615, 1.0196466053074056, 0.8886825239116495, 0.8613955243067308, 0.833100597966801, 0.8377708752046932, 0.775659597732804, 0.7922442690892653, 0.7608532377264716, 0.7597164823250337, 0.7165210219946775, 0.6853280920873989, 0.6638768288222227, 0.66200575503436, 0.6716860695318743, 0.6395241550423882, 0.586993629282171, 0.6135387014258992, 0.5613307749683206, 0.5618920522657308, 0.5421942824667151, 0.5396297187967733, 0.590083964846351, 0.49739903888919135, 0.5245282128453255, 0.44411396235227585, 0.4499893066557971, 0.4325577535412528, 0.4226029806516387, 0.45709762654521247, 0.4290339079770175, 0.400135873393579, 0.324726937846704, 0.35612432997335086, 0.33289793743328616, 0.3608031299981204, 0.3460264503955841, 0.26487488875334914, 0.3008169575848363, 0.5120848776264624, 0.2273689511824738, 0.23973567309704694, 0.3231728032908656, 0.39463803815570747, 0.2046966247937896, 0.26489572057669813, 0.19407778842882675, 0.18468403308229012, 0.21208100698210977, 0.23149963705377144, 0.20676982707597993, 0.22817782854492014, 0.35714003003456374, 0.1658910025249828, 0.21735774251547726, 0.18681779605421153, 0.23420805179259993, 0.13967542401091618, 0.15542548048225316, 0.2500746924091469, 0.19751004773107442, 0.13576167483221402, 0.12580806338651615, 0.12153519994833252, 0.2772169614380056, 0.13338429785587572, 0.1298073184761134, 0.1528541132469069], "val_loss": [1.6667680030040406, 0.91943433661177, 0.8777874363803688, 0.8880819360977891, 0.9132389201756509, 0.8590700982156589, 0.8535268676584236, 0.8638052967880894, 0.8444028957884924, 0.8322648003974863, 0.8486000588332265, 0.8808230035204353, 0.8539567524730893, 0.9476474774280871, 0.8596876904841267, 0.8853861685034299, 0.9223571639344851, 1.1146440119246876, 1.1019482043919337, 1.0714451334715953, 1.286408402649024, 0.9598328524019785, 1.0470730564958806, 1.2316675375303883, 1.0128524076460292, 1.1229034129509674, 1.4560052873329825, 1.0381143365730428, 1.291745793216034, 1.0887346570022207, 1.2053278988188656, 1.2294898587763856, 1.3060150042688192, 1.6136026167037947, 1.203095568561379, 1.5222718248584906, 1.279568408969316, 1.4510901595174939, 1.2230453405235184, 1.3114282586522656, 1.4047666475149456, 1.4624627438111784, 1.2289465698957005, 1.233948277420426, 1.2658757440317905, 1.4399414279784175, 1.3986667706964524, 1.3264329178640295, 1.3327293524490764, 1.6870900080205886, 1.4963063821059777, 1.9539905256591004, 1.3127343426093385, 1.520362512258104, 1.389271269499896, 1.5682246257650423, 1.507216319242488, 1.6520256192047016, 1.5188225814435166, 2.0157340951644933, 1.3866479210799803, 1.5018005063144235, 1.7089653681370645, 1.5123939334705312, 1.5608990756726908, 1.8252896264629228, 1.7914805150613553, 1.5227867505883659], "val_f1_score_pos": [0.057405741479362116, 0.60634844239978, 0.6387201971561303, 0.661628144324498, 0.5404538125964309, 0.6208942546764447, 0.6106255564700891, 0.6031000117070088, 0.668075417912666, 0.6408563315665162, 0.6614403487377332, 0.6810833315132735, 0.6597635365364091, 0.591437892184744, 0.6722238049118218, 0.6283570338727419, 0.6670573954972387, 0.5217557203541457, 0.5837098845433851, 0.608662360035901, 0.5090711718933681, 0.6548384743789785, 0.6367630403622723, 0.5232382618377379, 0.620380858048785, 0.5816755133946987, 0.47835173093050193, 0.6239779959067628, 0.6392079202046458, 0.6324623728748885, 0.5928261882202724, 0.6174693419775124, 0.5524302897977291, 0.4987658404425439, 0.6401597181549542, 0.570001143562553, 0.6024695821331143, 0.5746651580100481, 0.6481464363726424, 0.5724756114132099, 0.5815002048325107, 0.5835268692241201, 0.6171928126137306, 0.6222124519762079, 0.6291517805402872, 0.5714131530863764, 0.6282077688511795, 0.6261871786308889, 0.6326179972571586, 0.5300267055501721, 0.6096115477467159, 0.6071337622793335, 0.6355479158599827, 0.6153111116110168, 0.6104249146520513, 0.6014380076098499, 0.5923526240495631, 0.5954753454826399, 0.6072405408037137, 0.49210020071279026, 0.6278154488751622, 0.6068806782845528, 0.573721321523893, 0.6201790357367623, 0.5840126460473305, 0.5575004416502526, 0.557134702938484, 0.6060824728437274], "val_f1_score_neu": [0.6061922652559458, 0.610390961029509, 0.6386350598386539, 0.4235176516351442, 0.6511189603692992, 0.658622726661278, 0.6538852315514287, 0.6539314611358903, 0.5317364747431095, 0.6479911111703608, 0.5184008919001564, 0.6051705135718876, 0.6303314356831407, 0.6622464837378915, 0.5825770426040368, 0.6336113859467265, 0.49074734868166675, 0.656239717237411, 0.6518556775929201, 0.6389857737717277, 0.651419871190449, 0.5361249752864418, 0.629244102319957, 0.6580348422669251, 0.6341486818953633, 0.6482211853336731, 0.6444854629405552, 0.6221216601116152, 0.5759741388028793, 0.6280918889648484, 0.6479742263609614, 0.6354524788348781, 0.6386162560348151, 0.6455401104171227, 0.6245791083585237, 0.6482672270376664, 0.6480921768248004, 0.637000712562414, 0.555926413367872, 0.6461619738359449, 0.6429015961557494, 0.6393107566313264, 0.5993671974593687, 0.6270138584438847, 0.5721045650195925, 0.6406516068850231, 0.6216774551442624, 0.6149194996375097, 0.6022207220020239, 0.645659429521158, 0.6214485065598767, 0.6231176279018221, 0.5853053674496537, 0.6269501383742916, 0.6085031103531332, 0.6292565145143648, 0.6328246481706863, 0.6289800029084841, 0.6120608056620166, 0.6344360486747648, 0.6133008264757472, 0.6137925034084565, 0.6328580213318401, 0.6084759257892095, 0.6377608862537241, 0.644687623184183, 0.638809720878366, 0.5946937972499479],