{"f1_score_neg": [0.26813630340620875, 0.43395568523555994, 0.5180294211022556, 0.5519974115304649, 0.5910506788641214, 0.6034837933257222, 0.607935156673193, 0.6519156862050295, 0.6670256117358804, 0.6782691553235054, 0.6960922591388226, 0.7041847826912999, 0.7202097522094846, 0.7223022244870663, 0.7208664389327168, 0.7504366030916572, 0.7683471869677305, 0.7671812083572149, 0.7237897394225001, 0.7809515288099647, 0.8086170181632042, 0.7878591688349843, 0.8155682235956192, 0.821675406768918, 0.823696861974895, 0.8245211075991392, 0.8131613815203309, 0.866031282581389, 0.8901768811047077, 0.8629340408369899, 0.8393364390358329, 0.8443636642768979, 0.9064535507932305, 0.8958199126645923, 0.8601358849555254, 0.9050431875512004, 0.903160278685391, 0.9195871222764254, 0.8807463701814413, 0.9118787813931704, 0.9127370864152908, 0.9188702302053571, 0.9427446434274316, 0.9165486861020327, 0.9218320203945041, 0.9239917080849409, 0.9426089962944388, 0.940641924738884, 0.9301459426060319, 0.9307893048971891, 0.9477294590324163, 0.9496634369716048, 0.9388021258637309, 0.9371406193822622, 0.9489463120698929, 0.9403253877535462, 0.9483760045841336, 0.9366924874484539, 0.9492014888674021, 0.9410234624519944, 0.9058719081804156, 0.9306389857083559, 0.9673225544393063], "val_acc": [0.6320482625943796, 0.6616837053576574, 0.6797797013979836, 0.6889588196790972, 0.7031209104616999, 0.6766325782641569, 0.6934172570971157, 0.7159716737042129, 0.6944662953123407, 0.714922628829775, 0.7204301050726648, 0.7191187866460048, 0.7046944710359841, 0.706005763029008, 0.6939417789246884, 0.7141358449394672, 0.669027018321958, 0.6711250929078373, 0.6692892604695823, 0.7075793309503111, 0.6648308429666745, 0.7136113313968308, 0.6262785314169262, 0.6918436891758126, 0.7018096046031319, 0.6713873718999798, 0.6808287553076915, 0.6991869869771168, 0.6779438743996489, 0.6860739640479259, 0.6889588389845617, 0.6892210811321859, 0.6611591954885303, 0.6997114986126547, 0.6928927280006839, 0.6860739652046906, 0.6826645708165393, 0.6525045997853233, 0.69866246583735, 0.7002360288658512, 0.6997115130878452, 0.6981379457761883, 0.6703383168335071, 0.6915814324748382, 0.6813532693192866, 0.6999737697888196, 0.6359821781848254, 0.6892210889481635, 0.650931028800157, 0.6921059428129238, 0.6884342954754673, 0.621557841581089, 0.6703383107839405, 0.676632576497746, 0.675321268872767, 0.6837136079531594, 0.6873852547434975, 0.6847626516708326, 0.6782061317102696, 0.6784684058721379, 0.6469971204785703, 0.6750590180806716, 0.6824023124273136], "acc": [0.5790624939836562, 0.7265625027939677, 0.7276562601327896, 0.7529687583446503, 0.7646874953061342, 0.7654687585309148, 0.7567187463864684, 0.7864062441512942, 0.8045312548056245, 0.8106249934062362, 0.800937500782311, 0.8103125086054206, 0.827500008046627, 0.8153124991804361, 0.8210937604308128, 0.8340624971315265, 0.8473437475040555, 0.8507812507450581, 0.8431249875575304, 0.8432812560349703, 0.8701562490314245, 0.8590625012293458, 0.865624999627471, 0.8820312498137355, 0.8735937457531691, 0.8873437494039536, 0.8873437531292439, 0.8753125034272671, 0.9176562437787652, 0.9054687535390258, 0.89015625230968, 0.905156247317791, 0.9214062644168735, 0.912031251937151, 0.9015624970197678, 0.9342187447473407, 0.9220312489196658, 0.9267187509685755, 0.9204687578603625, 0.9409374948590994, 0.9415624979883432, 0.9360937383025885, 0.9449999965727329, 0.9456250071525574, 0.9506249995902181, 0.9364062426611781, 0.9593749959021807, 0.95359374769032, 0.9467187467962503, 0.9471875000745058, 0.9623437495902181, 0.9501562472432852, 0.9435937507078052, 0.9446875071153045, 0.9679687535390258, 0.9653125004842877, 0.9587500048801303, 0.9520312491804361, 0.9671874949708581, 0.9637500019744039, 0.9562500016763806, 0.9601562591269612, 0.9710937580093741], "f1_score_pos": [0.5882033840753138, 0.6920807799324393, 0.6899306299164891, 0.7253893753513694, 0.7373924888670444, 0.7362411180511117, 0.729564355686307, 0.7588236276060343, 0.7813959484919906, 0.7862609978765249, 0.769857058301568, 0.7784438729286194, 0.8052434325218201, 0.7831052700057626, 0.7987822303548455, 0.804832587018609, 0.8289617244154215, 0.8314418978989124, 0.8408717233687639, 0.8081830367445946, 0.8465736676007509, 0.8432160653173923, 0.8475990826264024, 0.859826517291367, 0.8493039011955261, 0.874578901566565, 0.8826795108616352, 0.8340843692421913, 0.9026454649865627, 0.8870254112407565, 0.8790734885260463, 0.8954980373382568, 0.9032010585069656, 0.8884342247620225, 0.8872454389929771, 0.9221572866663337, 0.9058343777433038, 0.9066751692444086, 0.9050560770556331, 0.9346087910234928, 0.9358018366619945, 0.9204305242747068, 0.9280766025185585, 0.9394627613946795, 0.9465507846325636, 0.9227429227903485, 0.9531709160655737, 0.9443531660363078, 0.9314251933246851, 0.9376923311501741, 0.9562832545489073, 0.9359738314524293, 0.9222638066858053, 0.9295817166566849, 0.96453848015517, 0.9633213374763727, 0.9500629538670182, 0.9434889294207096, 0.9633184103295207, 0.9611086044460535, 0.960703999735415, 0.9588931621983647, 0.9632058693096042], "f1_score_pos_neg": [0.4281698470003903, 0.5630182269960642, 0.6039800280705094, 0.6386933987960219, 0.6642215857282281, 0.669862462207675, 0.6687497533857822, 0.7053696634247899, 0.7242107735946774, 0.73226507473737, 0.7329746587201953, 0.7413143366575241, 0.762726591899991, 0.752703744918108, 0.7598243299871683, 0.7776346039026976, 0.7986544510349631, 0.7993115484714508, 0.7823307337239385, 0.794567285105586, 0.8275953456759453, 0.8155376175418496, 0.831583658233285, 0.8407509671524167, 0.8365003699436784, 0.8495500003919005, 0.8479204485192895, 0.8500578375533223, 0.8964111702516675, 0.8749797213822603, 0.8592049712315202, 0.8699308466166258, 0.9048273069784045, 0.8921270780265331, 0.8736906638368964, 0.9136002277955413, 0.9044973310083151, 0.9131311411038041, 0.8929012259468436, 0.9232437834143639, 0.9242694620043039, 0.9196503767743707, 0.9354106141254306, 0.9280057121068239, 0.9341914113610983, 0.9233673084527254, 0.9478899585083127, 0.9424975458532572, 0.9307855563238263, 0.9342408115044236, 0.9520063521340489, 0.9428186342120171, 0.9305329639464617, 0.9333611726760864, 0.9567423984408379, 0.9518233630806208, 0.9492194904014468, 0.9400906963273883, 0.9562599519267678, 0.9510660329833627, 0.9332879539579153, 0.9447660762816668, 0.9652642207220197], "val_f1_score_neg": [0.29313076964176266, 0.315477604190571, 0.49382384376609667, 0.512133974197997, 0.5321070130903702, 0.45053125425114143, 0.5645330184061884, 0.5873310494510452, 0.5563195143632617, 0.6459272364103166, 0.6123296923284733, 0.6483465767957206, 0.654041590385477, 0.5524158967219717, 0.5082917383202974, 0.6345049567557745, 0.28070030218576963, 0.5876487214171977, 0.5763551088696292, 0.5814584131132047, 0.5447980873765452, 0.6369509753235487, 0.547869565588203, 0.4408065301365906, 0.6381339866471609, 0.45628659013309975, 0.5074745339732016, 0.570101747824206, 0.4047323532877336, 0.4584771618266572, 0.4317323296066347, 0.5877323248803443, 0.5248499736209382, 0.5432898567131177, 0.5615264083686977, 0.5111924145842611, 0.6217516791529771, 0.5950933823021509, 0.6147202537999578, 0.6063218015152546, 0.5973748511571506, 0.5575306974243937, 0.5440434020959327, 0.5519596407209016, 0.541965721193149, 0.5979810775873888, 0.5040821845907256, 0.5852128890065299, 0.43404521715162686, 0.5876866951565276, 0.5294428363329089, 0.41755941899436183, 0.5584073490962687, 0.5186359177509882, 0.4893823434854473, 0.5363142394250439, 0.5631110713202404, 0.5561952460102919, 0.5112937841395396, 0.5612497962962415, 0.39758866274259924, 0.5034624362848513, 0.5500411246975294],