{"1": {"val_loss": [0.8024519369760399, 0.7356649599392959, 0.7292240728958054, 0.706986542170735, 0.6988265675539236, 0.7270089728513979, 0.6819968253585131, 0.675345724847665, 0.7207429464989499, 0.719988408236875, 0.7022049469864028, 0.6696178531071473, 0.916496483556811, 0.7403942917295556, 0.6916989332073291, 0.7287608320995044, 0.760381126150571, 0.7922581164754973, 0.8181259220677538, 0.8785848869697147, 0.828316084800228, 0.710141897232802, 0.7593218612445798, 1.2625659359992722, 0.7436121451926613, 0.7951253072314459, 1.0389082850104332, 1.0514384927694609, 0.9501632039014855, 0.8187698519764501, 1.1903028747336994, 0.892034391233873, 0.9808318946357165, 0.9604756167139433, 0.9142719571621062, 1.0684027482979948, 1.0089140249117758, 1.011942810753403, 1.1352561729147526, 1.1736421523493106, 1.01043750672024, 1.0934681162070077, 1.06742915896459, 1.083275038646395, 1.1633978269871157, 1.059533140461119, 1.5572892879833238, 1.2282562238976864, 1.122893754528665, 1.173321464041103, 1.0498710695352262, 1.269103920025179, 1.1490329818840637, 1.2081941495628268, 1.2087683643908316, 1.2123433356831588, 1.2388524221930015, 1.344453777161415, 1.1123812115164275, 1.220962646124465, 1.8046475856785007, 1.2434308800583527, 1.3059651596540545], "acc": [0.5536956511761831, 0.6343478294818298, 0.6523913041405056, 0.6705434769392014, 0.6836956460838732, 0.6867391337519106, 0.6872826147338619, 0.7044565178777861, 0.7046739089748134, 0.7171739164901816, 0.7260869598906973, 0.7401087011979974, 0.740760871897573, 0.7403260858162589, 0.7529347862886346, 0.7656521758307582, 0.7696739130693934, 0.7811956483384838, 0.7854347883359246, 0.7914130441520525, 0.788586948228919, 0.7998912962882415, 0.8158695607081704, 0.8267391317564509, 0.8163043441979781, 0.8416304374518602, 0.8368478197118511, 0.849891299786775, 0.8522826089807178, 0.8610869607199794, 0.8621739129657331, 0.8728260851424673, 0.8776086976994639, 0.8792391289835391, 0.875978264471759, 0.9185869544744492, 0.8855434798676035, 0.8947826092657836, 0.9097826143969661, 0.9119565240714861, 0.9261956474055415, 0.9032608665849852, 0.9214130413273106, 0.9272826074258141, 0.9053260813588682, 0.9267391238523566, 0.9338043377451275, 0.9252173939476842, 0.9385869535415069, 0.9447826023982919, 0.920326085842174, 0.952608687074288, 0.9294565222833467, 0.9465217357096465, 0.9392391346071077, 0.9524999980045401, 0.9473913020413854, 0.934891301004783, 0.946304347852002, 0.9607608726491099, 0.952717392988827, 0.9426087017940439, 0.9574999932361685], "val_f1_score_pos_neg": [0.45570799688044855, 0.5243213500621404, 0.49320418450765463, 0.5671030154323252, 0.58185582100923, 0.5026052751207865, 0.6184961692792301, 0.6403011777505392, 0.546356764062946, 0.610653749091901, 0.6533179290645428, 0.6809490442651168, 0.4141818685869892, 0.5760223610864484, 0.6322006398600416, 0.6124535998333916, 0.5553493973873057, 0.585575867755939, 0.5302842049469887, 0.5696511397266714, 0.5525077241410616, 0.651868761945765, 0.6605715087915136, 0.3992174113090664, 0.6459641316229047, 0.6471264774393541, 0.5648205015654956, 0.5063613566738272, 0.5483071823586575, 0.6403009225119765, 0.5213561375373122, 0.6371204179320596, 0.5816293686448574, 0.5878410183973836, 0.5915592575117011, 0.5634680553555582, 0.6164757008006058, 0.6214416231535065, 0.5849152372760658, 0.5507647839394136, 0.6208798807810961, 0.5660254218714024, 0.6173975603054616, 0.5943693429692787, 0.5637009086929029, 0.5978852637227426, 0.5211921049999559, 0.5533079018969252, 0.6164236808273381, 0.6040348227399871, 0.5983570770363216, 0.5833746398367533, 0.56524367254924, 0.6025760557093146, 0.5694324105329286, 0.5954631617179919, 0.5979183125989881, 0.5151046122227195, 0.607421950205336, 0.617577919052118, 0.4598737971819576, 0.6015856149719983, 0.5955963033470556], "val_f1_score_neu": [0.6457582046252175, 0.6915805859732059, 0.7029019306564531, 0.7131685441383814, 0.7186116456141348, 0.7084042808217325, 0.728747925075558, 0.7339466546984317, 0.7165814158236796, 0.7271301954273411, 0.7354675546706645, 0.6879541592556693, 0.6991823747375022, 0.7252930533126243, 0.7307689518025626, 0.7193889466289958, 0.720763286423752, 0.7235673362427798, 0.7071380776868791, 0.7178806095588498, 0.7203194077109341, 0.7099376212822118, 0.7035245788463169, 0.678896519758243, 0.7111415670920381, 0.6780757781341887, 0.7073614131175656, 0.7049108672854846, 0.7143028599366159, 0.6918534422027074, 0.7000936143141295, 0.7118244223665947, 0.7081229539171404, 0.7106402973443419, 0.6918238559764669, 0.6775970207153579, 0.7036353078314929, 0.7013234009493876, 0.7055530784450864, 0.7017174988258176, 0.6668049198043587, 0.6941934040516279, 0.7051399610751012, 0.6471827468970864, 0.7060754480338178, 0.6956795599402451, 0.6994471175602468, 0.6941942835366854, 0.6912967514841694, 0.6897618066536108, 0.6973211195973502, 0.7000244462580747, 0.6916973497059099, 0.7047543065334724, 0.6986092748743263, 0.6656637547555759, 0.6524492325258793, 0.6483888834316275, 0.689947586906197, 0.6898271603094072, 0.6868778638817211, 0.6745517153987539, 0.6920600178640032], "val_f1_score": [0.5190580970747652, 0.5800744521470949, 0.5631034556974616, 0.6157915406329657, 0.6274411164022886, 0.5712049625815915, 0.6552467796235394, 0.6715163523651251, 0.6030983354924639, 0.6494792650729504, 0.6807011584425235, 0.6832841060432336, 0.5091820675933452, 0.6257792819431064, 0.6650567513390098, 0.6480987212991202, 0.6104873818986034, 0.6315730385757824, 0.5892355140975664, 0.6190609766872355, 0.6084449708915088, 0.6712250855223513, 0.674889225519582, 0.4924437928443627, 0.6676899607088382, 0.6574429204512106, 0.612334157643342, 0.5725445343758407, 0.6036390931219245, 0.6574851045325895, 0.580935315356741, 0.6620217543745054, 0.6237939143318408, 0.6287741305913758, 0.6249807971748754, 0.6015110558610621, 0.6455289083548865, 0.6480689091286008, 0.6251278734726134, 0.6010823692513863, 0.6361882564373101, 0.6087480910706639, 0.6466450549128673, 0.6119738334187553, 0.611159090760684, 0.6304833797247992, 0.580610461413876, 0.6002700541890452, 0.6413813951507567, 0.6326105029383513, 0.6313451016446345, 0.6222579190651638, 0.6073949129256933, 0.636635500334893, 0.6124913877869352, 0.6188633922920307, 0.6160953048017749, 0.5595327303098813, 0.6349305130351787, 0.6416610167341035, 0.5355418358626342, 0.6259076604998208, 0.6277508901668102], "val_acc": [0.6275898263956535, 0.6601101416413502, 0.6614214570823067, 0.6750590103428539, 0.6821400593373208, 0.6771570946518093, 0.6960398699710164, 0.7060057787391228, 0.6771570911189874, 0.6839758659515861, 0.7033831552042287, 0.7015473383979287, 0.6346708622123824, 0.6858117007658984, 0.7049567381478407, 0.6952530757479864, 0.682402308831964, 0.6847626535154033, 0.677157092275752, 0.667453453464518, 0.6829268318788292, 0.6939417837549625, 0.6902701333536427, 0.5950695076952949, 0.6970888979942068, 0.6813532717735037, 0.6490952103056059, 0.6477838924885921, 0.6716496166425086, 0.6845003896080976, 0.6357199053204095, 0.6816155218777931, 0.6758457961402601, 0.6795174338953281, 0.6740099576524384, 0.6624705019567446, 0.675845793764203, 0.6774193406136305, 0.6658798807129408, 0.6582743333388338, 0.6677157094776864, 0.6664044054480572, 0.6713873491398531, 0.6551271926659534, 0.6616837019029953, 0.6698137914105847, 0.6357199096035651, 0.6498819828471142, 0.666666663446484, 0.6627327562816618, 0.6661421440731282, 0.6640440578570742, 0.6593233667237847, 0.670862835128258, 0.6643063265790221, 0.6606346767248208, 0.65670075453769, 0.6414896381861138, 0.6669289351697673, 0.665093100355455, 0.6170993989419975, 0.6572252782723612, 0.664044049572138],