{"1": {"val_f1_score": [0.5215763610834341, 0.5554036410218176, 0.5981190258394287, 0.6447937450413938, 0.668587549758839, 0.6926008625009258, 0.6468121869464637, 0.6915389629695912, 0.6268416056006467, 0.6159526077493607, 0.6384159511166735, 0.694335731783471, 0.6615787737018757, 0.6196143950904538, 0.6688487055481122, 0.6966313839177588, 0.6017710988427158, 0.689099595298487, 0.6913955363269368, 0.6928027087923676, 0.6664411205648907, 0.6827483623477376, 0.6842395497093731, 0.6735707685417808, 0.6752842055853977, 0.6828557393727827, 0.6538670378002694, 0.6485846174879397, 0.6847192666957674, 0.6283704858579068, 0.5771559508741605, 0.6242711243903327, 0.6394202422664261, 0.6352315422840203, 0.6686001413455636, 0.6747155978615254, 0.6771417640026491, 0.674954783625719, 0.6581788821355458, 0.6322927910638174, 0.6502507808419185, 0.6740989417439522, 0.6703520716252741, 0.6687278354571242, 0.6515614988608152, 0.6458115089199157, 0.6576295532393637, 0.6406032473372563, 0.6396848481063483, 0.6496160489788151, 0.6479574225563531, 0.6598269024640595, 0.6617575288287867, 0.6216456674072581, 0.668509261348008, 0.6523387140718746, 0.6591786099580714, 0.664993428321076, 0.6568211481510545, 0.6455038492053693, 0.6509758729400705, 0.6591810320669855, 0.6419020676093873, 0.6055046424226689, 0.6341131655150063, 0.6631861390043299, 0.6640974849407797], "val_f1_score_neu": [0.663429475130761, 0.6991258275311918, 0.7092947511106471, 0.7148258010452575, 0.7280789966224342, 0.7348695101464104, 0.711751121502988, 0.7328627102649528, 0.7205751867173008, 0.7145850541646044, 0.7263873189164058, 0.7231514083410604, 0.7339447904002032, 0.7185277750634034, 0.7358841790854072, 0.7228992797557432, 0.7085280827640581, 0.7167565020525702, 0.7272238377945772, 0.7361540462349833, 0.736342006160492, 0.73084494747454, 0.7352167177381648, 0.7258698356892536, 0.7020740326139329, 0.7295128935095584, 0.6271575028865694, 0.7150594300871098, 0.7236279862745522, 0.715941878400573, 0.6986470103982925, 0.7183589118220441, 0.7203736156889563, 0.7220139255712515, 0.7279700481794714, 0.7286927940305874, 0.7119674460956065, 0.7207815989777699, 0.7276491282525852, 0.7182848565446527, 0.7222464215152069, 0.7188852060788452, 0.7219596013540113, 0.692105195027088, 0.7208280152859351, 0.7209449746525572, 0.7232192647041312, 0.7211118971554276, 0.7128506267974297, 0.719732382542625, 0.7193477734192569, 0.7202142856579392, 0.7232899225636664, 0.6847961833400111, 0.7035363073771687, 0.7149454303810736, 0.718139533214359, 0.7181865793496268, 0.7102097962554783, 0.7187710040484142, 0.7177782437165453, 0.7179769272570407, 0.7156876852873145, 0.7086151198955649, 0.7109011569705936, 0.6997136098019819, 0.7194642733939827], "f1_score_pos": [0.562881987541914, 0.6673597889021039, 0.6776872994378209, 0.712185020558536, 0.7044343184679747, 0.7273925468325615, 0.7446933249011636, 0.7425213139504194, 0.7610319089144468, 0.7468848219141364, 0.7630317388102412, 0.767608406022191, 0.7913904134184122, 0.7913111662492156, 0.789922695606947, 0.8108711587265134, 0.794249327853322, 0.8410011539235711, 0.7975549688562751, 0.8269003070890903, 0.8292735805734992, 0.8604709934443235, 0.8679087944328785, 0.8172299498692155, 0.8521904246881604, 0.8703387025743723, 0.8592513557523489, 0.8830487858504057, 0.8443128578364849, 0.8795856144279242, 0.9000770561397076, 0.8328041238710284, 0.8997022174298763, 0.8753844872117043, 0.8893191637471318, 0.906109825707972, 0.917287184856832, 0.925447441637516, 0.9266346152871847, 0.8943769335746765, 0.9428173992782831, 0.919316521845758, 0.9369929935783148, 0.9074857393279672, 0.9149996470659971, 0.9484411869198084, 0.9471063809469342, 0.941135473549366, 0.945870135910809, 0.9343199217692018, 0.9535102769732475, 0.9450376844033599, 0.9426260935142636, 0.9519304484128952, 0.9224165519699454, 0.9597076531499624, 0.9531899215653539, 0.9625779138877988, 0.973862093873322, 0.9134168904274702, 0.9635243518278003, 0.9677800424396992, 0.9684119801968336, 0.9544791774824262, 0.957724466919899, 0.9637669045478106, 0.9689684044569731], "f1_score_pos_neg": [0.4179230388253927, 0.5499348868615925, 0.5881437296047807, 0.6318125519901514, 0.6383439265191555, 0.6658527422696352, 0.6748844347894192, 0.6898430362343788, 0.7095524622127414, 0.7114593153819442, 0.7266593128442764, 0.728518477641046, 0.7506508957594633, 0.7442108588293195, 0.7611808981746435, 0.7831467622891068, 0.7418215805664659, 0.8084591282531619, 0.7850340381264687, 0.8160185795277357, 0.8066373001784086, 0.8343257559463382, 0.8320782436057925, 0.8260669987648726, 0.8376185903325677, 0.8524153549224138, 0.8583816001191735, 0.8706859853118658, 0.8503015991300344, 0.8861222779378295, 0.8926183180883527, 0.8434153851121664, 0.8911735899746418, 0.895634176209569, 0.9003697084262967, 0.8884300962090492, 0.9063692158088088, 0.9119963524863124, 0.9212371530011296, 0.8917151493951678, 0.9312016442418098, 0.9223831333220005, 0.927974471822381, 0.9068322163075209, 0.9167944388464093, 0.9426023364067078, 0.9434403451159596, 0.9289324032142758, 0.9438616540282965, 0.9325994281098247, 0.9455034490674734, 0.9416366908699274, 0.9334578663110733, 0.9472454581409693, 0.9329759906977415, 0.9564098548144102, 0.9445682289078832, 0.9569059312343597, 0.9620635947212577, 0.9251940073445439, 0.9598378371447325, 0.9573841821402311, 0.9630048954859376, 0.9541434776037931, 0.9586723679676652, 0.960049394518137, 0.9495406281203032], "val_acc": [0.6286388519646269, 0.6504065124125047, 0.6661421421660296, 0.6902701357297, 0.6963021374736719, 0.712824548194329, 0.6970889057320245, 0.7143981057829097, 0.6921059525359999, 0.6567007630414735, 0.6800419600060565, 0.7143981034068526, 0.6926304815699039, 0.660634678022273, 0.7041699390945364, 0.7143981112228301, 0.6852871693559373, 0.7052189845786206, 0.713086801221794, 0.7136113242686593, 0.6973511684825656, 0.7104641920995625, 0.7057435172078743, 0.7083661101666643, 0.6989247225383245, 0.7099396804640244, 0.6690270170245057, 0.6997115131660049, 0.7086283704629883, 0.6619459819737427, 0.6758457883242825, 0.6687647645441591, 0.6685024952750928, 0.6803042238352025, 0.7002360366818288, 0.7023341330899174, 0.6984002150452546, 0.705481238825378, 0.6921059566784681, 0.6719118739531292, 0.695515339030014, 0.7007605567429905, 0.6921059512385477, 0.6900078621774779, 0.6779438695693748, 0.6842381394256484, 0.6871229974328769, 0.6753212700295317, 0.6879097796349334, 0.6884343032914448, 0.6847626540468897, 0.6910569022216416, 0.690532386990754, 0.675059013406717, 0.6915814179996478, 0.6845003859345881, 0.6871230028727972, 0.6892210865721063, 0.6852871782505197, 0.67663257580994, 0.6779438725550782, 0.6865984810452245, 0.6768948192550165, 0.6608969412417728, 0.6669289266659837, 0.6834513590681625, 0.6894833499322937],