{"1": {"val_loss": [0.789125606062029, 0.7435111135377241, 0.7204686469554026, 0.7344501458720025, 0.7102421044427956, 0.6808739568253624, 0.6693738280335593, 0.6659042442091925, 0.6651229980796646, 0.7560088371248843, 0.662216722433754, 0.6738997898857143, 0.6996562807634376, 0.6595605630246855, 0.7274320376629033, 0.6592739830484798, 0.7148712885182829, 0.7547193829418636, 0.7615761475521781, 0.9805508331773539, 0.9506764473516173, 0.779376831231016, 0.9944629022026512, 0.8942559381779366, 0.9213599688951155, 0.7827043021222346, 0.7415753957514309, 0.8392785248592586, 0.8664414976451643, 0.9276004801139162, 0.8791446397068805, 0.9841941263992706, 0.8296955452170424, 1.1124406600917633, 1.4672270173823898, 0.8545067997826638, 0.9266148967096383, 0.9556239929031645, 0.9014616837940471, 1.044195354625743, 0.9134523068986288, 1.0051457451736086, 0.9697785382348347, 0.9992581603722781, 1.1432901320106053, 1.1596133242496318, 1.0714405443047463, 1.1796547822554593, 1.333038277898659, 1.4085406026532572, 1.2172541653362747, 1.2998897972114436, 1.7742966071158108, 1.1160725038757544, 1.2121289736825027, 1.151578526655708, 1.0986323142470633, 1.3038539584152598, 1.1988829179226554, 1.169772259588164, 1.2344402220816304, 1.3101981991143354, 1.1685530093595984, 1.1457725054255439, 1.2830501202989244, 1.2933344515858751, 1.4785939462223048], "acc": [0.5549999928722779, 0.6387499986837307, 0.6536458370586237, 0.6652083353449901, 0.6803124938160181, 0.6819791731735071, 0.6943750015149514, 0.7045833393931389, 0.702604167163372, 0.7233333376546701, 0.7248958305766185, 0.7266666696717342, 0.7396874918291966, 0.7478125020861626, 0.7553125017633041, 0.7670833393931389, 0.7632291652262211, 0.7752083353698254, 0.7771875051160654, 0.7959375021358331, 0.8031250021109978, 0.8104166692743698, 0.8087499967465798, 0.8094791658222675, 0.8204166702926159, 0.8337499996026357, 0.8334374893456697, 0.8401041732480129, 0.8469791716585556, 0.8702083403865496, 0.851666672155261, 0.8758333381265402, 0.8643750045448542, 0.8760416725029548, 0.8856249960760275, 0.8853125007202228, 0.8842708381513754, 0.8971875092635552, 0.8893749987085661, 0.9214583269009987, 0.9014583316942056, 0.9159374994536241, 0.8708333273728689, 0.9272916646053394, 0.9249999939153591, 0.9213541646798452, 0.9257291673372189, 0.9325000004221996, 0.9360416668156782, 0.9232291672378778, 0.9352083262056112, 0.9357291677345833, 0.939270835990707, 0.9395833363135656, 0.938958328217268, 0.9542708254108826, 0.936874990661939, 0.9556250013411045, 0.9532291597376267, 0.952291663736105, 0.9461458312968413, 0.9568749958028396, 0.948541664207975, 0.9436458343019088, 0.9462499972432852, 0.9569791623701652, 0.9476041626185179], "val_f1_score_pos_neg": [0.4661973727021416, 0.5253680638212749, 0.5197544958752157, 0.5108446103207808, 0.5571156841639987, 0.6765555883060438, 0.6127948401764, 0.6638013378328893, 0.6469438845736756, 0.5005149654037772, 0.6372198362754393, 0.637116064401302, 0.5831215139639649, 0.6736285583634656, 0.5880027539518102, 0.6942881170358365, 0.6482988277695919, 0.5701723445159008, 0.5968539028257764, 0.47564742752269534, 0.5638027408133646, 0.6466216612856375, 0.5336625918515423, 0.5576423994362464, 0.5237010606795885, 0.6175060541086425, 0.6483005394999386, 0.592166107860163, 0.6353460886082622, 0.6235524632941385, 0.6022892437705273, 0.5841028941856292, 0.6465895828255324, 0.5942243922422665, 0.47524798713642064, 0.6491914124992805, 0.5944540518617617, 0.6063917638934756, 0.6246784683321831, 0.5917267813133562, 0.6182931321767131, 0.6166605874055832, 0.5769893143891726, 0.6200413683127957, 0.5751902516545382, 0.6136407494513719, 0.6353599474619543, 0.6031434458133088, 0.5539145898606375, 0.5220882147433343, 0.5724682483402975, 0.5514170569195511, 0.4827261878973288, 0.6269686286167432, 0.5542125936070984, 0.6364284834772966, 0.6093916762478546, 0.5435076570091928, 0.5845013982881375, 0.6157567960334956, 0.5609135105795602, 0.604732570671954, 0.6420895716445577, 0.624654550205964, 0.5951098238674637, 0.6096876919691625, 0.5776493394746888], "val_f1_score_neu": [0.6509790684086989, 0.6986180545462731, 0.7062228972631085, 0.7077051067239745, 0.7206574787375748, 0.7341134651983438, 0.7249217807011689, 0.7300427360638464, 0.7145558085899293, 0.7129623991687123, 0.7291027686741607, 0.7285583935758119, 0.7232392139238477, 0.7227859583202385, 0.678643512485098, 0.6999052218211594, 0.7330031521421013, 0.7240586759785858, 0.7266553218771772, 0.7095588404082451, 0.7210158922526582, 0.6533511706202667, 0.7124543939711008, 0.7211041616042893, 0.7127680639691657, 0.7052942215380255, 0.6887532657849141, 0.6739246387541716, 0.7125119410597869, 0.7221637338970454, 0.6877011532174487, 0.7127363836549568, 0.7186829329881336, 0.709910234894116, 0.688395163377001, 0.6896646869579638, 0.7071824506484021, 0.6741129368770288, 0.710962485476113, 0.7046196975640477, 0.7006649643675161, 0.7171918574262409, 0.7137699652430957, 0.705186802900716, 0.7116463540139988, 0.7144419061146537, 0.6707212726118806, 0.7197012621337837, 0.7073910842409542, 0.7016847446588216, 0.7103460023886508, 0.7070566446581694, 0.6873754662633286, 0.6868214620213292, 0.7003630708122454, 0.679460056366459, 0.7113721543273805, 0.700248324445874, 0.7010561616252546, 0.68945134616167, 0.6903401963547587, 0.7118371603465787, 0.6847743588484337, 0.6884732116497378, 0.7130825145176443, 0.7092585252583762, 0.7041931437314292], "val_f1_score": [0.5277912953754689, 0.5831180789668886, 0.581910646277527, 0.5764647956567269, 0.6116296235045016, 0.6957415629020989, 0.6501704958083591, 0.6858818244346321, 0.6694812098419826, 0.5713308033685561, 0.6678474986456274, 0.6675968684769977, 0.6298274406603932, 0.6900143782172714, 0.6182163658649815, 0.6961604914826544, 0.6765336129817318, 0.621467801363425, 0.6401210659575094, 0.5536179124855664, 0.6162071226776787, 0.648864856799256, 0.5932598816982693, 0.6121296863871049, 0.5867234175829884, 0.6467687730053857, 0.661784809279123, 0.6194189635437366, 0.6610680723202813, 0.6564229145126332, 0.63075989133068, 0.62698073345565, 0.6706207089933109, 0.6327863498963366, 0.5462970579355181, 0.6626825160377456, 0.6320301873959677, 0.6289655064586076, 0.6534398324590264, 0.6293577706598091, 0.645750434652514, 0.650171036799061, 0.6225829044102434, 0.648423189289014, 0.62067564939721, 0.64724115747934, 0.6471470792931958, 0.64199607046514, 0.6050734463996097, 0.5819537436089864, 0.6184275127163779, 0.6032969367619796, 0.5509426250971743, 0.6469195971894133, 0.6029294418156882, 0.6507723756327956, 0.6433851871783108, 0.5957545549451226, 0.6233529961706302, 0.6403216737604128, 0.6040557512235304, 0.6404341204317104, 0.6563178600991082, 0.6459274581964954, 0.6344340654798858, 0.6428779948111003, 0.6198306257975499],