{"val_f1_score_neg": [0.0, 0.0, 0.0, 0.0, 0.0, 0.0, 0.0, 0.0, 0.0, 0.0, 0.0, 0.0, 0.0, 0.0, 0.0, 0.0, 0.0, 0.0, 0.0, 0.0, 0.0, 0.0, 0.0, 0.0, 0.0, 0.0, 0.0, 0.0, 0.0, 0.0, 0.0, 0.0, 0.0, 0.0, 0.0, 0.0, 0.0, 0.0, 0.0, 0.0, 0.0, 0.0, 0.0, 0.0, 0.0, 0.0, 0.0, 0.0, 0.0, 0.0, 0.0, 0.0], "f1_score": [0.25240881741046906, 0.23976221095238412, 0.23975098079868726, 0.23979642987251282, 0.23976830126983778, 0.23972754499741963, 0.239732492182936, 0.23976859876087733, 0.23977243527770042, 0.2397769434111459, 0.23970278139625276, 0.23966683074831963, 0.23962706859622682, 0.23977439211947577, 0.23979060617940767, 0.23972922882863454, 0.23967367623533523, 0.23971146238701685, 0.23974301825676644, 0.23975969052740506, 0.23977475134389742, 0.23962453539882386, 0.23967512909855163, 0.2397561584200178, 0.23971838929823466, 0.23976297410471098, 0.2396250835486821, 0.23973766980426653, 0.239692608160632, 0.23973938396998815, 0.2397489467901843, 0.23974295758775302, 0.23972519327487266, 0.23971709875123842, 0.2397740302341325, 0.23977318885070936, 0.23975622760398047, 0.23967680388263293, 0.23969927270497596, 0.239750296409641, 0.23973607484783446, 0.23972739705017634, 0.23969897627830505, 0.24195015164358274, 0.23976677602955274, 0.2397556688104357, 0.23976685851812363, 0.23968994244933128, 0.2517845034599304, 0.24077485927513667, 0.23963979578443936, 0.27177078862275394], "val_f1_score_pos_neg": [0.0, 0.0, 0.0, 0.0, 0.0, 0.0, 0.0, 0.0, 0.0, 0.0, 0.0, 0.0, 0.0, 0.0, 0.0, 0.0, 0.0, 0.0, 0.0, 0.0, 0.0, 0.0, 0.0, 0.0, 0.0, 0.0, 0.0, 0.0, 0.0, 0.0, 0.0, 0.0, 0.0, 0.0, 0.0, 0.0, 0.0, 0.0, 0.0, 0.0, 0.0, 0.0, 0.0, 0.0, 0.0, 0.0, 0.0, 0.0, 0.0, 0.0, 0.0, 0.0], "f1_score_pos": [0.0, 0.0, 0.0, 0.0, 0.0, 0.0, 0.0, 0.0, 0.0, 0.0, 0.0, 0.0, 0.0, 0.0, 0.0, 0.0, 0.0, 0.0, 0.0, 0.0, 0.0, 0.0, 0.0, 0.0, 0.0, 0.0, 0.0, 0.0, 0.0, 0.0, 0.0, 0.0, 0.0, 0.0, 0.0, 0.0, 0.0, 0.0, 0.0, 0.0, 0.0, 0.0, 0.0, 0.0, 0.0, 0.0, 0.0, 0.0, 0.0, 0.0, 0.0, 0.0], "loss": [1.0401337891817093, 0.9762174742562431, 0.9736154079437256, 0.9763377436569759, 0.9757590953792844, 0.975259176322392, 0.975933164358139, 0.9733557275363377, 0.9743465163878032, 0.9749558291264943, 0.9738946301596505, 0.9764809267861503, 0.9741180624280658, 0.9732657926423209, 0.9745550070490155, 0.9740510582923889, 0.974914916924068, 0.9739280364343098, 0.9731342962809971, 0.9733121948582786, 0.9733831435441971, 0.9757469637053353, 0.9708921802895409, 0.971605298774583, 0.9722501443965095, 0.9714412093162537, 0.9736629596778325, 0.9728310172046933, 0.9700433909893036, 0.967628036226545, 0.9754209582294736, 0.9665522213493075, 0.9717717042991093, 0.9715269186667034, 0.9661577429090228, 0.9565468260220119, 0.9711690672806331, 0.9553024896553585, 0.9610650901283536, 0.946940324136189, 0.9571376719645092, 0.953141525387764, 0.93243636403765, 0.9571212146963392, 0.9302371719053814, 0.9563948448215213, 0.892177592430796, 0.9396938553878239, 0.8894940274102348, 1.0253813862800598, 0.8792945465871266, 0.9039976554257529], "val_f1_score_pos": [0.0, 0.0, 0.0, 0.0, 0.0, 0.0, 0.0, 0.0, 0.0, 0.0, 0.0, 0.0, 0.0, 0.0, 0.0, 0.0, 0.0, 0.0, 0.0, 0.0, 0.0, 0.0, 0.0, 0.0, 0.0, 0.0, 0.0, 0.0, 0.0, 0.0, 0.0, 0.0, 0.0, 0.0, 0.0, 0.0, 0.0, 0.0, 0.0, 0.0, 0.0, 0.0, 0.0, 0.0, 0.0, 0.0, 0.0, 0.0, 0.0, 0.0, 0.0, 0.0], "val_loss": [0.9726409961444753, 0.9673465915590699, 0.9640058718229595, 0.9637606944042554, 0.9661889629110901, 0.9665254451002669, 0.9668106647209171, 0.9653422648553852, 0.9630946299003365, 0.9653451870649289, 0.9704851991573648, 0.9628029726831108, 0.9664871461531948, 0.9656326623312589, 0.9717730292853503, 0.9643984881811618, 0.9655676830796256, 0.9718874698815665, 0.965617120882653, 0.9686277138720318, 0.965173737213411, 0.9699476644685019, 0.9652265913305227, 0.9651413415393152, 0.9660904604306481, 0.962786087113568, 0.9648012431741458, 0.9627384090820412, 0.9629351920069095, 0.9709040809739456, 0.9617524222109267, 0.974798083573486, 0.9673773056207022, 0.9811983892524022, 0.9673359920943153, 0.9586048750956746, 0.9565812307491637, 0.9532410922588875, 0.9600480823328085, 1.019682639738058, 0.9781395295049176, 0.9741470874079808, 1.0361658727270067, 0.9425698660592265, 0.9431261884109747, 0.9446364795898887, 1.0045768136223103, 0.9462651657564812, 1.1433668865902276, 0.948422614138136, 0.9606918581316077, 1.0035844736682689], "val_f1_score": [0.2367351456263341, 0.2367351456263341, 0.2367351456263341, 0.2367351456263341, 0.2367351456263341, 0.2367351456263341, 0.2367351456263341, 0.2367351456263341, 0.2367351456263341, 0.2367351456263341, 0.2367351456263341, 0.2367351456263341, 0.2367351456263341, 0.2367351456263341, 0.2367351456263341, 0.2367351456263341, 0.2367351456263341, 0.2367351456263341, 0.2367351456263341, 0.2367351456263341, 0.2367351456263341, 0.2367351456263341, 0.2367351456263341, 0.2367351456263341, 0.2367351456263341, 0.2367351456263341, 0.2367351456263341, 0.2367351456263341, 0.2367351456263341, 0.2367351456263341, 0.2367351456263341, 0.2367351456263341, 0.2367351456263341, 0.2367351456263341, 0.2367351456263341, 0.2367351456263341, 0.2367351456263341, 0.2367351456263341, 0.2367351456263341, 0.2367351456263341, 0.2367351456263341, 0.2367351456263341, 0.2367351456263341, 0.2367351456263341, 0.2367351456263341, 0.2367351456263341, 0.2367351456263341, 0.2367351456263341, 0.2367351456263341, 0.2367351456263341, 0.2367351456263341, 0.2367351456263341], "val_f1_score_neu": [0.7102054234726495, 0.7102054234726495, 0.7102054234726495, 0.7102054234726495, 0.7102054234726495, 0.7102054234726495, 0.7102054234726495, 0.7102054234726495, 0.7102054234726495, 0.7102054234726495, 0.7102054234726495, 0.7102054234726495, 0.7102054234726495, 0.7102054234726495, 0.7102054234726495, 0.7102054234726495, 0.7102054234726495, 0.7102054234726495, 0.7102054234726495, 0.7102054234726495, 0.7102054234726495, 0.7102054234726495, 0.7102054234726495, 0.7102054234726495, 0.7102054234726495, 0.7102054234726495, 0.7102054234726495, 0.7102054234726495, 0.7102054234726495, 0.7102054234726495, 0.7102054234726495, 0.7102054234726495, 0.7102054234726495, 0.7102054234726495, 0.7102054234726495, 0.7102054234726495, 0.7102054234726495, 0.7102054234726495, 0.7102054234726495, 0.7102054234726495, 0.7102054234726495, 0.7102054234726495, 0.7102054234726495, 0.7102054234726495, 0.7102054234726495, 0.7102054234726495, 0.7102054234726495, 0.7102054234726495, 0.7102054234726495, 0.7102054234726495, 0.7102054234726495, 0.7102054234726495], "val_acc": [0.5510571405418918, 0.5510571405418918, 0.5510571405418918, 0.5510571405418918, 0.5510571405418918, 0.5510571405418918, 0.5510571405418918, 0.5510571405418918, 0.5510571405418918, 0.5510571405418918, 0.5510571405418918, 0.5510571405418918, 0.5510571405418918, 0.5510571405418918, 0.5510571405418918, 0.5510571405418918, 0.5510571405418918, 0.5510571405418918, 0.5510571405418918, 0.5510571405418918, 0.5510571405418918, 0.5510571405418918, 0.5510571405418918, 0.5510571405418918, 0.5510571405418918, 0.5510571405418918, 0.5510571405418918, 0.5510571405418918, 0.5510571405418918, 0.5510571405418918, 0.5510571405418918, 0.5510571405418918, 0.5510571405418918, 0.5510571405418918, 0.5510571405418918, 0.5510571405418918, 0.5510571405418918, 0.5510571405418918, 0.5510571405418918, 0.5510571405418918, 0.5510571405418918, 0.5510571405418918, 0.5510571405418918, 0.5510571405418918, 0.5510571405418918, 0.5510571405418918, 0.5510571405418918, 0.5510571405418918, 0.5510571405418918, 0.5510571405418918, 0.5510571405418918, 0.5510571405418918],