{"1": {"val_f1_score": [0.5187660312358707, 0.6187512585412103, 0.5861379025553332, 0.6351422907453868, 0.6142198921281647, 0.6453151590018144, 0.6002099309228957, 0.6149455179794235, 0.6776491941318967, 0.6328374887744554, 0.6543836630363025, 0.6958560146217486, 0.6956138367450303, 0.6433013552228766, 0.6274785059285608, 0.5599819854773345, 0.6913970102483508, 0.6429813248011311, 0.6325570031347908, 0.6803917863254562, 0.6760221655025527, 0.6698417081440211, 0.6661186207319351, 0.6531414756023318, 0.6395240071843435, 0.6332602161389462, 0.6366759388271105, 0.6547118772086027, 0.6486128758108588, 0.6615372684225147, 0.6172751239551011, 0.6628886681668501, 0.6734809296480665, 0.6481314285702509, 0.5413113925327568, 0.6494237617373373, 0.6388085678497263, 0.5753132003734908, 0.632339895756389, 0.6525956858745748, 0.583146871183602, 0.6457931658210574, 0.6407163127213364, 0.6464272336856043, 0.6516619801458774, 0.6529971399458568, 0.6318235400152619, 0.6095180238071715, 0.6313892987622947, 0.6393970291257499, 0.6238929304181201, 0.648691992340143, 0.6516828145875788, 0.6298027659475475, 0.6051109511177589, 0.633577021969731, 0.6574500169523926, 0.6539632429014877, 0.6399809798636588, 0.6314132859973872], "val_f1_score_neu": [0.6715960353026701, 0.6217664308726804, 0.6995716749949622, 0.7177455604873615, 0.7141310734258622, 0.7254089611332591, 0.7174693339770778, 0.7133359798539695, 0.6607999070998161, 0.7245329255479982, 0.7261221217821503, 0.7342427278515425, 0.7360256337569262, 0.725239636608537, 0.7191212951527347, 0.7035773956272316, 0.7139543170319934, 0.7223425827218953, 0.7164514902505292, 0.6944213199890601, 0.7079293136048936, 0.7234068950923946, 0.6835224617662438, 0.7262874054464805, 0.7236490049075806, 0.7206049340621024, 0.6333507323652748, 0.7189388439750971, 0.7171153100400405, 0.6783171708178026, 0.7101675109415582, 0.7185695279216692, 0.7132473787140915, 0.6831805752763715, 0.6859637628444498, 0.714045090153872, 0.7116354510535914, 0.7025957411116514, 0.7116235017370058, 0.7121033352283614, 0.6999950198216792, 0.7083508594280586, 0.7052174909140474, 0.6568966170574091, 0.7105219847037353, 0.7061289792107123, 0.7065493554353651, 0.7056565279257819, 0.6229682863618394, 0.7124323598237416, 0.7071541652822007, 0.7066527246303393, 0.7031989392413888, 0.705404731707094, 0.7018133213349349, 0.7110061174048047, 0.688935907985043, 0.7039549437495877, 0.7127783971917057, 0.7077898240889773], "f1_score_pos": [0.5358962466319402, 0.6436081305146217, 0.7000095173716545, 0.6999965285261472, 0.7249866935114065, 0.7123064659535885, 0.7460838283101717, 0.7525106718142828, 0.7434549642105898, 0.7614482442537943, 0.7554485648870468, 0.7670943501094977, 0.7659723671774069, 0.7798912140230337, 0.8252156066397826, 0.8249006941914558, 0.8250641425450643, 0.7976676411926746, 0.8390634593864282, 0.8042856007814407, 0.8321805174152056, 0.8711312860250473, 0.8608689941465855, 0.8569706628719965, 0.898230466991663, 0.8146730872491995, 0.8951076939702034, 0.8264842368662357, 0.9087245725095272, 0.9112781919538975, 0.916091105590264, 0.8768840233484904, 0.9049842357635498, 0.8698100845019022, 0.9131059981882572, 0.8835542152325312, 0.9295969667534033, 0.9109903362890085, 0.9227029892305533, 0.9330965715150038, 0.9308074129124483, 0.9505514043072859, 0.9575359510878722, 0.9398669625322024, 0.9201991980274519, 0.948560265203317, 0.9617344948152701, 0.9543349407613277, 0.9426660264531771, 0.9192995006839434, 0.9390334114432335, 0.9645885452628136, 0.9664248377084732, 0.9609524694581827, 0.9677341878414154, 0.9259145756562551, 0.967974491417408, 0.9595019916693369, 0.9678668938577175, 0.9642131937046846], "f1_score_pos_neg": [0.4212058608730634, 0.5392740194996198, 0.6107321990032991, 0.6306579696635405, 0.6626957717041174, 0.678266684214274, 0.6842394545674324, 0.7037195911010107, 0.7044688674310843, 0.7261923191448053, 0.7265906631946564, 0.7351620631913344, 0.7281359359622002, 0.7762236408889294, 0.7774481698870659, 0.8123881506423155, 0.761388131727775, 0.7704068856934706, 0.8213046304881573, 0.8140770730872949, 0.8309079371392727, 0.8241861003140608, 0.8410213589668274, 0.8522024725874265, 0.8873247603575388, 0.8352311328053474, 0.8797207971413931, 0.8442120291292667, 0.9027014598250389, 0.8986644856631756, 0.8994738136728605, 0.868240171422561, 0.9087292862435182, 0.885416179895401, 0.9151121166845163, 0.8781456872820854, 0.9128166983524958, 0.9135005561014017, 0.9050974051157633, 0.9324957653880119, 0.923026849826177, 0.938311368227005, 0.9556039236485958, 0.9464629255235195, 0.934325285255909, 0.947848896185557, 0.9548794763783613, 0.9453228128453096, 0.9166686410705248, 0.9302094168961048, 0.9452644276122252, 0.9564828251798948, 0.9686615417400996, 0.9604236769179503, 0.9617765446503957, 0.9402791547278563, 0.9531284359594187, 0.9599983133375645, 0.9633413143455982, 0.9613903686404228], "val_acc": [0.6144767787210779, 0.6498819761097415, 0.6391292941904806, 0.6831890891894499, 0.6703383090175296, 0.6973511769081894, 0.6766325686817685, 0.6553894584803578, 0.6886965653541799, 0.6771570905093411, 0.7002360295536573, 0.7112509765995164, 0.712824548194329, 0.678206135383779, 0.6637818048296092, 0.6428009452014466, 0.70705481273372, 0.6737476961993496, 0.6611591992401995, 0.6970888966185947, 0.6900078658509874, 0.6970889070294768, 0.679255184400685, 0.6839758689372896, 0.6792551765847075, 0.6847626565011067, 0.6629950207204541, 0.6942040488815607, 0.6797797080571965, 0.6761080480109605, 0.6690270122723914, 0.685811695325978, 0.6952530847832564, 0.6816155290059646, 0.6037241041488357, 0.6745344891249274, 0.6656176197288107, 0.648046153941681, 0.6719118769388326, 0.6821400496767726, 0.6692892810724991, 0.6708628283908853, 0.6645685917056204, 0.6698137883467216, 0.6753212790648018, 0.6834513518618311, 0.657749801788185, 0.6519800574329936, 0.6540781556074932, 0.6674534395208142, 0.6695515329431994, 0.6768948331205606, 0.6821400412511488, 0.6635195503640043, 0.6535536349366851, 0.6719118817691068, 0.6763703137472049, 0.6805664763155491, 0.6776816098826969, 0.6614214517205461], "val_loss": [0.8246744944453396, 0.7655997101540895, 0.7831381310667542, 0.7029208740067551, 0.7229943378778884, 0.6895297496393226, 0.7372277989463796, 0.8168401520395416, 0.6945673903704878, 0.7495715343011136, 0.6927232358232434, 0.6819514950491642, 0.6789939545784727, 0.7766897049345372, 0.8337803862396889, 0.9423563960903497, 0.6981370077807229, 0.8218292985849108, 0.9059648780006141, 0.6969841496387305, 0.7804361816281694, 0.75972828274476, 0.7905634835639902, 0.8640713257143074, 0.9391341941456078, 0.860489718516355, 0.8265821481357557, 0.8275555262032875, 0.9059944066231, 0.8625976987908026, 1.018804772394772, 0.9184770829059181, 0.8580242403060659, 0.8285688100416392, 1.5366174935544221, 0.9259150873448572, 1.0336698174414096, 1.183469331017511, 1.0028093753291214, 0.9429719059948155, 1.1147454481815184, 1.0333595795641413, 1.1410918815411704, 0.9606722008359736, 1.0409015704883293, 0.9713831863752226, 1.2161255671913593, 1.2974008262985934, 1.0156634859047067, 1.0942983733616631, 1.1259803052902722, 1.050204594210943, 1.036616825976148, 1.217122215690683, 1.3710447974383846, 1.1502252832785886, 1.0508541746337114, 1.08538986152781, 1.2172626724025568, 1.2829003380941275],