{"val_f1_score_pos": [0.13781655315365063, 0.3287623670124761, 0.32215567868248174, 0.33515425470837373, 0.32397609486592766, 0.3578750868397042, 0.14404198078893618, 0.42095632395978133, 0.3553610267507242, 0.38832069515806567, 0.13546303533992948, 0.3970335662579461, 0.4045346118526527, 0.17560390877364404, 0.404182167617362, 0.40150243639141603, 0.3379304339448128, 0.24529907441171397, 0.3091189239712058, 0.4029107384997019, 0.3484836856738651, 0.3929327436786914, 0.4290162010660485, 0.3354179407099159, 0.4062914938418328, 0.3604824717147791, 0.4069501192678056, 0.4011891646209301, 0.3595777146595317, 0.42839627685817144, 0.3828995916095876, 0.33221391816692636, 0.41340437627996995, 0.375623721517103, 0.3928751391142915, 0.37938153456847945, 0.33390343862238414, 0.321179779233881, 0.41670832961623433, 0.37296001548119295, 0.4005231676984359, 0.39686150468795406, 0.38652442258271985, 0.4045394942184531, 0.41567455472787435, 0.35469531333237364, 0.4104219121247651, 0.4175608640740275, 0.31571754537023405, 0.3321839365881947, 0.40621649559371065, 0.28950203591191015, 0.3492510981968379, 0.37600199423070113, 0.33309174034437833, 0.3935082594768131, 0.38894728327516065, 0.3772088275988575, 0.3351424197275468], "loss": [1.0823051358262699, 0.9292851909995079, 0.8846467441568772, 0.8590736991415421, 0.8418782775600752, 0.8302459288388491, 0.8039232827723026, 0.7907358799129725, 0.7588107927391926, 0.7439668793231249, 0.7274442159881195, 0.7152219004929066, 0.7185362198700508, 0.6881718275447687, 0.6702578316132227, 0.6645771712064743, 0.6453259587287903, 0.6454803440719843, 0.632803355033199, 0.6036893300091227, 0.5992067164431015, 0.5649022599682212, 0.5881812255829573, 0.5657518512258927, 0.5665770514557759, 0.5247086516271035, 0.5233698468655348, 0.5419360756253203, 0.49479931748161715, 0.4910629705215494, 0.4695048766831557, 0.46874399452159804, 0.48583908782651025, 0.4626480707277854, 0.4646031480903427, 0.41421125767131645, 0.44748111348599195, 0.3921890426427126, 0.41431149560958147, 0.37456968644013006, 0.39167888058970374, 0.38419165027638275, 0.3738394832859437, 0.3931436762213707, 0.38837283058092, 0.33919876472403604, 0.3123282369536658, 0.33829595645268756, 0.2986973679314057, 0.3296984392218292, 0.3029560522797207, 0.32633494849627215, 0.31052121783917147, 0.4387491475790739, 0.34350266711165506, 0.3003876977600157, 0.26762157228464883, 0.2570862650560836, 0.3054810844672223], "f1_score_pos": [0.2954549425436805, 0.3442038993816823, 0.4052201369777322, 0.4226851360872388, 0.4383672922849655, 0.43075792988141376, 0.4590910604844491, 0.4643827062100172, 0.5063839398014048, 0.5374483320241173, 0.5684170552218953, 0.5560781521101793, 0.579680485650897, 0.6107771592214704, 0.6090432722121477, 0.5937643445407351, 0.6497914337863525, 0.6472682300955057, 0.6709666214883327, 0.6862159182007114, 0.6909655829270681, 0.7100761228551468, 0.6872606091201305, 0.7065020327766737, 0.71757354401052, 0.750333996489644, 0.7689522163321575, 0.7327702955032388, 0.753789234906435, 0.7916064746677876, 0.7944951131939888, 0.778121454641223, 0.7698928955942392, 0.798641391719381, 0.7968420318017403, 0.8244066629558802, 0.7971284029384454, 0.8277563986678919, 0.819292621066173, 0.8496740746001402, 0.8112769809861978, 0.8495922889560461, 0.838167722026507, 0.8389428711185852, 0.8554246723651886, 0.849964956442515, 0.8834420647472143, 0.8631361381461223, 0.8707449560364088, 0.8770179810623328, 0.8640584691117207, 0.8703691978007555, 0.8733786083757877, 0.8265853648384412, 0.8444089951614538, 0.8694823943078518, 0.8934192564338446, 0.8935912611583868, 0.8866883727411429], "acc": [0.4539583364191155, 0.5618749984229604, 0.571145834090809, 0.6008333374435703, 0.6028125053271651, 0.6067708296080431, 0.6254166687528292, 0.6308333339790503, 0.6452083388964335, 0.6521875007698933, 0.666562500099341, 0.6737500031789144, 0.6741666638602813, 0.6914583245913187, 0.6929166646053394, 0.6990625044951836, 0.7065624923755726, 0.7122916666169962, 0.7211458304276069, 0.731562502682209, 0.7392708379775286, 0.7563541649530331, 0.7397916652262211, 0.7571875018378099, 0.7550000001986822, 0.7741666678339243, 0.774895841255784, 0.7736458250631889, 0.7893749978393316, 0.7913541657229265, 0.8051041724781195, 0.8048958306511244, 0.7911458344509205, 0.8098958364377419, 0.8103125020861626, 0.8356250002980232, 0.8153124966969093, 0.8432291702677807, 0.8325000007947286, 0.8511458362142245, 0.848749993989865, 0.8513541662444671, 0.8539583347737789, 0.8371874981870254, 0.8478124992301067, 0.8693749997764826, 0.8824999984353781, 0.865416664009293, 0.8863541676352421, 0.8722916655242443, 0.8851041669646899, 0.8753124984602133, 0.8797916645805041, 0.8410416642824808, 0.8675000009437402, 0.8842708331843218, 0.8984374993791183, 0.9060416736950477, 0.8894791640341282], "val_f1_score": [0.2961161225377253, 0.416038507418862, 0.4874797682074668, 0.5555507420581898, 0.4662505175903259, 0.5594856497729838, 0.43290665570111947, 0.5446348120058329, 0.5552862820944913, 0.5340807100324764, 0.49487958440252966, 0.5839371288943495, 0.5346110284301648, 0.5096160064556553, 0.5781125975952887, 0.543856557859154, 0.555388135358765, 0.5190749618313197, 0.5051946703292634, 0.5372867738133447, 0.5401010415975542, 0.5639586366354427, 0.5451491989641108, 0.4931125454386773, 0.49049242179349795, 0.5370435850125843, 0.561984877998208, 0.5800569494511703, 0.5455761748930381, 0.5770417228240555, 0.5320094597538044, 0.5676616419557511, 0.5615112231327937, 0.5741227357922725, 0.5790977160028654, 0.5324210108157701, 0.5475288563572605, 0.5481436356091038, 0.5611089709584798, 0.5084970837179948, 0.47994652413270844, 0.5021952319080852, 0.5513668057085209, 0.5557810182352619, 0.5785306124498434, 0.4810141327410092, 0.5765911048455009, 0.5777467247660075, 0.5321945152033893, 0.533380012119669, 0.562394785360876, 0.5357751136849284, 0.5494330531028923, 0.5485973545038856, 0.5479434520287714, 0.5444108748350174, 0.5498388931121689, 0.5650635284450856, 0.5537139910113634], "val_loss": [0.9530279778490397, 1.0078275448772964, 0.8499453160283376, 0.786492643193302, 0.9800913349444191, 0.798898850697094, 0.8715445683230916, 0.8519806768032971, 0.7843690920777006, 0.8681722796290402, 0.8204438809173041, 0.800707054846039, 0.8695810258629834, 0.8561943987174127, 0.7863184399718484, 0.8622162012007126, 0.7884930156127751, 0.9181849581402698, 0.87727632326314, 0.8638965338937774, 0.873922832072237, 0.8332173588358492, 0.868240120252188, 0.9046420711040283, 0.9564106491734946, 0.90854901836844, 0.8675893706026991, 0.8327716590850889, 0.9183538694184372, 0.9282175973895644, 0.9216026325671993, 0.9281329427063599, 0.9048386718097486, 0.8779803714235248, 0.8939765233259934, 0.9929320238701567, 0.9686461567771473, 1.0509265181024066, 1.006229259841248, 1.0760010821938353, 1.1282988920224661, 1.199511849499478, 1.1105607995781017, 0.9949213359680896, 1.0270528830604622, 1.3828044310915968, 1.054342589504913, 1.0157932578257167, 1.1528786440663545, 1.1208047383120079, 1.165335868802416, 1.1690182454726528, 1.0637539554918558, 1.1829146118889078, 1.2257967171130608, 1.1460639133251738, 1.1858989517805654, 1.217531262514455, 1.2636824741161894],