{"val_f1_score": [0.467613843929852, 0.5700994221488228, 0.5910268495034708, 0.6263895878915614, 0.567657509345318, 0.6398540939867043, 0.645585495219467, 0.61760109817766, 0.6137689455206427, 0.6752930986515469, 0.5846952005005434, 0.6768437346666778, 0.6608300723962011, 0.6639283862978087, 0.6353876059085967, 0.6734723418271045, 0.6617127054481096, 0.6513166618947435, 0.6596142060482186, 0.6940207683661777, 0.5725271048240702, 0.6278494909745703, 0.6587722123278866, 0.6411910655459112, 0.6337853076262265, 0.6235041328843359, 0.5328570591506138, 0.6586669353622169, 0.5732062723797323, 0.6631927436147811, 0.6440982425928804, 0.5723950097856639, 0.6334496602873273, 0.6215654322865314, 0.6526578041064655, 0.627410081765985, 0.6675926840839941, 0.6193211397379363, 0.6752669701043496, 0.5610419185556141, 0.5906222068885165, 0.6047413065900585, 0.5592954747638708, 0.6237638421550123, 0.6662199012632293, 0.6198867754519783, 0.6207877477260202, 0.652190106999302, 0.6185702209925358, 0.635994828922868, 0.6308744434543773, 0.6068915439314834, 0.6360786242526315, 0.6536653523147496, 0.6450547444173241, 0.6607556057639113, 0.6467485694068641, 0.6350064731913541, 0.6362780266285818, 0.6643155384901593, 0.627529342859835, 0.6394357554655578, 0.6480434708416446], "val_f1_score_neu": [0.6665640655009102, 0.6959124728197067, 0.7079897943425922, 0.7089748771178763, 0.7090844176836661, 0.7069663564708019, 0.725852103252721, 0.7213022016553531, 0.7179175486815998, 0.7365077225329711, 0.7135426058501607, 0.6703585975913591, 0.7343175708856791, 0.7282069705616231, 0.6004706333073112, 0.6913019248797079, 0.7356648565651769, 0.7282994426112771, 0.7290064386267253, 0.7328685800328268, 0.7077754568528416, 0.5483983806697146, 0.7317447810075491, 0.6001973990033438, 0.7216573907514272, 0.7185688002854234, 0.685754989939914, 0.7270516714585787, 0.7103623046419797, 0.7287808668885429, 0.7242237080465987, 0.6990960795767439, 0.7229162036293985, 0.7165339207386614, 0.6989141862879518, 0.7105199700417307, 0.7203354623071985, 0.7185756794399019, 0.7158830993575059, 0.6975384734760518, 0.7025954734925801, 0.7114247768030935, 0.6946488550226425, 0.7133330955550391, 0.7078856505842431, 0.7053108871248867, 0.7112862972677958, 0.6833366218933807, 0.65778087985006, 0.7157507064052995, 0.7092660209996914, 0.7098989965032162, 0.7099152334775006, 0.7134911499247287, 0.718932733334427, 0.7010968745833396, 0.7207332471052931, 0.6992507342932076, 0.7155818832286411, 0.7095471465021739, 0.7083897787443522, 0.7065667164879086, 0.7141876325124585], "f1_score_pos": [0.5750670310642038, 0.6488035842776299, 0.6810468563011715, 0.709784345967429, 0.7224643560392516, 0.7445897917662349, 0.7498750165104866, 0.7391368193285806, 0.7287973431604249, 0.7580299835119929, 0.76210154486554, 0.770271727016994, 0.7760781464832169, 0.7769871630838939, 0.8104845828243664, 0.8211809375456401, 0.7942403629422188, 0.7965838845287051, 0.8332066131489617, 0.7743691142116275, 0.8565641779984746, 0.8490108815687043, 0.840223395398685, 0.8356767435159002, 0.8548684790730476, 0.8769701708640371, 0.8572113694889205, 0.8789649680256844, 0.8792614958115986, 0.8843200962458339, 0.8724559620022774, 0.8951732654656682, 0.8802667153733117, 0.9141474493912288, 0.9264282041362354, 0.8867544159293175, 0.8968701916081565, 0.9327756656067712, 0.9103580276880946, 0.9339096971920559, 0.9079432615212032, 0.9377546438149044, 0.9377657143133027, 0.921703784593514, 0.9445714556745121, 0.9547360762953758, 0.9300420571650777, 0.9516674014074462, 0.8927811171327319, 0.9131373358624322, 0.9535096702831132, 0.9551338308623859, 0.9526903863464083, 0.9381227046251297, 0.9610243907996586, 0.9571275327886853, 0.920692038323198, 0.9500282651611737, 0.9576028638652393, 0.9659382030367851, 0.9590086883732251, 0.9630238828914506, 0.967966445854732], "f1_score_pos_neg": [0.4125868688736643, 0.5209876022168568, 0.5958895481058529, 0.6410322519285339, 0.654607488640717, 0.653256998530456, 0.6752772756985256, 0.6888647185904639, 0.682140266256673, 0.7116857522300312, 0.7277532081518855, 0.726447653557573, 0.7526305871350425, 0.7351938081639153, 0.7701689324208668, 0.7802463078073093, 0.7664977269513267, 0.7778061809284347, 0.8076202486242566, 0.7816457620688847, 0.8312031733138221, 0.8188161296503884, 0.8313353561929294, 0.8311198992388589, 0.8248571274535996, 0.8641714709145683, 0.8504006106938634, 0.8752488632287297, 0.8846628027302879, 0.8682791718414852, 0.8590808659791946, 0.8897657075098583, 0.8856027254036495, 0.9126274798597608, 0.9162191737975393, 0.889669306576252, 0.8924988455006054, 0.9102424862129348, 0.9203325903841427, 0.9123640581965446, 0.909721417086465, 0.9400141452039991, 0.9319688188178199, 0.9057305231690407, 0.937673630458968, 0.944309376180172, 0.9322857111692429, 0.931153844509806, 0.9024547540715763, 0.9225755003946168, 0.9461112969688007, 0.9571716114878654, 0.9429104732615607, 0.9464338368603161, 0.9480712924684797, 0.9549113065004349, 0.9092720033867019, 0.9492920573268618, 0.955664513366563, 0.9639068128807204, 0.9551109362925801, 0.9523224000419889, 0.9626895625676427], "val_acc": [0.5890375005114026, 0.6425386921739816, 0.6645685971455407, 0.6865984774498748, 0.658012060396258, 0.6921059435007298, 0.6860739592958116, 0.676894829525211, 0.6800419545661363, 0.7073170731082039, 0.6745344902816921, 0.6939417873503122, 0.7015473184828179, 0.7060057673903234, 0.6567007606654164, 0.6858116934814072, 0.6957775933549312, 0.6960398645310961, 0.7062680312976292, 0.7128245547128543, 0.6548649359649791, 0.6420141666728995, 0.6918436940060867, 0.6548649461570137, 0.6742722192462148, 0.6719118865993808, 0.6058221865506926, 0.6965643791523375, 0.6700760456573422, 0.6939417825981978, 0.6766325704481794, 0.6291633871887852, 0.6860739526365986, 0.6616837192232016, 0.6894833391306127, 0.6805664986848768, 0.6845003930627597, 0.674534486139224, 0.6926304797253332, 0.6367689477406303, 0.6422764071322725, 0.6637817933401222, 0.6302124301561245, 0.6664044061358633, 0.6894833583579175, 0.6669289363890597, 0.6648308405906173, 0.6808287451156568, 0.6606346695184895, 0.6816155248634964, 0.658012053049239, 0.6803042196927345, 0.6771570952614555, 0.6740099677663133, 0.6860739538558912, 0.6761080442592912, 0.6784683956801032, 0.6726986602194941, 0.670600574753774, 0.6923682116130315, 0.6829268203893422, 0.6842381208079898, 0.6818777899900947], "val_loss": [0.8751471298215523, 0.7810460185554439, 0.7539531875869717, 0.7106500929683142, 0.7955592573705134, 0.697921288004079, 0.7317083189877006, 0.7522921595803528, 0.7271020785736156, 0.6814490525765647, 0.7473858953804098, 0.6906537251493733, 0.6990471343308836, 0.6869577858787554, 0.7686618367518273, 0.7488006086540823, 0.7657704005677838, 0.7311902657882016, 0.7381868220488605, 0.7025477227000405, 0.9526920215901571, 0.828679141506197, 0.7898739363901452, 0.8187539416318674, 0.901564160560705, 0.9233853257362091, 1.1373614820945053, 0.8425804317982342, 1.0331308970512632, 0.8581060502368448, 0.9319515099307855, 1.2362291266403578, 0.8987274379390073, 1.1107032428474337, 0.8855103092527502, 0.9047217069258691, 0.9466276751582529, 1.0994420067206663, 0.9077118123231083, 1.3673187779717455, 1.1669877488688787, 1.1997123916037216, 1.4835291946150018, 1.168856498327838, 0.9536278159512706, 1.1372298624082215, 1.2434023931337221, 0.9847363272177213, 0.9587215404169096, 1.0511048587013223, 1.220604323946895, 1.1553532461340958, 1.1145656483397846, 1.0940034553475058, 1.0989756648571136, 1.099419876217936, 1.1495318440605642, 1.0377089277890734, 1.1828636600687972, 1.0441645315679515, 1.183828595114167, 1.146812014150832, 1.1870758034193138],