{"f1_score_neg": [0.19135137723060325, 0.3442876663757488, 0.44054789235815406, 0.4352184212766588, 0.44668500241823494, 0.5435001729056239, 0.5846288772299886, 0.5783923794515431, 0.616674929857254, 0.6090674037113786, 0.6109412796795368, 0.6619382407516241, 0.6607102723792195, 0.6729704067111015, 0.6946868663653731, 0.676424793433398, 0.6972720930352807, 0.7187129585072398, 0.7578751957044005, 0.7591462954878807, 0.7616937728598714, 0.7832117415964603, 0.7841320540755987, 0.7925637671723962, 0.7959437575191259, 0.8013039622455835, 0.7983084004372358, 0.8396857874467969, 0.811045522801578, 0.8186561102047563, 0.851485607214272, 0.8488608598709106, 0.8184677166864276, 0.8516556331887841, 0.8325641173869371, 0.8830469064414501, 0.8560024043545127, 0.8732472034171224, 0.8760614646598697, 0.880989708006382, 0.8729941854253411, 0.8767954707145691, 0.8945852536708117, 0.8788919700309634, 0.8847311455756426, 0.912888296879828, 0.9120482122525573, 0.8750452464446425, 0.9006563443690538, 0.9312351122498512, 0.8219506805762649, 0.9221928650513291, 0.9061495345085859, 0.9229471068829298, 0.9250293914228678, 0.9210455724969506, 0.9247312070801854, 0.927783832885325, 0.9207055633887649, 0.9082567458972335, 0.9112259866669774, 0.9399806531146169, 0.9275746727362275, 0.93602563906461, 0.938097819685936], "val_acc": [0.5599265712126015, 0.6034618436336643, 0.6178861845205563, 0.6170993880621567, 0.6577498048520483, 0.68082874817952, 0.6858117037516018, 0.674009965468416, 0.670600578974402, 0.6320482530119911, 0.6666666706528153, 0.6703383283229941, 0.6585365906494545, 0.6590611166194953, 0.6766325752784534, 0.6603724105196177, 0.670600565718504, 0.6726986584530832, 0.653029110123409, 0.6572252860883387, 0.659585630083972, 0.6490951988161189, 0.6643063127916378, 0.6585365816141845, 0.6517178110022136, 0.6538159006729296, 0.6561762358521402, 0.6475216412275381, 0.6283766031577898, 0.6559139724919529, 0.65722527658411, 0.6480461474231557, 0.6464725896938873, 0.6519800659367772, 0.6480461673382665, 0.6417518938084834, 0.6506687698012852, 0.6490952048656855, 0.6231313920414983, 0.6317859969988227, 0.6066089747241561, 0.6538158959208152, 0.6483084136283589, 0.644636765681256, 0.6333595660768905, 0.641227378499436, 0.6475216351779715, 0.6396538064356648, 0.6388670296735286, 0.6462103366664224, 0.6383425120665838, 0.6443745120441448, 0.6375557329283904, 0.6378179913957758, 0.6317860005316446, 0.6370312135550347, 0.6291633926287055, 0.5955940229261825, 0.6375557359922536, 0.6058221830178708, 0.6464725885371226, 0.6365066934938728, 0.6346708628220287, 0.6480461552391332, 0.6446367741068798], "acc": [0.5262500010430813, 0.6498437421396375, 0.6945312507450581, 0.6873437520116568, 0.6324999993667006, 0.7425000062212348, 0.7560937590897083, 0.7659375034272671, 0.7767187543213367, 0.7771875010803342, 0.737343748100102, 0.8051562532782555, 0.80109375808388, 0.8009374961256981, 0.8173437509685755, 0.791406249627471, 0.8125, 0.817968750372529, 0.8460937542840838, 0.8495312565937638, 0.8407812463119626, 0.843906250782311, 0.870000010356307, 0.8570312382653356, 0.8590625021606684, 0.8626562440767884, 0.8639062466099858, 0.8731250017881393, 0.8914062511175871, 0.8720312546938658, 0.8989062514156103, 0.898437506519258, 0.8600000068545341, 0.9057812551036477, 0.9114062571898103, 0.9217187501490116, 0.8757812436670065, 0.9168750084936619, 0.9209374943748116, 0.9100000048056245, 0.9112500054761767, 0.9232812458649278, 0.9201562507078052, 0.9064062424004078, 0.9260937599465251, 0.9335937444120646, 0.9360937541350722, 0.9221875052899122, 0.93453124538064, 0.9489062447100878, 0.8546874942258, 0.9467187523841858, 0.9443749925121665, 0.9481249982491136, 0.9479687409475446, 0.9440624937415123, 0.9485937496647239, 0.9481250112876296, 0.9414062490686774, 0.9329687366262078, 0.9398437542840838, 0.9554687542840838, 0.9495312394574285, 0.9520312445238233, 0.9607812510803342], "f1_score_pos": [0.536956524476409, 0.6098779598250985, 0.6461538067087531, 0.6635554265230894, 0.5987971578724682, 0.7090979479253292, 0.7210467392578721, 0.7384150857105851, 0.7526258425787091, 0.7515294952318072, 0.7006739005446434, 0.7886794907972217, 0.7716804603114724, 0.7780354153364897, 0.7940313741564751, 0.7694256165996194, 0.7855286728590727, 0.7962026502937078, 0.8229871690273285, 0.8345945421606302, 0.8181873997673392, 0.8100578282028437, 0.8578605819493532, 0.8360639959573746, 0.8353138417005539, 0.8427925435826182, 0.8397587006911635, 0.8462128574028611, 0.8832643683999777, 0.8499964578077197, 0.8829389829188585, 0.88317627646029, 0.8281843774020672, 0.8913023918867111, 0.902004761621356, 0.9097501430660486, 0.8556206040084362, 0.9017740311101079, 0.9104563891887665, 0.8894844390451908, 0.8950841072946787, 0.9176455419510603, 0.902167035266757, 0.892933807335794, 0.9180763075128198, 0.9191799247637391, 0.9252854697406292, 0.9152824878692627, 0.9275069059804082, 0.9386288188397884, 0.8296124348416924, 0.9381417669355869, 0.9400252709165215, 0.9403339922428131, 0.9391596717759967, 0.9341426752507687, 0.9415232837200165, 0.9388967780396342, 0.9297814713791013, 0.9225593507289886, 0.9287465512752533, 0.9446914969012141, 0.9402160570025444, 0.9398659793660045, 0.9547877823933959], "f1_score_pos_neg": [0.36415395187214017, 0.4770828075706959, 0.5433508474379778, 0.5493869250640273, 0.5227410704828799, 0.626299062743783, 0.6528378035873175, 0.6584037309512496, 0.6846503904089332, 0.6802984569221735, 0.6558075877837837, 0.7253088662400842, 0.7161953644827008, 0.7255029128864408, 0.7443591272458434, 0.7229252131655812, 0.7414003852754831, 0.7574577974155545, 0.7904311958700418, 0.7968704029917717, 0.7899405797943473, 0.7966347802430391, 0.8209963161498308, 0.8143138885498047, 0.8156288024038076, 0.8220482626929879, 0.819033551029861, 0.842949328944087, 0.8471549386158586, 0.8343262886628509, 0.8672122973948717, 0.8660185653716326, 0.8233260381966829, 0.8714790102094412, 0.8672844395041466, 0.8963985340669751, 0.8558115037158132, 0.8875106079503894, 0.8932589245960116, 0.8852370781823993, 0.8840391561388969, 0.8972205109894276, 0.8983761444687843, 0.8859128840267658, 0.9014037316665053, 0.9160341108217835, 0.9186668414622545, 0.8951638620346785, 0.9140816228464246, 0.934931967407465, 0.8257815623655915, 0.9301673183217645, 0.9230873975902796, 0.9316405421122909, 0.9320945292711258, 0.9275941262021661, 0.9331272365525365, 0.9333403054624796, 0.9252435173839331, 0.9154080525040627, 0.9199862694367766, 0.9423360750079155, 0.9338953625410795, 0.9379458138719201, 0.9464427987113595], "val_f1_score_neg": [0.06767384094959665, 0.4457636812431682, 0.5338947777669323, 0.3782491460423003, 0.5146084780021506, 0.5281468912462784, 0.5558430323474463, 0.5002194761198211, 0.4666712356151448, 0.3424454553215453, 0.4375019090681479, 0.45585621277116084, 0.5545767933059921, 0.565225884572371, 0.5560663985887163, 0.4738538324238902, 0.5744509649439306, 0.5323628587982894, 0.5594637029414223, 0.4880411324931229, 0.5057825316070979, 0.5135447253338034, 0.4693280939914534, 0.4705961322396751, 0.5241366856341408, 0.44513040768515555, 0.45440329345167385, 0.3326211938028288, 0.5066850508506799, 0.4290497148877956, 0.5166404981047907, 0.5270851955087423, 0.27676264446159377, 0.48690797233406463, 0.5073285997929987, 0.47971936556225586, 0.5093785731022733, 0.4585551672053093, 0.4706524147969858, 0.47490634488803085, 0.5238127146466273, 0.4915800174014824, 0.5143974061372428, 0.42140219481542235, 0.433120490996318, 0.4457898353798759, 0.5250049651435064, 0.5146995945424506, 0.5467338375366175, 0.5104923523882384, 0.4595542738452034, 0.5381260862695617, 0.5127007970965005, 0.45546480223102703, 0.464482674691235, 0.4983321389297222, 0.4956206794395367, 0.20613667395853977, 0.4419476654299469, 0.3981449303822726, 0.4828800060697156, 0.4369733536334104, 0.4956674745725016, 0.5008875449561022, 0.5073138677070311],