{"f1_score_neu": [0.5186722030312839, 0.6860799366100268, 0.6869986717673865, 0.7258249670267105, 0.7197023555636406, 0.7374587688933719, 0.7335540516809984, 0.7494143112139269, 0.7496715858578682, 0.7570932588794015, 0.7690460742874579, 0.7726797265085307, 0.7888878753239458, 0.7753550660881129, 0.7752263166687705, 0.7964579612016678, 0.7961409850554033, 0.8193502710624174, 0.81044890596108, 0.8106008151715453, 0.8357749256220731, 0.7982936338944868, 0.839963358911601, 0.842065227302638, 0.8452067361636595, 0.8455672406337478, 0.8629797758026556, 0.8619966567917303, 0.8667491762475534, 0.8740568093278192, 0.8634117638522928, 0.8743624565276232, 0.8676767620173368, 0.8894390490922061, 0.8924150866540995, 0.8826755359768867, 0.9107673798095096, 0.8923712352460081, 0.9156245399605144, 0.8943697491830046, 0.8827744708819822, 0.9103121371431784, 0.9164900549433448, 0.9082868688485839, 0.9075705503875559, 0.9163165722380985, 0.9026399911804632, 0.9226513410156424, 0.9191317483782768, 0.9117184430360794, 0.9217960394241593, 0.9302488186142661, 0.9114657538858327, 0.9295581823045557, 0.9369277459653941, 0.9388557740233161, 0.9347556775266473, 0.8996548517183824, 0.9428552450104193, 0.9142144058238376, 0.9452711899172176], "loss": [1.0322051684964786, 0.8443970124829899, 0.825079160657796, 0.7757873304865577, 0.7790896967053413, 0.7372435358437625, 0.7242197306318716, 0.7075219303369522, 0.6841874833811413, 0.682865247130394, 0.6606099050153386, 0.634416551752524, 0.5896025875752623, 0.6162020516666499, 0.6031956049528989, 0.5888604708015919, 0.5667889253659681, 0.5339011936025186, 0.5412865995683454, 0.5274488658390262, 0.4819483235478401, 0.5300872908397154, 0.49788952009244397, 0.4696708199652759, 0.4618658298118548, 0.45390800217335875, 0.41741280765696004, 0.42498681524937804, 0.41819227182052354, 0.3878907354717905, 0.4161518839272586, 0.37768898464061995, 0.4124397991055792, 0.34938863868063147, 0.33657398498193786, 0.35985865884206514, 0.2952835930680687, 0.3491605030880733, 0.28812403248792345, 0.3291198243810372, 0.37541837550022383, 0.28942410089075565, 0.2694828086955981, 0.30255244655365293, 0.30290515297515824, 0.2683906929398125, 0.3027563382956115, 0.24836731092496353, 0.25961605611849914, 0.2745493281293999, 0.254074165597558, 0.23336236737668514, 0.27894790284335613, 0.2402189550074664, 0.21762868270955302, 0.20958613282577557, 0.225223501466892, 0.3187585879455913, 0.20112292866476558, 0.289574381980029, 0.1887846514582634], "val_acc": [0.5562549243441036, 0.6433254689361179, 0.6685024796431377, 0.6750590092642489, 0.6750590200659299, 0.6797797039928881, 0.6469971205567301, 0.6622082362205001, 0.6800419606938626, 0.6546026835627923, 0.6475216370850699, 0.6834513465782304, 0.6732231775137999, 0.6658798687544952, 0.6821400551948528, 0.5979543692978729, 0.6766325711359854, 0.6695515293478497, 0.6428009452014466, 0.6590611094913238, 0.6435877262467385, 0.6585365829116367, 0.6252294782575522, 0.6407028688491563, 0.6501442504279294, 0.6475216213124273, 0.6561762340857293, 0.6178861797684421, 0.6548649306032184, 0.6299501608870581, 0.6302124375031434, 0.6359821656167335, 0.6504065107242535, 0.6351953865566999, 0.6309992148749258, 0.642800950641367, 0.6504065033772346, 0.6504065076603903, 0.6236559181522267, 0.6485706752221352, 0.6498819833160728, 0.6467348638557556, 0.6302124266233027, 0.592446888224709, 0.6359821517511893, 0.6383425138329947, 0.6477839057444901, 0.6454235532450733, 0.6307369575643051, 0.6325727798105255, 0.6296879132995136, 0.6370312038319585, 0.6370312104911714, 0.6412273857057673, 0.6304746942041178, 0.63440859225551, 0.6354576522929444, 0.6330973015599385, 0.628376615256923, 0.6160503497844039, 0.631785990949256], "f1_score_neg": [0.2184571981938048, 0.33003479487855325, 0.3953040458939292, 0.4660661362788894, 0.4554710444062948, 0.521125162189657, 0.5161021314561367, 0.5234459227120335, 0.5619601421058178, 0.5777019851587035, 0.5648933290080591, 0.6090104515579614, 0.6294078020886942, 0.6343413144350052, 0.6346091492609545, 0.6296034533191811, 0.6770324720577761, 0.6724469417875464, 0.6811608543450182, 0.6587789570066062, 0.7372560345313766, 0.7217330072413791, 0.7150268978015943, 0.7254519374533133, 0.7541510185057466, 0.7604800293391402, 0.7518413974480196, 0.7747951309111986, 0.7675379758531397, 0.8056963851506059, 0.7758856544440443, 0.8057848574085669, 0.7656660730188544, 0.82812303643335, 0.8233152783729814, 0.8287236514416608, 0.8565850752321157, 0.8081392645835876, 0.8508656370368871, 0.8379122242331505, 0.8106241829015992, 0.8500860042192719, 0.8579375310377642, 0.8565370386297052, 0.8689296875487674, 0.873516518283974, 0.8529459319331429, 0.8898634626106783, 0.8619472994045778, 0.8647040474143896, 0.8761801929636435, 0.9066089689731598, 0.875607734376734, 0.8961671915921298, 0.8919557515870441, 0.899671889164231, 0.898393992673267, 0.8497730378400196, 0.9041259221055291, 0.8608417558399114, 0.8992022743279283], "f1_score_pos_neg": [0.36185749467800965, 0.457962668416175, 0.49315396188334987, 0.5436349900608713, 0.5373889844525944, 0.582384367896752, 0.585034559734843, 0.5907822413878008, 0.620708545500582, 0.6214667341925881, 0.629602288319306, 0.6587829718535597, 0.6804667088118467, 0.671084429052743, 0.6818873489444907, 0.687004111029885, 0.7102908688512716, 0.7284245104952292, 0.719620362601497, 0.7183889360590414, 0.7690462083979086, 0.7383750047196042, 0.7553189505230297, 0.7697832225398584, 0.7816020710901781, 0.7832742468877272, 0.7923051979054104, 0.8021138432351026, 0.7995154756036672, 0.8208443590185859, 0.8036022396250204, 0.8241551708091389, 0.8087555393576622, 0.8445629721338098, 0.8453533412380652, 0.8374697715044022, 0.8682064745913852, 0.8423053107478402, 0.8684395450082693, 0.8551806793971495, 0.8313692984255877, 0.8707300952889703, 0.8794096627018668, 0.8695410144600001, 0.8715487637303092, 0.8827379142696207, 0.8672715798020363, 0.8921855789693919, 0.8833550411191854, 0.8794159333814274, 0.8914045081897215, 0.90373575755141, 0.877837326716293, 0.8992921445857395, 0.9079426709901203, 0.913462410596284, 0.9037540372122418, 0.8627356162125414, 0.9127686362374913, 0.8733919032595374, 0.9151953797448765], "val_f1_score_pos": [0.6726999870442106, 0.6971469681593743, 0.684824723366393, 0.6983202003976225, 0.7197869950443812, 0.7070364760439632, 0.6923335204904798, 0.6607765770477477, 0.7106476119269294, 0.713271257713527, 0.7108074088375492, 0.7125447452334072, 0.7141512628930965, 0.663176952057425, 0.7073471235253509, 0.6765786661990446, 0.7057073943858193, 0.690890279914837, 0.5822924349272373, 0.692772388458252, 0.6486368553393974, 0.6560269183384725, 0.6828045181298925, 0.6328257913355624, 0.6571050344443903, 0.665131456593094, 0.6756866062653525, 0.5644715577793846, 0.6660658102350663, 0.610747349018379, 0.6844939935122955, 0.6689762249725746, 0.6439995530112472, 0.6761113293459182, 0.6376485313420029, 0.663869143095099, 0.6660178044384432, 0.6719623891787675, 0.5720077047909522, 0.6654909266876543, 0.6844394187617108, 0.680133246965931, 0.6312240094391968, 0.6689806824245698, 0.6341050881242739, 0.6166540939383328, 0.6460812077602314, 0.6651209296906304, 0.5994802486261858, 0.6266147826182508, 0.6662097438532881, 0.659204156355629, 0.6545716181940648, 0.6562634343210556, 0.6687282104520951, 0.6441478326881522, 0.6413272806049299, 0.6479562159882672, 0.6378142952043617, 0.6312291449585081, 0.6357083793015359],