{"1": {"val_f1_score": [0.569440509495759, 0.6005435860629098, 0.5409126402104335, 0.6462130846078084, 0.6957379600803526, 0.691854645034756, 0.6047838972273255, 0.7020363859419994, 0.6493617453320021, 0.6510102434355913, 0.6744511411973506, 0.6194027652898049, 0.6932189221023232, 0.6030398920362089, 0.6586104142769034, 0.6641580467926934, 0.6320333144904245, 0.6909035807077322, 0.6177996384981828, 0.6102042084380519, 0.6572070810509079, 0.6030591796334259, 0.6527166650140814, 0.6092607394122652, 0.5793265061462266, 0.6295260285537073, 0.674639252705928, 0.685534299248446, 0.6366279413466875, 0.6684524802720174, 0.6422248091436327, 0.6254151213866284, 0.6685805450797613, 0.6282419321763993, 0.6815244834191087, 0.6761521387687981, 0.6196435913932063, 0.6488109652276368, 0.6172465370484859, 0.6408984276868839, 0.6676237283495822, 0.6592318245409794, 0.6579928327163248, 0.6622395382101317, 0.6712111743641375, 0.6666635808874671, 0.6396958576766894, 0.6623487863020417, 0.6489730094975448, 0.6172812222308948, 0.5956397904456834, 0.6526903872598727, 0.5779502556888632, 0.6006752917718424, 0.6564067877748961, 0.6413963596213687], "val_f1_score_neu": [0.5938680267790437, 0.6149215184576143, 0.69514610232439, 0.637207580916437, 0.703323398569954, 0.6991828208735006, 0.7113013471357784, 0.7315965967168341, 0.7240968795701834, 0.7239561776867258, 0.7330095916791066, 0.7237385726650337, 0.7376796366691339, 0.7192359130713311, 0.7318346165091292, 0.7265190875126939, 0.7235370550198159, 0.7242721803320258, 0.7119002043653779, 0.7233255370501737, 0.720469045038771, 0.7158498920044998, 0.7286217151712377, 0.7129375890518717, 0.7043223867039964, 0.7238202986678457, 0.7199260906350291, 0.7301438757043294, 0.7112599278634344, 0.7003779492914723, 0.7220938764561389, 0.7230953070675329, 0.7131208856369047, 0.7171876602462981, 0.6883757273543704, 0.6958243207546347, 0.7183113292137094, 0.7239545067401498, 0.7101023886230653, 0.7100051674760298, 0.7124418447469746, 0.7033432360837193, 0.7183349106432477, 0.7268929841041315, 0.7184733888810931, 0.7209138240740426, 0.7196403462024552, 0.7190017255778829, 0.710328963135535, 0.7089783105204933, 0.7064616644035447, 0.7079990716265656, 0.7063600111595452, 0.7041750662976477, 0.7127634850256155, 0.7152055818641276], "f1_score_pos": [0.5629829521241941, 0.6808648336874811, 0.6868971656811865, 0.723009937687924, 0.7329674049427635, 0.7388767215766405, 0.747296469776254, 0.7445991760806033, 0.7575776953446237, 0.7788653389403695, 0.7636512447344629, 0.7846950355329012, 0.7900295712445912, 0.77736013500314, 0.7912973792929399, 0.8109333907303057, 0.8142213593972357, 0.8102310621424725, 0.8512617365310067, 0.8133412191742345, 0.8386223229922747, 0.8311742363791716, 0.8463686712478337, 0.8487877579111802, 0.8670500109070226, 0.8456843691436868, 0.8900583402106637, 0.8577621477214914, 0.8861012945049688, 0.8956485273022401, 0.8891587806375403, 0.8962923202075457, 0.9088312959984729, 0.8810823128411645, 0.8969129096520575, 0.9194720591369429, 0.9238087770185972, 0.9267314045052779, 0.9258214509800861, 0.9309068510406896, 0.9243806373131903, 0.9162624815576955, 0.9314381989993548, 0.9240062754405173, 0.9313965047660627, 0.9072952913610559, 0.9488637125805804, 0.9344563758686969, 0.942958434161387, 0.9528727421635076, 0.8971891622794302, 0.9543695685110594, 0.9477817212280474, 0.9531684729613756, 0.9501137537391562, 0.9406788474635074], "f1_score_pos_neg": [0.42412037441605016, 0.5825253638782, 0.6103573590517044, 0.6498723202630093, 0.6543161680823878, 0.6797839575692227, 0.6993979976365441, 0.6965043356544093, 0.7120818495750427, 0.7248287051916122, 0.7253063305428153, 0.7463350852853373, 0.7691008197633844, 0.7594046333902761, 0.7627969870441839, 0.7787884465957943, 0.8027576882588235, 0.7852137622080351, 0.8106781683470073, 0.8064906416754973, 0.8273792259002987, 0.8132162705848092, 0.8424064901314283, 0.8259451389312744, 0.8525925074753008, 0.8335720496742349, 0.8848285337812022, 0.8425604591244146, 0.8739421853893682, 0.8856513413943743, 0.8888671327578394, 0.8905112335556432, 0.9022588196553682, 0.8724777125998547, 0.9014578187151959, 0.9043872717179751, 0.917685769890484, 0.9235553490488153, 0.9132894897147229, 0.9224682999284644, 0.906427914374753, 0.9216137716644689, 0.9324652678088138, 0.9208660894318631, 0.9316857614015278, 0.9084491125847164, 0.9398950503060692, 0.9346399424891723, 0.9410132357948705, 0.9343096151163703, 0.9140142861165499, 0.951349846626583, 0.9462259176530337, 0.9433092090644335, 0.9388957792206815, 0.9367791335833701], "val_acc": [0.62129556557465, 0.6459480689449195, 0.6315237342482816, 0.6700760595228864, 0.7086283788886122, 0.7075793255885504, 0.6753212706391779, 0.7172829758892715, 0.6923682110033853, 0.6963021175585611, 0.6934172541114123, 0.6766325782641569, 0.716758463034441, 0.6803042226784378, 0.6984002133570035, 0.6824023046113361, 0.6795174375688376, 0.7070548000874683, 0.6876475276860733, 0.6789929175076759, 0.6740099721276288, 0.6782061431997566, 0.6842381340638878, 0.6532913711075391, 0.6378179835797982, 0.6824023100512565, 0.7012850815562667, 0.707317070653987, 0.688434308121719, 0.6936795125006379, 0.6892210980615934, 0.6800419569421934, 0.6892210871817526, 0.6810910035830422, 0.6957776034688061, 0.6968266537831644, 0.6795174519033405, 0.6803042220687916, 0.680566473939492, 0.6608969340354415, 0.6963021192468123, 0.6936795052943066, 0.6952530798122947, 0.6879097784781687, 0.6976134299356544, 0.6928927346598968, 0.674534486139224, 0.685287172200953, 0.6897455957534274, 0.6763703131375587, 0.6540781526217897, 0.6876475247003699, 0.6556517199334465, 0.6685024837856057, 0.6928927310645471, 0.6850249155781384], "val_loss": [0.7928409884990809, 0.7582753788071169, 0.8535891916381072, 0.7145771945270065, 0.6841259136338763, 0.6790306272545481, 0.7310149826748366, 0.6688592333884931, 0.7005149175918793, 0.7025605383395773, 0.7381203715925669, 0.78666598503589, 0.6678407897700358, 0.8004639027251867, 0.7322244283535835, 0.7986370626159957, 0.8231595303797828, 0.7025675009530641, 0.8048441105241573, 0.8686056541796279, 0.8532069065800308, 0.8660686654804449, 0.878248573521945, 0.9625260207930044, 1.120699974079317, 0.9046501635160779, 0.7785057227442091, 0.7742582452506679, 0.8556915210076839, 0.8091415489342092, 0.9507788220103445, 1.0614520190989536, 0.8975705161608645, 0.9223920258361462, 0.817751689248594, 0.8481124155702098, 1.0717551165479955, 1.0573962784301194, 1.0079172755707102, 1.1780963883198623, 0.9238161525950168, 0.9300393740586211, 1.044777619410399, 1.0321803136413379, 1.0048197300734871, 0.9516884261561979, 1.1543404450730455, 1.0429488606350397, 0.9997835173526837, 1.130833633828282, 1.1269455027649042, 1.0428701213204639, 1.3801158660983215, 1.2389444520771737, 1.0483218272964754, 1.0750298229628212], "val_f1_score_pos": [0.6890428397338471, 0.7106281842204989, 0.6035984411597283, 0.7192263443608188, 0.735788766946375, 0.7383937204943971, 0.6973106552696028, 0.7216828759655126, 0.697296122756806, 0.7129653175765687, 0.6514863774997182, 0.6636341426149304, 0.7221814916260813, 0.7011646545999418, 0.6965589033566276, 0.6306701048196472, 0.6612331828607089, 0.7153667705971333, 0.7263173336842664, 0.6828006869878102, 0.6115433657979077, 0.7017957287262407, 0.6505957541426992, 0.589228441013053, 0.5673695335605781, 0.6806348648372673, 0.7150245618857707, 0.7121199162150817, 0.7183912068316232, 0.7206501787396012, 0.6983279358080732, 0.6752846944747933, 0.6913648900352937, 0.6887148167559896, 0.7337582233600531, 0.7319962566304701, 0.6908868382585477, 0.6511536152257151, 0.7107177005488198, 0.612978332410983, 0.7154681273185766, 0.724769626800513, 0.7141459695223026, 0.6657751021252634, 0.7087166475055413, 0.6955346231100411, 0.6481314662276307, 0.6870550593615766, 0.7149654549311816, 0.6985472789155883, 0.6333220265932731, 0.7074880404888786, 0.65510038748958, 0.6919675091730464, 0.7178095480040744, 0.6999062576882957],