{"1": {"val_f1_score_neg": [0.3410825544362448, 0.24912851467038188, 0.5609123702259466, 0.5549347912251708, 0.48083790922239994, 0.5987990569596455, 0.576289869808046, 0.5727848271984696, 0.6113100390256229, 0.5963179703719756, 0.6207068586639064, 0.5185853973252249, 0.44537352141473835, 0.5572618391135229, 0.6256018925292289, 0.6337361733654947, 0.6205895786557818, 0.55992530803127, 0.5480307191811432, 0.4145466793618436, 0.4698538492914261, 0.3440556276021538, 0.38690266369754434, 0.526809630204148, 0.5223076160405598, 0.6253647446310633, 0.5968420164734192, 0.5177895686833428, 0.5247651540745072, 0.37345067756539574, 0.48914091451930614, 0.2554842491596066, 0.5442030666060025, 0.5794724805956749, 0.6144820159746085, 0.614461733530193, 0.1449326493693964, 0.5228209603599637, 0.5983565829382573, 0.6287454575554937, 0.6105910687365084, 0.5904464418427986, 0.6092333847265549, 0.6249421285285212, 0.6113068571082119, 0.5942030437240394, 0.6165409951235762, 0.6210619278228664, 0.5638327603398064, 0.5857389964769941, 0.6097856986056134, 0.6187496831757069, 0.5947947729776102, 0.5475580520689943, 0.5108704470697953, 0.5669648879506382, 0.6066413977850786, 0.5886507316639549, 0.5490222186104864, 0.5021264814493949, 0.5343124532131156, 0.5175181236612437, 0.5527300747246341, 0.5559074998009167, 0.6104899417748068, 0.5964206752614079, 0.584926799402224], "val_f1_score": [0.4036422400553914, 0.3507677820342326, 0.4828513238245552, 0.4870993312124835, 0.4759800011008053, 0.499153602970542, 0.511497989705807, 0.5067378603226957, 0.5210099860831419, 0.5209702932775637, 0.5203100031847574, 0.5116526589058993, 0.48138380613726, 0.5059271341393351, 0.5298965586985332, 0.5371479987830018, 0.5410370962393483, 0.5373344433720564, 0.51727578101585, 0.47478101172267023, 0.503786738155878, 0.4470346458742225, 0.46084517898776217, 0.5086408522662096, 0.5235369158552619, 0.5180693801008148, 0.4676671795248717, 0.4591514595821533, 0.46297564583751355, 0.4459373085712239, 0.5070716628232519, 0.43530819124323905, 0.47993158158610333, 0.5303101163429556, 0.550123362835066, 0.5164460630176628, 0.3836718646728183, 0.5171132291484083, 0.5366847739796675, 0.5496297604427433, 0.5034329894690486, 0.539367982545416, 0.5459429327561091, 0.5422096627014905, 0.5074124397911899, 0.5278005509080513, 0.5261037490199506, 0.5471206415198271, 0.5223393288218541, 0.5365052000123854, 0.5301092704083541, 0.5287212091579772, 0.46217623222962834, 0.5170119314165841, 0.5006145539714901, 0.5291380830246535, 0.5348256572216307, 0.5062811529641745, 0.5260656907437248, 0.47678576824743363, 0.5165297345057619, 0.5123434557981229, 0.5064716034787119, 0.5032246055712423, 0.5234874999582151, 0.47810627043488535, 0.46141464140197475], "f1_score_pos_neg": [0.3297056630253792, 0.2538492977619171, 0.24280648678541183, 0.27401944622397423, 0.33466440066695213, 0.34863103181123734, 0.39852046966552734, 0.4673510566353798, 0.442880243062973, 0.4936129152774811, 0.48625724017620087, 0.4926169738173485, 0.5258085206151009, 0.5601488128304482, 0.5712725073099136, 0.5836081653833389, 0.5901146233081818, 0.6317633092403412, 0.6357106417417526, 0.5920499265193939, 0.6467130780220032, 0.6778343021869659, 0.6741343289613724, 0.6815163344144821, 0.7555801272392273, 0.7569839805364609, 0.6727801561355591, 0.6874571889638901, 0.74022576212883, 0.7199645191431046, 0.7521098405122757, 0.7946602255105972, 0.7075534760951996, 0.8472975939512253, 0.8803465962409973, 0.8232624977827072, 0.717605322599411, 0.7254409193992615, 0.8848372399806976, 0.8695672452449799, 0.8129337728023529, 0.877361848950386, 0.9238969087600708, 0.9061482846736908, 0.8200840353965759, 0.8686822354793549, 0.9137018918991089, 0.865880161523819, 0.9264133423566818, 0.9332707524299622, 0.9544461518526077, 0.9277916252613068, 0.8280911445617676, 0.9154417961835861, 0.9434277713298798, 0.9565531015396118, 0.9548272043466568, 0.9606695920228958, 0.9592829942703247, 0.9597453773021698, 0.9595851749181747, 0.9669650793075562, 0.9727337956428528, 0.9625982493162155, 0.947183683514595, 0.9158675223588943, 0.786283940076828], "f1_score": [0.2634126730263233, 0.3990868031978607, 0.4022146165370941, 0.41677168756723404, 0.45847612619400024, 0.4726436734199524, 0.5072189792990685, 0.5597161054611206, 0.5405791997909546, 0.5722108036279678, 0.5669733881950378, 0.5691524296998978, 0.5971005111932755, 0.6239122450351715, 0.6375626623630524, 0.6392134428024292, 0.6380687355995178, 0.6773097664117813, 0.6888197213411331, 0.6456090211868286, 0.6929223388433456, 0.7200878113508224, 0.7134883850812912, 0.7103661298751831, 0.7849057465791702, 0.7847066670656204, 0.7098070532083511, 0.7233048528432846, 0.7680955231189728, 0.7484048157930374, 0.7734469026327133, 0.8136846572160721, 0.7313003391027451, 0.8597952127456665, 0.8905638307332993, 0.842730388045311, 0.7530137300491333, 0.7448403090238571, 0.8940437734127045, 0.8839169591665268, 0.8287544548511505, 0.8795734941959381, 0.9280449748039246, 0.9150073975324631, 0.8314502984285355, 0.8779510855674744, 0.920298382639885, 0.8750206828117371, 0.932672917842865, 0.9387746304273605, 0.9581375122070312, 0.9333883970975876, 0.8390354812145233, 0.9173123389482498, 0.9467785805463791, 0.9602341800928116, 0.959846019744873, 0.9633849412202835, 0.9625358283519745, 0.9638907611370087, 0.9633524268865585, 0.9697086066007614, 0.9753709733486176, 0.9669855982065201, 0.9519873261451721, 0.9227750450372696, 0.7967851459980011], "val_f1_score_pos": [0.1894530900228254, 0.0962257100704067, 0.2085669498909072, 0.21237978423655274, 0.24013227792779337, 0.2633833561027259, 0.25840014853404547, 0.23435125068614357, 0.35406357777906977, 0.2711307050084617, 0.2838791065048753, 0.3058510796609785, 0.2834410142426656, 0.23970901521004057, 0.30499175345098656, 0.3703991491489994, 0.32504509042846264, 0.3567647153710225, 0.36334765541944963, 0.28871154192595455, 0.32615770319802667, 0.273674517400727, 0.2650620780895274, 0.27315524259345036, 0.34315669874430665, 0.29770798902762563, 0.08633723668670311, 0.13385682992446116, 0.138362905670006, 0.2332114930684857, 0.30876115770206974, 0.334367656849871, 0.16380616583456287, 0.2896587427033533, 0.33404431918747407, 0.3788477078757198, 0.28780252092655745, 0.30298637009878926, 0.2966182713861461, 0.35204550465698775, 0.3305824502223363, 0.32053127917040053, 0.3319410775971209, 0.3347229427359311, 0.284177319160518, 0.2764818127687268, 0.3612764329321471, 0.33751700707936255, 0.28802396591000334, 0.32147671193139166, 0.286057316380152, 0.3363373077939986, 0.2567677563688962, 0.2913985749756062, 0.26977770419953057, 0.30972826507678186, 0.30523694205058893, 0.21970044665651925, 0.3134425125355877, 0.21121627312225638, 0.3092018106312994, 0.3108802296613392, 0.2503638171661667, 0.2380726674468572, 0.330780351451534, 0.3388247674802805, 0.09104371025950535],