{"1": {"val_f1_score": [0.5259996554590791, 0.6544414274091643, 0.6276488567380307, 0.6393363341990025, 0.669455115888302, 0.630729955417604, 0.6839754483751697, 0.6945261511157387, 0.6937011570527801, 0.6615950705152842, 0.6472697828718286, 0.6756821209259494, 0.6394703621286562, 0.6171182003385152, 0.6441710778899684, 0.6627075461274584, 0.6275059631294132, 0.6107893606636614, 0.6038149274649222, 0.6612090265034941, 0.6821905324661041, 0.6509122855857761, 0.6329417785352651, 0.6273382193079903, 0.6634353506824584, 0.6857036898807063, 0.6438506122589611, 0.6764145829438101, 0.6514218042692799, 0.5845030694535608, 0.6586911632981539, 0.6107083554346668, 0.6734041782335881, 0.6396691834960996, 0.6223311152728311, 0.6324233925470741, 0.561844266980394, 0.6558317053890154, 0.6340887203417892, 0.6522299469752227, 0.658384934454617, 0.655140407670679, 0.6299501309987601, 0.633128495657816, 0.6545900064223775, 0.6053726218392647, 0.656018838587315, 0.5655359960809143, 0.6366847878736741, 0.6531740879562312, 0.660311328936461, 0.6015879389747621, 0.6480598186152269, 0.6276190643575665, 0.6632395276490578, 0.6358006736940204, 0.6475599691713385, 0.63369597842804, 0.6408003470011655, 0.6357456792879692], "val_f1_score_neu": [0.6642672042505278, 0.6667334433462312, 0.7167796508990152, 0.7133600970218728, 0.729827438396886, 0.716150902276148, 0.7378312208944501, 0.720179485393077, 0.7143022228093902, 0.7237835095337048, 0.7269116221154546, 0.704961913669325, 0.7287217874774587, 0.7154898824042734, 0.5832316877020959, 0.7337570089134619, 0.7204768773673433, 0.7158004318733026, 0.7147718704406464, 0.7237101059994171, 0.7238390275946196, 0.7258893767117266, 0.7192881114208383, 0.7145158447932922, 0.7283325600961734, 0.7216389595039742, 0.7039334947219397, 0.7221166073666324, 0.6610089135301291, 0.697314927498562, 0.7142496470106952, 0.7092415416706525, 0.7171598674273697, 0.7120891793206268, 0.7105724461085522, 0.7162482720830764, 0.6913019981154175, 0.719898861660721, 0.7107385416341022, 0.7243050998225788, 0.720199455997308, 0.718986850553318, 0.7205773079423432, 0.7163188430602051, 0.7147661085176306, 0.7052747096066209, 0.7147172977378479, 0.6998792513286601, 0.7194912139118234, 0.7102730407072058, 0.7172573836744535, 0.7068166105634047, 0.7119849749728198, 0.7103006287944182, 0.7058542034552849, 0.7036101683024625, 0.7211293579398445, 0.7133477442601582, 0.7194282980281601, 0.7188332199174965], "f1_score_pos": [0.5521560695308906, 0.6712558338275323, 0.6624644587819393, 0.7039033094277749, 0.7184646611030285, 0.7438037212078388, 0.7455478723232563, 0.7544092776683661, 0.773628654388281, 0.76338018820836, 0.7751677254071603, 0.7714237547837771, 0.7743696570396423, 0.8273310076731902, 0.7828063036386783, 0.8204589279798361, 0.8014662472101358, 0.8474365484256011, 0.8156473877338263, 0.8534624461944287, 0.8242103159427643, 0.8723017687980945, 0.8618489790421265, 0.8855485709813925, 0.8359273236531478, 0.8999829051586298, 0.8724710081632321, 0.9142436637328222, 0.8964323355601385, 0.8951566907075735, 0.8921271757437632, 0.8981968313455582, 0.8832198438736109, 0.9265897468878672, 0.9245960414409637, 0.9265033190066998, 0.9176975121864905, 0.9386162058665202, 0.9425418262298291, 0.8618069634987757, 0.9378931476519659, 0.954213716662847, 0.9163551170092362, 0.9550953965920669, 0.9570871408169086, 0.9542530282185628, 0.9351524366782262, 0.9280652163120416, 0.9582349692399685, 0.9499482042514361, 0.9148616721996894, 0.9679220261482092, 0.9610440925909922, 0.9734162699717742, 0.968625219968649, 0.9707650301548151, 0.897135276060838, 0.9642621530936315, 0.9689876551811512, 0.9746017341430371], "f1_score_pos_neg": [0.4156808956311299, 0.5517884005720799, 0.6028291840965931, 0.631551057100296, 0.6596951519067471, 0.688510652918082, 0.6975372204413781, 0.6991918236017227, 0.7201921171866931, 0.7104542553424835, 0.7409887737952746, 0.7448563163097088, 0.7305054125877527, 0.7789093278921567, 0.7647511053543824, 0.7800317933926215, 0.7843153900825061, 0.8236918243078085, 0.8107059552119329, 0.8336833600814526, 0.8206791304624997, 0.8347897311815848, 0.866544206555073, 0.8524966996449691, 0.8474179219741088, 0.8933113331978138, 0.8476865050884393, 0.9020824730396271, 0.8972764634169065, 0.8790095345332072, 0.8851322806798495, 0.8917886190689527, 0.889737612926043, 0.9149460448668554, 0.9181688416462678, 0.9251309358156644, 0.9180629127300702, 0.9334958230073636, 0.9355124005904565, 0.8509888626061953, 0.9360393984959676, 0.9471859920483369, 0.9235322085710672, 0.9520356563421396, 0.9465656670240256, 0.9551652704293911, 0.941924335864874, 0.9253592697473673, 0.9558388246939733, 0.9521466367519819, 0.9280163783293504, 0.9640588049705212, 0.9526546826729407, 0.9720578159277256, 0.9641678035259247, 0.9668686573322003, 0.908984029522309, 0.9569397350916495, 0.9661981337345563, 0.9657691969321325], "val_acc": [0.6268030425053458, 0.6713873610982988, 0.6813532741495608, 0.6614214456709795, 0.7010228237766873, 0.6632572823923902, 0.7115132460092705, 0.7094151627789199, 0.7099396852161388, 0.7044322174770327, 0.6871229951349794, 0.7039076757343491, 0.6900078628652839, 0.6574875410229022, 0.6569630257138548, 0.6978756891533736, 0.6813532652549784, 0.663257266150789, 0.6640440591545265, 0.7012850791802095, 0.7036454268493523, 0.6837136092506116, 0.677943884122725, 0.6519800652489711, 0.7033831641769709, 0.7081038431954952, 0.6889588366085045, 0.6960398567151186, 0.665093097901238, 0.6226068696042792, 0.6755835310136619, 0.6624704983613949, 0.6981379434001311, 0.6797797050714931, 0.6627327647072857, 0.6679779632554853, 0.6136900093841202, 0.6942040392991723, 0.6826645613123106, 0.6863362105568657, 0.6858116904957039, 0.686073957388713, 0.6721741367036703, 0.6808287421299534, 0.6763702998816608, 0.6417519111286897, 0.6842381231840471, 0.6393915478275919, 0.6740099769579029, 0.6847626492947754, 0.6845003919841547, 0.6556517265926595, 0.6824022992495755, 0.6758457841818144, 0.6884343087313652, 0.6577498011785388, 0.6787306584306443, 0.6653553630278363, 0.6677157022713552, 0.671911882378753], "val_loss": [0.80688509703808, 0.7438186096638605, 0.7126751724985244, 0.7863659386931209, 0.6849722224928844, 0.7709034034938848, 0.667629753092659, 0.6667854679152936, 0.6639796417434166, 0.6750769068054912, 0.7197732112240735, 0.6695339299861509, 0.7302882821110331, 0.8665707920624958, 0.7559056921234101, 0.7450492283255604, 0.7686637982339206, 0.8883663510638461, 0.9020629853768327, 0.7240072585702911, 0.715204574650365, 0.8465440145728158, 0.8394399007849265, 0.9966068053664481, 0.7501395187164085, 0.7528695522597728, 0.7775963417601467, 0.8354848987187672, 0.8996711013168918, 1.3041153848249394, 0.9238591764562873, 0.9679415359323243, 0.8003056803745077, 0.9194639321077599, 1.042507583251501, 1.0733780809315427, 1.4829748039198085, 0.9431054095974314, 0.9764181025035107, 0.9170431679795178, 0.9478097651187998, 0.9734383875261352, 1.0363153436819836, 1.0157827456073125, 1.0544907308581493, 1.3526468090644634, 0.9704219415654919, 1.3978544751271593, 1.160065914963663, 1.0156964542294875, 1.005727161502638, 1.2859996436244385, 1.0387744321430445, 1.1812859087080396, 1.059402402979853, 1.2623987226638773, 1.1276255286712207, 1.218290987366177, 1.2148963799790513, 1.204997627809546],