{"val_f1_score_pos_neg": [0.6066863157759805, 0.6421669228102571, 0.6558915040888813, 0.654957351645803, 0.6324510683139227, 0.6541387086429841, 0.6302815219907663, 0.6587786588523759, 0.6111612494398908, 0.6524810149949146, 0.6641271104344914, 0.6432026537765895, 0.6581487666113058, 0.6177865255857559, 0.6578831392387502, 0.631554902991128, 0.5784508632356777, 0.6512222043054172, 0.6304338588947203, 0.6070796093570571, 0.648914035055039, 0.639962989937562, 0.542845194323495, 0.6590320272705794, 0.6091582928309127, 0.5926817348239117, 0.6064812868028496, 0.5750309793835952, 0.61003263158308, 0.5372478049194722, 0.5870155819813598, 0.6438324956983961, 0.6511911995105159, 0.6166033815468449, 0.5719445439076567, 0.6319126935571691, 0.5259330564366843, 0.6312326724654947, 0.6303606924971914, 0.6424046159572186, 0.5495546616002265, 0.6328386205905321, 0.5098179332890475, 0.6136563153458242, 0.633840693862864, 0.5901571769524271, 0.6255837402067377, 0.6023045169722524, 0.6179707878191828, 0.6189720933280403, 0.6090710375398405, 0.5821564871277548, 0.6324375326977981, 0.6321126779733354, 0.6113461902877524, 0.5771663054186873, 0.6057620022417585, 0.6213283932430989, 0.635274586326145, 0.6147066171232434, 0.6123891436081372, 0.5940507853903422], "f1_score_pos": [0.48280028322086177, 0.4769303707957065, 0.555327485432568, 0.6086470010273073, 0.6465200868048229, 0.6290762959070343, 0.6502720226981824, 0.6610075202035753, 0.6585941485120466, 0.6922693605727881, 0.6919003479126564, 0.6798896389577964, 0.7004142816618009, 0.710972999442444, 0.7172438904893041, 0.6989254794531196, 0.7400618022791869, 0.726621850140333, 0.753949451976932, 0.7656546664185806, 0.7426561664236511, 0.7781494414316544, 0.789266552277038, 0.7594332242139551, 0.8131785516376018, 0.7585959684492288, 0.8296286661695048, 0.8097839557484006, 0.8007529664439584, 0.85072156613742, 0.8102939185973301, 0.8246080704104022, 0.8634146005748514, 0.8565441627674024, 0.8348346034482886, 0.849367682411524, 0.8780677080473238, 0.8700135691073756, 0.8773961322109919, 0.8858789182654153, 0.9127173486516449, 0.8635635106719499, 0.8803577544971478, 0.9238810383024338, 0.9165156435102783, 0.9040889955482835, 0.9237644978459955, 0.8819840259427952, 0.9310593738075941, 0.9247316280305168, 0.8915417429857697, 0.9435450729012577, 0.9312048733973486, 0.8991071826171736, 0.9421792159021379, 0.9354086530460745, 0.9486384519022397, 0.9427330367848614, 0.8663401201697066, 0.9475970502001742, 0.9540807191484489, 0.9570536027127393], "val_acc": [0.5001311352050996, 0.5927091574937754, 0.6129032264317298, 0.6142145244743203, 0.6774193495863727, 0.5643849989075439, 0.682402295576066, 0.6055599322257753, 0.6734854477833113, 0.6113296610271715, 0.6926304821795501, 0.6134277477121841, 0.66981379025382, 0.6771570952614555, 0.6317859939349595, 0.6824023069873932, 0.6640440536364464, 0.6800419569421934, 0.6081825359080865, 0.6661421492942011, 0.6042486300407167, 0.6197220024836211, 0.6611592052116064, 0.6661421475277902, 0.6021505300998062, 0.6412273814851395, 0.6679779589723296, 0.671387350218458, 0.6380802527707048, 0.6163126064072185, 0.6669289266659837, 0.6839758658734263, 0.6160503544583584, 0.6685024783456854, 0.6517178013416653, 0.6580120639290798, 0.6404406011276536, 0.648308426806097, 0.6543404068685472, 0.6726986662690607, 0.6268030425053458, 0.6795174368810316, 0.6535536396887994, 0.6698137967723453, 0.6467348510688163, 0.6611592033045078, 0.6354576526837433, 0.6745344813089498, 0.6703383209759752, 0.6606346767248208, 0.6687647434722837, 0.6488329353777718, 0.6401783329371921, 0.6677157040377661, 0.6700760534733198, 0.647259368753921, 0.6577498035545959, 0.6682402253182204, 0.6732231802806559, 0.6598478891610037, 0.6546026678526774, 0.6559139784633597], "val_f1_score_neu": [0.11844287820525785, 0.4681341972777514, 0.5004498419597835, 0.5102766017306674, 0.7049065106908636, 0.29958209352420756, 0.7136227592939222, 0.4592651069445651, 0.6965115898680319, 0.48739200826551604, 0.7111202493884449, 0.5007996185695659, 0.6471576828860311, 0.7201548562786444, 0.5416073573564189, 0.7172867009529066, 0.7140592525019722, 0.6773146766707118, 0.5183148130543926, 0.7123879495331099, 0.4659202512936926, 0.5384553164720473, 0.7125092769525759, 0.6419972631989456, 0.49981431116308717, 0.6204272933185117, 0.7107323153951242, 0.6886956141028165, 0.6613808479204035, 0.6901766387083822, 0.7126799436838583, 0.6963401373652627, 0.5014050165921599, 0.7048513460997174, 0.7067251912946624, 0.6410971357539167, 0.7011382325471558, 0.6442742230321302, 0.6308715115561436, 0.6839569352631678, 0.6920592039393654, 0.6989441360822037, 0.7015870690283237, 0.690705505922464, 0.6119251347669866, 0.708165815909516, 0.5841109343723084, 0.703827255531274, 0.7068804251906943, 0.6902137330095505, 0.7076847719264537, 0.7017920520591385, 0.6126067819258937, 0.6773095180630028, 0.6916898150097627, 0.7023313826630505, 0.6543025782875523, 0.6886942776175519, 0.690173053972808, 0.6788924185897683, 0.6873064921998365, 0.7005770571457568], "f1_score_neg": [0.21308983661417338, 0.40342990253025557, 0.43708159486336806, 0.47341677529835624, 0.4927965516725828, 0.5014276586032801, 0.5325124090586791, 0.5418802244281236, 0.5645830831242512, 0.5501443721823178, 0.6186784780897887, 0.6036673019090593, 0.6063379756064708, 0.6470560812613926, 0.6728694633848615, 0.6069418613475343, 0.678375124018354, 0.6511154539417588, 0.7092391171871008, 0.6906700491499443, 0.713931558226658, 0.714114311349789, 0.742633664126875, 0.746266159746382, 0.791624873724408, 0.738012284424483, 0.8240874917467175, 0.7396629124756657, 0.7793250842567433, 0.8231653606488761, 0.7867593213267319, 0.8317339527992446, 0.7909600653411871, 0.8697179020277173, 0.860099283906337, 0.8440785129922977, 0.8517318946034723, 0.8767563799509827, 0.8625056471031657, 0.9082549699402598, 0.8949255033939852, 0.8392464335226184, 0.9046860832296205, 0.8678925567782768, 0.909588512150064, 0.9229764995886814, 0.9027406552862199, 0.8965220595982832, 0.9125589107962788, 0.9341154417764407, 0.9257404340058384, 0.9380621715905514, 0.8973914343830214, 0.8491646861206897, 0.9298839614306116, 0.9417191121139405, 0.9339830121824755, 0.9422387424942469, 0.88025432280198, 0.9453589110197071, 0.9449832119154519, 0.9450647714304397], "val_f1_score_neg": [0.5878324123339299, 0.6221254693376965, 0.6324458122566057, 0.6315765598143551, 0.5955645195336721, 0.6436644975763276, 0.5870063885471936, 0.6343901466891861, 0.53428640205842, 0.6152407667501186, 0.633603527231414, 0.60023715562968, 0.6050085334867872, 0.5852459557813638, 0.6146742792039477, 0.593293256969737, 0.5226548929524616, 0.5882167200263079, 0.5557819117781937, 0.5884243393707176, 0.6157401607100994, 0.5795268463613229, 0.43888505034142833, 0.6070742883802305, 0.5399864996445639, 0.49209891403875045, 0.5678988970579703, 0.4400804475664999, 0.5592313614411834, 0.5749501010079162, 0.5296470983397952, 0.5781405669417933, 0.611550995864613, 0.5796708231862686, 0.5453321360991503, 0.5619062856679947, 0.457079627946578, 0.5690361920098386, 0.5567499840162634, 0.5888597152222494, 0.5622138668788627, 0.5703751349930621, 0.3557701043700597, 0.537927813661902, 0.5701136498384953, 0.5466660429666651, 0.5566717191471567, 0.516373290372839, 0.5804577906269931, 0.5784969292786251, 0.5596575710737827, 0.5632915239211552, 0.5651628023334416, 0.5727172677922743, 0.533273941633303, 0.5547022403552718, 0.5113769325721055, 0.5576524117347483, 0.5811774085238948, 0.553203119401259, 0.5699926261166528, 0.5510631278997452],