{"1": {"val_f1_score_neg": [0.44067094846094435, 0.4166027694557584, 0.5614431162315687, 0.4020398368742908, 0.486115333237049, 0.4268625416047236, 0.49724214911898573, 0.5679772303168804, 0.5128701658127598, 0.6060827665056359, 0.48072256274871117, 0.5916554765878873, 0.44794959131576495, 0.39519230834211605, 0.5813570897972493, 0.5433645751293081, 0.6115582342883155, 0.6383572235340025, 0.644082237409226, 0.5083882811030096, 0.3986990562486986, 0.6491551746416679, 0.6209410842309747, 0.527547839070567, 0.6358197118521299, 0.6143431721976695, 0.572506910088867, 0.6124811393990155, 0.27817752197631035, 0.6333921537948286, 0.4814295519720748, 0.5767251045379369, 0.5757230121320919, 0.5974129665845215, 0.6025558900026521, 0.49734317703006964, 0.3479575211611627, 0.6105408582385994, 0.48575063393305457, 0.563609315549924, 0.587006194507735, 0.3970138160240735, 0.5080040497414684, 0.5154946103609988, 0.2803214970314687, 0.47616601856305724, 0.5175408449443094, 0.4328291735763535, 0.5235056003466261, 0.5754837074868797, 0.5733848931656214, 0.5313184813286356, 0.5565160109463433, 0.47582133833798657, 0.5003195168651248, 0.56619054632427, 0.49586594756619373, 0.5140491496881975, 0.4583428494970285, 0.5186134877556301, 0.5404604781246111, 0.5254008413893076, 0.5590133512548471, 0.5737962408888662, 0.5763555198024647, 0.5393836755875118, 0.539545744102582, 0.5045652709981446, 0.5789772518938556, 0.5513446183771153], "val_f1_score": [0.6007542161375026, 0.6062366892714341, 0.660951444429267, 0.5940640211543041, 0.6400383410727668, 0.6025199644402385, 0.6335879145505201, 0.6747355370455266, 0.6085131830535097, 0.6787807494050213, 0.6318601963715762, 0.6824033581425817, 0.603506026635669, 0.5847132699776596, 0.6594913114470945, 0.6451577185458972, 0.6680734836301746, 0.6909710754255219, 0.6840568932529012, 0.5940339944352011, 0.6089887289496941, 0.6841129391893076, 0.6853832578115066, 0.6509125257082383, 0.6734351255654226, 0.6634762445804236, 0.6696220633397726, 0.6694242278172092, 0.49763402332635553, 0.6853059180415023, 0.6270936722834217, 0.6180140921333597, 0.6272750885005763, 0.6705075779393874, 0.6666053240611238, 0.6226099980274523, 0.577387131639206, 0.6619667390685303, 0.614221589414585, 0.6584687646280084, 0.6571908535183242, 0.6014262757962875, 0.6328218650886651, 0.6365047866767265, 0.5315059707791918, 0.6086107377552029, 0.6225086515293077, 0.6062849553713735, 0.6345276738632516, 0.6595874145341739, 0.6346552825774416, 0.6198193442937179, 0.6483610816868528, 0.6223302240950712, 0.6302195031624781, 0.6513626602669572, 0.6167624100530801, 0.617645050280056, 0.6027092224276663, 0.6273007613450187, 0.6378717276170252, 0.6254420349237145, 0.6411951150351424, 0.6452333002837036, 0.6265870526554139, 0.6353058068107627, 0.6353125262691879, 0.625000792258748, 0.6486368594818656, 0.6389692196563382], "f1_score_pos_neg": [0.40746199935674665, 0.51642577201128, 0.5372360229492188, 0.5711664661765099, 0.5892199903726578, 0.6022317662835122, 0.6117657035589218, 0.6384239047765732, 0.6389245510101318, 0.6564202338457108, 0.671753978729248, 0.6670908212661744, 0.6860150307416916, 0.7016071498394012, 0.7011279195547104, 0.73275885283947, 0.7393119245767593, 0.7427471220493317, 0.7448859274387359, 0.7681928128004074, 0.7687538057565689, 0.7835665196180344, 0.7763257622718811, 0.7986892968416214, 0.800851634144783, 0.8109832793474198, 0.8279606997966766, 0.8246337383985519, 0.8352381557226181, 0.8355575352907181, 0.8658424228429794, 0.8762737601995468, 0.8607327938079834, 0.8940194487571717, 0.8826373845338822, 0.8851020932197571, 0.89467453956604, 0.8903427064418793, 0.9078265100717544, 0.9000565975904464, 0.9129377573728561, 0.8955993950366974, 0.929091677069664, 0.9211581408977508, 0.930374202132225, 0.9355747878551484, 0.9409498274326324, 0.9243259936571121, 0.9036593586206436, 0.9326460629701614, 0.9423170357942581, 0.9472874283790589, 0.9353263050317764, 0.9334951758384704, 0.9321279376745224, 0.9396708548069, 0.9532918035984039, 0.9331532537937164, 0.9551048278808594, 0.9363004177808761, 0.9563960820436478, 0.9569041401147842, 0.9324078619480133, 0.9588671892881393, 0.9441327720880508, 0.9554435610771179, 0.9548584282398224, 0.9491980612277985, 0.95513616502285, 0.9622011631727219], "f1_score": [0.47024465426802636, 0.5868314355611801, 0.6023939698934555, 0.6273881375789643, 0.6434203922748566, 0.652589151263237, 0.6604564875364304, 0.6840397417545319, 0.6793416887521744, 0.6976321965456009, 0.7100320339202881, 0.7036103874444961, 0.7196296960115433, 0.7343776851892472, 0.7348059356212616, 0.7594648599624634, 0.7654290527105332, 0.7698708981275558, 0.7726587325334549, 0.7897855401039123, 0.792909887433052, 0.804846516251564, 0.8003880143165588, 0.8180976986885071, 0.8229239583015442, 0.8286600530147552, 0.8436611980199814, 0.8417607605457306, 0.8519084572792053, 0.8520216315984726, 0.8770496666431427, 0.8880910009145737, 0.8736989796161652, 0.9051388531923295, 0.8949475288391113, 0.894975671172142, 0.9052407801151275, 0.9007232010364532, 0.9162701815366745, 0.9094599068164826, 0.9211322635412216, 0.9031330049037933, 0.9366733491420746, 0.9301532953977585, 0.9363466411828995, 0.9416633993387222, 0.9475690096616745, 0.9304931133985519, 0.9129037499427796, 0.9401959091424942, 0.948729544878006, 0.9529365003108978, 0.9410345673561096, 0.942247748374939, 0.9382964164018631, 0.9462271094322204, 0.9584152311086654, 0.9385187536478042, 0.959821692109108, 0.9422522336244583, 0.9612324655055999, 0.9612631291151047, 0.9396315068006516, 0.963090929389, 0.9495482116937637, 0.9598242819309235, 0.9599568605422973, 0.9548306226730346, 0.9600038021802902, 0.966399097442627], "val_f1_score_pos": [0.6800269257387651, 0.692779600213839, 0.7263429475806061, 0.6646897762646489, 0.7070835001538064, 0.6610274658783383, 0.6766464631137903, 0.7399777970756722, 0.5995461505571751, 0.686855683200415, 0.6872007156994097, 0.7271640961200835, 0.6453303887310723, 0.6436159218698857, 0.7266908110266684, 0.6631224542316914, 0.7255004058664564, 0.6998023172078907, 0.732215488422833, 0.5683916541275127, 0.7236801335231982, 0.7257214038196337, 0.715691356983455, 0.7152019019299469, 0.7265960065486267, 0.6507486033370856, 0.715001230223611, 0.7162432577583129, 0.5330145606493156, 0.7176300562525433, 0.6860011849946123, 0.569380192799797, 0.5945293555070871, 0.7050029142397518, 0.7009519495552617, 0.6545902657252486, 0.6761470718112418, 0.7184866167352858, 0.6476581876683729, 0.7064582209964765, 0.670214776507582, 0.7092058591538766, 0.6755746798411524, 0.6861647574757141, 0.6221394445087663, 0.642642844514274, 0.6454819811006371, 0.6859305448929781, 0.6616899164023751, 0.7085480528055387, 0.6235715506460108, 0.6200962658945169, 0.6921938207716632, 0.6933482906620176, 0.6841400387466595, 0.6820275993163336, 0.6517322326531849, 0.631640802116304, 0.6468412790153397, 0.6586911878403234, 0.6914998166929416, 0.6546486323191805, 0.6561665322691195, 0.6673954452175247, 0.6923414746232461, 0.6760394332479561, 0.6885139366131644, 0.6662257248699399, 0.6768988395750194, 0.6623992263067122],