{"val_f1_score": [0.566883285965408, 0.6078313718059699, 0.6718037527375981, 0.623876778559831, 0.6525773286444291, 0.64751032913197, 0.6141409581019563, 0.6982788164066012, 0.6845095287055879, 0.6045500999543725, 0.6913756574822822, 0.6633063795808541, 0.6943783356141081, 0.6084073564370348, 0.6637193711136008, 0.5900453421783798, 0.6877719639887686, 0.6188480009752529, 0.6555295685067316, 0.6915263715548181, 0.6312098647395739, 0.5570349232155665, 0.6737113397889897, 0.6363229769094704, 0.6913826608170119, 0.6800863962926297, 0.6962545362007827, 0.6931515144388912, 0.6581172014889741, 0.67068749802212, 0.6815292846177964, 0.6264911638824389, 0.6503687724646952, 0.672737609705461, 0.6815940584531144, 0.6794794658460299, 0.6690634708532098, 0.6570622301026651, 0.6681353908150396, 0.5715231780395588, 0.650443713901989, 0.6369382200546224, 0.6514505869505007, 0.6710973764979055, 0.648591275606573, 0.5939587030765925, 0.627880495347409, 0.5854812838916793, 0.6709956299780299, 0.6502370117000167, 0.6455771385013291, 0.6587767475644903, 0.6641954665355347, 0.6505221396395455, 0.6514194471111393, 0.6579083758578537, 0.661018794614, 0.6084843615268805, 0.6579795913561229, 0.6458919597772548, 0.639307346707906, 0.6083472428470654, 0.6574184733083671, 0.6251773674469935], "val_f1_score_neu": [0.5721536650765202, 0.7126888482863903, 0.6715835251271678, 0.7214923649205643, 0.7345952193723899, 0.7322438630943938, 0.7243500646099218, 0.7448051332364456, 0.7427022371772328, 0.725049676871381, 0.7475952490120774, 0.738681972355096, 0.7270143217000004, 0.7219982636809631, 0.73565149715245, 0.7137731213191973, 0.7370559750596213, 0.7288923479114465, 0.7377296644435165, 0.7351403443199926, 0.7275232851833551, 0.7044648743351082, 0.6957154891761682, 0.7247234876781756, 0.7437195082740023, 0.7027601134798954, 0.7365427176814175, 0.7405689327447332, 0.7349593629525648, 0.7380199073932316, 0.7424052377213589, 0.7250025986593414, 0.728673146648292, 0.7309505789416874, 0.7046650704235784, 0.7323020493737238, 0.7084892107969565, 0.7277419951185291, 0.7218373450681415, 0.6983212007020609, 0.7081233400420632, 0.725217849930659, 0.7121782937826461, 0.6938398013645165, 0.7254588580994414, 0.7077516476188217, 0.7024096770609204, 0.7106088521816335, 0.7258268435764837, 0.7142115210942824, 0.7260836992181258, 0.7140294656552201, 0.6977183663279185, 0.72283271080923, 0.7235468313070598, 0.7171402404604076, 0.6998468317792949, 0.711234251908233, 0.7205953933953176, 0.7145891999935747, 0.720665575621355, 0.7129387083467523, 0.6993934978283267, 0.7137477781683199], "f1_score_pos": [0.6081560277625134, 0.6532146507187894, 0.6889470666646957, 0.717465406969974, 0.72272736932102, 0.7274195653827566, 0.7469816121615862, 0.7551679062215906, 0.7614975924554624, 0.7600865881693991, 0.7831947356462479, 0.7762088132532019, 0.8025967502280286, 0.7670450053716961, 0.795159541462597, 0.7878304367002688, 0.7937423931924921, 0.8331269668905359, 0.8212436970911527, 0.84869521385745, 0.8267350298793692, 0.8312117300535503, 0.8329874410441047, 0.8474672577883068, 0.8621370188499752, 0.8495665671009767, 0.8655432329366082, 0.8713380913985403, 0.8677059466901579, 0.8892985841161326, 0.8678918112265436, 0.8836663616331, 0.9117995233912217, 0.8941236216770975, 0.8998024777362221, 0.9214949537264673, 0.8918408853443045, 0.9267797517149072, 0.9140567450146926, 0.9346621248282885, 0.9253716829575991, 0.8947057433818516, 0.9283868058731681, 0.9244219660758972, 0.9393952308516753, 0.9305682127412996, 0.9469895966743168, 0.9273653195092553, 0.9345402184285616, 0.954898003684847, 0.913669040328578, 0.9218475332385615, 0.955992822584353, 0.9522159421130231, 0.9457383524430426, 0.9133618544591101, 0.9604355716391614, 0.9446554089847364, 0.94937044695804, 0.9555862381270057, 0.9637617421777624, 0.9424450272007993, 0.9558217909775282, 0.9642172479315808], "f1_score_pos_neg": [0.460157925753217, 0.5654206197512778, 0.6183650752431468, 0.6484859546548442, 0.650175541639328, 0.6688889131734246, 0.6901314470328783, 0.7038796857783669, 0.7033735882294806, 0.714824450643439, 0.7391288107947299, 0.7361593246459961, 0.7487618036960301, 0.7399892242331254, 0.7631812346609015, 0.7592214487100902, 0.7769573997510107, 0.7899798852832693, 0.7885380104968422, 0.8081390442032563, 0.8108342305610055, 0.821140601446754, 0.8318979277422553, 0.8123396368403184, 0.8520763194874713, 0.841020468818514, 0.841447795692243, 0.8515530118816778, 0.8566208058281949, 0.8755803084687183, 0.8657061936039674, 0.875174260453174, 0.9055532005272413, 0.8945253640413284, 0.8928431217607699, 0.9081324895745829, 0.8939340271447834, 0.9163044847940144, 0.9153306735189337, 0.9246818831092433, 0.9187982372547451, 0.9003926672433552, 0.9174140817240665, 0.9081725760510093, 0.9376547250308489, 0.9236643926093453, 0.9403170017819655, 0.9150276787971195, 0.9300402732271897, 0.9409192651510239, 0.924204737732285, 0.9233105700266989, 0.9457037715535415, 0.945874665912829, 0.936744395055269, 0.9109775031867781, 0.9570131458734211, 0.9470346695498416, 0.9492462049973639, 0.9504713047491876, 0.9603112214489987, 0.9411728405638745, 0.9477263626299406, 0.9524695379169363], "val_acc": [0.6197220014050161, 0.6666666688864042, 0.6884343026817986, 0.6685024989486023, 0.6952530817975531, 0.6897456061643095, 0.6724364000638576, 0.7196433344382549, 0.7193810693116567, 0.6768948308226632, 0.7115132406475099, 0.7075793382348021, 0.7188565347753045, 0.6690270135698436, 0.6939417813789054, 0.6546026756686549, 0.7164961937653747, 0.6989247279782449, 0.6960398639214499, 0.7185942865781136, 0.6768948368722298, 0.6391292935808344, 0.7012850708952733, 0.6698137937866419, 0.7185942811381932, 0.693679527053988, 0.7128245397687052, 0.7096774292029704, 0.6892210861031477, 0.7025963813652681, 0.7060057732992024, 0.6910569118040302, 0.6795174429305982, 0.7015473208588751, 0.695253092599234, 0.6999737746190937, 0.6955153444699343, 0.6824023100512565, 0.6850249144213737, 0.6273275630354662, 0.6679779673979535, 0.6855494403914145, 0.6677157040377661, 0.6926304587316175, 0.6774193562455857, 0.6451612934802355, 0.6782061425119505, 0.6498819815496619, 0.6981379482304052, 0.6734854394983751, 0.67768161294656, 0.6913191806041379, 0.6855494344825355, 0.6858116911053501, 0.6824023112080212, 0.6784684028864345, 0.6850249005558295, 0.6671911882597601, 0.6868607510020969, 0.6700760534733198, 0.6706005813504591, 0.655127202248342, 0.6747967452162555, 0.6664044211581721], "val_loss": [0.8025922078552317, 0.7246440707496105, 0.6965629000254825, 0.7346932930862563, 0.6804336041657593, 0.701893289008542, 0.7490582894441058, 0.6478169403174966, 0.6449590977364377, 0.7336732482553747, 0.6844720115444024, 0.6685098783569076, 0.6399177295499482, 0.8166191825834185, 0.7383294873840378, 0.841788329307157, 0.6514114712812192, 0.7596805647011664, 0.7566526775562697, 0.6878501013323857, 0.8510630316944408, 1.0349913504753343, 0.7056484714037097, 0.9155517259733339, 0.7141102248685053, 0.7620757828695456, 0.7493416770937059, 0.7865563594010005, 0.9225064394450895, 0.8593599029235129, 0.8237397181778294, 0.8596672643178284, 0.9490527727458222, 0.82717266370079, 0.8280885149073857, 0.8797561384673009, 0.7872073180619856, 1.0596446184514234, 0.9693468471946536, 1.4601141143714291, 1.0028894867229237, 0.9638964264623581, 1.0676101284517319, 0.8632083866591845, 1.1057512471283824, 1.3365795178704771, 1.0099994367481435, 1.3936944343335291, 0.9425697759352674, 1.118682938987678, 1.0922001710939746, 0.9361901358297544, 0.9716532706057591, 1.0847597529561133, 1.107003890370685, 1.0749585046062875, 0.9722644165216892, 1.2040877003010695, 1.0156376060931789, 1.174186471156989, 1.2401633596220198, 1.3807996837854573, 1.0635586144447076, 1.3202037045938775],