{"1": {"f1_score_pos": [0.0, 0.0, 0.0, 0.0, 0.0, 0.0, 0.09411764144897461, 0.24175824224948883, 0.24175824224948883, 0.24175824224948883, 0.24175824224948883, 0.24175824224948883, 0.24175824224948883, 0.24175824224948883, 0.24175824224948883, 0.24175824224948883, 0.24175824224948883, 0.24175824224948883, 0.24175824224948883, 0.24282559752464294, 0.0, 0.0, 0.0, 0.0, 0.0, 0.13513514399528503, 0.24175824224948883, 0.24175824224948883, 0.23474177718162537, 0.0, 0.0, 0.0, 0.0, 0.0, 0.0, 0.0, 0.0, 0.0, 0.0, 0.0, 0.0, 0.0, 0.0, 0.0, 0.0, 0.0, 0.0, 0.0, 0.0, 0.0, 0.0, 0.0], "val_f1_score_pos": [0.0, 0.0, 0.0, 0.0, 0.0, 0.0, 0.23068435571239812, 0.23068435571239812, 0.23068435571239812, 0.23068435571239812, 0.23068435571239812, 0.23068435571239812, 0.23068435571239812, 0.23068435571239812, 0.23068435571239812, 0.23068435571239812, 0.23068435571239812, 0.23068435571239812, 0.23068435571239812, 0.0, 0.0, 0.0, 0.0, 0.0, 0.0, 0.23068435571239812, 0.23068435571239812, 0.23068435571239812, 0.0, 0.0, 0.0, 0.0, 0.0, 0.0, 0.0, 0.0, 0.0, 0.0, 0.0, 0.0, 0.0, 0.0, 0.0, 0.0, 0.0, 0.0, 0.0, 0.0, 0.0, 0.0, 0.0, 0.0], "val_f1_score_neg": [0.48271807924992216, 0.48271807924992216, 0.48271807924992216, 0.48271807924992216, 0.48271807924992216, 0.48271807924992216, 0.0, 0.0, 0.0, 0.0, 0.0, 0.0, 0.0, 0.0, 0.0, 0.0, 0.0, 0.0, 0.0, 0.48271807924992216, 0.48271807924992216, 0.48271807924992216, 0.48271807924992216, 0.48271807924992216, 0.48271807924992216, 0.0, 0.0, 0.0, 0.48271807924992216, 0.48271807924992216, 0.48271807924992216, 0.48271807924992216, 0.48271807924992216, 0.48271807924992216, 0.48271807924992216, 0.48271807924992216, 0.48271807924992216, 0.48271807924992216, 0.48271807924992216, 0.48271807924992216, 0.48271807924992216, 0.48271807924992216, 0.48271807924992216, 0.48271807924992216, 0.48271807924992216, 0.48271807924992216, 0.48271807924992216, 0.48271807924992216, 0.48271807924992216, 0.48271807924992216, 0.48271807924992216, 0.48271807924992216], "val_f1_score": [0.16090603361808659, 0.16090603361808659, 0.16090603361808659, 0.16090603361808659, 0.16090603361808659, 0.16090603361808659, 0.07689478803045623, 0.07689478803045623, 0.07689478803045623, 0.07689478803045623, 0.07689478803045623, 0.07689478803045623, 0.07689478803045623, 0.07689478803045623, 0.07689478803045623, 0.07689478803045623, 0.07689478803045623, 0.07689478803045623, 0.07689478803045623, 0.16090603361808659, 0.16090603361808659, 0.16090603361808659, 0.16090603361808659, 0.16090603361808659, 0.16090603361808659, 0.07689478803045623, 0.07689478803045623, 0.07689478803045623, 0.16090603361808659, 0.16090603361808659, 0.16090603361808659, 0.16090603361808659, 0.16090603361808659, 0.16090603361808659, 0.16090603361808659, 0.16090603361808659, 0.16090603361808659, 0.16090603361808659, 0.16090603361808659, 0.16090603361808659, 0.16090603361808659, 0.16090603361808659, 0.16090603361808659, 0.16090603361808659, 0.16090603361808659, 0.16090603361808659, 0.16090603361808659, 0.16090603361808659, 0.16090603361808659, 0.16090603361808659, 0.16090603361808659, 0.16090603361808659], "val_f1_score_neu": [0.0, 0.0, 0.0, 0.0, 0.0, 0.0, 0.0, 0.0, 0.0, 0.0, 0.0, 0.0, 0.0, 0.0, 0.0, 0.0, 0.0, 0.0, 0.0, 0.0, 0.0, 0.0, 0.0, 0.0, 0.0, 0.0, 0.0, 0.0, 0.0, 0.0, 0.0, 0.0, 0.0, 0.0, 0.0, 0.0, 0.0, 0.0, 0.0, 0.0, 0.0, 0.0, 0.0, 0.0, 0.0, 0.0, 0.0, 0.0, 0.0, 0.0, 0.0, 0.0], "f1_score_neg": [0.05882353335618973, 0.4790874421596527, 0.4790874421596527, 0.4790874421596527, 0.4790874421596527, 0.4790874421596527, 0.4516129195690155, 0.0, 0.0, 0.0, 0.0, 0.0, 0.0, 0.0, 0.0, 0.0, 0.0, 0.0, 0.0, 0.03125, 0.4790874421596527, 0.4790874421596527, 0.4790874421596527, 0.4790874421596527, 0.4790874421596527, 0.4654832184314728, 0.0, 0.0, 0.11612903326749802, 0.4790874421596527, 0.4790874421596527, 0.4790874421596527, 0.4790874421596527, 0.4790874421596527, 0.4790874421596527, 0.4790874421596527, 0.4790874421596527, 0.4790874421596527, 0.4790874421596527, 0.4790874421596527, 0.4790874421596527, 0.4790874421596527, 0.4790874421596527, 0.4790874421596527, 0.4790874421596527, 0.4790874421596527, 0.4790874421596527, 0.4790874421596527, 0.4790874421596527, 0.4790874421596527, 0.4790874421596527, 0.4790874421596527], "f1_score_neu": [0.7060756087303162, 0.0, 0.0, 0.0, 0.0, 0.0, 0.0, 0.0, 0.0, 0.0, 0.0, 0.0, 0.0, 0.0, 0.0, 0.0, 0.0, 0.0, 0.0, 0.0, 0.0, 0.0, 0.0, 0.0, 0.0, 0.0, 0.0, 0.0, 0.0, 0.0, 0.0, 0.0, 0.0, 0.0, 0.0, 0.0, 0.0, 0.0, 0.0, 0.0, 0.0, 0.0, 0.0, 0.0, 0.0, 0.0, 0.0, 0.0, 0.0, 0.0, 0.0, 0.0], "f1_score": [0.2549663782119751, 0.1596958190202713, 0.1596958190202713, 0.1596958190202713, 0.1596958190202713, 0.1596958190202713, 0.1819102019071579, 0.08058608323335648, 0.08058608323335648, 0.08058608323335648, 0.08058608323335648, 0.08058608323335648, 0.08058608323335648, 0.08058608323335648, 0.08058608323335648, 0.08058608323335648, 0.08058608323335648, 0.08058608323335648, 0.08058608323335648, 0.09135853499174118, 0.1596958190202713, 0.1596958190202713, 0.1596958190202713, 0.1596958190202713, 0.1596958190202713, 0.20020613074302673, 0.08058608323335648, 0.08058608323335648, 0.11695694178342819, 0.1596958190202713, 0.1596958190202713, 0.1596958190202713, 0.1596958190202713, 0.1596958190202713, 0.1596958190202713, 0.1596958190202713, 0.1596958190202713, 0.1596958190202713, 0.1596958190202713, 0.1596958190202713, 0.1596958190202713, 0.1596958190202713, 0.1596958190202713, 0.1596958190202713, 0.1596958190202713, 0.1596958190202713, 0.1596958190202713, 0.1596958190202713, 0.1596958190202713, 0.1596958190202713, 0.1596958190202713, 0.1596958190202713], "val_loss": [10.984667818770449, 10.984667818770449, 10.984667818770449, 10.984667818770449, 10.984667818770449, 10.50365328735132, 14.015420863502904, 14.015420863502904, 14.015420863502904, 14.015420863502904, 14.015420863502904, 14.015420863502904, 14.015420863502904, 14.015420863502904, 14.015420863502904, 14.015420863502904, 14.015420863502904, 14.015420863502904, 14.015420863502904, 10.984667818770449, 10.984667818770449, 10.984667818770449, 10.984667818770449, 10.984667818770449, 10.74995812198572, 14.015420863502904, 14.015420863502904, 11.912908317267332, 10.984667818770449, 10.984667818770449, 10.984667818770449, 10.984667818770449, 10.984667818770449, 10.984667818770449, 10.984667818770449, 10.984667818770449, 10.984667818770449, 10.984667818770449, 10.984667818770449, 10.984667818770449, 10.984667818770449, 10.984667818770449, 10.984667818770449, 10.984667818770449, 10.984667818770449, 10.984667818770449, 10.984667818770449, 10.984667818770449, 10.984667818770449, 10.984667818770449, 10.984667818770449, 10.984667818770449], "val_f1_score_pos_neg": [0.24135903962496108, 0.24135903962496108, 0.24135903962496108, 0.24135903962496108, 0.24135903962496108, 0.24135903962496108, 0.11534217785619906, 0.11534217785619906, 0.11534217785619906, 0.11534217785619906, 0.11534217785619906, 0.11534217785619906, 0.11534217785619906, 0.11534217785619906, 0.11534217785619906, 0.11534217785619906, 0.11534217785619906, 0.11534217785619906, 0.11534217785619906, 0.24135903962496108, 0.24135903962496108, 0.24135903962496108, 0.24135903962496108, 0.24135903962496108, 0.24135903962496108, 0.11534217785619906, 0.11534217785619906, 0.11534217785619906, 0.24135903962496108, 0.24135903962496108, 0.24135903962496108, 0.24135903962496108, 0.24135903962496108, 0.24135903962496108, 0.24135903962496108, 0.24135903962496108, 0.24135903962496108, 0.24135903962496108, 0.24135903962496108, 0.24135903962496108, 0.24135903962496108, 0.24135903962496108, 0.24135903962496108, 0.24135903962496108, 0.24135903962496108, 0.24135903962496108, 0.24135903962496108, 0.24135903962496108, 0.24135903962496108, 0.24135903962496108, 0.24135903962496108, 0.24135903962496108],