{"f1_score_neg": [0.15458909484247366, 0.3383735939860344, 0.41757767523328465, 0.44397640476624173, 0.5055680324633917, 0.47225136309862137, 0.5189557174841563, 0.5610266700387001, 0.6072556152939796, 0.5778549884756407, 0.597584068775177, 0.6079872250556946, 0.6496848861376444, 0.6880589673916498, 0.6618122855822245, 0.7234689344962438, 0.7240738570690155, 0.6964971919854482, 0.7400941153367361, 0.7203366160392761, 0.7621270020802816, 0.7731675356626511, 0.7756508936484655, 0.8092165340979894, 0.8152174750963846, 0.7912130405505499, 0.8235147595405579, 0.7963646898667017, 0.821414535244306, 0.8150767783323923, 0.8569477995236715, 0.863300214211146, 0.8449493298927943, 0.8876008242368698, 0.8497001379728317, 0.866341178615888, 0.8544557640949885, 0.8720551480849584, 0.8535997519890467, 0.9092496683200201, 0.8921507000923157, 0.8855048269033432, 0.8509448915719986, 0.8667274862527847, 0.8934583216905594, 0.8995975653330485, 0.9193601707617441, 0.9061066011587778, 0.9179780135552088, 0.8943316340446472, 0.907700757185618, 0.8922103444735209, 0.9163254251082739, 0.9065605948368708, 0.9026785790920258, 0.9116976459821066, 0.9245433062314987, 0.9257266124089559, 0.8921183993419012, 0.9140104254086813, 0.9268270432949066, 0.9012022366126379, 0.9145720054705938], "val_acc": [0.5997901874016253, 0.6278520826276693, 0.6595856186726448, 0.6519800737527547, 0.6357199089939188, 0.665617625168731, 0.6711250931266847, 0.6761080535290406, 0.6839758780507194, 0.6698138070425398, 0.652766846294263, 0.6824022986399293, 0.6771570898996949, 0.6553894548068483, 0.6679779596601356, 0.66220824533393, 0.6567007558351422, 0.633359549147483, 0.6632572895987215, 0.6407028669420578, 0.6428009350094118, 0.660896937708951, 0.6632572770306296, 0.6443745042281672, 0.617623921848175, 0.6724363940924508, 0.654078153919242, 0.6648308382927199, 0.6511932826561156, 0.6577498055398542, 0.6136899924547129, 0.661945970703103, 0.6640440730200706, 0.6498819780949998, 0.6658798753511802, 0.6378179926150682, 0.6532913717953451, 0.652242322168793, 0.6564385040426016, 0.6561762377592387, 0.6490952061631378, 0.6585365770027577, 0.6396538131730375, 0.6527668595501609, 0.6567007619628686, 0.6506687638924061, 0.6464725855514192, 0.6157881076367796, 0.6469971218541823, 0.6506687638924061, 0.6420141572468305, 0.6511932874863897, 0.6532913670432308, 0.6076580154561259, 0.6446367669787083, 0.6522423354246908, 0.6530291174704279, 0.6527668421517949, 0.641489637107509, 0.6490952037870806, 0.6464725933673968, 0.6393915558624168, 0.6262785302601616], "acc": [0.5163333341479301, 0.609333336353302, 0.6486666624744734, 0.6928333342075348, 0.7180000046888987, 0.7063333342472712, 0.7420000036557516, 0.7348333348830541, 0.7715000013510386, 0.7518333246310552, 0.7636666595935822, 0.7684999952713648, 0.7926666587591171, 0.8164999932050705, 0.7511666715145111, 0.8106666654348373, 0.8335000028212866, 0.8138333310683569, 0.831000010172526, 0.8456666717926661, 0.8361666748921076, 0.834333340326945, 0.8513333350419998, 0.8743333369493484, 0.8636666685342789, 0.8568333288033804, 0.8916666656732559, 0.8639999975760778, 0.8680000007152557, 0.8761666715145111, 0.8995000024636587, 0.88216665883859, 0.8938333342472712, 0.9233333319425583, 0.8844999969005585, 0.9108333339293798, 0.8914999961853027, 0.8964999914169312, 0.911166658004125, 0.9291666646798452, 0.9191666692495346, 0.9185000061988831, 0.8929999967416128, 0.9116666664679846, 0.9056666642427444, 0.9276666740576426, 0.93299999833107, 0.9376666645208994, 0.9416666676600774, 0.9248333424329758, 0.9418333272139231, 0.9276666591564814, 0.9415000031391779, 0.9383333375056585, 0.9206666648387909, 0.9356666654348373, 0.9438333312670389, 0.9365000029404958, 0.922500009338061, 0.9393333246310552, 0.952499990661939, 0.9433333327372869, 0.9476666549841563], "f1_score_pos": [0.5287829414010048, 0.5911431262890497, 0.6387220670779546, 0.665687287847201, 0.6894243856271108, 0.6802125722169876, 0.7237599988778433, 0.7026721189419428, 0.7488883882761002, 0.7328356504440308, 0.7449708431959152, 0.7464187691609064, 0.7700734287500381, 0.8008814305067062, 0.7252084016799927, 0.7884457459052404, 0.8231851061185201, 0.7997519572575887, 0.8056439012289047, 0.8432565977176031, 0.810969685514768, 0.8000229299068451, 0.8280294338862101, 0.8599100957314173, 0.8372403134902319, 0.8363620638847351, 0.8833148578802744, 0.844660664598147, 0.8473059137662252, 0.8619406819343567, 0.8795860062042872, 0.8517790387074152, 0.8735171109437943, 0.9125742167234421, 0.8642583936452866, 0.8969382594029108, 0.8740924596786499, 0.8659250636895498, 0.9032668521006902, 0.9170354257027308, 0.9014049619436264, 0.9058158348004023, 0.8795360773801804, 0.8984006295601527, 0.8786448935667673, 0.9195796797672907, 0.9169843792915344, 0.9309429824352264, 0.9329749494791031, 0.9142718513806661, 0.9346720029910406, 0.9186252405246099, 0.9326983243227005, 0.9293372631072998, 0.9063952068487803, 0.9214205294847488, 0.934960663318634, 0.9184355487426122, 0.910621573527654, 0.9279597451289495, 0.9472714364528656, 0.9394079198439916, 0.9423099160194397], "f1_score_pos_neg": [0.34168601781129837, 0.46475836634635925, 0.5281498705347379, 0.5548318500320116, 0.5974962115287781, 0.576231966416041, 0.6213578581809998, 0.631849393248558, 0.6780720005432764, 0.6553453207015991, 0.6712774584690729, 0.6772029946247736, 0.7098791549603144, 0.7444701989491781, 0.6935103535652161, 0.7559573451677958, 0.7736294865608215, 0.7481245795885721, 0.7728690008322397, 0.781796599427859, 0.7865483313798904, 0.7865952303012212, 0.8018401563167572, 0.8345633248488108, 0.8262288918097814, 0.8137875547011694, 0.8534148087104162, 0.8205126722653707, 0.8343602418899536, 0.8385087251663208, 0.8682669053475062, 0.8575396289428076, 0.8592332204182943, 0.9000875155131022, 0.8569792707761129, 0.8816397190093994, 0.8642741143703461, 0.8689901034037272, 0.8784333020448685, 0.9131425470113754, 0.8967778285344442, 0.8956603358189265, 0.8652404844760895, 0.8825640628735224, 0.8860516051451365, 0.9095886300007502, 0.9181722948948542, 0.9185248066981634, 0.9254764914512634, 0.9043017526467642, 0.9211863925059637, 0.9054177850484848, 0.9245118647813797, 0.9179489264885584, 0.9045368979374567, 0.9165590951840082, 0.9297519822915395, 0.9220810929934183, 0.9013699889183044, 0.9209850778182348, 0.9370492498079935, 0.9203050881624222, 0.9284409681955973], "val_f1_score_neg": [0.21733223756107484, 0.2490031658555778, 0.43062611134102924, 0.45774351848631806, 0.206722547534395, 0.41345700160462245, 0.45949203323855226, 0.47926104731551, 0.5302400304331355, 0.551368755585185, 0.4928473811152098, 0.5751475714305364, 0.5281194071428312, 0.3549376402021924, 0.47485199858283794, 0.42715420320907543, 0.4932779875165548, 0.5316455634347479, 0.42297550102653325, 0.47949044575629945, 0.49415914505258995, 0.579228921634395, 0.4483047845074113, 0.4704378032321665, 0.4456194077940585, 0.5495696571471652, 0.45200195033156965, 0.4740625493503949, 0.5227610521856769, 0.5628674592116422, 0.545372179743814, 0.5330007264472167, 0.5094747179892005, 0.4872859948628098, 0.5290811269607814, 0.5567743542342557, 0.42948593985149625, 0.410823455592825, 0.48742758567302585, 0.4850269254661438, 0.5242309680986742, 0.4894796140685408, 0.25369179544253767, 0.5172906778254536, 0.5046311347402678, 0.4826379585400548, 0.47257638936620544, 0.39335460600157657, 0.43805865477208794, 0.4682438707229755, 0.4046149462062857, 0.5005508842053702, 0.5240968430320516, 0.5209654521323114, 0.4235489230486717, 0.42233155971432557, 0.5119462621640322, 0.47576681230438994, 0.5258123340520401, 0.5285634315142067, 0.448903710228422, 0.3313903071039029, 0.5229036079877448],