{"1": {"f1_score": [0.283905643016793, 0.2775063352991444, 0.27752512323763945, 0.2775230728840643, 0.2775050930736601, 0.2775207688642103, 0.2774918817503508, 0.27750900087430497, 0.2774485544871914, 0.27751537371975504, 0.27736869685409604, 0.27751105122788006, 0.2774614518464998, 0.27750791805659153, 0.277334629911785, 0.27751074188439423, 0.2775125385716904, 0.2774702086467151, 0.2774123444344646, 0.2774558173593625, 0.2774321559325669, 0.2775158822074417, 0.2774297882651174, 0.2774785188741462, 0.2774722440991291, 0.2775230728840643, 0.2773825930532559, 0.2774297882651174, 0.27750593978305194, 0.2774732933025952, 0.2775261628535367, 0.27748199049816574, 0.2774907261595245, 0.2775120908437773, 0.2775120908437773, 0.2775073460368223, 0.27746092429918834, 0.27752512323763945, 0.27745832167854606, 0.2774896383747574, 0.2774955293004827, 0.27736803843069446, 0.2774738550417183, 0.2775050930736601, 0.27751998291459196, 0.2774614518464998, 0.2775045475063398, 0.2773836326691531, 0.27744337084681486, 0.2774614869624145, 0.28180402216985245, 0.2774833858937256], "loss": [1.252550018850223, 0.8917481344799663, 0.8120549092459124, 0.8214944730433382, 0.8090139317882153, 0.8203475643960081, 0.803767399501431, 0.8026471308959547, 0.8144150882266289, 0.9696425670801208, 0.7947321210720742, 0.8665220358575038, 0.8056211055711259, 0.945543282946875, 0.7828062809714975, 0.8640547043593355, 0.7836568263150001, 0.8222998879676642, 0.7825369913448659, 0.861224750215693, 0.8354336857333664, 0.7636696231919665, 0.7677700223848801, 0.8000741208246512, 0.7825032581192578, 0.7834494751553203, 0.7429666091767393, 0.8724088155946066, 0.7609572248865467, 0.7489655632381291, 0.7477881626565327, 0.7395645775074182, 0.7317343649938125, 0.7231991667618123, 0.7577934683293335, 0.7189518906349359, 0.8785785695379095, 0.7573301574980565, 0.7669330479562745, 0.7449236988097199, 0.7517516753932302, 0.7233926506005517, 0.9059128541817036, 0.7070664507012034, 0.7443865881871807, 0.7051881912142731, 0.7286172913488491, 0.7135409985401834, 0.9021083687164987, 0.6959862625876139, 0.7348864884801614, 0.694145492805067], "val_loss": [1.0892997980117798, 1.0740041732788086, 1.2427663803100586, 1.0769376754760742, 1.2392590045928955, 1.105898141860962, 1.117924451828003, 1.033676266670227, 1.6941953897476196, 1.1797218322753906, 1.1125504970550537, 1.190926432609558, 1.756447672843933, 1.1015292406082153, 1.5644727945327759, 1.0688505172729492, 1.3685975074768066, 1.159713864326477, 1.4636698961257935, 1.4490443468093872, 1.079829454421997, 1.1230393648147583, 1.0677814483642578, 1.1730594635009766, 1.022691011428833, 1.0632343292236328, 1.7396602630615234, 1.0509241819381714, 1.0652681589126587, 1.048182487487793, 1.2298228740692139, 1.0253005027770996, 1.1936769485473633, 1.0050157308578491, 1.1454403400421143, 1.70610511302948, 1.291861891746521, 1.3705283403396606, 1.0796973705291748, 0.9942787885665894, 1.1645673513412476, 2.0398006439208984, 1.1433112621307373, 0.9873562455177307, 1.268689751625061, 1.1510975360870361, 1.0236775875091553, 1.8060736656188965, 1.2496540546417236, 1.0431885719299316, 1.253929615020752, 1.1123121976852417], "f1_score_neu": [0.6456914567208105, 0.8325189462927884, 0.8325753110323766, 0.8325691599716512, 0.8325152484945548, 0.8325623047444247, 0.8324756000855172, 0.8325269439423731, 0.8323456182960391, 0.8325460615546204, 0.8321060318817464, 0.8325331238813178, 0.8323843248130739, 0.8325236945651299, 0.8320038445698198, 0.8325321669726409, 0.8325375849886458, 0.8324105663355007, 0.8322370170160781, 0.832367421351662, 0.832296409117159, 0.8325476168200027, 0.83228932055392, 0.8324354970177938, 0.8324166871318521, 0.8325691599716512, 0.8321477493574453, 0.83228932055392, 0.8325177606686142, 0.832419850105463, 0.8325784587582876, 0.8324459696462913, 0.832472162191258, 0.8325362138507902, 0.8325362138507902, 0.8325220073840415, 0.83238272773203, 0.8325753110323766, 0.8323749352333157, 0.8324688853219498, 0.8324865860532421, 0.832104085489761, 0.8324215199596198, 0.8325152484945548, 0.832559890063234, 0.8323843248130739, 0.8325136271558067, 0.8321508393269177, 0.8323300818140192, 0.8323844012825988, 0.8330089366713236, 0.8324501278788544], "acc": [0.5271317853715068, 0.713178290184154, 0.713178294111592, 0.713178294111592, 0.7131783105144205, 0.7131783065869827, 0.713178290184154, 0.7131782980390298, 0.7131782862567162, 0.7131782816362011, 0.7131783058939054, 0.7131782980390298, 0.7131782737813255, 0.7131783065869827, 0.7131782862567162, 0.713178294111592, 0.7131783065869827, 0.713178290184154, 0.7131783026595448, 0.7131782862567162, 0.7131782980390298, 0.713178294111592, 0.7131782855636389, 0.7131783026595448, 0.7131783105144205, 0.713178294111592, 0.7131782823292784, 0.7131782855636389, 0.7131782980390298, 0.7131782855636389, 0.713178294111592, 0.7131782816362011, 0.7131783105144205, 0.7131782980390298, 0.7131782980390298, 0.713178290184154, 0.713178290184154, 0.713178294111592, 0.7131783019664676, 0.7131783144418583, 0.7131783065869827, 0.7131782823292784, 0.7131783026595448, 0.7131783105144205, 0.713178294111592, 0.7131782737813255, 0.713178294111592, 0.7131782823292784, 0.7131783151349356, 0.7131782816362011, 0.7141472738842631, 0.7131782980390298], "f1_score_pos_neg": [0.10301272149464881, 0.0, 0.0, 0.0, 0.0, 0.0, 0.0, 0.0, 0.0, 0.0, 0.0, 0.0, 0.0, 0.0, 0.0, 0.0, 0.0, 0.0, 0.0, 0.0, 0.0, 0.0, 0.0, 0.0, 0.0, 0.0, 0.0, 0.0, 0.0, 0.0, 0.0, 0.0, 0.0, 0.0, 0.0, 0.0, 0.0, 0.0, 0.0, 0.0, 0.0, 0.0, 0.0, 0.0, 0.0, 0.0, 0.0, 0.0, 0.0, 0.0, 0.006201550480007201, 0.0], "f1_score_neg": [0.10101462519446085, 0.0, 0.0, 0.0, 0.0, 0.0, 0.0, 0.0, 0.0, 0.0, 0.0, 0.0, 0.0, 0.0, 0.0, 0.0, 0.0, 0.0, 0.0, 0.0, 0.0, 0.0, 0.0, 0.0, 0.0, 0.0, 0.0, 0.0, 0.0, 0.0, 0.0, 0.0, 0.0, 0.0, 0.0, 0.0, 0.0, 0.0, 0.0, 0.0, 0.0, 0.0, 0.0, 0.0, 0.0, 0.0, 0.0, 0.0, 0.0, 0.0, 0.012403100960014402, 0.0], "val_f1_score_pos": [0.0, 0.0, 0.0, 0.0, 0.0, 0.0, 0.0, 0.0, 0.0, 0.0, 0.0, 0.0, 0.0, 0.0, 0.0, 0.0, 0.0, 0.0, 0.0, 0.0, 0.0, 0.0, 0.0, 0.0, 0.0, 0.0, 0.0, 0.0, 0.0, 0.0, 0.0, 0.0, 0.0, 0.0, 0.0, 0.0, 0.0, 0.0, 0.0, 0.0, 0.0, 0.0, 0.0, 0.0, 0.0, 0.0, 0.0, 0.0, 0.0, 0.0, 0.0, 0.0], "val_acc": [0.4922480583190918, 0.4922480583190918, 0.4922480583190918, 0.4922480583190918, 0.4922480583190918, 0.4922480583190918, 0.4922480583190918, 0.4922480583190918, 0.4922480583190918, 0.4922480583190918, 0.4922480583190918, 0.4922480583190918, 0.4922480583190918, 0.4922480583190918, 0.4922480583190918, 0.4922480583190918, 0.4922480583190918, 0.4922480583190918, 0.4922480583190918, 0.4922480583190918, 0.4922480583190918, 0.4922480583190918, 0.4922480583190918, 0.4922480583190918, 0.4922480583190918, 0.4922480583190918, 0.4922480583190918, 0.4922480583190918, 0.4922480583190918, 0.4922480583190918, 0.4922480583190918, 0.4922480583190918, 0.4922480583190918, 0.4922480583190918, 0.4922480583190918, 0.4922480583190918, 0.4922480583190918, 0.4922480583190918, 0.4922480583190918, 0.4922480583190918, 0.4922480583190918, 0.4922480583190918, 0.4922480583190918, 0.4922480583190918, 0.4922480583190918, 0.4922480583190918, 0.4922480583190918, 0.4922480583190918, 0.4922480583190918, 0.4922480583190918, 0.4922480583190918, 0.4922480583190918], "val_f1_score_pos_neg": [0.0, 0.0, 0.0, 0.0, 0.0, 0.0, 0.0, 0.0, 0.0, 0.0, 0.0, 0.0, 0.0, 0.0, 0.0, 0.0, 0.0, 0.0, 0.0, 0.0, 0.0, 0.0, 0.0, 0.0, 0.0, 0.0, 0.0, 0.0, 0.0, 0.0, 0.0, 0.0, 0.0, 0.0, 0.0, 0.0, 0.0, 0.0, 0.0, 0.0, 0.0, 0.0, 0.0, 0.0, 0.0, 0.0, 0.0, 0.0, 0.0, 0.0, 0.0, 0.0], "f1_score_pos": [0.10501081779483677, 0.0, 0.0, 0.0, 0.0, 0.0, 0.0, 0.0, 0.0, 0.0, 0.0, 0.0, 0.0, 0.0, 0.0, 0.0, 0.0, 0.0, 0.0, 0.0, 0.0, 0.0, 0.0, 0.0, 0.0, 0.0, 0.0, 0.0, 0.0, 0.0, 0.0, 0.0, 0.0, 0.0, 0.0, 0.0, 0.0, 0.0, 0.0, 0.0, 0.0, 0.0, 0.0, 0.0, 0.0, 0.0, 0.0, 0.0, 0.0, 0.0, 0.0, 0.0],