{"val_f1_score": [0.4642915791518539, 0.5424989986507217, 0.6360998991090357, 0.5979916700815361, 0.6301707624294862, 0.6756502971103927, 0.5982646357190913, 0.6847936015350438, 0.6066268474887495, 0.6856389627536701, 0.6781020565918353, 0.6660433807399309, 0.6560889848911197, 0.6962538323876366, 0.6381109614338488, 0.6665799755172219, 0.678527343657709, 0.6631529137683672, 0.6321322278591269, 0.6041098771181564, 0.6886290042474769, 0.6218449215922742, 0.6893099479840367, 0.6590980849271054, 0.6615277101697804, 0.6206051047442936, 0.6310740051981097, 0.6628035852485775, 0.581511745904957, 0.6423828520707311, 0.6794323026274184, 0.5820738244269297, 0.6425241651948969, 0.6480504119299292, 0.6663895354882458, 0.6266599378965985, 0.6067632955889548, 0.6729758757323129, 0.6034911657267594, 0.6511622878187696, 0.6140850758008559, 0.606824533647982, 0.6549419887166558, 0.6029012260585828, 0.6315252943330321, 0.6693503558088594, 0.6489311987697812, 0.6590700518762912, 0.6349445638336474, 0.6622811867563612, 0.6354953271649249, 0.6277183978663259, 0.6416825792497455, 0.658513483087003, 0.6362274233325085, 0.5859235135895544, 0.6261077332521654, 0.6539072687470191, 0.6311605731364844, 0.6456347219030468, 0.6446411572132966, 0.6434624503048393, 0.6012209854099715, 0.6318901133543545, 0.6298085683416952], "val_f1_score_neu": [0.6264878017302733, 0.6936727767224515, 0.7137745454059383, 0.7109979921490259, 0.6695345644715762, 0.731619959267737, 0.709091935137767, 0.7285830328510153, 0.7154847701609431, 0.7362615012478522, 0.7301095049430653, 0.7205000585875673, 0.7301212115110202, 0.7172911452427956, 0.7255019301071337, 0.7188537345450287, 0.7328137794942828, 0.682073678240012, 0.7221756579680234, 0.7152575671813509, 0.7251646295795596, 0.7178618205584725, 0.7287648720532429, 0.6399185254822057, 0.7256753844693362, 0.7180696396792682, 0.7166021184098399, 0.719296768616417, 0.6961782784590782, 0.7176445681936873, 0.7227891163659664, 0.7100168195353572, 0.720963881142709, 0.707826393234614, 0.7151098824410247, 0.6614076777014744, 0.713198044341973, 0.7013982390907222, 0.7036185425283901, 0.6894307086357069, 0.7066691151885827, 0.7059805393062675, 0.7067627670131517, 0.702254256378657, 0.7113406444796421, 0.7081311467029653, 0.6612102299295571, 0.7080821198426673, 0.7146429019339466, 0.7060140666610264, 0.7100861601681964, 0.703239073910927, 0.7067368637693232, 0.7069432569900711, 0.7067352269629371, 0.7053710277737704, 0.7109303170541063, 0.7096905399581875, 0.7116430244075637, 0.7028461058809474, 0.6974167815819207, 0.7118294514948197, 0.7010585970838583, 0.7080246523987925, 0.7075529079127117], "f1_score_pos": [0.5755456618287347, 0.6665529364889319, 0.6916542418978431, 0.7083496410738338, 0.7025099315426566, 0.7248980308120901, 0.7434721467169848, 0.7296870269558646, 0.7560231170871041, 0.7372366758910093, 0.7761458673260428, 0.7682932981035926, 0.7571690556677905, 0.7968889786438509, 0.7842450981790369, 0.7987394346432253, 0.8030166802081194, 0.8177371445027265, 0.7963012944568287, 0.8322818780487234, 0.7775158245455135, 0.8594829792326147, 0.8397973098538138, 0.8639961399815299, 0.8367904126644135, 0.8552785420959647, 0.849931076169014, 0.8787303837862882, 0.8849132426760413, 0.8448315371166576, 0.894802441651171, 0.8689831048250198, 0.9230113910003142, 0.8465038185769861, 0.9142579558220777, 0.9035907211628827, 0.8777137723836032, 0.9266025884584947, 0.9209161549806595, 0.8942153589292006, 0.8900181637568907, 0.9326513978567991, 0.93892840905623, 0.9091902781616558, 0.949570348316973, 0.9327031699093905, 0.9599091762846167, 0.9114691601558165, 0.9480023858222094, 0.9450520100918683, 0.8956112522970546, 0.9482653005556627, 0.949820108034394, 0.9559913765300404, 0.9653508094224063, 0.9318620074879039, 0.9419045448303223, 0.9604889669201591, 0.9531574018976905, 0.9609568538990888, 0.9634033780206334, 0.9662895405834372, 0.9646083658391779, 0.8991276648911563, 0.971594129096378], "f1_score_pos_neg": [0.42650914056734607, 0.4597885927016085, 0.5540417703715238, 0.5957244228232991, 0.6045076968995008, 0.6390590261329304, 0.6623060053045099, 0.6821107593449679, 0.6899051503701643, 0.6986618868329308, 0.7078993930058046, 0.7166286002505909, 0.7297982654788278, 0.7548791373317892, 0.7350045198743994, 0.746192143722014, 0.7754175554622303, 0.7956189404834401, 0.775629231875593, 0.802225108851086, 0.768035891381177, 0.8465567759492181, 0.8008810972625559, 0.8341231197118759, 0.8217550258744847, 0.8564291596412659, 0.8493389907208356, 0.854393096132712, 0.8799645873633298, 0.8449007110162214, 0.8276318677447059, 0.8619795929301869, 0.9134240475567904, 0.8719350275668231, 0.9014419940384951, 0.8928937072103674, 0.8745206702839244, 0.8879927830262617, 0.9185004166581414, 0.8995056978680871, 0.9091063317927447, 0.9298778731714595, 0.9378419383005663, 0.9202346436002038, 0.9468060582876205, 0.9292754856022921, 0.9467323910106312, 0.9215722327882593, 0.9475467001849954, 0.9360331459478899, 0.9043356789783998, 0.9408410909500989, 0.9402443224733527, 0.9495668804103677, 0.9573468281464144, 0.934143609621308, 0.9085114923390475, 0.9613690416921269, 0.951724808324467, 0.9593992084264755, 0.9606873975558714, 0.9614240256222811, 0.9651624181053855, 0.9155042293396863, 0.964236702431332], "val_acc": [0.6016260196210329, 0.641751899170244, 0.6837136103292165, 0.6753212700295317, 0.6771571043748853, 0.7010228201031778, 0.6509310222816317, 0.7088906241000996, 0.6629950088401683, 0.713873597211235, 0.7115132399597038, 0.7057434985902158, 0.7025963687971762, 0.7123000238500116, 0.6829268336452401, 0.7046944693477329, 0.7073170700443406, 0.6926304695332985, 0.6750590103428539, 0.6606346659231398, 0.7039076763439954, 0.6666666700431689, 0.712037763006569, 0.6761080467135081, 0.6910569070519158, 0.6758457967499063, 0.690270124928019, 0.6955153444699343, 0.6265407851947251, 0.6755835249640952, 0.7020718625233988, 0.6648308364481492, 0.6926304756610249, 0.6923682020306431, 0.6834513614442197, 0.6706005856336148, 0.6808287438963643, 0.6949908189688522, 0.6370312176193429, 0.6860739556223021, 0.6574875391158037, 0.6493574530628764, 0.690007876043022, 0.6430632054977707, 0.6732231845638116, 0.6871230052488544, 0.6763703094640492, 0.6884342972418782, 0.6792551820246279, 0.6850249167974308, 0.673223176747834, 0.6580120627723152, 0.6800419684316804, 0.6845003955169766, 0.6750590103428539, 0.6522423244666903, 0.6700760517069089, 0.6818777785006077, 0.6685024802527839, 0.6750590084982832, 0.6774193525720762, 0.6776816068188337, 0.6404405927020297, 0.673223176747834, 0.6732231923797891], "val_loss": [0.8354083182240858, 0.788439607842213, 0.7297270615958117, 0.7316564857850324, 0.7281654655167414, 0.7039528882881803, 0.8067018070966279, 0.6682660742410049, 0.7803965050061794, 0.6696379003235902, 0.6684786781000397, 0.6736790674301135, 0.6868546927441083, 0.682401697200457, 0.7644066241761064, 0.6848840561245734, 0.7058674680289402, 0.7325434020239007, 0.7906622824286214, 0.9155447693625179, 0.7284336599533308, 0.8818889247004892, 0.7141927600438408, 0.7832533724815115, 0.8061243613310883, 0.8702860123023817, 0.8025610871337513, 0.7884387513673934, 1.2210934862138842, 0.8948338413032184, 0.7915163269794553, 0.9948855996475799, 0.90385582923514, 0.8069693271863063, 0.9126451345462984, 0.8969645316663952, 0.9712128476961498, 0.8291308232689354, 1.30906778319189, 0.8644636737027882, 1.0846581579724104, 1.2283536838540998, 0.9290291989628111, 1.2328604249356458, 1.099886625950461, 0.9422445090743085, 1.0067614618637042, 0.9297921623640913, 1.0558647414126672, 0.9631899553679619, 1.0272010636085793, 1.1330432855892207, 1.028926699048354, 1.0137619043534551, 1.1366411383121369, 1.3613929588776574, 1.1528180475282506, 1.0564180152359328, 1.2354412555319414, 1.098656843723414, 1.1014392998097857, 1.2173771823199753, 1.555638081815466, 1.155255120037548, 1.1991699446914017],