{"1": {"f1_score_pos": [0.5654649982898585, 0.6090821718724303, 0.6269306681114557, 0.6406185884870045, 0.657806394880367, 0.6639810783779865, 0.6723606168755034, 0.687945022091405, 0.6926807579258262, 0.6994623143137102, 0.7044620362597269, 0.7254949968228559, 0.7276960662686288, 0.7368220994310785, 0.745072503769887, 0.7585536945756808, 0.7705295411689066, 0.7695893631663479, 0.7736648958506881, 0.7815379480833385, 0.7953172583022203, 0.8083887638917394, 0.8027759922842747, 0.8181222767099229, 0.8181389773337312, 0.8288245694105266, 0.8263480253288745, 0.8406524212083819, 0.8428316363892235, 0.8460646686770167, 0.8600111413892642, 0.8666062868910007, 0.8482055435619532, 0.8629543944171559, 0.8670034521069624, 0.8690923422421188, 0.8746467354286505, 0.8804014839889318, 0.8813363853617715, 0.8885724043840271, 0.8871107797096508, 0.8942838446254313, 0.8896503636499504, 0.9017177818667599, 0.8967549749017201, 0.8995846155220649, 0.9036646715382974, 0.9054525367866192, 0.907491994170716, 0.9112880150848186, 0.9023708099008163, 0.9102381862009676, 0.9077168887723251, 0.9120848748176507, 0.9199653430165515, 0.9204822558022506, 0.910597407237761, 0.9238751812117725, 0.9245454244925367, 0.9213182372612109, 0.9261360861842596, 0.9209634638456666, 0.9248219016627206, 0.9265458511395078, 0.9293610659563211], "val_f1_score_pos": [0.6522215942461201, 0.6592202802550399, 0.6083410239978363, 0.620749199268844, 0.6462691091234465, 0.6733040234090245, 0.6214514021235465, 0.6755202138273059, 0.6767687662430808, 0.5201258804584578, 0.6802941255142361, 0.6691266189762204, 0.6443197769678727, 0.6696285418758727, 0.682393197016453, 0.6511467284836366, 0.6417524108928901, 0.6432601953258765, 0.5972070736518318, 0.6607096574350135, 0.5734347854569849, 0.612036295107914, 0.660243774210298, 0.5736300177137101, 0.6522030862605986, 0.6656378674659467, 0.5883243249241588, 0.6725081949492376, 0.610558331928143, 0.6684926350911459, 0.6501010675104556, 0.6100714677805865, 0.6396841447832895, 0.6553254390044094, 0.6621613011106489, 0.6621495654255185, 0.6317933951846093, 0.6250332153565556, 0.6254049322575547, 0.6111619836620008, 0.6546908501237686, 0.654986432318108, 0.6101866185862861, 0.6472058276357369, 0.5781999101494085, 0.5962404935640292, 0.6523917952177346, 0.6364018358532781, 0.6333807619245768, 0.6426932221549283, 0.6539605744553807, 0.6392925913115072, 0.6214375730257448, 0.616825020427507, 0.6421993570064705, 0.5809744428776892, 0.6535076388109959, 0.5621705990793195, 0.6435975213135207, 0.6414848456058767, 0.6285587534416452, 0.6391787920717028, 0.6428996547754515, 0.6025154823562059, 0.6410812520764064], "val_loss": [0.7775614483890494, 0.737391239280914, 0.7400169203902128, 0.7498361749897455, 0.703430337927268, 0.7007488357682444, 0.7130132450681308, 0.7052727869957491, 0.6940654202268609, 0.7650297120815853, 0.68268838082855, 0.7531472653322657, 0.712702839794023, 0.7298271098730386, 0.7066876296329768, 0.7750411120411922, 0.8703480139310654, 0.7727425324124454, 0.8028064674732945, 0.7481384038163543, 0.9100955276454692, 0.8429482909074388, 0.7786893864890138, 0.9497386093059971, 0.7976042235098273, 0.8365635754860272, 0.986928050341397, 0.8628050610230851, 1.0423225175325226, 0.8819196694370921, 0.8901137241949275, 0.9559727510329121, 0.979411954587706, 0.9207295795552691, 0.9390702454137749, 1.0406680228025003, 1.0492716985188826, 1.1014748382793917, 1.2811558425448453, 1.0386338295390556, 0.9889064329469331, 1.0460105347375581, 1.0540037074228488, 1.0292544978624891, 1.1098565200444652, 1.159758363137419, 1.0352426526191736, 1.1221211351814018, 1.1312566662848267, 1.084316672571667, 1.0973991359286408, 1.162575001644259, 1.1216696886791324, 1.20763628822475, 1.2758396132848584, 1.2451259515138733, 1.1887694264545035, 1.3268243039338328, 1.1730489315674952, 1.171798071253137, 1.2499987339999814, 1.1951691198662437, 1.133703066553087, 1.2029224938308742, 1.1973432980835739], "acc": [0.6098242850246813, 0.651603588581261, 0.6688682719805107, 0.6761796513641458, 0.6845662309001956, 0.6926763354413601, 0.699956990307864, 0.709203733371616, 0.7151327105346609, 0.7205701666151929, 0.7274821825521413, 0.7380806098086268, 0.7464979134296779, 0.7512288053796284, 0.7592160257902917, 0.7697837277898978, 0.7773101514593979, 0.7782317558475137, 0.7834234441357943, 0.7914106641143275, 0.8003809307842649, 0.8153723285763057, 0.8095662333904364, 0.8216085032445262, 0.8288277229049277, 0.8320533307523275, 0.8315003664656452, 0.8421295169062508, 0.8461845631050401, 0.8523592985681246, 0.8611759623106588, 0.8678115009236143, 0.8617903624626247, 0.8716207910709048, 0.8740476780161572, 0.8752764843918821, 0.880898258058525, 0.8858134645403793, 0.8885168349473358, 0.8916810041682144, 0.8937392470789178, 0.901050629209142, 0.8957360539485559, 0.9052592791410007, 0.9025251943976031, 0.9057815221698374, 0.9073789635859476, 0.9135844162419259, 0.912724255285031, 0.9166871459207537, 0.9099901669454329, 0.9171786688489743, 0.9150282658122042, 0.9195441150802979, 0.9267326114100946, 0.9222474774891869, 0.9213565990976984, 0.9267018915511783, 0.9308183816133186, 0.9269476549269146, 0.9312791787719633, 0.9261182106648654, 0.9318935829229629, 0.9318321428828639, 0.9362558341928652], "val_f1_score_neu": [0.6882943630965487, 0.7135411998917743, 0.7445436070747202, 0.7424457268598317, 0.7411264310247527, 0.7358507455559705, 0.7402239522135423, 0.7461680628433467, 0.7360248813495572, 0.7464900620374153, 0.7501473163398394, 0.6835520341525515, 0.7561574827937796, 0.7133526095727076, 0.7262483949025004, 0.7510346981638083, 0.5707680273515936, 0.7188753750198581, 0.7499073834556343, 0.7466052120082545, 0.750895841714278, 0.7348744590872115, 0.7311321396340842, 0.7289019762656805, 0.7168806491634567, 0.7298263809299832, 0.750208122854166, 0.7231450748467039, 0.7473985599144508, 0.729030017624881, 0.7295627168508225, 0.7270145345955724, 0.7159010824765807, 0.7415349217433135, 0.6884379784925254, 0.6782314491983801, 0.7275535040485257, 0.704719286942485, 0.6274295069175675, 0.7100975683945552, 0.7263714509728588, 0.7273466331335701, 0.7282347630804156, 0.705904859218745, 0.7396148760615497, 0.7357659997833436, 0.7235760893688724, 0.6810469388566331, 0.7359085550822618, 0.7273070968651834, 0.6929448085036877, 0.7262773157440338, 0.7221842503163926, 0.721173492201805, 0.6520445979495412, 0.7308299938984154, 0.705847217184508, 0.7207260452305191, 0.6988841515455071, 0.6830753133987997, 0.6433556208096144, 0.7138248168949062, 0.7069889732434776, 0.7181556784325991, 0.7214513657895393], "val_f1_score_neg": [0.5893828127231567, 0.5766179466411602, 0.41946711318617974, 0.28794387735024557, 0.5634058244560257, 0.6006819315530229, 0.6057226412169455, 0.48782825603987784, 0.5857859218511641, 0.5271051414242276, 0.5510339461654216, 0.6118621739829725, 0.5177233449685397, 0.6183165907273935, 0.5992566381322179, 0.4346987129956766, 0.6008608175709611, 0.6166672877091304, 0.49647450494684214, 0.5828253897493983, 0.558800016043886, 0.5998111454153664, 0.6104567383779532, 0.592687596324504, 0.5859497247888791, 0.5839722160918661, 0.4685879266002808, 0.5991594480463439, 0.414450697999048, 0.5619863674423592, 0.5947674639410433, 0.5900170451403397, 0.6008782274879186, 0.5381746124556294, 0.5897975960927889, 0.6000609926340226, 0.5961563299235086, 0.5940911695535067, 0.5556877106190138, 0.585688839484263, 0.5000602608744116, 0.529581354282195, 0.5604020551713038, 0.5831925512341496, 0.5183324255072114, 0.5795031863152944, 0.5279728242536335, 0.572038631201054, 0.5719597754863369, 0.549447882891668, 0.588863383033437, 0.5115076151229867, 0.5694841589823975, 0.5798724335744759, 0.5808988209804221, 0.5664081179856931, 0.5860222421988381, 0.5714195653281732, 0.5752693727760793, 0.5709294468285279, 0.5761927298735541, 0.5822954158303134, 0.5506141716263074, 0.5702842732717283, 0.5653054544521149],