{"1": {"f1_score_pos": [0.20793992979452014, 0.3191087767481804, 0.19253353029489517, 0.5253415033221245, 0.5253415033221245, 0.5252550169825554, 0.5252550169825554, 0.5253388732671738, 0.5253215655684471, 0.5253013595938683, 0.5253388732671738, 0.5253415033221245, 0.5244477912783623, 0.5252935662865639, 0.523605328053236, 0.5250115171074867, 0.5253388732671738, 0.5251600816845894, 0.5253215655684471, 0.525205947458744, 0.5253415033221245, 0.5252550169825554, 0.525345541536808, 0.5253215655684471, 0.5250115171074867, 0.5253415033221245, 0.5253013595938683, 0.525205947458744, 0.5253013595938683, 0.525345541536808, 0.5246910005807877, 0.5253215655684471, 0.5253415033221245, 0.5249208174645901, 0.5252179726958275, 0.5253415033221245, 0.525345541536808, 0.5252935662865639, 0.525345541536808, 0.525205947458744, 0.5253215655684471, 0.5252935662865639, 0.5249044448137283, 0.5252179726958275, 0.5249954983592033, 0.5244477912783623, 0.5253215655684471, 0.5252550169825554, 0.5251600816845894, 0.5252650603652, 0.5252550169825554, 0.5252550169825554], "val_f1_score_pos": [0.5833714594998574, 0.0, 0.5833714594998574, 0.5833714594998574, 0.5833714594998574, 0.5833714594998574, 0.5833714594998574, 0.5833714594998574, 0.5833714594998574, 0.5833714594998574, 0.5833714594998574, 0.5833714594998574, 0.5833714594998574, 0.5833714594998574, 0.5833714594998574, 0.5833714594998574, 0.5833714594998574, 0.5833714594998574, 0.5833714594998574, 0.5833714594998574, 0.5833714594998574, 0.5833714594998574, 0.5833714594998574, 0.5833714594998574, 0.5833714594998574, 0.5833714594998574, 0.5833714594998574, 0.5833714594998574, 0.5833714594998574, 0.5833714594998574, 0.5833714594998574, 0.5833714594998574, 0.5833714594998574, 0.5833714594998574, 0.5833714594998574, 0.5833714594998574, 0.5833714594998574, 0.5833714594998574, 0.5833714594998574, 0.5833714594998574, 0.5833714594998574, 0.5833714594998574, 0.5833714594998574, 0.5833714594998574, 0.5833714594998574, 0.5833714594998574, 0.5833714594998574, 0.5833714594998574, 0.5833714594998574, 0.5833714594998574, 0.5833714594998574, 0.5833714594998574], "val_f1_score_neg": [0.0, 0.27201800419219424, 0.0, 0.0, 0.0, 0.0, 0.0, 0.0, 0.0, 0.0, 0.0, 0.0, 0.0, 0.0, 0.0, 0.0, 0.0, 0.0, 0.0, 0.0, 0.0, 0.0, 0.0, 0.0, 0.0, 0.0, 0.0, 0.0, 0.0, 0.0, 0.0, 0.0, 0.0, 0.0, 0.0, 0.0, 0.0, 0.0, 0.0, 0.0, 0.0, 0.0, 0.0, 0.0, 0.0, 0.0, 0.0, 0.0, 0.0, 0.0, 0.0, 0.0], "val_f1_score": [0.1944571611467322, 0.0906726696923934, 0.1944571611467322, 0.1944571611467322, 0.1944571611467322, 0.1944571611467322, 0.1944571611467322, 0.1944571611467322, 0.1944571611467322, 0.1944571611467322, 0.1944571611467322, 0.1944571611467322, 0.1944571611467322, 0.1944571611467322, 0.1944571611467322, 0.1944571611467322, 0.1944571611467322, 0.1944571611467322, 0.1944571611467322, 0.1944571611467322, 0.1944571611467322, 0.1944571611467322, 0.1944571611467322, 0.1944571611467322, 0.1944571611467322, 0.1944571611467322, 0.1944571611467322, 0.1944571611467322, 0.1944571611467322, 0.1944571611467322, 0.1944571611467322, 0.1944571611467322, 0.1944571611467322, 0.1944571611467322, 0.1944571611467322, 0.1944571611467322, 0.1944571611467322, 0.1944571611467322, 0.1944571611467322, 0.1944571611467322, 0.1944571611467322, 0.1944571611467322, 0.1944571611467322, 0.1944571611467322, 0.1944571611467322, 0.1944571611467322, 0.1944571611467322, 0.1944571611467322, 0.1944571611467322, 0.1944571611467322, 0.1944571611467322, 0.1944571611467322], "val_f1_score_neu": [0.0, 0.0, 0.0, 0.0, 0.0, 0.0, 0.0, 0.0, 0.0, 0.0, 0.0, 0.0, 0.0, 0.0, 0.0, 0.0, 0.0, 0.0, 0.0, 0.0, 0.0, 0.0, 0.0, 0.0, 0.0, 0.0, 0.0, 0.0, 0.0, 0.0, 0.0, 0.0, 0.0, 0.0, 0.0, 0.0, 0.0, 0.0, 0.0, 0.0, 0.0, 0.0, 0.0, 0.0, 0.0, 0.0, 0.0, 0.0, 0.0, 0.0, 0.0, 0.0], "f1_score_neg": [0.016025641234591603, 0.15287457220256329, 0.16285210847854614, 0.0, 0.0, 0.0, 0.0, 0.0, 0.0, 0.0, 0.0, 0.0, 0.0, 0.0, 0.0, 0.0, 0.0, 0.0, 0.0, 0.0, 0.0, 0.0, 0.0, 0.0, 0.0, 0.0, 0.0, 0.0, 0.0, 0.0, 0.0, 0.0, 0.0, 0.0, 0.0, 0.0, 0.0, 0.0, 0.0, 0.0, 0.0, 0.0, 0.0, 0.0, 0.0, 0.0, 0.0, 0.0, 0.0, 0.0, 0.0, 0.0], "f1_score_neu": [0.4127037897706032, 0.0, 0.0, 0.0, 0.0, 0.0, 0.0, 0.0, 0.0, 0.0, 0.0, 0.0, 0.0, 0.0, 0.0, 0.0, 0.0, 0.0, 0.0, 0.0, 0.0, 0.0, 0.0, 0.0, 0.0, 0.0, 0.0, 0.0, 0.0, 0.0, 0.0, 0.0, 0.0, 0.0, 0.0, 0.0, 0.0, 0.0, 0.0, 0.0, 0.0, 0.0, 0.0, 0.0, 0.0, 0.0, 0.0, 0.0, 0.0, 0.0, 0.0, 0.0], "f1_score": [0.21222312562167645, 0.15732778795063496, 0.11846188455820084, 0.17511383444070816, 0.17511383444070816, 0.17508501186966896, 0.17508501186966896, 0.17511296086013317, 0.1751071885228157, 0.17510045692324638, 0.17511296086013317, 0.17511383444070816, 0.17481593415141106, 0.17509786039590836, 0.17453511245548725, 0.17500384710729122, 0.17511296086013317, 0.17505336366593838, 0.1751071885228157, 0.17506865225732327, 0.17511383444070816, 0.17508501186966896, 0.1751151904463768, 0.1751071885228157, 0.17500384710729122, 0.17511383444070816, 0.17510045692324638, 0.17506865225732327, 0.17510045692324638, 0.1751151904463768, 0.17489700391888618, 0.1751071885228157, 0.17511383444070816, 0.1749736126512289, 0.1750726606696844, 0.17511383444070816, 0.1751151904463768, 0.17509786039590836, 0.1751151904463768, 0.17506865225732327, 0.1751071885228157, 0.17509786039590836, 0.17496815510094166, 0.1750726606696844, 0.17499850317835808, 0.17481593415141106, 0.1751071885228157, 0.17508501186966896, 0.17505336366593838, 0.17508835531771183, 0.17508501186966896, 0.17508501186966896], "val_loss": [9.473027796061245, 13.57758383747164, 9.473027796061245, 9.473027796061245, 9.473027796061245, 9.473027796061245, 9.473027796061245, 9.473027796061245, 9.473027796061245, 9.473027796061245, 9.473027796061245, 9.473027796061245, 9.473027796061245, 9.473027796061245, 9.473027796061245, 9.473027796061245, 9.473027796061245, 9.473027796061245, 9.473027796061245, 9.473027796061245, 9.473027796061245, 9.473027796061245, 9.473027796061245, 9.473027796061245, 9.473027796061245, 9.473027796061245, 9.473027796061245, 9.473027796061245, 9.473027796061245, 9.473027796061245, 9.473027796061245, 9.473027796061245, 9.473027796061245, 9.473027796061245, 9.473027796061245, 9.473027796061245, 9.473027796061245, 9.473027796061245, 9.473027796061245, 9.473027796061245, 9.473027796061245, 9.473027796061245, 9.473027796061245, 9.473027796061245, 9.473027796061245, 9.473027796061245, 9.473027796061245, 9.473027796061245, 9.473027796061245, 9.473027796061245, 9.473027796061245, 9.473027796061245], "val_f1_score_pos_neg": [0.2916857297499287, 0.13600900209609712, 0.2916857297499287, 0.2916857297499287, 0.2916857297499287, 0.2916857297499287, 0.2916857297499287, 0.2916857297499287, 0.2916857297499287, 0.2916857297499287, 0.2916857297499287, 0.2916857297499287, 0.2916857297499287, 0.2916857297499287, 0.2916857297499287, 0.2916857297499287, 0.2916857297499287, 0.2916857297499287, 0.2916857297499287, 0.2916857297499287, 0.2916857297499287, 0.2916857297499287, 0.2916857297499287, 0.2916857297499287, 0.2916857297499287, 0.2916857297499287, 0.2916857297499287, 0.2916857297499287, 0.2916857297499287, 0.2916857297499287, 0.2916857297499287, 0.2916857297499287, 0.2916857297499287, 0.2916857297499287, 0.2916857297499287, 0.2916857297499287, 0.2916857297499287, 0.2916857297499287, 0.2916857297499287, 0.2916857297499287, 0.2916857297499287, 0.2916857297499287, 0.2916857297499287, 0.2916857297499287, 0.2916857297499287, 0.2916857297499287, 0.2916857297499287, 0.2916857297499287, 0.2916857297499287, 0.2916857297499287, 0.2916857297499287, 0.2916857297499287],