{"val_f1_score": [0.3983414616608373, 0.4373793003127964, 0.5158386893412898, 0.5038393173355055, 0.5180438173230146, 0.5065390918499384, 0.541472920924224, 0.5537919879656786, 0.5551104982908491, 0.49714622233989697, 0.5032695858691976, 0.5555237661167356, 0.5515932276663993, 0.5181658308730166, 0.5502091812969487, 0.5342864490713668, 0.562986859425842, 0.5340648888469117, 0.5393746358770215, 0.5524022388554778, 0.5240035677513881, 0.5472412047705777, 0.5155649909391845, 0.5565988179053265, 0.5190781898129593, 0.542098792806918, 0.5317589803370494, 0.5565757568334064, 0.537770627213125, 0.5329768246913675, 0.47793707636311095, 0.5540998456073783, 0.5145686883219609, 0.5209110454026504, 0.5306549212496076, 0.48605797229669034, 0.5347478347644042, 0.5616239832158674, 0.49464342453916277, 0.5148791495712287, 0.4914118109042184, 0.5346820016621578, 0.5258610827451989, 0.5205955411258497, 0.5406251524784947, 0.5399833263655905, 0.5264252059319188, 0.5359285453445891, 0.5188364268582628, 0.5061570448324157, 0.5041071397197499, 0.4691953711342393, 0.5386517478494134, 0.5405390918576605, 0.5429418227504194, 0.5176453397341585, 0.393323144784555, 0.5130108635247531, 0.534112898551608, 0.48676640680122635, 0.5396884736905375, 0.5238860565641148, 0.5220260358961434, 0.5324947422707987, 0.5184530607762768, 0.4755064269014162, 0.5410314121066157, 0.5283296047649134], "val_f1_score_neu": [0.7200793364913518, 0.724274651107625, 0.7072580713867551, 0.680527232624205, 0.701175228116537, 0.7191450310568525, 0.6889592867363051, 0.6432530499770198, 0.6700790356903317, 0.686315132109796, 0.7209799492139297, 0.6568721477587481, 0.6417755899909805, 0.7066868049466711, 0.6426141712239772, 0.6977994402839534, 0.6430007782649522, 0.6594551273739343, 0.7010120270062394, 0.712838837599572, 0.7173658048200329, 0.6095257346232196, 0.6862695116584921, 0.6812578445075066, 0.7314206665022331, 0.7176958665191403, 0.658458141743252, 0.6494474655810746, 0.6693666807660315, 0.6311345592684109, 0.6314616703365067, 0.7171801020849197, 0.6535139184946205, 0.6625557591182607, 0.7122171807010271, 0.7345703704047193, 0.6848419894520034, 0.6563536346468151, 0.7333351551440724, 0.6948846862276449, 0.7016331577054349, 0.724105340749146, 0.7073141658461636, 0.7117047486034965, 0.6594211156176276, 0.6887642778204842, 0.7166559897024676, 0.6187309826004896, 0.7181007165765098, 0.718658927213057, 0.7198277687468724, 0.7115080799811926, 0.6828571707881682, 0.7063997587372578, 0.7083745902580986, 0.6982847590517258, 0.6972819984200512, 0.6719953601981303, 0.6701770614676791, 0.7050584118965774, 0.681750775187926, 0.620924161754639, 0.7144716950992287, 0.6792135483983718, 0.6662356364689482, 0.7177735276175039, 0.701944851655441, 0.704490556917478], "f1_score_pos": [0.44457964403064626, 0.4862270778731296, 0.506397129281571, 0.5436826763968718, 0.5548976518605885, 0.5866074671870783, 0.5877513509047659, 0.6063448041677475, 0.6360877426831346, 0.6521632632142619, 0.6256406432703921, 0.6655705461376592, 0.6757913780839819, 0.6877435571268985, 0.6983666153330552, 0.7054384389990255, 0.739034661336949, 0.7349756736504404, 0.7628010817264256, 0.7546565666010505, 0.7388689329749659, 0.7709640884085706, 0.7829578589451941, 0.8029450201674512, 0.8192460623226667, 0.825289144327766, 0.8200703482878836, 0.8266161633165259, 0.8597459518595746, 0.8286356533828535, 0.8340332900222979, 0.8691689764198504, 0.8867850146795574, 0.8775221477997931, 0.8789208264727342, 0.8792562108290823, 0.8973581626227027, 0.9137114121725685, 0.9225631403295618, 0.8840346744186, 0.9132846146821976, 0.9126237419090772, 0.9222527491418939, 0.927606726163312, 0.9305115530365392, 0.9344692810585624, 0.9482907574427756, 0.9219558615433542, 0.9399601519107819, 0.8959472414694334, 0.9428606927394867, 0.9521112222420541, 0.9453116239685762, 0.9304684635839964, 0.9549328096603092, 0.945935775574885, 0.9423997613944506, 0.950083348311876, 0.948304923741441, 0.9558148878185373, 0.959435351585087, 0.9579989165067673, 0.9499375020202837, 0.9626768631370444, 0.9597930837618677, 0.9571064812572379, 0.9608916201089558, 0.954491998804243], "f1_score_pos_neg": [0.35455855844836487, 0.4313700265790287, 0.48895607810271413, 0.5321810131794528, 0.5466218222128717, 0.5658647418022156, 0.5859178932089555, 0.6019963841689261, 0.6077561629445929, 0.6399348213484413, 0.6266839135634271, 0.6517789489344546, 0.6578952999491441, 0.669309640401288, 0.6774509149162393, 0.6987024279017198, 0.7106222212314606, 0.7134077564666146, 0.7365167305657738, 0.7312584903679396, 0.7365336567163467, 0.7569291128924018, 0.7632327236627278, 0.7855246968959507, 0.785097391197556, 0.7839277229811016, 0.8088725091595399, 0.8070516656888159, 0.8093650435146532, 0.8240113274047249, 0.8216547330743388, 0.8440620318839425, 0.8553479760885239, 0.8544940485766059, 0.862481016861765, 0.872778763112269, 0.8671094461491233, 0.8787622506681242, 0.906176472180768, 0.8823013862496928, 0.9032737471555409, 0.8804031053656026, 0.9154202091066461, 0.9219924219344792, 0.8967491811827609, 0.9302343639888262, 0.9437428752058431, 0.9197784795572883, 0.9326955487853602, 0.9090701914147327, 0.9262384921312332, 0.9429632927242079, 0.9332866896139947, 0.9328274922935587, 0.9400553162160673, 0.9438472131365224, 0.9325121068640759, 0.9277160669627943, 0.9462727245531584, 0.95379097446015, 0.9553314549358267, 0.9522485168356645, 0.9233900716430262, 0.9612316802928322, 0.9578499472454974, 0.9494144493027737, 0.9577977900442324, 0.9566863477230072], "val_acc": [0.598290598960916, 0.6167341462674573, 0.623481779392378, 0.6126855666499067, 0.6225820888123746, 0.6392262818520529, 0.6095366703193037, 0.602789020141502, 0.6032388751913286, 0.6239316282484696, 0.6126855616895561, 0.6032388655119418, 0.6077372952189684, 0.6428250185123071, 0.5870445444945328, 0.6351776814010301, 0.6054880760620158, 0.6158344569208383, 0.6288798912334056, 0.6342780043078177, 0.6450742254962912, 0.5726495633991892, 0.5856950073911432, 0.6077373050592314, 0.6338281711103463, 0.6482231217464562, 0.5762483173268259, 0.6140350952268558, 0.5892937563584294, 0.5978407621169165, 0.590643283701994, 0.6401259590257035, 0.6059379190193122, 0.6153845982244838, 0.6423751732223054, 0.6293297292303514, 0.6203328988812713, 0.6135852462903262, 0.6432748552758684, 0.5897435810294603, 0.5879442121228601, 0.6392262671318775, 0.6108861757300751, 0.6243814675592378, 0.5874943655190359, 0.6257309912562745, 0.6279802127459325, 0.5847953217714904, 0.6261808316663638, 0.6221322543815188, 0.6360773829742428, 0.6158344593339818, 0.6090868116229491, 0.631578931334423, 0.6234817744320275, 0.6045883903619249, 0.5582546091165512, 0.6054880845884563, 0.5933423359759799, 0.6176338221809106, 0.6099865191753951, 0.582096260890626, 0.6333783100008482, 0.6086369905984461, 0.6077372964523529, 0.6104363438464262, 0.6266306817558398, 0.6158344604869281],