{"1": {"val_f1_score": [0.5470677853380949, 0.6211404602670807, 0.6538032738048825, 0.6908066331199108, 0.6959564340511645, 0.6747315012498881, 0.6516475248236747, 0.6068495720538948, 0.6866849830323807, 0.6600167961249412, 0.6984691783539617, 0.6953826418174336, 0.6017463223345787, 0.6403472822480961, 0.6905613129857391, 0.6977718097001212, 0.6594062551656733, 0.615267524968099, 0.6108200891324925, 0.6439960347740099, 0.6478528099487749, 0.6161803224253711, 0.6592826939554562, 0.6134523569271378, 0.6333718704108081, 0.6554793558375841, 0.6547428989798073, 0.6390000648333461, 0.6623881553184195, 0.6818050160484304, 0.6484101177543722, 0.5879788809863095, 0.6660838346296241, 0.6274591440482932, 0.6087811709138123, 0.6749305766678657, 0.644638280292649, 0.6521831302701598, 0.6466359539729792, 0.6542543658677468, 0.6583789014422359, 0.6529515310438042, 0.6451368461810727, 0.6506068657428112, 0.6529891025416656, 0.6296380677937273, 0.6414963353377392, 0.6653443261641016, 0.6595647162944664, 0.6617520703845471, 0.6093374253288517, 0.6573308471804243, 0.6368444107693698, 0.6623205820813193, 0.6548481303001682, 0.6578753238708492], "val_f1_score_neu": [0.6849409470619444, 0.7025727977003602, 0.7076890889565963, 0.723924260673453, 0.7105431966415203, 0.7319776157897631, 0.7273026625065238, 0.7165310305933799, 0.7330908559921249, 0.7215269573898475, 0.7379148388015233, 0.7340851502408514, 0.7168357190171659, 0.7248682160718904, 0.7136587683778718, 0.7256563952861419, 0.7298342290901306, 0.7160825364363965, 0.7155951771278442, 0.7198578238549771, 0.7288333997149934, 0.7174561531907019, 0.7222318248488664, 0.7172141604901235, 0.7204877321500651, 0.7264754013723818, 0.7204161732646382, 0.7168797157331617, 0.7178590760248525, 0.7264730432450599, 0.7219652708609086, 0.7003546574907981, 0.7241456794388613, 0.7166329625082428, 0.7102460328469025, 0.6965671022545469, 0.7164923664531212, 0.7132741882205166, 0.7192698113411203, 0.723723490095001, 0.7235438908894106, 0.6732861885804378, 0.718114569732407, 0.7158982504736617, 0.7113212199152344, 0.7143760188777022, 0.6994248605637359, 0.6987037200206163, 0.7132740093440544, 0.7083270907120663, 0.7015338941974775, 0.7112729048716437, 0.7075993026644108, 0.7019482499622092, 0.657986545121923, 0.708331593621787], "f1_score_pos": [0.5705487746745348, 0.6763618104159832, 0.6854724213480949, 0.6969469785690308, 0.7311811037361622, 0.7496646493673325, 0.7416539825499058, 0.7591607794165611, 0.7683075964450836, 0.7842975705862045, 0.7722750939428806, 0.7791052460670471, 0.7896716743707657, 0.7974026501178741, 0.8054874427616596, 0.8055173791944981, 0.8080802857875824, 0.8254888728260994, 0.8193978704512119, 0.8115296103060246, 0.8172514960169792, 0.8526107259094715, 0.841015350073576, 0.8656715415418148, 0.8480031527578831, 0.8644774816930294, 0.8535354919731617, 0.8822009041905403, 0.8711235262453556, 0.8725885152816772, 0.87618363276124, 0.8980506211519241, 0.8915497586131096, 0.9081964828073978, 0.8727929331362247, 0.8754468336701393, 0.926372803747654, 0.922875139862299, 0.9314038045704365, 0.8946276232600212, 0.9353675954043865, 0.9315077364444733, 0.9139766246080399, 0.9317531026899815, 0.9456014782190323, 0.9135507233440876, 0.9447969309985638, 0.9405247122049332, 0.9159666337072849, 0.9301260560750961, 0.9521495550870895, 0.9543773904442787, 0.9385447166860104, 0.9606125503778458, 0.9187276102602482, 0.9487690776586533], "f1_score_pos_neg": [0.45023816637694836, 0.5717876888811588, 0.6131720617413521, 0.6388224586844444, 0.6662958078086376, 0.6930157393217087, 0.6940580271184444, 0.7028282396495342, 0.7021529823541641, 0.7362932823598385, 0.7284182570874691, 0.7461503520607948, 0.7546688616275787, 0.7610046304762363, 0.7592253312468529, 0.781729944050312, 0.7876861281692982, 0.8012395352125168, 0.7986209839582443, 0.7896496132016182, 0.8110305294394493, 0.8341012746095657, 0.8204446732997894, 0.8415865562856197, 0.836208987981081, 0.8405778594315052, 0.8559726551175117, 0.881243359297514, 0.8661742694675922, 0.8715416863560677, 0.8776829428970814, 0.8816885687410831, 0.8855201117694378, 0.9060875587165356, 0.8795321136713028, 0.8765724115073681, 0.9130578599870205, 0.9131351262331009, 0.9270992949604988, 0.8950057625770569, 0.9306897521018982, 0.9272593855857849, 0.8913343772292137, 0.9302335232496262, 0.9421141631901264, 0.9153234474360943, 0.9377661049365997, 0.9379859566688538, 0.9200314059853554, 0.928875170648098, 0.9431350715458393, 0.9404620416462421, 0.9403317458927631, 0.9459683932363987, 0.9081715494394302, 0.9469103254377842], "val_acc": [0.6210333161581666, 0.6787306643395232, 0.6931549985672025, 0.7062680372690361, 0.7109887151464277, 0.6986624669941147, 0.6879097880605572, 0.6640440578570742, 0.7088906427959178, 0.7054812406699488, 0.7164962021909984, 0.7154471471245258, 0.6671911804437825, 0.6926304804131392, 0.7044322011572715, 0.714398117882043, 0.6892210884792048, 0.6606346659231398, 0.6664044018527076, 0.6963021181682073, 0.6957776095965326, 0.677681623748241, 0.6800419569421934, 0.6795174321289172, 0.6711251026309134, 0.6963021253745386, 0.6881720357887894, 0.6708628290786913, 0.7031209002696652, 0.704169946910514, 0.6860739562319483, 0.6338840860598924, 0.6894833481658827, 0.6771570880551242, 0.6614214595365236, 0.6900078627871241, 0.6834513452026183, 0.6965643874372737, 0.6871230028727972, 0.6905323852243431, 0.6913191727881602, 0.6805664823651157, 0.6847626552036544, 0.6918436891758126, 0.6871230077030713, 0.6711250983477577, 0.6795174327385635, 0.6886965623684764, 0.6879097826206368, 0.6921059464864333, 0.6758457924667507, 0.6858117024541496, 0.6787306565235457, 0.6829268294246122, 0.6766325745124877, 0.6868607316966323], "val_loss": [0.845986949562745, 0.731839441687236, 0.7023334741873782, 0.6922905141526309, 0.6733729950311832, 0.7004407141079216, 0.7183269608405328, 0.8137331669830195, 0.6799048162369536, 0.6820300189085029, 0.6729494220873454, 0.6729525652045564, 0.8303747601844244, 0.7553680570238755, 0.6906207423181381, 0.6855968979753724, 0.7898741472339555, 0.8873714696945182, 0.9290318311026738, 0.7567687912028573, 0.8013313575707612, 0.8722322968838879, 0.8692488927494783, 0.8941085987318665, 0.9839639185983742, 0.8506155355596304, 0.8145197116575184, 0.9310513985866704, 0.7961510112208705, 0.8099993333521397, 0.8941760809597242, 1.2136229241954164, 0.9184689197426482, 1.049359379479368, 1.0746620541134126, 0.7682573432188287, 0.9732938443554564, 0.9096843929325787, 1.0244520082268664, 0.9469019595856996, 0.9833497002529341, 0.9359452172492453, 1.0474431659491894, 0.9691070786399101, 1.0013028523317322, 1.1360157907024757, 1.0133253106163018, 0.973285032122147, 1.005174379054249, 0.9951245821025657, 1.233865475767152, 1.095767870635271, 1.12045725067863, 1.0847363261735068, 0.9562202026110573, 1.0397872160089445], "val_f1_score_pos": [0.5842476962840123, 0.7099581000656711, 0.7207387517888559, 0.7123854147803274, 0.7326497427284827, 0.678328426403853, 0.6683421095243565, 0.6333401440448596, 0.7049815671168191, 0.7371363916048189, 0.7123754161285222, 0.7197839396068064, 0.653080106187986, 0.705544666186612, 0.7211076921595071, 0.725444761655664, 0.6581173034874811, 0.6077409527009784, 0.6430559098923766, 0.723812308769166, 0.703571662826548, 0.6831775025967504, 0.6390851991025913, 0.6939222522054542, 0.6279358461464042, 0.7042098688760393, 0.6850821457914626, 0.6300045114910386, 0.733768439655569, 0.7087367032726637, 0.6802493006327069, 0.5465393746396296, 0.6681171127294825, 0.6720667466728386, 0.637041178019754, 0.7107123770083525, 0.6847640079148886, 0.7284656700548962, 0.6938177087692773, 0.690373412399132, 0.6927118846477875, 0.7220648289852307, 0.6869893105143235, 0.7131220262068761, 0.7030838306826179, 0.6537426896930647, 0.7041774059636305, 0.7120919753146427, 0.6983381340017851, 0.715989904096675, 0.7114062094794713, 0.6926455759264308, 0.6944396153635595, 0.70039660524828, 0.7206535406885515, 0.7002413562986752],