{"1": {"val_acc": [0.5677943819468959, 0.5743509006881664, 0.4628901167973239, 0.6231313921821858, 0.637031207505468, 0.6438499913733368, 0.621820089387481, 0.621820089387481, 0.6115919183377923, 0.6365066887417585, 0.643587722573229, 0.6215578326865066, 0.6475216310355034, 0.6354576564354125, 0.6490952085391949, 0.6433254574466308, 0.6375557318497854, 0.6414896443138403, 0.6249672101452505, 0.6084447928279083, 0.629425643420801, 0.6168371284536386, 0.6212955747662396, 0.6202465288131968, 0.6257540007729309, 0.6205087787767986, 0.6380802699189595, 0.6189352169050621, 0.626803042114547, 0.6323105201238477, 0.6309992161723782, 0.6244426872390729, 0.5921846340561113, 0.6199842570273857, 0.6239181804338091, 0.6215578205873733, 0.6223446033990762, 0.6184106926232725, 0.6228691301194508, 0.6118541841521965, 0.6142145288356358, 0.6231313909628934, 0.6181484370790628, 0.6097561004528873, 0.5940204477985481, 0.6249672132091137, 0.6160503534579134, 0.6094938407662094, 0.601888277150501, 0.6207710499529635, 0.6118541878257059, 0.6005769737461499, 0.5924468955092002, 0.6152635726314688, 0.6071334750890545, 0.5945449708454134, 0.6194597369662239, 0.6184107018148621, 0.627589833211186, 0.6160503474083467, 0.6181484461924925, 0.6129032279480294, 0.606084435654537, 0.6108051460151313], "loss": [1.096147507429123, 0.9167943696180979, 0.9107477019230524, 0.9032682279745737, 0.8150726209084193, 0.7726633449395498, 0.7847119271755219, 0.7266124586264292, 0.7370999306440353, 0.7023251702388128, 0.6706390331188837, 0.6465413073698679, 0.6546947111686071, 0.6284784922997156, 0.651991551121076, 0.6337284793456396, 0.5648719494541486, 0.5974441518386205, 0.5153156394759814, 0.5530537540713946, 0.555641271173954, 0.4794645955165227, 0.520840105911096, 0.48278427372376126, 0.4420642629265785, 0.6049848223725954, 0.43984826902548474, 0.4020311211546262, 0.4185559079051018, 0.3863699312011401, 0.37607190509637195, 0.32436715066432953, 0.3690381894508998, 0.35957833876212436, 0.34154030680656433, 0.3040454039971034, 0.3444817438721657, 0.3831281065940857, 0.27854712928334874, 0.3107563989857833, 0.28332603846987087, 0.27565376088023186, 0.29913579300045967, 0.24293508132298788, 0.30942948038379353, 0.2448875034848849, 0.21323984488844872, 0.2641189396381378, 0.2422876519461473, 0.3126494884490967, 0.19414646675189337, 0.2353883640219768, 0.21300665537516275, 0.28841432929039, 0.19045508715013662, 0.1935781358430783, 0.2462442802886168, 0.23390390103061995, 0.19189095993836722, 0.15726695644358793, 0.1576835239926974, 0.18093660535911718, 0.17492573335766792, 0.17511907468239465], "val_loss": [0.9079809690315893, 0.8688509526479097, 0.9820120568479292, 0.8117706360011597, 0.7810387668914754, 0.7769985912104401, 0.7906620755084318, 0.82301793847533, 0.812680668712694, 0.8080013850027264, 0.805938513595352, 0.8404515271358155, 0.8002728369803119, 0.8173311771822513, 0.7997936463687415, 0.8374248492164371, 0.8398116045257034, 0.8182349899075896, 0.8956333121508087, 0.952747294182481, 0.8970303662236582, 0.9007381492482688, 0.8862489039523377, 0.9288809390603292, 0.9190970436500622, 0.8563354655166264, 0.9350528216193175, 1.0454481712576913, 0.9763042478463858, 0.9814259955928671, 1.0542063045589247, 1.0300353412205485, 1.0583763574322096, 1.0286554209428793, 1.0807457738369117, 1.1807965060215813, 1.1049420512819927, 1.0789220664496812, 1.0761663340659333, 1.2494450733475944, 1.2162521862464724, 1.0971080428998112, 1.1741180420859791, 1.1205126657093287, 1.08631999680854, 1.173328552851363, 1.1764381570888571, 1.130985415422663, 1.1343791236909957, 1.1613781417788653, 1.2817293699413592, 1.2999812810714246, 1.2306777567116882, 1.259647301385761, 1.332666978572192, 1.62343294411671, 1.1854082397547976, 1.1920567155040658, 1.2866862063141529, 1.2476869340396883, 1.277633684531241, 1.2147641266670997, 1.3435841487393803, 1.5234891064298957], "val_f1_score_pos": [0.5475297832532783, 0.6617102243285651, 0.6097973481488922, 0.6613352245118966, 0.6880191287561692, 0.6761866287393518, 0.6994402288077479, 0.633714990699632, 0.6973427788122664, 0.6656830533733212, 0.6662066281076306, 0.6384792302713411, 0.7055651141751197, 0.6763495714089829, 0.6869759604964017, 0.6294321108139502, 0.6916600997729968, 0.6851623071137295, 0.6643296111889971, 0.6059359513397077, 0.6276287357387598, 0.6814787428959942, 0.6822830885375168, 0.6783594526614287, 0.6696149153469305, 0.6820973384858678, 0.6721742186620109, 0.5964152313673118, 0.6417663682016712, 0.654564364294727, 0.6486129728227721, 0.6723698520954281, 0.6674959078536645, 0.6784876635810568, 0.6642178603272847, 0.6084677077265134, 0.6442552041013254, 0.6286663621109113, 0.6429517244904991, 0.6121001051318261, 0.5995487040839357, 0.6662191219008441, 0.6074986922875371, 0.6720921213377375, 0.6688086898690161, 0.6501196078543834, 0.6615016064930237, 0.6643541477153597, 0.6640116768873742, 0.6712797354470079, 0.6425923391992953, 0.6216633609827503, 0.6694548830190669, 0.6020789387155449, 0.5952251589488958, 0.5597183601361637, 0.6304200880020395, 0.6682225003224985, 0.6472817073961333, 0.6658207467619653, 0.6539173930953751, 0.6698689822008876, 0.610108404609121, 0.619284418993599], "val_f1_score_neu": [0.6456261908104499, 0.5082332856959006, 0.011903736857590386, 0.6667330908456438, 0.6660635890280391, 0.6775851998621792, 0.6318283450750426, 0.6815037083006769, 0.524589941589469, 0.6840058143233303, 0.6856272700043635, 0.6825789435779582, 0.6283271322092796, 0.6413993144829443, 0.6636949250493623, 0.6917344995630466, 0.6279803222163031, 0.6509696225809857, 0.6632474237872709, 0.6682396875320693, 0.6757497198150879, 0.5904712022882792, 0.5994814757190288, 0.6315782710757432, 0.636566738240712, 0.6047920750533693, 0.662969955943433, 0.6731811507055211, 0.6655439676777009, 0.6630603746263618, 0.6687668869884941, 0.6302019141647655, 0.5432637793058614, 0.624906240596316, 0.6557305559004006, 0.6744706211301432, 0.6592804832687348, 0.6582151905401716, 0.6516701869535658, 0.6663053517200301, 0.6669025504460899, 0.6349521059862372, 0.6646000572836621, 0.5846686887359669, 0.5364609234545008, 0.6458116692568792, 0.6234770743921302, 0.6023510992292529, 0.5849053736530887, 0.6315268878701663, 0.6441156689713641, 0.6452780894147672, 0.5428108214831808, 0.667921724420753, 0.658092785907048, 0.6658966283988302, 0.6613887354610412, 0.6238349529504463, 0.6670623083706138, 0.6226609618589379, 0.637585926909413, 0.6026599500362497, 0.6440097668525462, 0.6616886758504188], "val_f1_score_pos_neg": [0.31217365151717225, 0.5717394975674237, 0.53878181499038, 0.44186905321879805, 0.48736767539226444, 0.5220925940980818, 0.4376574921976885, 0.42089998937797396, 0.608433773597019, 0.4637081604084567, 0.5113698818256559, 0.40693268427659984, 0.6147895871952016, 0.6001186611269079, 0.5863932061939454, 0.557620378607313, 0.5929086274622996, 0.5787235347111019, 0.4623993720684407, 0.4429465486501228, 0.5275736178058731, 0.5813191634540072, 0.579267909715659, 0.48821679964454473, 0.5534501439656544, 0.5849501889989409, 0.5455744052664864, 0.5355015291243502, 0.5263462198427772, 0.5569880656642049, 0.5307968396418932, 0.5644587463917395, 0.5650455058949718, 0.5192976286490696, 0.4893089263748066, 0.5169795065328827, 0.5152636478024144, 0.5328680728946869, 0.555402235521471, 0.4780957529215309, 0.5130335371574954, 0.5563659622167122, 0.5374122928078644, 0.583449921394126, 0.58937645549384, 0.5653983693312948, 0.5685424047788235, 0.5674665754247206, 0.5469014019657238, 0.5441149024084238, 0.5049411725597747, 0.462018591656386, 0.5639128197749518, 0.5319290481040774, 0.5168087755698968, 0.44708883836611407, 0.5270376083827726, 0.5413961135165571, 0.5258785350848583, 0.5510708616688406, 0.551206755569342, 0.5697153387593685, 0.5571596962931022, 0.4712526105909],