{"1": {"val_f1_score_pos_neg": [0.32999820755186465, 0.5182401773156127, 0.5520928763918073, 0.5352359965908662, 0.6245553312638036, 0.6473033666579454, 0.5770518846034128, 0.5948533717647425, 0.6355563336209052, 0.6209035625990501, 0.6575422740001363, 0.6201259188692057, 0.5764362151748453, 0.5749247890740531, 0.6011868655884826, 0.6341544068175415, 0.6258198915739682, 0.6273307673205174, 0.5784576109879417, 0.6300880729980178, 0.6357792888199161, 0.563591166256045, 0.5824108075476556, 0.6147635155952168, 0.6166159020394376, 0.6263294811640203, 0.6308834105690977, 0.626004750166482, 0.5836869453527219, 0.6085753248427567, 0.6201607968561487, 0.6017803232750492, 0.6054789768001898, 0.5748433483387897, 0.6074974129527002, 0.6307680963406936, 0.5967215853446493, 0.6078179802695753, 0.5411386103133595, 0.5593761344797619, 0.5937038261434584, 0.5872436571927825, 0.6106063474234464, 0.5828771147238999, 0.48379246582204577, 0.5905307904022621, 0.5421071806324144, 0.6060002055532063, 0.593711522958612, 0.6036708683846287, 0.5029169110341426, 0.598605988330801, 0.5768993616635613, 0.6229919338051241, 0.5914542060057197, 0.6208188137200258, 0.5734161792575547, 0.553772583240416, 0.5674012774655802, 0.6299853781343225, 0.5944597261207735, 0.5709449178491588], "loss": [1.0279284013169152, 0.8427627299513135, 0.7983700931072235, 0.7813528829387256, 0.7144851844225611, 0.6667075976729393, 0.7007071280053684, 0.6437850285853658, 0.6613480086837497, 0.6153768684182849, 0.6010656782558986, 0.5926461273006031, 0.5616242209715503, 0.5313802191189357, 0.556186671767916, 0.5281950623861381, 0.4825231885271413, 0.5364641728145736, 0.4742546597761767, 0.46837503729122026, 0.40679769058312687, 0.45003000274300575, 0.39674474937575205, 0.37690526034150806, 0.43122213280626703, 0.4166156032255718, 0.3315234269414629, 0.3809592223593167, 0.3712098646376814, 0.36001126787492205, 0.36407903980995926, 0.3463449789477246, 0.2889504076114723, 0.30709313441600117, 0.35122506214039667, 0.25825764132397516, 0.38647267701370375, 0.2641678862273693, 0.2779578758137567, 0.2813995887658426, 0.25410217312829836, 0.2424580861947366, 0.282508039314832, 0.25405258871614933, 0.2554928809404373, 0.2502039803990296, 0.2653837081577097, 0.23799712450376578, 0.25059180201164316, 0.2076950701219695, 0.21901710171784675, 0.28326040745845865, 0.20722926807190692, 0.22527125690664565, 0.18826826076422418, 0.2560021390340158, 0.17478967112089908, 0.17104553896933794, 0.2635868373992188, 0.175705206447414, 0.1866323421044009, 0.20942924238209212], "f1_score_neu": [0.4061958145882402, 0.6288179611521107, 0.6353447413338082, 0.677618899515697, 0.73324502153056, 0.7488964019077164, 0.7209111356309482, 0.7589261138013431, 0.743060901761055, 0.7682725052748408, 0.772864288517407, 0.77688039626394, 0.7811926741685186, 0.7905996175748962, 0.7868425324559212, 0.7971449047327042, 0.8256091220038277, 0.7875817811914853, 0.8152088448405266, 0.8324154934712819, 0.852499993784087, 0.8346355259418488, 0.8540432155132294, 0.867875976221902, 0.8367877304553986, 0.8443706418786731, 0.881869301199913, 0.8628221899271011, 0.8591460042766162, 0.8777187722069877, 0.8794754477483886, 0.8749699656452451, 0.899118752351829, 0.8913202871169362, 0.8640950822404453, 0.9117623737880162, 0.8536759146622249, 0.9132487082055637, 0.9032523610762188, 0.9086199817912919, 0.9170804619789124, 0.9144229707973344, 0.8952463567256927, 0.9156117588281631, 0.9095366267221314, 0.9145761760217803, 0.9140421056321689, 0.9258142550076757, 0.9193538533789771, 0.9266248994639942, 0.9318306882466588, 0.9019259799804006, 0.9283024668693542, 0.925211523260389, 0.9430281019636563, 0.9177785441279411, 0.9436513643179621, 0.9455220113907542, 0.9024249517491886, 0.9407940741096225, 0.9410340189933777, 0.9279741517135075], "f1_score_neg": [0.22436595471974993, 0.31388217343815733, 0.41815570395972046, 0.4595319346657821, 0.48668224470955984, 0.5679821100618158, 0.5466212289673942, 0.5691099613904953, 0.5826946209583964, 0.5821086801588535, 0.6289826525109155, 0.6368094049394131, 0.6683519003646714, 0.6906774810382298, 0.7048199464167867, 0.740986348262855, 0.7332155012658664, 0.6791672695960317, 0.747648091188499, 0.7475299590400287, 0.7846351638436317, 0.7749113759824208, 0.799431419798306, 0.8205281283174243, 0.7848371724997248, 0.8076237216591835, 0.8429843698229108, 0.810373105108738, 0.8375031022088868, 0.8312194283519473, 0.8305630737117359, 0.8444277622870037, 0.8591281324625015, 0.8574517869523594, 0.8330006109816688, 0.8847396054438182, 0.8399979387010846, 0.8813930238996234, 0.8714962527155876, 0.8416397763150079, 0.8891804686614445, 0.8849600053259304, 0.8941285631486348, 0.8902705482074192, 0.8898086877805846, 0.8782328814268112, 0.8926285441432681, 0.8909024723938533, 0.8573315941861698, 0.919135685477938, 0.9179201051592827, 0.8812924559627261, 0.8996736428567341, 0.9102914471711431, 0.9095697786126818, 0.881897567638329, 0.9142508166176933, 0.9242732461009707, 0.8952770924993924, 0.9238094815186092, 0.914685702749661, 0.913353697529861], "val_f1_score_neg": [0.08041251167057069, 0.34578037660577743, 0.45530366244948883, 0.3996907852701462, 0.5420511433092153, 0.5907425709262221, 0.4494525412702823, 0.5212913183536925, 0.5970585908503349, 0.5468633630098773, 0.5955427723733765, 0.5798197019265888, 0.45295557060049113, 0.43222466340191307, 0.5319807952606487, 0.5667902786463476, 0.5648146591848068, 0.541061673410102, 0.562567507864264, 0.5606256422019836, 0.5612401944147205, 0.46069978288925134, 0.5198366591976035, 0.5496439968010837, 0.5625272509919168, 0.5493953055732681, 0.5646669540135153, 0.5534776601771373, 0.542263563735073, 0.5212008913076678, 0.5395199450457343, 0.530887646763274, 0.5119745882202127, 0.4892953731727325, 0.5360269320314399, 0.5661998035055491, 0.5269216978812574, 0.5228260403741791, 0.40731181377442904, 0.44709830311630894, 0.5107202808624985, 0.48713787096615324, 0.5439082370978655, 0.4874486381805009, 0.3408393850132389, 0.51070230339507, 0.4263675540818525, 0.5509086899828667, 0.5119920940090282, 0.535741128768003, 0.3988193281516609, 0.5369770380336407, 0.46502681885871117, 0.5645686417403822, 0.5495508556724876, 0.5500967942164572, 0.48681587544351684, 0.4623332059261463, 0.466004330359073, 0.568726100775941, 0.5130002404678659, 0.4709506446831251], "val_f1_score_neu": [0.6639672240621926, 0.6349280428892666, 0.7049511074081919, 0.705105774520796, 0.6831892216390054, 0.6709539647368724, 0.6972138594211695, 0.7165186125526208, 0.7155295189928265, 0.7085782212439466, 0.6842352724312923, 0.714145085894777, 0.7094571125998198, 0.6893547604067133, 0.711103531809701, 0.6862729712793154, 0.5057851748769127, 0.7028988755784134, 0.7105580336179066, 0.7067681868308303, 0.6334428105521883, 0.7073659344104654, 0.7126541172085614, 0.7005610517119911, 0.7044237205246255, 0.6828261840040215, 0.6771934804971407, 0.5665203409497581, 0.6928198826991445, 0.6904366004507654, 0.6781574952267863, 0.7058003482279613, 0.5823314806591517, 0.6897197522236673, 0.6801067645112705, 0.5533394438370676, 0.7012144667471358, 0.5991264585119328, 0.6800867159348475, 0.6855907340453673, 0.6775137017068981, 0.6282229297373072, 0.6932743602214196, 0.653373408717744, 0.6949623961977655, 0.6735610104188686, 0.696363919274625, 0.6886231517372812, 0.6702676129847601, 0.6916311064042853, 0.6943040464983004, 0.7006680634338776, 0.6872130645843995, 0.6079263183628515, 0.6951907855645897, 0.6798938116219423, 0.6992600141408216, 0.6919496195259415, 0.6939863835674179, 0.6214202460641158, 0.695166841911388, 0.6866584687354275],