{"1": {"f1_score_pos": [0.5600863682107511, 0.6109626252239886, 0.6226224175291115, 0.6341040875276555, 0.6483826701281902, 0.656665220098608, 0.6647299722507212, 0.6784908816632196, 0.67964151915475, 0.6966511117105374, 0.6982399617594388, 0.7075753352527215, 0.7138029279800269, 0.719564452053259, 0.7360382084692395, 0.7314473027590013, 0.7456313783719927, 0.7551685675967674, 0.7575234706541278, 0.7678799611486771, 0.7735613380025722, 0.7782231422658926, 0.7868258751458224, 0.7934958041373446, 0.7971060786604091, 0.7938919477320385, 0.8197455302624247, 0.8204469657275331, 0.8164178433451087, 0.8283925480018174, 0.834983808574175, 0.833417448446129, 0.8488716631798171, 0.8494861579096619, 0.8510305341044759, 0.8634468760441198, 0.8590268520750499, 0.8560002569441538, 0.8689681054641117, 0.8681641809255961, 0.8778979916717884, 0.8784170170092823, 0.8875860234799857, 0.8799149985174548, 0.8839726153258523, 0.893898002812481, 0.8894017493001188, 0.889719684738057, 0.897985457187497, 0.8940023104134928, 0.8994427653005299, 0.9046714945063892, 0.9011049359399641, 0.9049712062746279, 0.9050139959935446, 0.9162667882284271, 0.9103213077492079, 0.9107857901785174, 0.9080890194881633, 0.9120740454417829, 0.9222097469287295, 0.9227771745922818, 0.9172285406953962, 0.921543607279076, 0.9174193531223526], "val_f1_score_pos": [0.6370075202234284, 0.6005706490953602, 0.6085080615951851, 0.5923926847501592, 0.6476817880146685, 0.6470977449053876, 0.6845276761163378, 0.5830117069777055, 0.6738814410654798, 0.6883401220561627, 0.68539254743588, 0.6441698026592659, 0.6643253637042703, 0.6911098651532123, 0.5739415697272835, 0.6719047060644382, 0.6773139866699911, 0.6724137808916566, 0.6872517470060308, 0.6261771899034796, 0.6922187173391446, 0.6157068835603676, 0.6309801715790369, 0.6296857238723951, 0.6790419100894874, 0.6633912898176263, 0.6339268270691866, 0.6665394054479747, 0.6752668185760764, 0.6700886992026143, 0.6158393058280041, 0.6596088319053842, 0.6748298598179464, 0.6789261199197981, 0.6671938328327601, 0.6498154547074193, 0.6571989506098603, 0.6660792089487004, 0.619515904111554, 0.6076252788199095, 0.66713365450701, 0.6600172558643994, 0.6680931269002057, 0.655331714892361, 0.6455126560822593, 0.6466426996930487, 0.6386711314175928, 0.642414313794237, 0.5428538582061049, 0.6472043850480785, 0.6547660112732502, 0.6532959094254357, 0.6456544642615983, 0.6473621943173031, 0.63961849983501, 0.6468235876624949, 0.6512856612643148, 0.6105587267512433, 0.6545084844512602, 0.6303687682607599, 0.6454352529735263, 0.6392239367131417, 0.645340624920697, 0.6487030510030048, 0.6115176367267576], "val_loss": [0.8029016666878703, 0.7449783039101806, 0.7742038535565002, 0.7285824625245153, 0.77119161437779, 0.6955276927164108, 0.7033505963157239, 0.7620288993747217, 0.7241658587569407, 0.6839541735601068, 0.7092829788180823, 0.6979268827812137, 0.759657760798045, 0.7295994631033416, 0.8231341446818408, 0.7593224288160875, 0.7632515576843958, 0.7418784252371918, 0.7404082774354339, 0.7849052124460494, 0.747770341136324, 0.7808248884687554, 0.7837143268759793, 0.8054595624496843, 0.7845528930085108, 0.817521751329755, 0.9191794115914981, 0.8273327939559265, 0.8576766069727193, 0.8871748281471383, 1.0622673332874275, 0.8742482282778806, 0.9178639573523037, 0.9358090518850529, 1.1323312901062057, 0.9234289035323738, 1.0024712043102053, 0.9066088419901474, 0.9701421119859491, 1.0267466968423187, 0.9529998313664423, 0.9933035643625968, 1.0629308346976136, 0.9846871206853852, 1.001955882309842, 1.093289517956469, 1.1209954713366075, 1.0161726105226347, 1.2418763199387435, 1.096191361130917, 1.1320537610082724, 1.0616296475430733, 1.1658844885713038, 1.1019686176349497, 1.0571565830834977, 1.0728480922075847, 1.1150345551702516, 1.0460004078944964, 1.2049317806501443, 1.3039797882964035, 1.2377233380605817, 1.1877635969388014, 1.1390994714422211, 1.1223014007184149, 1.2186777879658957], "acc": [0.5963688867775924, 0.6454902930777089, 0.658546322355636, 0.6667178711117149, 0.6780228544054995, 0.6850270338742849, 0.6931985709555292, 0.7046878802802704, 0.7053330061065972, 0.718450479423657, 0.7224440896765961, 0.7258540216799478, 0.7304927506913246, 0.740538214254391, 0.7497849597131687, 0.7510444871196879, 0.7601376277687334, 0.7706438934050077, 0.7743610214193906, 0.782317526211871, 0.7832698421385693, 0.794206195064832, 0.8020090963805914, 0.8090132720261248, 0.8119009607735885, 0.810795039268113, 0.8250184308460111, 0.829565007619525, 0.8327598906128786, 0.8397947909366765, 0.8459080866160104, 0.8462152878638713, 0.8529429858631453, 0.8593327614372794, 0.8588719589465899, 0.8722044736271439, 0.8700540663496403, 0.8714671908241726, 0.8755529626314047, 0.8800995329815623, 0.8868886673588166, 0.8897456400046978, 0.8928176451810428, 0.8909130015209753, 0.891803883494016, 0.8993303065702528, 0.8994224704390048, 0.8973027809330099, 0.9077783250404418, 0.9069181632632324, 0.9080240840143113, 0.9104816928619424, 0.9095293726139438, 0.9113111297191874, 0.9105738477511791, 0.9222167595565451, 0.915581224686275, 0.9204349953028458, 0.9188682710649809, 0.9200049151613133, 0.9287601356996779, 0.9279306950338293, 0.9245822035393277, 0.9283914967554738, 0.9271319697810848], "val_f1_score_neu": [0.7223054892982542, 0.7340165021041933, 0.7021159335690761, 0.7372077823651922, 0.6994744303083227, 0.7427074410857081, 0.7152958430943932, 0.7439443541035955, 0.7167543441016927, 0.7356766088616131, 0.7376351886130124, 0.7467449443582558, 0.6946952415488102, 0.7157800991670815, 0.7468878036782114, 0.6598565721046077, 0.6590425574467537, 0.7514070251134767, 0.7006211823408837, 0.7414322851667652, 0.7434543541980795, 0.749480388222814, 0.7421080724717593, 0.7255002654643093, 0.7047569482167445, 0.7420635964730138, 0.7445704762832233, 0.7205937891294131, 0.7102710088225895, 0.7474846936279909, 0.7456994675303987, 0.6931504529133844, 0.7317565453698439, 0.6994896215103024, 0.632460778578887, 0.7126059060908753, 0.6647988164625556, 0.7313211611146525, 0.7412925814656606, 0.7437943554595379, 0.6949754866969016, 0.709886064106423, 0.7254973094576713, 0.7266725428802461, 0.7293943414920699, 0.6779617012345333, 0.7140681533149104, 0.7331350643331024, 0.7362901606860304, 0.7406426702147401, 0.6784906554594132, 0.7094375322046408, 0.7332672308771129, 0.7272359283920412, 0.7258193158798742, 0.7234792722386126, 0.7232797256279437, 0.7306144452385036, 0.6826918284654881, 0.7361240010030704, 0.7327075865875372, 0.6555706866837087, 0.7235441753694094, 0.7121017488482426, 0.7387539111933701], "val_f1_score_neg": [0.24250199770712122, 0.4324703831383543, 0.6011565185425132, 0.5552414243967385, 0.5001399098677048, 0.5566943998432874, 0.6115203835056402, 0.48333777582664456, 0.5611062094684549, 0.6144591980812986, 0.5177719161923211, 0.5873016959356286, 0.572527493426073, 0.615796855457117, 0.5212517186572737, 0.6165560325675169, 0.6137920854747523, 0.52878204417589, 0.6159096468518768, 0.600712236659154, 0.48164656641501175, 0.5253152230079146, 0.6062347496855037, 0.5982805024949203, 0.6037263388876277, 0.5676008901500573, 0.5774635804242885, 0.5247200067703284, 0.5840691939913563, 0.5147886974891525, 0.5105865939798014, 0.5662424432761195, 0.457366869064115, 0.6036721417221073, 0.5762026517949829, 0.6049375047714767, 0.5951463685880526, 0.5936809630721481, 0.5572347603568956, 0.5333922258142846, 0.5786546572359968, 0.5841120132167885, 0.6045162981097536, 0.5431394153151586, 0.5702632395329764, 0.5595836616335783, 0.5847398310420056, 0.5004699484240673, 0.5337459630646303, 0.5374699052538123, 0.5818806245295066, 0.586389502285007, 0.418858907442155, 0.5857369501653124, 0.5454356894547003, 0.5916851844786426, 0.5088564446611331, 0.5849202808781329, 0.578332834395221, 0.39274101119499005, 0.5132214527836683, 0.5759440795885197, 0.5740954400295267, 0.5179430419843017, 0.4949098013955672],