{"1": {"val_f1_score": [0.5550160081624798, 0.6102481231957072, 0.6568746854400435, 0.6328214998167705, 0.6446828336313019, 0.6912056178894063, 0.6242209540368877, 0.6874156711359772, 0.677354003043116, 0.5537457773137087, 0.6491355039833914, 0.6857659122526818, 0.6151842368640145, 0.6549639190053052, 0.6057877878551248, 0.6743624618664333, 0.6892445989709309, 0.6817139441060982, 0.595815589288511, 0.598621893423047, 0.6528583293101183, 0.6839927832285563, 0.6477629226585276, 0.635568678660434, 0.6453690207789271, 0.6651690589328029, 0.6756877350019339, 0.6725831813397071, 0.6341698018547246, 0.6369010886275609, 0.654066495060014, 0.673633214138075, 0.5772716124758707, 0.6222535637836272, 0.6512786845288, 0.6517967055108396, 0.6418785030779924, 0.6489019207744313, 0.6572372589779125, 0.6353156252573895, 0.648320041426892, 0.6509459119064427, 0.5261879723090185, 0.6551307494203281, 0.6360820053038309, 0.6355146641903839, 0.6260924116382754, 0.6130493958103291, 0.6309626633308705, 0.5834603141431511, 0.6388031130789961, 0.6134940716590651, 0.5959543067577971, 0.6105584222564477, 0.631170127106063, 0.624139933551105, 0.6293772325220616, 0.6254304256646801, 0.46196920674615666], "val_f1_score_neu": [0.6743423995182578, 0.69814399110655, 0.711065456087496, 0.7176183046801897, 0.7249738110384227, 0.7207798268924446, 0.7218569797416575, 0.6854128043951089, 0.6824936582883949, 0.6943403912472218, 0.7320832281702934, 0.7328409220707751, 0.7177392505548958, 0.7278597131508278, 0.710643853207695, 0.6786210872887503, 0.7271690793841522, 0.7312026966315319, 0.7119732280744206, 0.7166225856725481, 0.726156482226324, 0.7173602875530204, 0.716327116241175, 0.7219788834018842, 0.705989637635619, 0.6886538299650087, 0.7284872874387005, 0.7104332866144718, 0.6996978212459614, 0.7181245078416499, 0.721054871392444, 0.712845390092473, 0.4654315558672264, 0.7145822657989824, 0.7088552582554701, 0.7113500335946222, 0.6833740992243447, 0.7100522275550016, 0.7127524753302187, 0.7037316451634192, 0.7074077066679874, 0.7062306953264352, 0.6742864595039791, 0.6880916906816266, 0.7100334794478188, 0.6733660627436894, 0.7078660890995409, 0.7072900830214336, 0.7076200397190321, 0.6966425988607259, 0.6958372603555755, 0.7071619236716253, 0.7021745248569956, 0.7038868436999688, 0.6963400979883678, 0.6974272830824573, 0.6999903224348053, 0.7009436792349396, 0.6660706861232354], "f1_score_pos": [0.5742593290550368, 0.6504077953951699, 0.6811724369015012, 0.7014935772333827, 0.7197660048093114, 0.727800652384758, 0.7559158056974411, 0.7368362354380744, 0.7608495141778674, 0.7788998378174645, 0.7587946504354477, 0.802430020911353, 0.8102610238960811, 0.7455384241683143, 0.8182411374790328, 0.813560946711472, 0.7928547784686089, 0.8353508199964251, 0.8398288137146405, 0.8261369690299034, 0.8549083226493427, 0.868026716368539, 0.8846377975174359, 0.862688232745443, 0.8855588734149933, 0.878230764397553, 0.8430286986487252, 0.8906701409390995, 0.9137685128620693, 0.8668818143861634, 0.9029765554836818, 0.9184924034135682, 0.8916948810219765, 0.8879131238375392, 0.9317417389580182, 0.9278775272624833, 0.9218455318893705, 0.9271274911505836, 0.9296709841915539, 0.9398284501263073, 0.9312087169715336, 0.9538200465696198, 0.9224823628153119, 0.9325809627771378, 0.9556368025285857, 0.945374955024038, 0.9506275079080037, 0.9565301867468017, 0.9409442799431937, 0.9577908058251653, 0.9477871901222638, 0.9534043297171593, 0.9476539524538177, 0.9500679224729538, 0.9575897061399051, 0.9653354393584388, 0.9718954946313586, 0.9636064097285271, 0.8968267760106495], "f1_score_pos_neg": [0.4264643373233931, 0.5642018339463643, 0.6171871146985463, 0.6549540821995053, 0.6608871583427701, 0.6713044707264219, 0.6982103756495884, 0.6853673521961484, 0.7241449537021774, 0.7337714178221566, 0.7181093405400004, 0.7593757084437779, 0.7848837482077735, 0.728045472076961, 0.7873172845159259, 0.7912163883447647, 0.7869232414024216, 0.8140134385653904, 0.8228321064795766, 0.7983947992324829, 0.8439287074974605, 0.8587650433182716, 0.8462619526045663, 0.8249217335666928, 0.859033295086452, 0.8678470626473427, 0.8338624324117389, 0.8901747912168503, 0.9039781764149666, 0.8740149970565524, 0.893443434366158, 0.905210331082344, 0.8914495866213527, 0.8688618583338601, 0.9276678115129471, 0.9207914844155312, 0.9249583812696593, 0.9288644886442593, 0.9312794591699328, 0.9286193166460309, 0.9271060707313674, 0.9445625011410032, 0.9059493978108678, 0.9317212509257453, 0.945620025907244, 0.9382369071245193, 0.944288048361029, 0.9453496443373817, 0.9392744653991291, 0.9469800144433975, 0.9531587170703071, 0.9440119245222637, 0.9501581021717617, 0.9388490681137357, 0.9564551519496101, 0.9606943822332791, 0.9654735177755356, 0.9538150089127677, 0.9101620667747089], "val_acc": [0.5961185399234811, 0.6441122395705277, 0.6897456031004463, 0.6795174393352486, 0.694204032092841, 0.7044321974837621, 0.6847626535154033, 0.6981379445568958, 0.6947285670981519, 0.6233936434432399, 0.6894833458679853, 0.7046944669716758, 0.6706005730655229, 0.6855494399224559, 0.6540781508553788, 0.6894833336906924, 0.7112509802730259, 0.7018096011484698, 0.6561762382281974, 0.666666668276758, 0.6758457883242825, 0.704956716466319, 0.6692892678166011, 0.6745344946430075, 0.6619459717817079, 0.6795174303625063, 0.7054812382938916, 0.699973773462329, 0.6532913650579725, 0.6716496316648174, 0.6926304713778693, 0.6991869985447635, 0.5997901993600708, 0.6656176227926739, 0.6729609182179208, 0.6855494266665579, 0.6758457865578716, 0.6761080528412345, 0.6805664902592531, 0.6593233776036255, 0.6711250935956433, 0.6787306541474886, 0.5725150747684365, 0.6766325782641569, 0.6687647555714169, 0.6745344789328926, 0.6658798776490776, 0.6574875414918608, 0.6766325710578256, 0.6270652998159665, 0.6601101440955671, 0.6538158982968725, 0.6627327580480729, 0.6522423394108394, 0.6577497933625612, 0.6559139778537135, 0.6504065069725843, 0.6669289219138693, 0.5656963119724433], "val_loss": [0.9582899036508766, 0.8138279395093451, 0.6967921635312356, 0.7144399288911817, 0.6928674439385967, 0.6968579222578843, 0.7179367832552251, 0.6866975338197023, 0.6820161851597307, 0.960683103405582, 0.737085134439696, 0.6897832034861607, 0.7995680967341438, 0.7340270105916435, 0.8771253864408134, 0.7049301028439231, 0.6813450846308147, 0.749680152847296, 0.959932149003692, 0.8771584204823334, 0.8847189366176564, 0.7224303090037745, 0.8953815153224745, 0.8696640828854451, 0.907624087151098, 0.818658441141025, 0.7688549449054268, 0.7756471818837162, 1.0224037984835017, 0.9358836171072423, 0.8492068208455101, 0.8260495978298382, 1.0668426695190139, 1.0129859644441883, 0.9645208306210016, 0.9106482485132895, 0.8646180398689929, 0.9633479448650379, 0.9903234195402842, 1.0678334056690175, 1.0134402020784803, 1.0019108158629804, 1.8935350398206974, 0.9279725672752877, 1.097644570959918, 0.9995311595716408, 1.1141364178318631, 1.258711422268187, 1.058783323002587, 1.5633832869053261, 1.082456141858785, 1.2928205351488127, 1.2479110748599653, 1.2709021783706682, 1.1450495836524053, 1.2147455085396235, 1.3266248078975282, 1.1833560012814381, 2.403616687365476],