{"f1_score_neu": [0.5367084870050693, 0.6611785205273792, 0.701716910148489, 0.7113507009785751, 0.73917180967742, 0.7452488469666448, 0.7438971302632628, 0.7484073207296175, 0.7499749521756994, 0.7642198009737606, 0.7514518221904491, 0.7740294578774222, 0.7763874510238911, 0.7871768736633761, 0.7913242285621578, 0.7782028558953055, 0.7921860038206495, 0.789734099959505, 0.806108932042944, 0.8295525800565193, 0.814173705618957, 0.8204726957041641, 0.8350048337517113, 0.8261801790574501, 0.8330019650788143, 0.8516026550325854, 0.8553815874560126, 0.852225735783577, 0.8523075868343485, 0.8581387241338861, 0.8672067096521114, 0.8615916736167053, 0.8742365302710697, 0.8751104335332739, 0.8832330621522049, 0.8810471291172093, 0.8849771932281297, 0.8605751929611996, 0.8821152381855866, 0.8985929263049158, 0.8881358180580468, 0.895110039361592, 0.8971911550595842, 0.9018970378513994, 0.9053519661056584, 0.9098956148172247, 0.854274647246147, 0.9153685580039846, 0.9155093611314379, 0.9128154398038469, 0.9236634666549748, 0.9134290377641546, 0.9226240808593815, 0.9109423951856022, 0.923860379847987, 0.9117712691940111, 0.9143457844339568, 0.9226599988238565, 0.9332902590776312, 0.9133684999983886], "loss": [1.0035712611058663, 0.8515428186490618, 0.7953133742357122, 0.7676803962937717, 0.740586277739755, 0.7078649817869581, 0.7038870628537803, 0.7020524411365904, 0.6772526327905983, 0.6594344254197746, 0.6594348256957943, 0.6210988847346142, 0.6162093307437568, 0.6017119812554327, 0.601390405975539, 0.6020162516626818, 0.5761732587526585, 0.5732034712002195, 0.5484245946181232, 0.5061501724452808, 0.5202758674477709, 0.5094942966925686, 0.47057108015849675, 0.49377463346925277, 0.4794312158021434, 0.45003630246581705, 0.437761263086878, 0.44224739126090346, 0.42865162908003246, 0.4198734536767006, 0.40901155821208296, 0.4078442842282098, 0.39537581390347976, 0.3883430007202872, 0.3531204164028168, 0.3705995712300827, 0.353299158528961, 0.38800975410588856, 0.3620103998430844, 0.32568805934540157, 0.3463038820131072, 0.33954014654817255, 0.3299186319626611, 0.31468498437055226, 0.30950657445295104, 0.2994573500392766, 0.46340180560946465, 0.2771335056629674, 0.275693133344938, 0.2793791953088908, 0.25838829962344007, 0.2775701592708456, 0.2592712308055368, 0.27941219354497976, 0.25407733485616485, 0.2811619162816426, 0.27675668818169624, 0.2586824263221231, 0.22329638243235392, 0.279918672067338], "val_acc": [0.5780225516991324, 0.6414896382642736, 0.6220823562804901, 0.6540781592810025, 0.6800419552539422, 0.6700760577564755, 0.67741935196243, 0.6842381322974769, 0.6897456018811537, 0.6719118721867183, 0.638867035801255, 0.675845791997792, 0.6679779746042848, 0.6795174429305982, 0.6354576521522568, 0.6713873551894197, 0.6273275528434316, 0.6719118800026959, 0.6422764311898514, 0.6551271963394629, 0.6742722246861351, 0.6475216351779715, 0.6608969353328938, 0.640965132068656, 0.6627327580480729, 0.658798858839916, 0.663781802453552, 0.6325727706970957, 0.661945974157765, 0.6587988467407827, 0.6448990283536373, 0.6580120574105546, 0.6370312153214456, 0.6483084227417887, 0.6556517206212525, 0.6619459669514338, 0.6493574706019299, 0.6485706794427631, 0.6574875464628226, 0.6480461586937953, 0.6328350453279227, 0.654864939107002, 0.6493574537506824, 0.6585365852876939, 0.6561762423706655, 0.659061099299289, 0.6567007546158498, 0.6653553541332538, 0.6538158972182675, 0.6414896388739199, 0.6475216425249903, 0.6425386796058897, 0.6409651182031119, 0.6456858177620253, 0.6469971205567301, 0.6483084203657314, 0.6443745167962591, 0.659061094469015, 0.6330973130494254, 0.6509310366942943], "f1_score_neg": [0.22607681245125574, 0.3368313878710414, 0.3860001827365366, 0.44772155582904816, 0.4501647138646964, 0.5193174018942076, 0.5117508071506846, 0.5188120676782625, 0.5699816690436725, 0.5622026645417871, 0.5889918172153933, 0.6149780467666429, 0.5941242691257904, 0.6059938923552118, 0.6298368943148646, 0.6418286628764251, 0.6501908960013554, 0.6565571332286144, 0.6704019272121889, 0.6834645471696196, 0.7001276997656658, 0.7086649310999903, 0.7029722158251137, 0.7007981436005954, 0.7256542397984143, 0.7376788602820759, 0.7561940350409212, 0.7376738406460861, 0.7492264303667792, 0.7776950104483242, 0.783119765848949, 0.7748829162326353, 0.7730240236068594, 0.7936375881063527, 0.8209391981363297, 0.8013045592554684, 0.8213583457058874, 0.7915621091579569, 0.8027337722737213, 0.8334712797197802, 0.8416554938102591, 0.8282643582286506, 0.8399133687389309, 0.840363511751438, 0.8326304349406012, 0.853148358649221, 0.8057721358691824, 0.8560626239612185, 0.8503197565160948, 0.8643273269308025, 0.8697698306420754, 0.8667881545321695, 0.8690098940298475, 0.8688452634318121, 0.8682553696221319, 0.8572348392215269, 0.8616497984220242, 0.8712627733575886, 0.8861316565809578, 0.8695814475930971], "f1_score_pos_neg": [0.3760329867745268, 0.4562239582682478, 0.5003848535747364, 0.540854985857832, 0.5479113783301979, 0.5963077475798542, 0.5893078826624771, 0.5934700470032364, 0.6236853661208317, 0.6288292572416109, 0.6445241359801128, 0.6609318395113123, 0.6599500970593815, 0.6735641175302965, 0.6791573536807093, 0.68266820290993, 0.6957871533673385, 0.7037088089975817, 0.720347264203532, 0.7361848893864401, 0.7375402728031422, 0.745999677941717, 0.7584120780229568, 0.7491544839637033, 0.7640671067196747, 0.778757219170702, 0.7858521516980796, 0.7815251967002605, 0.7888933538362898, 0.8038677902057253, 0.8078140451990324, 0.8058727095867025, 0.8122643710210405, 0.8148073276569103, 0.840053965819293, 0.8271136900474285, 0.8386085187566692, 0.8203690874165502, 0.8318987776493204, 0.8531451775082226, 0.842458593948134, 0.8462929622880344, 0.8526690895187443, 0.8556771977194424, 0.8607494974958485, 0.8674759674688866, 0.8108097145269657, 0.8768568737753506, 0.8738073516508629, 0.8788435222773716, 0.8846113363216663, 0.8804263945283561, 0.887705190428372, 0.880048696337075, 0.8829740383501711, 0.8717280872936907, 0.879134554287483, 0.8866248839888079, 0.9011590193057882, 0.8781480701832935], "val_f1_score_pos": [0.5099807224528795, 0.6720123273351516, 0.6212843169760836, 0.7060398254968536, 0.6771924393776674, 0.7171154325633046, 0.6949927742919552, 0.6947576598704659, 0.7174025514042662, 0.7120106852088987, 0.6097349023806464, 0.6952425831264003, 0.7068263038449671, 0.6868223354255563, 0.7002037604931237, 0.6689899410752528, 0.7069445075152148, 0.6966760916219682, 0.6828890574469267, 0.689303933573682, 0.7056176005121356, 0.6543242858833695, 0.6534915698534417, 0.6170538651827531, 0.695775465455044, 0.6610317911308893, 0.684736039736688, 0.641764605495519, 0.6846963836550869, 0.6680682448930638, 0.6973613368192433, 0.6756685785099242, 0.6363637764529546, 0.6474330381180338, 0.6742975911442576, 0.6894178525563022, 0.6782708810659459, 0.6607015270152619, 0.6425650012702602, 0.6862540476096448, 0.6812364593785234, 0.6522524529262506, 0.676394105176428, 0.6687505224105601, 0.6814358187040693, 0.6667397363492894, 0.6826008310037869, 0.6730362618028914, 0.6682378768670787, 0.6784366829921153, 0.6696707134386889, 0.6705108461903988, 0.6492054856358129, 0.6640805202520897, 0.6448558049191961, 0.6482929627538322, 0.6845730515624355, 0.6742852772123196, 0.6011269522594899, 0.670804548288561],