{"1": {"f1_score_neg": [0.2700636130022375, 0.4431964311944811, 0.5219549391614763, 0.5639880103500265, 0.6067409072267381, 0.617411776592857, 0.6242990015368712, 0.6444525412823024, 0.6685431803527632, 0.6755952882139307, 0.7043771461436623, 0.7126358888651195, 0.7238909319827431, 0.7019128971978238, 0.7333864828473643, 0.7518326216622403, 0.7431327645715914, 0.769412393632688, 0.7913900354975149, 0.756344448971121, 0.8070749326756126, 0.816458240935677, 0.8310637144665969, 0.8517270543073353, 0.8338377318884197, 0.8486103878209466, 0.8421596320051896, 0.8278377558055677, 0.8561228866639891, 0.8468856278218722, 0.8839286103060371, 0.8727538985641379, 0.8832053667620609, 0.8997266049447813, 0.8558417880221417, 0.9035492860957196, 0.9144405416752163, 0.8719642358390909, 0.9039909596505918, 0.9193924312528811, 0.8950599659430353, 0.9145798855706265, 0.9175705572492198, 0.922065803094914, 0.9278441738141211, 0.9255372427011791, 0.9256015459173604, 0.9134626929697237, 0.9401919033966566, 0.9096091601409411, 0.9425137403764223, 0.9394157952383945, 0.9479486016850722, 0.9445431953982303, 0.9368817461164374, 0.9397964304999301, 0.9290811568498611, 0.9473545700311661, 0.9409333106718565, 0.9433229455822393, 0.9404184590829047], "val_acc": [0.622344615279362, 0.6081825349076414, 0.6509310264240998, 0.6270652950638522, 0.6944662935459298, 0.6936795131884439, 0.7099396744144578, 0.7046944621414016, 0.6648308460305377, 0.7183320166212412, 0.6949908250965786, 0.7143981112228301, 0.6766325626322018, 0.6942040440512867, 0.6926304725971617, 0.7025963802085035, 0.7128245462872305, 0.6509310281905107, 0.7015473394765336, 0.6527668594720012, 0.7054812544573332, 0.6580120693690003, 0.69158143600766, 0.6567007714670973, 0.6829268383191947, 0.701285080399502, 0.6706005867122197, 0.6928927394901708, 0.674534483685007, 0.6910569202296539, 0.6700760480333994, 0.6459480749944861, 0.6863362123232766, 0.6963021289698883, 0.6889588202887434, 0.6695515292696899, 0.6839758621217571, 0.6860739531680852, 0.6351953737697607, 0.6873852662329845, 0.685287181924029, 0.69131916734824, 0.6498819809400157, 0.6784683998225712, 0.6829268251414565, 0.6839758610431522, 0.6761080605790523, 0.6123786967881796, 0.6740099653902561, 0.6469971157264559, 0.666928929651687, 0.6745344885152811, 0.6852871776408734, 0.6559139802297707, 0.6281143427833059, 0.6839758712351869, 0.6816155283963183, 0.6477839013831747, 0.6713873586440818, 0.661421448656683, 0.6616837137832812], "acc": [0.5952631591966278, 0.7367105342839894, 0.7452631592750549, 0.7599999936003434, 0.7696052601462916, 0.7785526294457285, 0.7914473688916156, 0.7990789538935611, 0.8017105224885439, 0.8060526306691923, 0.8190789434470629, 0.8209210485219955, 0.8382894741861444, 0.8174999952316284, 0.8374999941963899, 0.8494736873789838, 0.8367105259707099, 0.8503947359950919, 0.8678947381283107, 0.85078947873492, 0.864736839344627, 0.8798684211153733, 0.8898684256955197, 0.888289475911542, 0.8888157825720938, 0.8728947388498407, 0.9043421000242233, 0.883026311272069, 0.9032894718019586, 0.90394736904847, 0.9268421083688736, 0.9056578882430729, 0.9151315775356794, 0.9257894715196208, 0.9105263203382492, 0.9353947325756675, 0.9396052611501593, 0.92828946678262, 0.9361842172710519, 0.9393421019378462, 0.9361842109968788, 0.9471052587032318, 0.932105267518445, 0.9406578909409674, 0.9559210538864136, 0.9455263183305138, 0.9538157825407229, 0.9517105260961934, 0.9578947377832312, 0.9469736814498901, 0.9602631550086173, 0.9614473698954833, 0.9624999989020196, 0.9646052671106238, 0.965789479644675, 0.9410526321122521, 0.9648684114217758, 0.9653947376891187, 0.9672368443325946, 0.9667105274765115, 0.9650000020077354], "f1_score_pos": [0.563076742385563, 0.6927685949363207, 0.6883685424139625, 0.7112226478363338, 0.7140595952146932, 0.7382880378710596, 0.7510957247332523, 0.7651390527424059, 0.7597980812976235, 0.7650539569164577, 0.7802197846927141, 0.7814050371709623, 0.806594400813705, 0.7813274656471453, 0.8088719342884264, 0.8209811088285948, 0.8095637434407285, 0.8172527669291747, 0.8325127010282717, 0.8254438293607611, 0.8253186478426582, 0.853684475547389, 0.8649601159911406, 0.8531749013223147, 0.8631605545156881, 0.8324898606852481, 0.8839891435284364, 0.8525304355119404, 0.8815365072927976, 0.8897173836043006, 0.9133910215214679, 0.8794313237855309, 0.8871661848143527, 0.901958239705939, 0.8941902596699564, 0.9175492031009573, 0.9229885300523356, 0.9254979091255289, 0.9203173424068251, 0.9190348857327512, 0.928342333749721, 0.9355856109606592, 0.9102901588929327, 0.9190343187043541, 0.950297801118148, 0.9278487108255687, 0.9449342018679568, 0.9473389575355932, 0.9459790752122277, 0.9445481300354004, 0.9491774282957378, 0.9508519988310965, 0.9515747122074428, 0.9573853619788822, 0.9589307912086186, 0.9138178370500866, 0.9651315910251517, 0.9544940190879923, 0.9628461622878125, 0.9623041952911177, 0.957194826320598], "f1_score_pos_neg": [0.4165701772037305, 0.5679825113007897, 0.6051617437287381, 0.6376053330145384, 0.6604002447504747, 0.6778499131139956, 0.6876973650957409, 0.7047958005415765, 0.7141706284723783, 0.7203246284472314, 0.7422984595361509, 0.7470204571360036, 0.7652426605161867, 0.741620189265201, 0.7711292066072163, 0.7864068613240593, 0.7763482442027644, 0.793332574398894, 0.8119513659100783, 0.7908941421069597, 0.8161967922198144, 0.8350713488302732, 0.8480119171895479, 0.85245097546201, 0.8484991412413748, 0.8405501168025168, 0.8630743818847757, 0.8401840933059391, 0.8688296887435412, 0.8683015100265804, 0.898659821403654, 0.8760926127433777, 0.8851857836309233, 0.9008424219332243, 0.875016028159543, 0.9105492430297952, 0.9187145397851342, 0.8987310646395934, 0.9121541435781279, 0.9192136447680624, 0.9117011420036617, 0.9250827478735071, 0.9139303635609778, 0.9205500569782759, 0.9390709792312822, 0.9266929869589052, 0.9352678680106213, 0.9304008138807196, 0.9430854853830839, 0.9270786368533185, 0.9458455741405487, 0.9451339009561037, 0.9497616589069366, 0.9509642822177786, 0.9479062721917504, 0.9268071337750083, 0.9471063739375064, 0.9509242922067642, 0.9518897305977972, 0.9528135720052218, 0.9488066466231095], "val_f1_score_neg": [0.17761171122032485, 0.41930214069254157, 0.3192723766106056, 0.40862264259262343, 0.5718913460196768, 0.501080244334076, 0.625030362305915, 0.5735592975911586, 0.3076969431730321, 0.6571476467944429, 0.4527558301209841, 0.6470080648636587, 0.527749408535716, 0.49099685814072386, 0.5163410246731758, 0.5803722658715097, 0.6389957006728589, 0.6261354401422367, 0.594996574854807, 0.5128140100931328, 0.572572409387589, 0.4529638026459712, 0.6116157168951868, 0.276257245267216, 0.6080006522485787, 0.6453547566199034, 0.6191811699145677, 0.5803667658619014, 0.5585478398389089, 0.49024838249795305, 0.6305042846040904, 0.6042763385877752, 0.49026276394353585, 0.6247650573893291, 0.6124760209029033, 0.5112965669870815, 0.6130147273697442, 0.582753750116782, 0.4497539923630641, 0.5635223263303595, 0.5827017403199171, 0.6006183610355138, 0.5985608822149522, 0.4588360752751125, 0.559641060946715, 0.5468875698895709, 0.5715002530427108, 0.44945093498528865, 0.5065710660418968, 0.44657264683867515, 0.5442642404781124, 0.48968477182553377, 0.5377007342841786, 0.4676112054512315, 0.5007983689510757, 0.5799009627067852, 0.5485009096783664, 0.3720486205674018, 0.4958011313526455, 0.5020466499634374, 0.566657807378046],