{"1": {"val_loss": [0.7776423352864543, 0.7318828871892313, 0.7587512184433696, 0.7067656457783699, 0.6957633162995446, 0.7085340938448061, 0.6853550886532593, 0.6761732618389185, 0.6930460476700228, 0.6699081998530442, 0.7064830361155429, 0.7589090301269563, 0.6927097993762419, 0.6788825148395625, 0.6693052416581855, 0.7457603955093782, 0.8359931872143009, 0.7117921732680678, 0.7375736757585329, 0.7156494630780584, 0.8665302493676657, 0.7835328727139909, 0.7268046006548602, 0.9120990839055789, 0.8231945649051241, 0.7757429928564507, 0.8111863453932832, 0.7910159673867124, 0.899500834669868, 0.795658907567051, 0.8709759874791572, 0.9927911932250192, 0.93524028521462, 0.9435063949445399, 0.926706848449667, 1.1226906473793572, 0.9238925140703753, 1.1742070897995502, 0.9107257705362581, 0.9572623818839219, 0.977872215041394, 1.185480032353585, 1.0242835164163921, 1.562642597852027, 0.9924116486049905, 0.9616246787138008, 1.022143157767149, 1.0607181649617001, 1.0881315121149222, 1.0529064982855942, 1.1444593201839108, 1.124519760734354, 1.0729324906134337, 1.0679619153465714, 1.166109947279123, 1.4682694622578034, 1.1714464862484835, 1.0947807213467873], "acc": [0.5494000017642975, 0.6378000020980835, 0.6456999987363815, 0.6736000031232834, 0.6831000000238419, 0.6894999951124191, 0.6968999981880188, 0.6965999931097031, 0.7098999947309494, 0.722900003194809, 0.7208999961614608, 0.7447999984025955, 0.7468999981880188, 0.7379000008106231, 0.7482999950647354, 0.7544999986886978, 0.7687000036239624, 0.7776999980211258, 0.7773000001907349, 0.7919999986886979, 0.797800001502037, 0.8005000054836273, 0.8182999938726425, 0.8242000013589859, 0.8304999977350235, 0.813400000333786, 0.8526999920606613, 0.8344999998807907, 0.8443999975919724, 0.8576000034809113, 0.8646000027656555, 0.8507999926805496, 0.8736000001430512, 0.8737000048160553, 0.8691000014543533, 0.892999991774559, 0.8875000029802322, 0.908799996972084, 0.8944000035524369, 0.9125, 0.9224000066518784, 0.9005000054836273, 0.9316000014543533, 0.9209999978542328, 0.9036999970674515, 0.9198999971151351, 0.9315999954938888, 0.9305999994277954, 0.9337999999523163, 0.9253999948501587, 0.9248999923467636, 0.945700004696846, 0.9393000036478043, 0.928099998831749, 0.9508000016212463, 0.9433999955654144, 0.9560999989509582, 0.9212000042200088], "val_f1_score_pos_neg": [0.4785633484053543, 0.5099435089111578, 0.4094887469779654, 0.6844634463428795, 0.5718034214777112, 0.5348653597622883, 0.6956153895609216, 0.6179620200275218, 0.6189083209851893, 0.6170399075507368, 0.5955366423490821, 0.5862763741964935, 0.6561320984798125, 0.627918661500474, 0.6733037648224749, 0.5827791137767845, 0.5843994027199534, 0.6114143399219328, 0.5830861755534167, 0.6430959157233409, 0.6021906471364992, 0.6083557336092182, 0.6702095908565906, 0.5616425101662632, 0.607292298097608, 0.6299953850866958, 0.6732853665115512, 0.6670634709816419, 0.555763188353868, 0.6526570914768967, 0.5814807976664691, 0.5650458213634576, 0.5978140458327843, 0.6162884310884423, 0.5510948537811031, 0.5403655435574389, 0.6119655755414695, 0.5342711385485072, 0.6323240247887012, 0.6447840771773904, 0.6520229439050108, 0.5386015798299606, 0.6321700318197925, 0.4651021691419745, 0.6309632169678241, 0.6236704238718525, 0.6507399583344318, 0.6188287886615316, 0.6148828118453337, 0.6395341764902024, 0.5628060461997736, 0.629912089088474, 0.6327239523683044, 0.6118664495000181, 0.6005974526234008, 0.5587648995867434, 0.6286738395315751, 0.6078721388193556], "val_f1_score_neu": [0.6747661442416502, 0.695406655204787, 0.692866458343828, 0.6610156282677039, 0.7210135214790846, 0.715708285109002, 0.659029963117805, 0.7326399482769069, 0.6953057329579035, 0.7226831736040653, 0.7306426842632239, 0.7279600919996883, 0.734868505996511, 0.7159644577592619, 0.708779815657696, 0.7235875883785221, 0.7211581094196828, 0.7066393799898101, 0.724470756340302, 0.6811018333702678, 0.7180980369546361, 0.7226213893957911, 0.6933993275103655, 0.7174770017636907, 0.7186811251837908, 0.7146690360773839, 0.6049617965203272, 0.6633217824965426, 0.7070688361137394, 0.694551973980054, 0.6992749912264213, 0.717752879321841, 0.7134104200838871, 0.7119049235588292, 0.694947227542556, 0.7049504297629385, 0.7023193689740739, 0.6976082374691307, 0.7035150943764107, 0.6457893842479047, 0.6880675378259699, 0.7038103249515101, 0.6982470188214652, 0.6881716580269627, 0.7100154481595687, 0.6899537026272525, 0.6592104392604443, 0.689824311432487, 0.6917784208392271, 0.6633469923224751, 0.6873503075069934, 0.6936184141443934, 0.6526031451152748, 0.6686732450745846, 0.6998420533251019, 0.7077403431047519, 0.6565110589180473, 0.7033462310256278], "val_f1_score": [0.5439643034808691, 0.571764576569524, 0.5039480121123832, 0.6766475148004651, 0.6215401371101241, 0.5951463703780295, 0.6834202829133861, 0.6561880211895168, 0.6443741542912205, 0.6522543504111197, 0.6405720043113593, 0.6335043009734985, 0.6823776031522153, 0.6572672706747068, 0.6851291375744227, 0.6297152980306222, 0.6299856607600707, 0.6431560372074476, 0.6302143873863261, 0.6557645809922417, 0.6408264505841305, 0.6464442975903133, 0.6779395167576869, 0.6135873501456506, 0.6444219237326826, 0.6582199510488803, 0.6505108500227289, 0.665816253856696, 0.6061984267473659, 0.6666220702307136, 0.6207455519832028, 0.6159481844375554, 0.6363461842663233, 0.6481606167443869, 0.5990456665340697, 0.5952271902120366, 0.6420835447911668, 0.5887168684782332, 0.6560543943445669, 0.6451191967971176, 0.6640378241772855, 0.5936711960629218, 0.6541957140218984, 0.539458693121163, 0.6573139805666205, 0.6457648638068239, 0.6535634711881088, 0.6424939974442949, 0.6405147134304172, 0.6474718078208851, 0.6043208230989298, 0.6511475532473212, 0.6393503740551026, 0.630802060077111, 0.6336790076897834, 0.6084233954169761, 0.6379529481605691, 0.6396968639056388], "val_acc": [0.6425386848269626, 0.6619459734699591, 0.6412273814851395, 0.6902701243183728, 0.6831890819831186, 0.6742722227790366, 0.694728571928426, 0.6999737819661126, 0.6939417711868706, 0.7012850726616843, 0.6894833421944759, 0.6810910109300611, 0.7039076800175048, 0.6981379499968162, 0.7067925518902775, 0.6865984750738177, 0.6690270213858212, 0.6926304761299835, 0.6850249233941159, 0.6897455983483319, 0.6671911877282736, 0.6910568999237443, 0.6952530834858042, 0.6656176216359092, 0.6865984750738177, 0.6907946479748842, 0.6601101470812706, 0.6803042166288713, 0.6758457961402601, 0.6907946328118877, 0.6818777948203688, 0.6737477081577953, 0.678206147951871, 0.6797796966458692, 0.6750590091860892, 0.6559139676616788, 0.6831890916436668, 0.6401783343128041, 0.6868607167524833, 0.6666666544112139, 0.6789929229475963, 0.6480461599912476, 0.67741935196243, 0.6205087913448905, 0.6810910078661979, 0.6724363957807019, 0.6708628249362232, 0.678468399900731, 0.6782061384476422, 0.673747705781738, 0.6614214577701127, 0.6742722288286033, 0.6632572834709952, 0.6632572745764127, 0.6700760571468293, 0.6525045866075851, 0.6669289273537896, 0.6779438684907698],