{"f1_score_neu": [0.45455753698479384, 0.5533915190026164, 0.6842543841339648, 0.6893044668249786, 0.7268791925162077, 0.7364370236173272, 0.7115659415721893, 0.7493051644414663, 0.7540276870131493, 0.7559657087549567, 0.7383410017937422, 0.7678644862025976, 0.7801597425714135, 0.7803844334557652, 0.787976149469614, 0.803542292676866, 0.8044587317854166, 0.7985273031517863, 0.8364875186234713, 0.8020628159865737, 0.8299394445493817, 0.8242706302553415, 0.8312071906402707, 0.8613025089725852, 0.8332145614549518, 0.8485810570418835, 0.844650031067431, 0.8747256463393569, 0.8331089410930872, 0.8910066448152065, 0.8701017023995519, 0.9010694874450564, 0.8795787338167429, 0.8977111140266061, 0.857683852314949, 0.8927531484514475, 0.9057767642661929, 0.9021475957706571, 0.904701397754252, 0.8923650728538632, 0.9070761119946837, 0.9249098282307386, 0.9214215548709035, 0.9034483153373003, 0.9308669585734606, 0.9105625478550792, 0.9214520966634154, 0.9066085666418076, 0.9258998278528452, 0.9357121707871556, 0.9039336545392871, 0.9423968465998769, 0.9364133551716805, 0.9453011536970735, 0.9394315406680107, 0.9227041378617287, 0.9389910465106368, 0.9408599557355046, 0.9445084873586893], "loss": [1.123013730160892, 0.9714331571012735, 0.8688599113374949, 0.832034619525075, 0.7954399744048715, 0.7602015230804682, 0.7775014005601406, 0.7248664246872067, 0.7064035246148705, 0.6909855296835303, 0.7015377730131149, 0.657483285292983, 0.6266209846362472, 0.6290650572627783, 0.6043109027668834, 0.5701769269071519, 0.5726143373176455, 0.5707507152110338, 0.5000027595087886, 0.5695584267377853, 0.5168967442587018, 0.5121990069746971, 0.50963174412027, 0.43292113952338696, 0.4994869465008378, 0.4474488701671362, 0.4548541335389018, 0.4007495171390474, 0.47211088240146637, 0.3436902817338705, 0.41564991557970643, 0.3205605582334101, 0.3782843523658812, 0.33057062420994043, 0.4176482344046235, 0.3381981619168073, 0.302862951066345, 0.3156368313357234, 0.3098790212534368, 0.3466655840165913, 0.3044282456394285, 0.23889106279239058, 0.2694961577653885, 0.320180238224566, 0.22693961416371167, 0.3055821619927883, 0.2621914765331894, 0.2816162398084998, 0.2455601051915437, 0.23096405249089003, 0.3108273036777973, 0.2106656536925584, 0.21346605801954865, 0.2002712693065405, 0.20480474247597158, 0.2528926460072398, 0.21517547499388456, 0.19883528049103916, 0.1970198575872928], "val_acc": [0.4453186452654507, 0.5835300279420221, 0.6278520784852013, 0.6351953883231108, 0.6556517097414118, 0.6409651182031119, 0.6396538196915628, 0.6632572722003556, 0.6477839026806269, 0.6501442341081682, 0.6469971181025131, 0.6454235551521718, 0.6532913700289342, 0.6574875488388798, 0.6490952054753317, 0.6309992020879867, 0.6194597355906118, 0.6456858123221049, 0.6291633943951165, 0.6170993982541915, 0.6422764348633608, 0.633621820323648, 0.6517178116118598, 0.64175189985805, 0.6375557184531999, 0.6435877262467385, 0.6441122486839574, 0.62732755475053, 0.6268030456473688, 0.6367689387053603, 0.628114353194188, 0.63021243451744, 0.6029373309195214, 0.6178861732499168, 0.6315237275890687, 0.6244426991975186, 0.6404406031129118, 0.6365066790186824, 0.61762390621622, 0.6150012977036347, 0.6270652981277154, 0.6223446022423115, 0.6207710282714417, 0.6294256638048704, 0.6110673976669841, 0.6108051507672456, 0.6139522576594709, 0.6239181754628473, 0.626016249579768, 0.6302124357367325, 0.6317859928563546, 0.6260162485011631, 0.6215578146784942, 0.6181484431286294, 0.6184106980631928, 0.620508793251989, 0.592446890678926, 0.6286388582330409, 0.6212955771422968], "f1_score_neg": [0.22229362011421472, 0.31104448618134484, 0.31784444994991645, 0.38053170102648437, 0.4076477116905153, 0.49630373949185014, 0.48209865821991116, 0.48641021456569433, 0.5377248274162412, 0.5622124741785228, 0.5582457478158176, 0.5835301913321018, 0.6052292888052762, 0.6260117003694177, 0.6369249196723104, 0.6270284317433834, 0.6730295508168638, 0.6583228181116283, 0.7020987831056118, 0.6948847332969308, 0.7126444736495614, 0.7071422738954425, 0.6934682233259082, 0.7661509197205305, 0.6988295540213585, 0.7475052252411842, 0.7156191095709801, 0.7934873877093196, 0.7274749474599957, 0.805817598477006, 0.7773582991212606, 0.8236350771039724, 0.7653914289548993, 0.8442440601065755, 0.7738974429666996, 0.8352535152807832, 0.8294573724269867, 0.8393351268023252, 0.8308677319437265, 0.8113740803673863, 0.8573722541332245, 0.8658707942813635, 0.8804301051422954, 0.8266958114691079, 0.8839588714763522, 0.8868719367310405, 0.8547801589593291, 0.839307926595211, 0.8763846438378096, 0.8869261844083667, 0.8359714178368449, 0.901526439934969, 0.8984294338151813, 0.9095312235876918, 0.9064232241362333, 0.871356038376689, 0.8913862463086843, 0.9124844335019588, 0.9150005644187331], "f1_score_pos_neg": [0.31099737877957523, 0.38412298751063645, 0.4179552416317165, 0.45747047336772084, 0.48048147512599826, 0.5370590640231967, 0.5284348484128714, 0.555254296399653, 0.5848265425302088, 0.6047277254983783, 0.5935650351457298, 0.6216706070117652, 0.6442192709073424, 0.6535918447189033, 0.6713828900828958, 0.6879999935626984, 0.6940358513966203, 0.7045640023425221, 0.7386662364006042, 0.7082670163363218, 0.7355785630643368, 0.7408308116719127, 0.7237313976511359, 0.7890362869948149, 0.7432014616206288, 0.7775171268731356, 0.7670193882659078, 0.8114423751831055, 0.7570302560925484, 0.8331145578995347, 0.8014919338747859, 0.8476657792925835, 0.8121705679222941, 0.853697738610208, 0.7991229826584458, 0.8468441655859351, 0.8586286706849933, 0.852617627941072, 0.8513154145330191, 0.8414564849808812, 0.8626119187101722, 0.8920078976079822, 0.881517288275063, 0.8530236482620239, 0.9003671975806355, 0.8647605907171965, 0.8815708179026842, 0.8715910175815225, 0.88800183031708, 0.8980899592861533, 0.8622980397194624, 0.9131947942078114, 0.9072008114308119, 0.9163305973634124, 0.9145688218995929, 0.8875814443454146, 0.9021757179871202, 0.9113213559612632, 0.9139289194718003], "val_f1_score_pos": [0.5988788903931949, 0.6688274247671968, 0.6762760806171219, 0.6863233405650209, 0.6853417605826025, 0.6466628336199869, 0.6979968295677609, 0.6929950546693089, 0.6809636079011362, 0.678811514905954, 0.6886180026025369, 0.6787538164217829, 0.6976895911187723, 0.6743387652450179, 0.6847767392043957, 0.6869438193365247, 0.6872490236773567, 0.6664396768913099, 0.6857987094857141, 0.6821122772575456, 0.639743108559305, 0.6542969334478801, 0.6737835719427223, 0.6827038269233053, 0.6392561752371609, 0.6545969592189964, 0.6556123657674262, 0.6014638834195971, 0.6330548194865996, 0.6564364473150059, 0.6638064060253701, 0.6637305773183051, 0.6706255862727242, 0.6601052108537547, 0.6745711270824305, 0.6377098033536365, 0.6594774796366848, 0.6778364453827213, 0.6800485053557659, 0.6110405447506198, 0.6557422036296765, 0.5842980433879735, 0.6319802054544774, 0.6205179915476934, 0.663298894985123, 0.6782953430435147, 0.6617161331919589, 0.632534365922236, 0.6494320275712883, 0.6556818977510276, 0.6639468332710086, 0.6549977921701747, 0.6675429528009038, 0.6654320845383845, 0.6085477229681597, 0.5995875167433996, 0.5169260464657519, 0.6470661019672411, 0.6041828621068465],