{"f1_score_neg": [0.19825666507377343, 0.3555966416264282, 0.41228925086119594, 0.4263674429453471, 0.4900545258732403, 0.45867905174108115, 0.5227223257808125, 0.5588165355079314, 0.5847936426015461, 0.5944470044444589, 0.6367380640962544, 0.5824315696954727, 0.652394530527732, 0.6617286757511252, 0.6800877188935, 0.690378363518154, 0.7044109596925623, 0.7311188324409372, 0.7446338946328444, 0.7804116334985284, 0.7826116435668048, 0.7725011811536902, 0.764607780996491, 0.7728492091683781, 0.7743707132690093, 0.8169756750850117, 0.8179650157690048, 0.8113905156359953, 0.8235467628521078, 0.8337831023861381, 0.8471893396447686, 0.8279490786440232, 0.8316633227993461, 0.8771098448949701, 0.8480003134292715, 0.8529725416618235, 0.8545294219956678, 0.8156629292403951, 0.8763782513492248, 0.8535440327490077, 0.8839911502950332, 0.8678060472011566, 0.9133764566744075, 0.8895381355986876, 0.8867658806197783, 0.893218622488134, 0.9017475501579397, 0.8780998342177447, 0.9060175681815428, 0.8900733230745091, 0.8973454824265312, 0.9107943624258041, 0.9228089986478581, 0.8811537570813123, 0.8812765163533828, 0.9067034335697398, 0.9262999366311466, 0.928993292591151, 0.9120277473155189, 0.9252814957324196], "val_acc": [0.5100970365323952, 0.6181484461924925, 0.6092315827677827, 0.6658798861528612, 0.6556517235287962, 0.6611591764019131, 0.6582743259918149, 0.6700760480333994, 0.678992920571539, 0.6813532592054118, 0.6766325687599282, 0.6690270171026654, 0.6671911936996804, 0.6635195414694219, 0.6543404136059199, 0.6540781495579265, 0.6703383253372907, 0.6320482493384817, 0.654864936652785, 0.6323105181385894, 0.6488329392701285, 0.661421453486957, 0.6504065039868808, 0.6593233559221037, 0.6640440560906633, 0.6553894638421184, 0.6202465213880182, 0.661945974157765, 0.6572252830244755, 0.6315237234466007, 0.6569630155999798, 0.6189352257214848, 0.6603724020158341, 0.630212437284296, 0.6472593771795447, 0.6409651182031119, 0.6121164468245778, 0.6275898276931058, 0.6462103215034258, 0.6509310264240998, 0.6472593874497392, 0.6330972931343146, 0.643849987840515, 0.6459480804344065, 0.6509310246576889, 0.6485706800524094, 0.6312614685120371, 0.6483084173018683, 0.6354576365203017, 0.6459480743848399, 0.6551271998722847, 0.6378179913957758, 0.6443745005546578, 0.6391292948001268, 0.631785992715667, 0.6346708641194809, 0.6456858027397164, 0.6425386855147687, 0.6462103431849476, 0.6375557238931203], "acc": [0.5295588233891655, 0.6019117604283726, 0.6929411826764836, 0.681176467853434, 0.6966176423079827, 0.7175000020686317, 0.7352941185235977, 0.7402941172613817, 0.7585294088896584, 0.7677941173315048, 0.7829411766108345, 0.7592647014295354, 0.7877941236776465, 0.7913235303233651, 0.815735291908769, 0.7938235261861015, 0.8236764757072225, 0.8332352866144741, 0.8283823509426678, 0.8594117699300542, 0.8482352977289873, 0.815000007257742, 0.8525000021738165, 0.8567647039890289, 0.8525000048034331, 0.8873529495561824, 0.8752941086011774, 0.8854411796611898, 0.8745588230736115, 0.8892647063030916, 0.8905882326995626, 0.8913235278690562, 0.8842646987999186, 0.9176470593494528, 0.8972058892250061, 0.8994117589557872, 0.9064705836422303, 0.8911764735684675, 0.9210294064353494, 0.8873529416673324, 0.9316176474094391, 0.9073529410011628, 0.9382352942929548, 0.914411764811067, 0.9054411763654036, 0.9352941223803688, 0.9304411674247068, 0.919264711877879, 0.9441176425008213, 0.903088241815567, 0.9351470549316967, 0.9352941136149799, 0.9539705839227227, 0.9279411698088926, 0.9277941242736929, 0.9420588112929288, 0.951911763233297, 0.956911761971081, 0.9304411709308624, 0.9464705910752801], "f1_score_pos": [0.5356579738504746, 0.5707785403903793, 0.6455085435334373, 0.6516759509549421, 0.6520358508124071, 0.6921572764130199, 0.7023970800287583, 0.7028317653080997, 0.7325110365362728, 0.7352309165632024, 0.7512296955375111, 0.7321471826118582, 0.7613259711686302, 0.7540581515606712, 0.7937982932609671, 0.7543292746824377, 0.7994348441853243, 0.8067765937131994, 0.806504999013508, 0.8377899124341852, 0.8176654892809251, 0.7739005500779432, 0.8281060308218002, 0.8432959721368902, 0.8253873420112273, 0.8731374267269584, 0.8551578223705292, 0.8730235827319762, 0.8499176388277727, 0.8665025470887914, 0.8658879478188122, 0.871153506286004, 0.8620587052667842, 0.9023113697767258, 0.8817246118012596, 0.8792321953703376, 0.8919485141249264, 0.8823152780532837, 0.907821065362762, 0.8642651859451743, 0.9220676194219029, 0.8830065823653165, 0.9266737383954665, 0.8933166861534119, 0.8744460502091576, 0.9269225842812482, 0.9158668307697072, 0.904158773667672, 0.936538428068161, 0.8746998459100723, 0.9302179988692788, 0.9176803608151043, 0.9471616832649007, 0.918675060657894, 0.9180578431662392, 0.9321041440262514, 0.9421242606990478, 0.9515341765740338, 0.9129564797177034, 0.9362591198262047], "f1_score_pos_neg": [0.36695731825688305, 0.4631875915562405, 0.5288988974164514, 0.5390216922935318, 0.5710451883428237, 0.575418171198929, 0.6125597050961327, 0.6308241512845544, 0.6586523406645831, 0.664838961818639, 0.693983875653323, 0.6572893665117376, 0.7068602407679838, 0.7078934083966648, 0.7369430030093473, 0.7223538177854875, 0.7519228931735543, 0.7689477073795655, 0.7755694512058707, 0.8091007830465541, 0.800138565547326, 0.7732008634244695, 0.7963569006499123, 0.8080725862699396, 0.7998790241339627, 0.8450565566034878, 0.8365614177549586, 0.8422070522518719, 0.8367321876918569, 0.8501428313115064, 0.8565386437317904, 0.8495512867675108, 0.8468610118417179, 0.8897106051445007, 0.8648624691893073, 0.8661023685160805, 0.8732389790170333, 0.8489891036468393, 0.8920996583559934, 0.8589046062792048, 0.9030293804757735, 0.8754063082091949, 0.9200250909608954, 0.8914274108760497, 0.8806059632231208, 0.9100706025081522, 0.9088071935317096, 0.8911293017513612, 0.9212779990013908, 0.8823865888749852, 0.9137817516046411, 0.9142373581142986, 0.9349853475304211, 0.8999144110609504, 0.8996671753771165, 0.9194037844153011, 0.9342121008564445, 0.9402637280085507, 0.9124921069425695, 0.9307703077793121], "val_f1_score_neg": [0.23549200715572854, 0.1669043037144493, 0.3184842058532419, 0.47940979763931907, 0.4889298146114304, 0.43326810252438247, 0.5745122659372089, 0.5375459730515729, 0.5817887090867565, 0.5685041516651921, 0.5719871693729197, 0.45009797825576936, 0.5191295528830802, 0.48542928032883814, 0.556259719008634, 0.45000490545444904, 0.503295713949166, 0.582403695211303, 0.5598668388078571, 0.4635858230474519, 0.44231955246321336, 0.3998838865456855, 0.35408259805124825, 0.4843601097264629, 0.49596784807645894, 0.49098886539702835, 0.5699097838671915, 0.4967475269461691, 0.4652467364249441, 0.49622275427261303, 0.5182572030783512, 0.5644314686613635, 0.5309610114990493, 0.5273717596966733, 0.43224435587458304, 0.5012416328278358, 0.5573725208440791, 0.49156155962660153, 0.4845381211083985, 0.5240884555971219, 0.5370490587261009, 0.4897467487054705, 0.5011380521715891, 0.4982985064422493, 0.4635149357577118, 0.4647439761156177, 0.555757509639749, 0.4981049380838918, 0.5292375985637537, 0.5341779583712872, 0.5019368985147574, 0.4797291031135151, 0.5386805454327183, 0.5044904113472399, 0.47568306352658873, 0.5307924930595395, 0.49153670464604976, 0.4985473850346787, 0.5114671865880193, 0.4465324116947455],