{"f1_score": [0.39863985951183833, 0.48268299371178386, 0.5631154116831327, 0.6037865064994633, 0.6107789720708167, 0.6338007878838924, 0.6368549602073535, 0.6686012675190529, 0.6613399888339796, 0.6721196059595075, 0.6842140708750452, 0.6874219458005582, 0.7035588308384544, 0.7180923024813334, 0.727112210633462, 0.7489387912359852, 0.7466723155557063, 0.7409900120127271, 0.7272466072562145, 0.7689636164938497, 0.7969048619270325, 0.7504230326379252, 0.8315561601990148, 0.7961413637239333, 0.7965457972727323, 0.8200707271782278, 0.8205263119691993, 0.8441294180719476, 0.8116900990580955, 0.8405671440369902, 0.8789216203299183, 0.8204062424207988, 0.8991247858220374, 0.8578567452598036, 0.8776750348464787, 0.8617032951081706, 0.9201973551198056, 0.9150229357836539, 0.9198336813882081, 0.8485740381374693, 0.9179768039469134, 0.929639646881505, 0.9342230084346749, 0.9223803463037948, 0.9020667358448631, 0.8964141506200646, 0.9409846318395514, 0.9498933602494803, 0.9492396775044893, 0.9436330732546354, 0.9427327091930903, 0.9478979790419862, 0.93782245136841, 0.9539872885447497, 0.9602201654199969, 0.9405479504351031, 0.9650869969038935, 0.9180701835113659, 0.9561820807512741, 0.9582782687499509, 0.9732437363842077, 0.97339716954538, 0.9660032551888137, 0.9699740287853263, 0.9589530860471447], "loss": [1.1576886072493435, 0.8603164801123546, 0.797902710605086, 0.7619268005354363, 0.7414938092928881, 0.7173827562415809, 0.7104842966062981, 0.6712341210995502, 0.6799966609268858, 0.670117449690724, 0.642712158069276, 0.634373538675364, 0.6068926310678672, 0.6019932760132684, 0.5846576066742166, 0.5327297607709093, 0.5370796612131665, 0.5448973401945237, 0.5743291627245339, 0.5101867185698615, 0.4659285805030176, 0.5209122441316906, 0.3884498935345321, 0.43161405945381925, 0.46203484277279055, 0.3946364922830236, 0.39414868089887833, 0.3614450388135966, 0.4213135876850775, 0.39919776316971806, 0.2937459563999845, 0.38554321255600243, 0.2577165421860957, 0.3536451446731188, 0.30826764993848854, 0.3057144316490631, 0.21325335960987715, 0.2345003130143149, 0.21545915828462234, 0.3464509864822466, 0.20881732880023487, 0.2029171925887727, 0.16277662494726347, 0.2011827745458536, 0.23064979601498933, 0.27956424217823655, 0.1648886412469267, 0.1384430919387187, 0.1391517340439802, 0.16097115607638107, 0.1405521743217407, 0.13034446968844063, 0.17659314865605874, 0.13359503827074118, 0.10289867117739561, 0.14277761895754185, 0.09929852858621474, 0.21845534822919913, 0.11899154511285805, 0.11748857913832915, 0.07491019790806966, 0.07760528799647476, 0.09060752095534788, 0.08325604639119571, 0.11891493064008261], "val_loss": [0.900281408376861, 0.8281028995736998, 0.7999469264906053, 0.7854557096609596, 0.7796307429235582, 0.7742935621250443, 0.7683131963188885, 0.7763564691208956, 0.7662754567743045, 0.7770988571713542, 0.7894726088869641, 0.7786967008434541, 0.8025582331662987, 0.8489931204862762, 0.7854324899918852, 0.9000163817266275, 0.8381784976574412, 0.8760725008813959, 0.8566784409054539, 0.8689338366190592, 0.9733341883497628, 0.8306653443832843, 0.9347606886897171, 0.9392395395981638, 0.8643844765529298, 0.9933838816414102, 0.9123681839446576, 0.9763973491233692, 0.9366228988296107, 0.9236719723333392, 1.0590817356667324, 0.9547778172799718, 1.0505472080052247, 1.004447711141486, 0.9974003681662487, 1.0462388518260934, 1.0451070955622266, 1.0580069119470161, 1.1489622690524275, 1.0991895031510739, 1.2180462803756982, 1.1982805115437647, 1.214347629519234, 1.3503391812419334, 1.1753132322378326, 1.1998324721877338, 1.1781898179249457, 1.3454558939961663, 1.2805937661064997, 1.323123257759719, 1.3495869336769595, 1.3672352088125128, 1.3274053105136805, 1.272795003060012, 1.3321059328770777, 1.3623346780475818, 1.4599638738130267, 1.2902288325348792, 1.3177636973342004, 1.3828792495337145, 1.3869626696346795, 1.5123170028653061, 1.3925146498875312, 1.4652683644266853, 1.4365273985946387], "f1_score_neu": [0.35156489176708355, 0.667703952705651, 0.7064959744960941, 0.7113245509521305, 0.7221315001186571, 0.728557676948302, 0.726704252045057, 0.7414317138013784, 0.731283732673578, 0.7429647365508721, 0.7554047532946045, 0.742946611858948, 0.7602233604380959, 0.7755111142208702, 0.7690100331752621, 0.7951595295242398, 0.7846683096467403, 0.7799799884969031, 0.761644140670174, 0.8005936058641178, 0.8331944510253549, 0.7822778402713307, 0.8607826898669639, 0.8324466919341282, 0.810032446133463, 0.8577260434278968, 0.8468656281978764, 0.8641244521615101, 0.8290407399685062, 0.8519792654360944, 0.8940501275815462, 0.8527234587055897, 0.9143722085227743, 0.8691852601648075, 0.8849121509936818, 0.880388339360555, 0.9350708615013034, 0.9273190128872966, 0.9299816070941457, 0.8725731442546287, 0.9338019424014621, 0.9410302984087091, 0.9419558529268232, 0.9300023840184797, 0.9207999552899634, 0.8976655327088652, 0.946509223583846, 0.95639476476357, 0.9563411672910055, 0.9493770261257015, 0.9471767098582976, 0.9559142404829549, 0.9424629845814398, 0.9620209308395609, 0.9665899405702513, 0.9548472765593501, 0.9704146535075896, 0.9202994728646083, 0.9650470823572393, 0.9606106818070885, 0.978062207238716, 0.9786205908708405, 0.9741076562139723, 0.9742604218728361, 0.9654431454619469], "acc": [0.45263158403641995, 0.6000000015336867, 0.6467836185505516, 0.6634502989506861, 0.6698830368226034, 0.6842105176016601, 0.6842105228301377, 0.7064327465163337, 0.7002923976608187, 0.7102339239845499, 0.7213450283334967, 0.7190058524148506, 0.7371344984623424, 0.7456140354362845, 0.7529239814880996, 0.7725146165368153, 0.770467832423093, 0.7675438606948183, 0.7508771959801166, 0.7862573053404601, 0.8140350956665842, 0.7760233889546311, 0.8461988376595123, 0.820467840509805, 0.80438596742195, 0.8438596509353459, 0.8371345069673326, 0.8535087676773294, 0.8228070125942342, 0.8444444491849308, 0.8891812897565072, 0.8444444530191477, 0.9058479429685582, 0.862280703776064, 0.8809941588786611, 0.8771929859417921, 0.9277777867010463, 0.9192982490299738, 0.9230994122070179, 0.8733918137020535, 0.9263157865457368, 0.933918129282388, 0.9380117006469191, 0.9257309956160206, 0.9134502954650343, 0.8976608051194085, 0.9423976693934167, 0.9508771833620573, 0.9514619805659467, 0.9453216470472994, 0.9450292430425945, 0.9520467683585764, 0.9385964877424184, 0.958187128716742, 0.9622807004298383, 0.9485380179003665, 0.966374269005848, 0.9166666698037532, 0.959649115626575, 0.9576023433640687, 0.9754386007437232, 0.9751461925562362, 0.9692982553738599, 0.9713450363504956, 0.9596491194607919], "f1_score_pos_neg": [0.4221773342779505, 0.3901725113391876, 0.4914250874031357, 0.5500174799160651, 0.5551026899215074, 0.5864223098894309, 0.5919302677550511, 0.6321860276467619, 0.6263680660236649, 0.63669699047044, 0.6486187085770724, 0.6596595909860399, 0.6752265332735072, 0.689382877614763, 0.7061632578833061, 0.7258283966466, 0.7276742880107366, 0.7214949932711864, 0.7100478180667811, 0.753148601417653, 0.7787600295585498, 0.7344955822877717, 0.8169428793310421, 0.7779886865476419, 0.7898024473971094, 0.8012430472680699, 0.8073566472321226, 0.834131884296038, 0.8030147705858911, 0.83486105719505, 0.8713573158135888, 0.8042475877449526, 0.8915010432750858, 0.8521924761303684, 0.8740564396506861, 0.8523607358597872, 0.9127605533042149, 0.9088748791064435, 0.9147596669475935, 0.836574457542241, 0.9100642026516429, 0.923944283995712, 0.9303565433150843, 0.9185693121095847, 0.8927000876058612, 0.8957884384874713, 0.9382222814169544, 0.9466426536353708, 0.9456888723094561, 0.9407610677139103, 0.9405106790581642, 0.9438898329846344, 0.9355021694250274, 0.9499704506662157, 0.9570352553624158, 0.933398239445268, 0.9624231381025928, 0.9169555090324223, 0.9517495625200327, 0.9571120331161901, 0.9708344594776979, 0.9707854247232627, 0.9619510212139777, 0.9678308169047037, 0.9557080185204222],