{"1": {"val_f1_score_pos_neg": [0.3308830834063463, 0.41163634089325596, 0.546067432049782, 0.529046234826919, 0.5606779661386181, 0.5785455521935714, 0.5751371120893827, 0.5185341010748981, 0.5527838239387174, 0.5661340820454813, 0.5588666750882637, 0.6068858183683951, 0.624964518432007, 0.5826740222998938, 0.569416437472942, 0.601851248253433, 0.5864206505296988, 0.6268851899300352, 0.49223538815052903, 0.5320241282281993, 0.46995839442976683, 0.4881650195045481, 0.5771945771694559, 0.5520840381781885, 0.5727198532238552, 0.5263455213132319, 0.5922002109241961, 0.581981943968616, 0.592307597047039, 0.6094174216870965, 0.6028554348566699, 0.6002023726537601, 0.5962940738046698, 0.48045591133459326, 0.47508531364905626, 0.5764998244764047, 0.5918794420957878, 0.6057591087199745, 0.571032230196867, 0.559290826742711, 0.5548315161080489, 0.5748362453659782, 0.6051314002630312, 0.5728577758707526, 0.5626902741895646, 0.5963718027634599, 0.5856239599034819, 0.5583698834736391, 0.5794169499809712, 0.5885595862645976, 0.5738787816760735, 0.5814084674691141, 0.5043867773938423, 0.539043189408177, 0.5848070130928463, 0.6083894908631408, 0.5869598830118287, 0.5461491075457471, 0.5599420428776285, 0.5803089675051691, 0.5627160307900223, 0.587805132837143, 0.5946366282044637, 0.5721072994471534, 0.5387696812792522, 0.5338624108503598, 0.5459826794972483, 0.5243191978232992, 0.5789931277856094], "loss": [1.2132189571857452, 0.9218159765005112, 0.8271737843751907, 0.8361685872077942, 0.7942590564489365, 0.7921356856822968, 0.7896154373884201, 0.6895491927862167, 0.7325008064508438, 0.7523957341909409, 0.5828633159399033, 0.568430170416832, 0.557285264134407, 0.6240271180868149, 0.4984368234872818, 0.5600008368492126, 0.5070951357483864, 0.5409281551837921, 0.4303542524576187, 0.40218715369701385, 0.37771281599998474, 0.4508199468255043, 0.451884888112545, 0.3492439314723015, 0.3774421885609627, 0.28245240449905396, 0.4823714420199394, 0.4307280108332634, 0.33560609072446823, 0.2680840976536274, 0.25350987538695335, 0.27265970781445503, 0.2695077322423458, 0.2280043661594391, 0.35668183863162994, 0.2289663478732109, 0.23290981352329254, 0.26450038328766823, 0.19196457788348198, 0.20829426683485508, 0.160599572584033, 0.17527864314615726, 0.2125433310866356, 0.19523857533931732, 0.16443685069680214, 0.2804834917187691, 0.2531843073666096, 0.14067599177360535, 0.14681297168135643, 0.18336505070328712, 0.10070674121379852, 0.10856420174241066, 0.14312014542520046, 0.1687864176928997, 0.1226859837770462, 0.2808723896741867, 0.1030955072492361, 0.10849360004067421, 0.10152089782059193, 0.379506628960371, 0.12218968383967876, 0.11336866207420826, 0.1570138130337, 0.07134813442826271, 0.11972859315574169, 0.11536806635558605, 0.12303386628627777, 0.1604456715285778, 0.09850914496928453], "f1_score_neu": [0.14834216609597206, 0.5776639431715012, 0.6703264266252518, 0.5786205306649208, 0.5713507868349552, 0.6250185370445251, 0.5664864853024483, 0.7029339820146561, 0.6723932027816772, 0.602647639811039, 0.7884032726287842, 0.7828725874423981, 0.7862178087234497, 0.6846631169319153, 0.8147920668125153, 0.7823385000228882, 0.7621109038591385, 0.7773456573486328, 0.839111402630806, 0.864272266626358, 0.857467383146286, 0.8065192997455597, 0.7944071590900421, 0.8794619292020798, 0.8732761591672897, 0.9020105600357056, 0.813846230506897, 0.7916918843984604, 0.8905232846736908, 0.9140318185091019, 0.9118934720754623, 0.9041122794151306, 0.9119888991117477, 0.9158343076705933, 0.8558390438556671, 0.9265540391206741, 0.9226973205804825, 0.9014201462268829, 0.932977557182312, 0.9252057671546936, 0.9485115706920624, 0.9426185488700867, 0.9274311512708664, 0.9311746209859848, 0.9421406686306, 0.8981798142194748, 0.901452049612999, 0.9592174589633942, 0.9502482265233994, 0.9391113072633743, 0.9708424508571625, 0.9670830368995667, 0.9561727643013, 0.941288098692894, 0.9610056281089783, 0.8922949135303497, 0.9694105833768845, 0.9677305668592453, 0.9692114293575287, 0.8659535050392151, 0.960630014538765, 0.9639422744512558, 0.9465613514184952, 0.977411687374115, 0.9630048871040344, 0.9639777839183807, 0.9618201106786728, 0.9509610235691071, 0.9702534079551697], "f1_score_neg": [0.3137583062052727, 0.15079715475440025, 0.23961356654763222, 0.4182020202279091, 0.46054352819919586, 0.43516887724399567, 0.5217163860797882, 0.582881323993206, 0.4648882523179054, 0.584056168794632, 0.6682026237249374, 0.6201115399599075, 0.653907835483551, 0.6598671525716782, 0.7181876301765442, 0.6956217586994171, 0.7394343614578247, 0.7382027506828308, 0.7576337307691574, 0.7520295530557632, 0.812853679060936, 0.7610355913639069, 0.8178487867116928, 0.8056356310844421, 0.7936767786741257, 0.8574855923652649, 0.831750899553299, 0.7457734495401382, 0.8362891376018524, 0.9038703143596649, 0.8505702316761017, 0.8483904898166656, 0.83889240026474, 0.902513325214386, 0.8328816294670105, 0.8649885058403015, 0.9055340141057968, 0.8647665232419968, 0.9051807373762131, 0.9008049219846725, 0.955325573682785, 0.9236904233694077, 0.875936895608902, 0.8925474584102631, 0.9379385858774185, 0.9182790815830231, 0.9177892357110977, 0.9588228613138199, 0.9386308640241623, 0.9628630131483078, 0.9505567252635956, 0.9428615868091583, 0.9524818807840347, 0.9289093762636185, 0.9475982338190079, 0.8974733203649521, 0.9678437560796738, 0.951412633061409, 0.9633471667766571, 0.8713964819908142, 0.9430779963731766, 0.9560566842556, 0.9069900065660477, 0.9779976904392242, 0.9462145119905472, 0.9488498121500015, 0.9508443474769592, 0.9377600848674774, 0.9580224901437759], "val_f1_score_neg": [0.05847367700878135, 0.16834437115366555, 0.4508075738809817, 0.4402190462485593, 0.4384813033124452, 0.5247175310060105, 0.47502896472628026, 0.3760865448013929, 0.4341527884740577, 0.4572248958537749, 0.42913799278229015, 0.5531455030630118, 0.553836388285317, 0.4691258136944104, 0.4418176653001867, 0.5391760064709571, 0.47771905952321553, 0.5536618945075245, 0.34361978790874464, 0.39867990076495, 0.34222647739213313, 0.4823196960377187, 0.4676551064136864, 0.46346676569268863, 0.5014643711022058, 0.3529455285981481, 0.5220686154761965, 0.5117917214670489, 0.4924771395875124, 0.5289364901703235, 0.5221294098690742, 0.5218370464290186, 0.5300047130619733, 0.35020111007637905, 0.31645991676847296, 0.47178801946554977, 0.49778604648133884, 0.537005378791675, 0.4475387107066023, 0.4561054264970755, 0.47791186724627016, 0.513352832674136, 0.5289205404332139, 0.4677115611569825, 0.44118139737864787, 0.5227032162184606, 0.4882400406648129, 0.4848712419638195, 0.4801207960292857, 0.5069710749701943, 0.49172021918743264, 0.510196164887376, 0.4372955769996083, 0.43388480873455565, 0.48983188862566746, 0.5419353651400161, 0.512151687297801, 0.4378616246547469, 0.4447679196306329, 0.5115314102254138, 0.48488468785252187, 0.5089711026822742, 0.514261078653203, 0.4812139736958886, 0.4332633807438426, 0.44145881498919803, 0.46509309394010057, 0.3988769776062049, 0.4908745184114778],