{"f1_score_neg": [0.21235292800702155, 0.33488938864320517, 0.46663346141576767, 0.5182739272713661, 0.5383001454174519, 0.5192990191280842, 0.56664864346385, 0.5665103010833263, 0.590137355029583, 0.6351094767451286, 0.6200108155608177, 0.6232359372079372, 0.6304063387215137, 0.6804900392889977, 0.6759090572595596, 0.7139028012752533, 0.6636443771421909, 0.7195461504161358, 0.7237715758383274, 0.7516870573163033, 0.7737462557852268, 0.7773632854223251, 0.7649746499955654, 0.7942930944263935, 0.8143546544015408, 0.7972580343484879, 0.8072294518351555, 0.7956846430897713, 0.8305766172707081, 0.8256438076496124, 0.8603896908462048, 0.8405786268413067, 0.8280411623418331, 0.8454703539609909, 0.8525600470602512, 0.8681213855743408, 0.8531689196825027, 0.8696197606623173, 0.8357146345078945, 0.8776699304580688, 0.8703983724117279, 0.8506063111126423, 0.8866453096270561, 0.868234284222126, 0.8767007365822792, 0.8795341365039349, 0.8967037722468376, 0.8967696912586689, 0.8816941529512405, 0.8926591761410236, 0.8919327221810818, 0.8984180763363838, 0.8890550099313259, 0.9181677438318729, 0.8922462612390518, 0.9036142081022263, 0.8773113675415516, 0.9244605898857117, 0.9123720191419125], "val_acc": [0.6105428856406473, 0.5061631217000992, 0.6643063266571819, 0.6687647640752005, 0.6729609236578412, 0.6653553576660757, 0.6582743200829358, 0.6372934665043398, 0.681877795430015, 0.6509310203745332, 0.668764743003325, 0.648308429260314, 0.6740099691419253, 0.6687647508193025, 0.6679779680857595, 0.6635195373269538, 0.661421449344489, 0.675583534077525, 0.6582743279770732, 0.6320482560758544, 0.6616837175349504, 0.5866771611897238, 0.6370312153214456, 0.6420141607014926, 0.6574875440867655, 0.6614214577701127, 0.6553894608564149, 0.6504065022986297, 0.6692892763203847, 0.6551272005600908, 0.6611591836082444, 0.6556517062085899, 0.6189352192811193, 0.6564384931627609, 0.6412273768111848, 0.6467348560397781, 0.6519800641703662, 0.6475216267523477, 0.6603724122860286, 0.6469971205567301, 0.6548649444687626, 0.6417519070643813, 0.6475216351779715, 0.649881980471057, 0.6102806150741287, 0.6509310229694377, 0.6459480696327256, 0.6438499800245373, 0.644112243244037, 0.6472593700513732, 0.6488329379726763, 0.6467348554301319, 0.6469971151168097, 0.6441122534360718, 0.646210331226502, 0.620508781762502, 0.6404406018154596, 0.6490952030992746, 0.658012066992943], "acc": [0.5597499962896109, 0.6908749975264072, 0.6891250032931566, 0.7429999969899654, 0.7155000008642673, 0.7529999911785126, 0.7577500008046627, 0.7596249952912331, 0.7703749984502792, 0.784500002861023, 0.7894999980926514, 0.7924999967217445, 0.7721250057220459, 0.811000008136034, 0.8205000050365925, 0.8388749957084656, 0.8070000000298023, 0.8367499969899654, 0.8369999937713146, 0.8377500027418137, 0.8597499951720238, 0.8577499948441982, 0.8468750007450581, 0.8695000037550926, 0.8747499994933605, 0.8721250034868717, 0.8578750044107437, 0.8740000016987324, 0.8932500034570694, 0.8862500004470348, 0.8945000022649765, 0.9023750014603138, 0.9008750058710575, 0.9015000052750111, 0.8921250067651272, 0.9071250036358833, 0.9133749976754189, 0.9057499915361404, 0.8986249975860119, 0.9258750006556511, 0.9082500003278255, 0.9088749960064888, 0.923750001937151, 0.9274999909102917, 0.929249994456768, 0.9062499925494194, 0.9413749985396862, 0.9299999959766865, 0.9126249998807907, 0.9358749985694885, 0.9281250052154064, 0.9112499915063381, 0.9296249933540821, 0.9487499929964542, 0.9307499974966049, 0.94200000166893, 0.9203750006854534, 0.9542500041425228, 0.9371250048279762], "f1_score_pos": [0.5335121769458055, 0.6355904005467892, 0.6204833732917905, 0.6832647547125816, 0.6655518934130669, 0.7080166153609753, 0.7098105810582638, 0.7077040523290634, 0.7244254313409328, 0.7397668734192848, 0.7570469006896019, 0.7525449097156525, 0.729432538151741, 0.7679158411920071, 0.7919892221689224, 0.8116568587720394, 0.7675263248383999, 0.8097893670201302, 0.80645552277565, 0.7972445413470268, 0.8368045091629028, 0.8200069442391396, 0.8156512826681137, 0.8372028507292271, 0.843378771096468, 0.8445533514022827, 0.8120663799345493, 0.8504199460148811, 0.8710075691342354, 0.8602964542806149, 0.8617591857910156, 0.878237497061491, 0.8864896632730961, 0.8807474039494991, 0.8635612614452839, 0.8763314560055733, 0.8980806432664394, 0.8725072182714939, 0.8881055116653442, 0.9086193107068539, 0.8812636993825436, 0.8892240561544895, 0.9075094573199749, 0.9191113747656345, 0.9185356982052326, 0.8768005110323429, 0.9353772774338722, 0.9084463156759739, 0.8850416578352451, 0.9213026538491249, 0.9070349857211113, 0.8753947354853153, 0.9167689718306065, 0.9397834166884422, 0.9127593748271465, 0.9298230297863483, 0.9016777649521828, 0.9457166157662868, 0.9205878935754299], "f1_score_pos_neg": [0.37293255515396595, 0.4852398931980133, 0.5435584243386984, 0.6007693409919739, 0.6019260287284851, 0.61365782096982, 0.6382296122610569, 0.63710717856884, 0.6572813913226128, 0.6874381750822067, 0.6885288618505001, 0.6878904178738594, 0.6799194365739822, 0.7242029383778572, 0.733949139714241, 0.7627798430621624, 0.715585358440876, 0.7646677494049072, 0.7651135548949242, 0.774465799331665, 0.8052753806114197, 0.7986851185560226, 0.7903129644691944, 0.8157479725778103, 0.8288667164742947, 0.8209056928753853, 0.809647910296917, 0.8230522871017456, 0.8507920987904072, 0.8429701328277588, 0.8610744401812553, 0.8594080545008183, 0.8572654090821743, 0.8631088770925999, 0.8580606579780579, 0.8722264245152473, 0.8756247796118259, 0.8710634931921959, 0.8619100712239742, 0.8931446187198162, 0.8758310303092003, 0.8699151910841465, 0.8970773816108704, 0.8936728313565254, 0.8976182229816914, 0.8781673237681389, 0.9160405285656452, 0.9026080034673214, 0.883367907255888, 0.9069809094071388, 0.8994838520884514, 0.8869063965976238, 0.9029119871556759, 0.928975585848093, 0.9025028198957443, 0.9167186170816422, 0.8894945681095123, 0.9350886009633541, 0.9164799563586712], "val_f1_score_neg": [0.1501592207702945, 0.13594168473065385, 0.5173239933828528, 0.47980354528179514, 0.566196592952084, 0.43838777912278953, 0.42688531093856275, 0.5932980216365457, 0.5487116937433488, 0.3510081435075245, 0.38284467186885274, 0.49422213389058767, 0.5253458481712852, 0.5244920961412269, 0.4870823343501077, 0.5520043275408191, 0.5218347966155136, 0.5637662650217636, 0.5631717482858714, 0.5722355263426396, 0.48520120957252266, 0.5567957700127353, 0.5313997926391268, 0.5754382892634154, 0.5103603244421834, 0.5162407044754108, 0.5605932645306261, 0.4571207073333224, 0.5749389429965296, 0.5239641510092803, 0.47666655075603226, 0.5501194477018772, 0.5609619281375123, 0.5540304583200094, 0.45712356837971957, 0.4686040636547713, 0.48781836091487263, 0.5399379390073267, 0.5005073646860675, 0.4538214008404206, 0.5101435817103982, 0.5251027663611315, 0.5173258561178858, 0.5479923407768221, 0.40321886019696723, 0.46639963515530786, 0.5382400499752054, 0.460143633247391, 0.44442213563321303, 0.4874073483094811, 0.4581346982284509, 0.4181692113705642, 0.4903640811864766, 0.3798552433196372, 0.5176800118635684, 0.3913286624306805, 0.5221891029281877, 0.5273924525284936, 0.5635267938727817],