{"f1_score_pos": [0.5602142612126012, 0.6080638041750133, 0.6267292985108679, 0.6417573894044242, 0.6571897069479418, 0.664477597344915, 0.665083102654249, 0.6759589657935628, 0.6859424549086865, 0.70292942140285, 0.7087195882134201, 0.7127586827735141, 0.7209614917028158, 0.7370240723626228, 0.7410888865796694, 0.7479495238545348, 0.7681402488469853, 0.76601048079261, 0.7752089247213814, 0.779867526395017, 0.787819926046173, 0.7922681534429918, 0.7975750799646992, 0.8209505912464582, 0.8199651517382155, 0.8169975027548286, 0.8394793734477946, 0.8396585433572021, 0.8414003730927458, 0.8492427427140649, 0.8530968867572292, 0.8588758580118863, 0.8602019592383489, 0.862384497509588, 0.8818396246919467, 0.8756410469195615, 0.881627762529471, 0.8750536403211198, 0.8825357028975559, 0.8916956819809531, 0.888707778257739, 0.8923587407377723, 0.894577136052892, 0.9020912919636289, 0.8982190725170823, 0.900577578374203, 0.90778511537166, 0.9056826127636142, 0.9125522012937789, 0.9067362699362324, 0.9102805970109541, 0.9138498090850439, 0.9148580138769007, 0.9170888546482682, 0.9159796597065748, 0.9259423734779425, 0.9224919340847672, 0.9260379698286468, 0.9237115398953974, 0.9303225438837762, 0.9302964286249633, 0.9249442003588125, 0.929860109266514, 0.929921872242894, 0.9281338263703702, 0.932150733897753], "val_f1_score_pos": [0.6126896493527964, 0.6589067912037568, 0.6715152752993084, 0.6392410163282546, 0.6694020715568461, 0.6624989941174698, 0.6764018556471628, 0.6477658459828969, 0.6770877399322643, 0.6804191446881916, 0.6923044442649163, 0.6808327649836585, 0.695152643792241, 0.6670851258217566, 0.6862648747169474, 0.6600816041271266, 0.6462549629795439, 0.6810143986268127, 0.6573039299706912, 0.6420320172970901, 0.680830313812836, 0.6675439174531447, 0.6673955180121944, 0.6750695487211081, 0.6379907211416663, 0.6695978785106664, 0.6686378097309559, 0.6694730035709981, 0.6531079106664593, 0.658104968584402, 0.6649247421550879, 0.6630015131762981, 0.6335310480315464, 0.5961620822087592, 0.6619805106404332, 0.6542484216382013, 0.6582435369491577, 0.6531404511925349, 0.6691330591891046, 0.6531981379796487, 0.6426715323774201, 0.5452131247135383, 0.6528447665083617, 0.6424193830701898, 0.6353274066387243, 0.6240410381178516, 0.6416238305706676, 0.6445596943312346, 0.6390491294026536, 0.6471649819075018, 0.6546018295300922, 0.648982372932126, 0.6430549417016965, 0.6575103847367606, 0.6375260132478994, 0.4964331245679072, 0.6555160862440055, 0.600903595600924, 0.6120508273068219, 0.6354981989751434, 0.6557979401637215, 0.644233456931878, 0.6309569654522481, 0.6191891373246707, 0.6425840853842559, 0.6392745600253704], "val_loss": [0.7513675389668502, 0.7617286371510892, 0.7160131061702847, 0.7100565974195745, 0.7040142723400532, 0.7072130479369799, 0.7022990544262677, 0.6912436673009059, 0.6842135073038002, 0.6871247594000353, 0.6957432788121106, 0.6844367171521142, 0.6926579487436071, 0.701214880433089, 0.7113119184890634, 0.7746366925868501, 0.7245808668925977, 0.7350577274049115, 0.7628235154325195, 0.7784715283606929, 0.7928202935214961, 0.7653854185286634, 0.7630012355454036, 0.7739695158171621, 0.8330039668371989, 0.8349152427983958, 0.8335829536013135, 0.8440767001175142, 0.8718759041294596, 0.852120092306612, 0.9853255010710109, 0.8815298333142358, 0.9318485026564925, 1.07067708243913, 0.8746673999050906, 0.9634495927058512, 0.9488002773409416, 0.9588962312020652, 0.9861813532552038, 0.945275222629429, 1.0724913830070444, 1.132714900643155, 0.9767459629361754, 1.0145667659000945, 1.0831634034057966, 1.0563962300725451, 1.0864262888922505, 1.043521694828973, 1.0225391148879102, 1.1790811404244896, 1.0861758556051497, 1.0466881385561917, 1.0995991388849744, 1.079608438794738, 1.1229524965401774, 1.4291271476694263, 1.1562232958355951, 1.17361339088404, 1.202106116918664, 1.1337422796726868, 1.1661462588072786, 1.1884084250050952, 1.3252316065142646, 1.2202339291091242, 1.1702714446094764, 1.2062513191318127], "acc": [0.6059361986845013, 0.6525104319620845, 0.6640866882131276, 0.6757975506708718, 0.6878112797734555, 0.693868623172664, 0.6948781797680179, 0.7048727984800042, 0.712545430905759, 0.7245255098767807, 0.7316933655453203, 0.7354960282969915, 0.7402072971530519, 0.7519854639417022, 0.7598600071858775, 0.7645712779915851, 0.7781329918379482, 0.7754408400478201, 0.7859402364798102, 0.7904159410081043, 0.799165434961862, 0.8057275564340968, 0.8061650306094719, 0.8260196571251252, 0.8280051150814908, 0.8296540575451735, 0.8409610980692165, 0.8423744765661786, 0.8495759850781351, 0.8548593379106828, 0.8590994751506353, 0.8629021392582339, 0.8687239246519887, 0.8705411204933591, 0.8779445408105947, 0.8834298105993411, 0.8826221582754445, 0.8854825693804573, 0.8906313053995816, 0.8948377991110981, 0.8980010745422342, 0.9010297491422394, 0.896890562938832, 0.9068515315994887, 0.9065486623069803, 0.9074572643837034, 0.915230855957498, 0.9095773281375851, 0.9197065494618613, 0.9138174734489163, 0.9159038897590212, 0.9176537890199344, 0.9199084659607354, 0.9187642995321762, 0.9248216457074255, 0.9287589159414928, 0.9286916079680361, 0.9286243110826959, 0.9310808975902921, 0.9321577563181846, 0.9353883424426557, 0.9306770779111212, 0.9354556453855414, 0.9351191262984472, 0.934008612047376, 0.9406380381313303], "val_f1_score_neu": [0.729793390948551, 0.6850893262417769, 0.7246818045106582, 0.7391105368833683, 0.7322748494340786, 0.7460858946212368, 0.7393116617266936, 0.7463927965305375, 0.7453509425571436, 0.7461674491778357, 0.7318869770616092, 0.74234355643171, 0.7354552552485049, 0.7383131367200797, 0.7284741615061805, 0.656287090374034, 0.7415067570366738, 0.7149887689029545, 0.7336653738130952, 0.7412177422165389, 0.6792771231438237, 0.7377736108781191, 0.7368650821465021, 0.7306846957829246, 0.7358566360550646, 0.7007958266487995, 0.7126614347120314, 0.720106523739698, 0.727196719171542, 0.7184344662471221, 0.6657688658619312, 0.7092950696258493, 0.7257348360797117, 0.7326045248100927, 0.729720143177628, 0.7152630722859666, 0.6958542799083253, 0.7288861950185065, 0.7013021203743176, 0.7252239259223117, 0.7345508589718897, 0.7234786182521651, 0.7189286957679174, 0.7125591993492353, 0.7324404592148228, 0.7135545324188222, 0.7067465115524076, 0.7158784013577457, 0.7234706167096565, 0.731955382897748, 0.6941876665740443, 0.7067618913958563, 0.6988115737447829, 0.7213518653230423, 0.7260419326066008, 0.7007830801594145, 0.6905619891944516, 0.7289754622396518, 0.7293077744994799, 0.7255148831479161, 0.6813559251389947, 0.7150759722631359, 0.689082278457657, 0.7277592990151325, 0.7003375716998792, 0.7117455258343774], "val_f1_score_neg": [0.5495382450310411, 0.611144296494018, 0.6009630588150281, 0.5993963617174655, 0.6021490561528932, 0.4577630839309333, 0.5086217529038882, 0.5597406081043054, 0.59759201520545, 0.5554854056395561, 0.6117908789363876, 0.5976871806391155, 0.5980351994849471, 0.6151646796017284, 0.6251384810836608, 0.616442431591722, 0.5801011447470089, 0.625415242456331, 0.6179671308394236, 0.5855397766563806, 0.6143712012315342, 0.5629379037732551, 0.5927707332300466, 0.5659732286734344, 0.553360952262442, 0.5890949071656968, 0.5595520959407452, 0.6107637648787826, 0.6005411996013544, 0.5651759767596526, 0.6167441587268424, 0.5815461018043765, 0.5876303776436828, 0.4027663184527914, 0.5713155600135772, 0.5458813016860674, 0.5994422637918917, 0.5716564757185381, 0.6082941361904786, 0.5747530306332205, 0.4599535932932375, 0.5272689405552953, 0.5520891446123855, 0.5850705003032454, 0.5256198469754986, 0.5976286945240334, 0.595512400565526, 0.5844946675313434, 0.5719206885887187, 0.44602109782628385, 0.5737479158237195, 0.5865978370765337, 0.5879975299815952, 0.576625652300397, 0.5710390073774961, 0.5907169983974215, 0.6019664308103867, 0.5979077467847801, 0.583401534711368, 0.5673824343354031, 0.601654805854705, 0.5954134396877776, 0.5988414813018583, 0.5442338140623727, 0.525292453582964, 0.5628801469526894],