{"val_f1_score_neg": [0.23632062655435657, 0.36301527418334933, 0.5379259800335694, 0.3069371891215565, 0.6346195781915606, 0.45186844979281693, 0.5862770579382093, 0.5564196263433847, 0.5791616419497795, 0.6036153638766188, 0.356053399361246, 0.43418099421107986, 0.624648075059365, 0.5972373837596814, 0.5644655272837483, 0.48798006038293107, 0.5047338874890928, 0.61086029087875, 0.624705799711429, 0.5952503002443371, 0.5762342804065377, 0.5841200119736875, 0.39198638722710866, 0.4989091241466008, 0.5996109983160087, 0.353558911181109, 0.5877724583149582, 0.5387986059767851, 0.5441185142498082, 0.49591702508107277, 0.5868529726475391, 0.6042893205669462, 0.5585513457581655, 0.5113609642329693, 0.5772989429328312, 0.4746415725990509, 0.40590130516840595, 0.5116504543086471, 0.5868563129774954, 0.5756286252304665, 0.5666854336384929, 0.37881975668076295, 0.524679343046368, 0.5847923113172397, 0.539809219689623, 0.5657092596707368, 0.35093326469184283, 0.5620486149630333, 0.5632816919372553, 0.4084317672840417, 0.46438048310614993, 0.5723532471417943, 0.5244791441754096, 0.5485495780197742, 0.509863161349778, 0.4230718993309005, 0.5504206695989333, 0.564997300572074, 0.5382811933122781, 0.5142612280321659, 0.4951320208654046, 0.5803664291652206, 0.5187465439873232, 0.5266305564927392], "val_f1_score": [0.5234378161719238, 0.5735721074156082, 0.6457747282582945, 0.5498022072245811, 0.6886423784324012, 0.6100360772567817, 0.6711747932396566, 0.6648410008455742, 0.6756125785470978, 0.6799938883832706, 0.5787193866467619, 0.6195987752501245, 0.6785703737561296, 0.6637821605034835, 0.6620167231359665, 0.6365873837858681, 0.6300078014548357, 0.6771745083371454, 0.6746676399455807, 0.6503480524801689, 0.5950884642389669, 0.5687274258186146, 0.5820420494299687, 0.5901479457827212, 0.6454980012597045, 0.5630024620281753, 0.6657180150537518, 0.6432844201567415, 0.6179084209454144, 0.6267446823674113, 0.6348487769966515, 0.6659117866118937, 0.6219533709381748, 0.617921430937049, 0.6466058052777306, 0.5877231124377207, 0.5978892083997148, 0.6140791507583886, 0.6563520558918988, 0.6468346636188396, 0.6274298420578921, 0.5692289563698497, 0.6155783663326256, 0.6504349945224929, 0.6372552810770741, 0.6472872137835793, 0.5438807604352289, 0.6398381527690102, 0.6417712439178889, 0.5883225020291828, 0.6096300070535283, 0.6432068762490357, 0.6266736445106799, 0.6390824803929612, 0.6093685780645761, 0.5686920145944194, 0.6432287407271543, 0.6462791613822154, 0.6293684597594389, 0.623451833145968, 0.6154864050102083, 0.6324723606468529, 0.5979922748506147, 0.6089978080048449], "f1_score_pos_neg": [0.3737118598073721, 0.47717386670410633, 0.5217349790036678, 0.5515783149749041, 0.5510727670043707, 0.5866917241364717, 0.6057463623583317, 0.6029817573726177, 0.6193650141358376, 0.6362791173160076, 0.6434282325208187, 0.640710175037384, 0.6667847745120525, 0.6778072565793991, 0.6962619870901108, 0.6956525929272175, 0.7027514986693859, 0.714213665574789, 0.7437591850757599, 0.7554717920720577, 0.7754710726439953, 0.7632606029510498, 0.7800419218838215, 0.7856407538056374, 0.7788250632584095, 0.8303851410746574, 0.7987389303743839, 0.814634170383215, 0.8329417631030083, 0.8493840843439102, 0.841537743806839, 0.8535313494503498, 0.8735815919935703, 0.864878486841917, 0.8836504444479942, 0.9091589562594891, 0.9152680933475494, 0.8744331710040569, 0.9191470965743065, 0.91338275000453, 0.9279128536581993, 0.8866405375301838, 0.927324790507555, 0.9183514714241028, 0.923170231282711, 0.9422472640872002, 0.9290412627160549, 0.9180743768811226, 0.9528702795505524, 0.9442373923957348, 0.9401100240647793, 0.9029132314026356, 0.9399676583707333, 0.9544038847088814, 0.9496307037770748, 0.9478452056646347, 0.9405694529414177, 0.9604627080261707, 0.9559926092624664, 0.9589237160980701, 0.941934160888195, 0.9554169252514839, 0.9522277228534222, 0.9634201005101204], "f1_score": [0.44308573193848133, 0.5644210800528526, 0.5968805104494095, 0.6143669933080673, 0.6173944287002087, 0.6422614380717278, 0.6599636301398277, 0.6560170836746693, 0.669224925339222, 0.6843434125185013, 0.6888187937438488, 0.6873695962131023, 0.7079097889363766, 0.7134391665458679, 0.7353740222752094, 0.7278227917850018, 0.7391983345150948, 0.7500268630683422, 0.7743821069598198, 0.7817575074732304, 0.8009815253317356, 0.7873212210834026, 0.8064970895648003, 0.8083009049296379, 0.8050407022237778, 0.8495530895888805, 0.8231752477586269, 0.836390282958746, 0.848856195807457, 0.8657589927315712, 0.8588948994874954, 0.8706659637391567, 0.8866623565554619, 0.8779815621674061, 0.8970015794038773, 0.9181461967527866, 0.9236105121672153, 0.8894168920814991, 0.9278357364237309, 0.922515369951725, 0.9358723908662796, 0.8971512950956821, 0.9355017282068729, 0.928464163094759, 0.9303948879241943, 0.9488872773945332, 0.9361792169511318, 0.9268402308225632, 0.9577784426510334, 0.9503139108419418, 0.9469605498015881, 0.9133164770901203, 0.9462826028466225, 0.9588542282581329, 0.9535876587033272, 0.9543000347912312, 0.9470202066004276, 0.964741051197052, 0.9614750556647778, 0.9633569344878197, 0.9481801874935627, 0.9597420729696751, 0.9573823474347591, 0.9672452099621296], "val_f1_score_pos": [0.6703051553446572, 0.6586276282796452, 0.6852106966592182, 0.6432059151651726, 0.7119047967836734, 0.6582422663994796, 0.7202165907460375, 0.7218836133573239, 0.7174352519223923, 0.7228121670593654, 0.6684552197877798, 0.7191275497168154, 0.7234051747957365, 0.6642652964798321, 0.6963060345513409, 0.7254384092980721, 0.7230927167431501, 0.7194542336770314, 0.7139533249186995, 0.6338800281450375, 0.5087067108125534, 0.43478913893231935, 0.6492914470699619, 0.5687326413735361, 0.7131938944955901, 0.6382684490826385, 0.689834208476584, 0.6721006579015188, 0.6023006507833267, 0.6700411954640154, 0.6040843213726897, 0.7009876093275429, 0.5982718024077517, 0.6319928125168375, 0.650329280690574, 0.5878585401307933, 0.6929645309634576, 0.6237142283616965, 0.6797266289251794, 0.6713534151041505, 0.700391324445578, 0.6314706656209383, 0.6182977722099439, 0.686749825304398, 0.6839877334192548, 0.6701538817262888, 0.59089837431001, 0.6835529098603284, 0.6911345761872139, 0.6677349008914838, 0.6658646812627799, 0.6578333433487895, 0.6492328724616035, 0.6662394712517151, 0.6128649879183445, 0.5894022511429216, 0.6824205156201738, 0.6768387986580093, 0.6508682300154693, 0.6504663305741547, 0.6560226929115868, 0.6981905886203387, 0.5758607485086125, 0.6014813694496215], "f1_score_pos": [0.504515266045928, 0.5810012742877007, 0.6087355241179466, 0.6074059996753931, 0.6205870360136032, 0.6419780440628529, 0.6475457698106766, 0.650045357644558, 0.668034054338932, 0.6763259209692478, 0.6971210390329361, 0.6916526257991791, 0.7027820125222206, 0.7088401541113853, 0.7444081716239452, 0.7141028754413128, 0.7546094208955765, 0.7453349828720093, 0.7776745930314064, 0.7790500447154045, 0.8013501316308975, 0.7757657654583454, 0.814515370875597, 0.7871609404683113, 0.8060646392405033, 0.8550960421562195, 0.8082514740526676, 0.8451251201331615, 0.8499916568398476, 0.8830678686499596, 0.8315673433244228, 0.8900758288800716, 0.8935339115560055, 0.888602789491415, 0.8693984970450401, 0.9153305701911449, 0.9199034683406353, 0.9222551509737968, 0.930383525788784, 0.9129802249372005, 0.9276316836476326, 0.8749480657279491, 0.9424444139003754, 0.933814961463213, 0.9086820781230927, 0.9519595541059971, 0.9380815625190735, 0.9332561418414116, 0.9584772475063801, 0.9501186907291412, 0.9416151344776154, 0.9370331652462482, 0.9412338547408581, 0.9580936133861542, 0.9413601197302341, 0.9499739706516266, 0.938204612582922, 0.9632264897227287, 0.9592457190155983, 0.9659251645207405, 0.9513235576450825, 0.9566605277359486, 0.9507322162389755, 0.9693925641477108],