{"f1_score": [0.18902547657489777, 0.25253622233867645, 0.25233225524425507, 0.25253622233867645, 0.25248000025749207, 0.25257202237844467, 0.2525854557752609, 0.25258225202560425, 0.2525566965341568, 0.25258737802505493, 0.25254711508750916, 0.2525854557752609, 0.25258737802505493, 0.2525566965341568, 0.2525566965341568, 0.2524627298116684, 0.25256501138210297, 0.25249597430229187, 0.25256501138210297, 0.25258737802505493, 0.25244417041540146, 0.25258225202560425, 0.25249597430229187, 0.25258737802505493, 0.2525566965341568, 0.25258225202560425, 0.25257202237844467, 0.25254711508750916, 0.25257202237844467, 0.25248000025749207, 0.25249597430229187, 0.25258225202560425, 0.25253622233867645, 0.25258737802505493, 0.25258225202560425, 0.2525777965784073, 0.2525106593966484, 0.25258737802505493, 0.2525854557752609, 0.25256501138210297, 0.2525777965784073, 0.25256501138210297, 0.25256501138210297, 0.2525854557752609, 0.25258737802505493, 0.25273971259593964, 0.31872323155403137, 0.25256501138210297, 0.34905707091093063, 0.31210067868232727, 0.2887587174773216, 0.3754076212644577], "loss": [1.0818581581115723, 0.9911532700061798, 0.9731771945953369, 0.939179539680481, 0.9503085613250732, 0.9326616823673248, 0.9305152893066406, 0.9262856543064117, 0.9262495338916779, 0.9229051172733307, 0.9231010675430298, 0.9219875335693359, 0.9216920137405396, 0.9204255640506744, 0.9254011809825897, 0.9253087341785431, 0.9188942313194275, 0.924401044845581, 0.9233437180519104, 0.9209910333156586, 0.9196924865245819, 0.9195951819419861, 0.914283961057663, 0.9155630469322205, 0.9107235968112946, 0.9114062488079071, 0.9131091833114624, 0.9084599614143372, 0.9073042273521423, 0.9069303274154663, 0.9178682863712311, 0.9049540162086487, 0.8977891802787781, 0.8954931199550629, 0.8887241780757904, 0.8830517828464508, 0.8752350211143494, 0.8900745511054993, 0.8810761272907257, 0.8634188771247864, 0.8416337072849274, 0.8391733765602112, 0.9201529026031494, 0.8735324740409851, 0.8069906234741211, 0.8470276296138763, 0.9053412973880768, 0.7746911942958832, 0.8464982211589813, 0.8151893317699432, 0.7732487320899963, 0.9073958694934845], "val_loss": [1.016248106956482, 0.9236475229263306, 0.9464793801307678, 0.9085929989814758, 0.933377206325531, 0.9056836366653442, 0.9104004502296448, 0.9046171307563782, 0.9086827635765076, 0.9061371684074402, 0.9097242951393127, 0.9048784375190735, 0.9052527546882629, 0.9100990891456604, 0.9085050225257874, 0.9100294709205627, 0.9027904272079468, 0.9029231667518616, 0.9026020765304565, 0.9028091430664062, 0.912979781627655, 0.9018231630325317, 0.9018979668617249, 0.9014936685562134, 0.9054475426673889, 0.9016830325126648, 0.9007161259651184, 0.9065570831298828, 0.9005842208862305, 0.901286244392395, 0.899618923664093, 0.8969877362251282, 0.9075558185577393, 0.8945631384849548, 0.8987792134284973, 0.8921692371368408, 0.9106408953666687, 0.9331856369972229, 0.9128720164299011, 0.9015192985534668, 0.8925406336784363, 0.9871218800544739, 0.9830283522605896, 0.8820986747741699, 0.9204379916191101, 0.9693301916122437, 0.8867784142494202, 0.944412350654602, 0.9419148564338684, 0.9327570199966431, 1.0408432483673096, 0.8768438100814819], "f1_score_neu": [0.3866788372397423, 0.7576086521148682, 0.756996750831604, 0.7576086521148682, 0.7574399709701538, 0.757716029882431, 0.7577563226222992, 0.7577467262744904, 0.7576700747013092, 0.7577621340751648, 0.7576413154602051, 0.7577563226222992, 0.7577621340751648, 0.7576700747013092, 0.7576700747013092, 0.757388174533844, 0.7576950192451477, 0.7574878931045532, 0.7576950192451477, 0.7577621340751648, 0.7573325037956238, 0.7577467262744904, 0.7574878931045532, 0.7577621340751648, 0.7576700747013092, 0.7577467262744904, 0.757716029882431, 0.7576413154602051, 0.757716029882431, 0.7574399709701538, 0.7574878931045532, 0.7577467262744904, 0.7576086521148682, 0.7577621340751648, 0.7577467262744904, 0.7577333450317383, 0.7575319707393646, 0.7577621340751648, 0.7577563226222992, 0.7576950192451477, 0.7577333450317383, 0.7576950192451477, 0.7576950192451477, 0.7577563226222992, 0.7577621340751648, 0.7582190930843353, 0.7794019877910614, 0.7576950192451477, 0.8108842372894287, 0.7863020300865173, 0.7759535312652588, 0.8113614022731781], "acc": [0.3829999938607216, 0.6100000143051147, 0.6099999845027924, 0.6100000143051147, 0.6099999845027924, 0.6100000143051147, 0.6100000143051147, 0.6099999845027924, 0.6100000143051147, 0.6099999845027924, 0.6099999845027924, 0.6100000143051147, 0.6099999845027924, 0.6100000143051147, 0.6100000143051147, 0.6100000143051147, 0.6099999845027924, 0.6100000143051147, 0.6099999845027924, 0.6099999845027924, 0.6099999845027924, 0.6099999845027924, 0.6100000143051147, 0.6099999845027924, 0.6100000143051147, 0.6099999845027924, 0.6100000143051147, 0.6099999845027924, 0.6100000143051147, 0.6099999845027924, 0.6100000143051147, 0.6099999845027924, 0.6100000143051147, 0.6099999845027924, 0.6099999845027924, 0.6099999845027924, 0.6100000143051147, 0.6099999845027924, 0.6100000143051147, 0.6099999845027924, 0.6099999845027924, 0.6099999845027924, 0.6099999845027924, 0.6100000143051147, 0.6099999845027924, 0.6099999845027924, 0.6309999823570251, 0.6099999845027924, 0.6500000059604645, 0.632999986410141, 0.6239999830722809, 0.6650000214576721], "f1_score_pos_neg": [0.09019878506660461, 0.0, 0.0, 0.0, 0.0, 0.0, 0.0, 0.0, 0.0, 0.0, 0.0, 0.0, 0.0, 0.0, 0.0, 0.0, 0.0, 0.0, 0.0, 0.0, 0.0, 0.0, 0.0, 0.0, 0.0, 0.0, 0.0, 0.0, 0.0, 0.0, 0.0, 0.0, 0.0, 0.0, 0.0, 0.0, 0.0, 0.0, 0.0, 0.0, 0.0, 0.0, 0.0, 0.0, 0.0, 0.0, 0.08838384598493576, 0.0, 0.1181434690952301, 0.07499999552965164, 0.04516129195690155, 0.1574307233095169], "f1_score_neg": [0.04411764815449715, 0.0, 0.0, 0.0, 0.0, 0.0, 0.0, 0.0, 0.0, 0.0, 0.0, 0.0, 0.0, 0.0, 0.0, 0.0, 0.0, 0.0, 0.0, 0.0, 0.0, 0.0, 0.0, 0.0, 0.0, 0.0, 0.0, 0.0, 0.0, 0.0, 0.0, 0.0, 0.0, 0.0, 0.0, 0.0, 0.0, 0.0, 0.0, 0.0, 0.0, 0.0, 0.0, 0.0, 0.0, 0.0, 0.17676769196987152, 0.0, 0.2362869381904602, 0.14999999105930328, 0.0903225839138031, 0.3148614466190338], "val_f1_score_pos": [0.0, 0.0, 0.0, 0.0, 0.0, 0.0, 0.0, 0.0, 0.0, 0.0, 0.0, 0.0, 0.0, 0.0, 0.0, 0.0, 0.0, 0.0, 0.0, 0.0, 0.0, 0.0, 0.0, 0.0, 0.0, 0.0, 0.0, 0.0, 0.0, 0.0, 0.0, 0.0, 0.0, 0.0, 0.0, 0.0, 0.0, 0.0, 0.0, 0.0, 0.0, 0.0, 0.0, 0.0, 0.0, 0.0, 0.0, 0.0, 0.0, 0.0, 0.0, 0.0], "val_acc": [0.6159999966621399, 0.6159999966621399, 0.6159999966621399, 0.6159999966621399, 0.6159999966621399, 0.6159999966621399, 0.6159999966621399, 0.6159999966621399, 0.6159999966621399, 0.6159999966621399, 0.6159999966621399, 0.6159999966621399, 0.6159999966621399, 0.6159999966621399, 0.6159999966621399, 0.6159999966621399, 0.6159999966621399, 0.6159999966621399, 0.6159999966621399, 0.6159999966621399, 0.6159999966621399, 0.6159999966621399, 0.6159999966621399, 0.6159999966621399, 0.6159999966621399, 0.6159999966621399, 0.6159999966621399, 0.6159999966621399, 0.6159999966621399, 0.6159999966621399, 0.6159999966621399, 0.6159999966621399, 0.6159999966621399, 0.6159999966621399, 0.6159999966621399, 0.6159999966621399, 0.6159999966621399, 0.6159999966621399, 0.6159999966621399, 0.6159999966621399, 0.6159999966621399, 0.6159999966621399, 0.6159999966621399, 0.6159999966621399, 0.6159999966621399, 0.6159999966621399, 0.6159999966621399, 0.6159999966621399, 0.6159999966621399, 0.6159999966621399, 0.6159999966621399, 0.6159999966621399], "val_f1_score_pos_neg": [0.0, 0.0, 0.0, 0.0, 0.0, 0.0, 0.0, 0.0, 0.0, 0.0, 0.0, 0.0, 0.0, 0.0, 0.0, 0.0, 0.0, 0.0, 0.0, 0.0, 0.0, 0.0, 0.0, 0.0, 0.0, 0.0, 0.0, 0.0, 0.0, 0.0, 0.0, 0.0, 0.0, 0.0, 0.0, 0.0, 0.0, 0.0, 0.0, 0.0, 0.0, 0.0, 0.0, 0.0, 0.0, 0.0, 0.0, 0.0, 0.0, 0.0, 0.0, 0.0], "f1_score_pos": [0.13627992570400238, 0.0, 0.0, 0.0, 0.0, 0.0, 0.0, 0.0, 0.0, 0.0, 0.0, 0.0, 0.0, 0.0, 0.0, 0.0, 0.0, 0.0, 0.0, 0.0, 0.0, 0.0, 0.0, 0.0, 0.0, 0.0, 0.0, 0.0, 0.0, 0.0, 0.0, 0.0, 0.0, 0.0, 0.0, 0.0, 0.0, 0.0, 0.0, 0.0, 0.0, 0.0, 0.0, 0.0, 0.0, 0.0, 0.0, 0.0, 0.0, 0.0, 0.0, 0.0],