{"val_f1_score_pos": [0.333627162004343, 0.35725254351310887, 0.317787745180722, 0.34496949481041755, 0.36862029180138484, 0.3977569620645749, 0.3638367482364258, 0.37519837424554536, 0.4016642505474794, 0.4056912297152529, 0.4191138781623909, 0.405409220782047, 0.43070313858653425, 0.36581143653719905, 0.39353439477291186, 0.42844725738384676, 0.407105090030399, 0.38133004786353686, 0.373979250911759, 0.39006766479829386, 0.3933495256716316, 0.3745050499876823, 0.40545052717625424, 0.38842122647551014, 0.32953256561688565, 0.3990934689571554, 0.41368905764895947, 0.440310314599319, 0.4213617565499948, 0.312620652590686, 0.3319067096474253, 0.08411741355920878, 0.42489222795428105, 0.3473595826946504, 0.31776437251834894, 0.38479470943900523, 0.365282186706271, 0.40753884485483277, 0.3859307329449845, 0.37884106177013843, 0.3627535533620815, 0.2859878271912005, 0.3515933260314914, 0.3743674854839701, 0.3343669802178363, 0.30540297963680363, 0.41066469752836804, 0.3479820899849693, 0.31641981516450685, 0.338859998544379, 0.3528399761201453, 0.3356753111529125, 0.35877621369591395, 0.3540615002367875, 0.35389068521629624, 0.3067109780004847, 0.35241810213967156, 0.3330815535539772, 0.36905228401217116, 0.36056784316863877, 0.3475216901414951, 0.3627503280617126], "loss": [1.0615826214735324, 0.9342340133511103, 0.8838162989570544, 0.8326905518770218, 0.8267098447451224, 0.7928704820000209, 0.7736650676681445, 0.7542687774850771, 0.751145118704209, 0.736837530365357, 0.72034567881089, 0.6931031776162294, 0.6934394618639579, 0.6658430334467155, 0.6689054948779253, 0.6326742940224134, 0.6218247344860663, 0.6346494996776948, 0.5974743435016046, 0.5610098629616774, 0.605623935850767, 0.5747745641722128, 0.5428713746368885, 0.5224967575990237, 0.5353402750423322, 0.548864985887821, 0.5033885618815055, 0.5190118018251199, 0.4777850712148043, 0.4774220769221966, 0.45718173310160637, 0.425509981237925, 0.4529980891025983, 0.4284357755230023, 0.4550510109044038, 0.4007423070187752, 0.4292357506660315, 0.3801507792220666, 0.38965607950320613, 0.37040337117818684, 0.3596847616136074, 0.39755062042520595, 0.36002505169464993, 0.36418516962574077, 0.338827673632365, 0.3342708289050139, 0.3364680873659941, 0.3367963077930304, 0.3293977129058196, 0.3109099738872968, 0.35255609452724457, 0.3407575720204757, 0.28451144208128637, 0.332227394844477, 0.2976866973420748, 0.2774900123476982, 0.2720171664483272, 0.30106991801697475, 0.29651761284241307, 0.3219504403666808, 0.23961940565361425, 0.2752074245363474], "f1_score_pos": [0.34436879521952224, 0.40646603889763355, 0.4337920560859717, 0.4779819209988301, 0.47670983551786494, 0.5187761588738515, 0.5258150946062344, 0.5565446741305865, 0.5456748676414673, 0.5445206652467067, 0.5974811278283596, 0.6122437001994023, 0.619733641640498, 0.6269311741567575, 0.652796840438476, 0.6690928924542207, 0.6903485856377162, 0.684709176994287, 0.7213548284310561, 0.7310179535012978, 0.7134683401538775, 0.7359547305565614, 0.7434373595393621, 0.7691785332102042, 0.7466864425402421, 0.7445493558278451, 0.7733055410476831, 0.7755177015295396, 0.7917901598490201, 0.7807267715151494, 0.8048340248373839, 0.8229861614795831, 0.8025902595657569, 0.820231594145298, 0.7888908604016671, 0.8395489385494819, 0.8085111242074233, 0.8450687550581418, 0.8581149618212993, 0.8502538450635396, 0.8406533484275525, 0.8400184408976481, 0.8638844232146556, 0.8467662603809283, 0.853551178597487, 0.8435825929045677, 0.8541301213777982, 0.8768605320499494, 0.8645412916174302, 0.8874397948384285, 0.8342431044349303, 0.8708129473603688, 0.8788763445157272, 0.874661460518837, 0.8691336781932757, 0.8857805614288037, 0.8928446116355749, 0.884931882413534, 0.8820934742689133, 0.8659065291285515, 0.9021368192938658, 0.8859662711620331], "acc": [0.475192305417015, 0.5435576871610605, 0.581346155072634, 0.6117307681303757, 0.6046153811308054, 0.6308653801679611, 0.636153848698506, 0.6484615349998841, 0.6558653844090608, 0.6552884613092129, 0.6628846176541768, 0.6845192301731843, 0.6820192228143032, 0.6937500009169946, 0.7037499936727377, 0.7123076932934614, 0.7181730803388816, 0.7168269208990611, 0.7384615408686491, 0.7560576939812074, 0.7316346111205908, 0.7517307652876928, 0.7682692374174411, 0.7792307728758225, 0.7725000008940697, 0.7641346213909296, 0.7910576944167798, 0.7768269255757332, 0.8045192349415559, 0.8039423043911273, 0.810961535343757, 0.8234615394702325, 0.8174038500739977, 0.8242307706521108, 0.8174038489277546, 0.8408653827813956, 0.8241346128858053, 0.8493269229164491, 0.8488461575829066, 0.8508653847070841, 0.8585576959527456, 0.8423076976950352, 0.8611538433111631, 0.8553846157514132, 0.8684615361002775, 0.8714423082195796, 0.8690384620657334, 0.8716346117166373, 0.876153857089006, 0.8812499980513866, 0.8703846106162438, 0.8737499931683907, 0.8906730774503487, 0.8725000018110642, 0.8856730764875045, 0.8962500066711352, 0.8953846182960731, 0.8874999989683812, 0.8861538481253844, 0.8779807635224782, 0.9136538425317178, 0.8984615401579783], "val_f1_score": [0.4739184031012463, 0.5059300645267539, 0.5343693841216911, 0.5534661892454634, 0.5619384825792711, 0.5561300032695456, 0.5650494502998932, 0.5516595217863075, 0.5554820879911765, 0.5634013772600682, 0.5534162916581586, 0.56462882544294, 0.5788739871399605, 0.574436764324564, 0.46188889293052887, 0.5830525815138343, 0.5632918134660159, 0.5746504585859854, 0.5515454607507532, 0.5579977790031999, 0.5600239499109692, 0.5643728406269487, 0.48873326492052166, 0.5441877920778818, 0.5468941424754199, 0.52870193114433, 0.5238167096835988, 0.5554050904268409, 0.5023997222256457, 0.5133073346147224, 0.5213367536000395, 0.44763727135557446, 0.5592252662253713, 0.5421493497722812, 0.5437332845409872, 0.5245157483189266, 0.5505772682122159, 0.5668670886870284, 0.5416244493107832, 0.5370890788811046, 0.5212421078859982, 0.5282759717387012, 0.4719565031338639, 0.5370746674539804, 0.4883997071663431, 0.5305716195087201, 0.5618339402419299, 0.5261088071832558, 0.5297797117156056, 0.49194052610320116, 0.536030213091752, 0.5220165935337034, 0.5314585903824529, 0.5394379466276045, 0.5463861364048449, 0.5252319466837129, 0.5304819252970409, 0.49131326894206717, 0.5264831675343078, 0.540127396690808, 0.5268417570808692, 0.5073883829490055], "val_loss": [0.9736428654949997, 0.9424697214078109, 0.8010826709031308, 0.7980087026249864, 0.787555800999707, 0.8260888759209345, 0.7721623575371018, 0.7754094847086256, 0.8105822817409463, 0.7828159336029169, 0.8395358122955611, 0.817008502570241, 0.800146543089463, 0.8065291600242371, 0.8588763989685786, 0.7907300685313281, 0.8263846325059222, 0.819212408013243, 0.8242426856755674, 0.8865574859468132, 0.828671303221196, 0.815749191910739, 0.9708826327935244, 0.9049760265978831, 0.8922216290297189, 0.8638945412539277, 0.9062115390237473, 0.8870260049188883, 1.0517467613215925, 0.9266346804311669, 0.9913267514698151, 1.2568540775287917, 0.9639210170097197, 0.9775992911836879, 0.9948357788496494, 1.0669278121992, 0.8937609376158738, 0.969403542621791, 1.0794574079136028, 1.0190154133859755, 1.0589924683401406, 0.9834845691342854, 1.1923477482913691, 1.016061035674057, 1.115757053090386, 1.1437601181391495, 1.1351073614069862, 1.0994333580598818, 1.1352503071805136, 1.233093702412381, 1.058664105789006, 1.0664621278931845, 1.097739174137553, 1.0835749443672393, 1.139467254663125, 1.1893109629082348, 1.1370547270914266, 1.1868200101564985, 1.1675242292843475, 1.170983865622513, 1.1835510778470024, 1.2542459619940802],