{"val_f1_score_pos": [0.030501981120467776, 0.3654750236454602, 0.16501541542299042, 0.23170908597799447, 0.1865477992964928, 0.24306585862595811, 0.12795752629443327, 0.21631392400864272, 0.3454936131989157, 0.1910487213249524, 0.3654718981017629, 0.29879258661537195, 0.17485263351781702, 0.3652476625993774, 0.34755018016962763, 0.16614240769915253, 0.4098874819584382, 0.4085446119817913, 0.37295307812259587, 0.26582743371600137, 0.2610332311553779, 0.3539694527141478, 0.3126432564188326, 0.3017949215930376, 0.3583081606750385, 0.3853191629058865, 0.2726783497720702, 0.30746913610467813, 0.374530760315802, 0.3781870176300936, 0.36992747530012693, 0.3788797626798881, 0.405084962666276, 0.39599237183810243, 0.28878397695314656, 0.37945828840532014, 0.36979324137687253, 0.3316081400074189, 0.36628052333534916, 0.31852894490547023, 0.3330163992153756, 0.3350131547215067, 0.2610052342866382, 0.342458044308239, 0.33606482941692495, 0.2836570780501406, 0.2985520409910302, 0.3204205790002551, 0.28508240708455385, 0.25919276241295197, 0.3305775933554191, 0.40617191657470897, 0.34797654722222754, 0.3802317879487414, 0.3251804051584775, 0.3948741241371208, 0.32766362902713797, 0.35291180670180944, 0.32798940447392466, 0.3688536296274766, 0.3032307936246471, 0.35091075436574515, 0.3669265284899704, 0.3557130529491203, 0.3166195832685581, 0.3686779931194333, 0.30071743631008985, 0.3735115798110636], "loss": [1.113934145442077, 0.9429318255611828, 0.8783707299402782, 0.8274409739034516, 0.8005571258919579, 0.8262662451182093, 0.760550989636353, 0.7286233497517449, 0.7115831215466771, 0.7144162133336067, 0.6762813223259789, 0.6589142893041883, 0.6319342968719346, 0.644311190715858, 0.6301148757338524, 0.5466860197484493, 0.6169098360197884, 0.5710154511034489, 0.5145303521837506, 0.5617859044245311, 0.5156180555266994, 0.5172132604888507, 0.48927505207913263, 0.4684934509652002, 0.43146459651844843, 0.47062828445008825, 0.4544087052345276, 0.4287774328674589, 0.38041345296161516, 0.3768194865967546, 0.43084775869335445, 0.370332453932081, 0.3306396249681711, 0.4127576989786966, 0.35379188507795334, 0.3080117316650493, 0.3003746114139046, 0.33445834341858116, 0.3482426883918898, 0.2923635433294943, 0.2940502765455416, 0.27651630501661983, 0.23218952757971628, 0.27713533623942305, 0.26714543333011015, 0.21887130875672614, 0.3347776532173157, 0.23040432961923735, 0.2163592530414462, 0.21257113878216063, 0.3456158068563257, 0.19613578835768358, 0.22876117351864064, 0.20552626145737513, 0.18771148213584507, 0.23471193680805819, 0.1880358135593789, 0.21898626509521688, 0.21712617522903851, 0.232237844062703, 0.1790963090690119, 0.22327045910060406, 0.2110659277864865, 0.18225910208587134, 0.1924194557858365, 0.14738430082798004, 0.15744641037391766, 0.12629952135362796], "val_f1_score_pos_neg": [0.08702662540243597, 0.404292163431135, 0.142999606663667, 0.40923738974308677, 0.13194509211205385, 0.3252497491968466, 0.2945999731311807, 0.41772368085100153, 0.3760523137561491, 0.41607579810094897, 0.486569935922627, 0.46423809000408656, 0.39394779911568933, 0.49023589654061045, 0.45629110451062094, 0.1952585852258762, 0.5136637881538968, 0.42110344333204663, 0.5015336800629739, 0.3534492303458517, 0.4404330530442261, 0.4637086576456644, 0.38853166802370276, 0.433560641965939, 0.2903990554369842, 0.48547434995853306, 0.3693384560067215, 0.31788298454147385, 0.48606867887820415, 0.47340674747286, 0.49468963264453747, 0.4676541034777423, 0.4977568310228383, 0.48369810074983394, 0.43757096500049236, 0.4820497237879899, 0.3682716147512452, 0.4637418374439322, 0.4849933521119099, 0.45939849347238115, 0.4554511123796438, 0.4585712019570282, 0.4175349571551496, 0.4648039830975097, 0.4472582226554606, 0.41160397977642366, 0.4027597079982749, 0.4425478787021062, 0.42967319188223085, 0.33055594505836877, 0.44983119123753157, 0.49730056636890096, 0.46634963936383156, 0.4712454827047392, 0.4521354366356974, 0.4659186366759492, 0.4515811446358693, 0.43368859037428464, 0.43047446554113605, 0.47201922281175596, 0.44075531952562386, 0.377356395386813, 0.4374945912069423, 0.4269320661561531, 0.4583230384341028, 0.48201602072636396, 0.412860229162284, 0.4475779288184037], "f1_score_pos": [0.3731826139347894, 0.38544993182378157, 0.4104170605008091, 0.45222661910312517, 0.48700829967856407, 0.49063324662191526, 0.5295890676123756, 0.5436857028731278, 0.5606387944093773, 0.5762282109686306, 0.58829882687756, 0.6167600250669888, 0.6449375030185495, 0.6390246796820845, 0.6161177647965295, 0.7293785640171596, 0.654618180756058, 0.7279198531593595, 0.7652825617364475, 0.7624902044023786, 0.7433700636029243, 0.737279614167554, 0.766075384403978, 0.7761742898396083, 0.8070651165076664, 0.7807083869619029, 0.8044466003775597, 0.8120135771376746, 0.8545717703444617, 0.8386924798999514, 0.7975234144500324, 0.8538536365543093, 0.854932793549129, 0.8402474554521697, 0.8659899011254311, 0.8681086599826813, 0.867207696395261, 0.8329193283404622, 0.8751772833721978, 0.8904087862798146, 0.895553860281195, 0.8579219845788819, 0.8876091539859772, 0.9051978949989591, 0.8870042243174144, 0.9035711501325879, 0.8443300947546959, 0.9037918448448181, 0.9040980977671487, 0.8968971839972905, 0.8706725016236305, 0.9162154378635543, 0.9077990895935467, 0.9144395110862595, 0.9090589646782193, 0.8866216284888131, 0.9225264894110816, 0.9070085947002683, 0.8918063789606094, 0.9035614696996552, 0.9191761272294181, 0.8820632919669151, 0.9250866738813264, 0.91990163815873, 0.916078123663153, 0.9405162813408035, 0.932682311960629, 0.9454026711838586], "val_loss": [1.028423557021947, 0.9288729859588921, 0.9092602801655415, 0.8169270486269671, 0.872733790650327, 0.8360089271442879, 0.8573817187368039, 0.8152833721737469, 0.8495344064603557, 0.8469566144065925, 0.8495459757943009, 0.8031410474901632, 0.8465416719931715, 0.8116362826597889, 0.814719301566743, 1.2424867558575834, 0.9360130955065042, 0.919640586014755, 0.9334161640607823, 0.9678993665362284, 0.9008984878639139, 0.8774790811849724, 0.9854867448690932, 0.8944205777150684, 1.1411834581446336, 1.3011076046548553, 1.067665898204654, 1.0784904995427924, 0.9799737905630163, 0.9577956007667023, 0.9777132997467772, 0.9452184759117277, 1.0369922904028746, 1.0979328177503997, 1.0584231001591822, 1.039191328562223, 1.3014719065813347, 1.0907869499865492, 1.015835289423175, 1.1054338892998055, 1.0883188013337617, 1.1241865794078434, 1.289633462142687, 1.084822035565121, 1.0910808317199034, 1.2849299313514768, 1.178589575364683, 1.2508483721337982, 1.259395694979343, 1.6967807031675228, 1.218759353451508, 1.2063459322037484, 1.1732844526146748, 1.1510242602335028, 1.247323998984484, 1.217874337947964, 1.2187879677565314, 1.2243480289835036, 1.2512995237388216, 1.2149070833268811, 1.2311223192468077, 1.46731094417409, 1.223503321395819, 1.3411576741995492, 1.2459660126076482, 1.3232062443172508, 1.4764348341975724, 1.426358206069421],