{"f1_score_pos": [0.5601220142962973, 0.6071024642328015, 0.618701372386491, 0.6335751222222147, 0.6453149014086698, 0.6549263607650941, 0.6638632868140024, 0.6696960125608101, 0.6801881805868824, 0.6870644412634219, 0.7009748418602285, 0.7078269856855252, 0.7185878255688039, 0.7212083687153336, 0.7320101078245009, 0.7446350523793815, 0.7425127374182618, 0.7554155053202466, 0.7610967617976084, 0.7640823372208321, 0.7768669368987293, 0.7913291224217655, 0.7925988790698772, 0.8032972052239253, 0.8053853563444301, 0.8036096232816555, 0.8240927437349174, 0.8279249695952143, 0.8225095522541461, 0.8333353386415695, 0.845790431889193, 0.8413378249649196, 0.8535170838094835, 0.8475521007609759, 0.8586996252919075, 0.8642982976228307, 0.8675529779119342, 0.8634129794991269, 0.864104513107373, 0.8759866373000399, 0.876313654021062, 0.8813494537575711, 0.8853803820864269, 0.8901765683638307, 0.8923139093783958, 0.8959259678885876, 0.893801699265313, 0.8951495787051652, 0.8980336199097395, 0.9052134047038524, 0.9035657472373327, 0.9114557696690518, 0.9068145579128252, 0.9070925054191552, 0.915570404225245, 0.9035788416959151, 0.9126034011566299, 0.9195779524499383, 0.9171855854411344, 0.919509652684094, 0.9161056464238299, 0.9174178843885203, 0.9234184313081424, 0.9234810301448632, 0.9258594015247315, 0.9216828839876691], "val_f1_score_pos": [0.6350896189341674, 0.6065821478495727, 0.6525412749599766, 0.6517045481784923, 0.6745109678925695, 0.6055733521242399, 0.6776922135739714, 0.6777093168851491, 0.6641454301975869, 0.6592692539498612, 0.6623273894593522, 0.6736760944933504, 0.6654412456460901, 0.6761321779843923, 0.6680589455205042, 0.6745401314786963, 0.6689349992855175, 0.6707462837567201, 0.6460368609106218, 0.6574567661092088, 0.5993339064958934, 0.5834479090329763, 0.6203176999414289, 0.6532481183876863, 0.6549734843743814, 0.6278189912035659, 0.6432501125980068, 0.6519842308920782, 0.523801289297439, 0.6236778964867463, 0.600010367664131, 0.6521992103473561, 0.6634042150265461, 0.6235213521364573, 0.642209030486442, 0.659337491602511, 0.5712295835082596, 0.6002382660234297, 0.6395762876884358, 0.656303467782768, 0.6511070446388142, 0.6335645181101721, 0.6370742522381447, 0.609082402409734, 0.6459192528917983, 0.6479296547335547, 0.602299260932046, 0.6453117784616109, 0.6097045830778174, 0.6116331622407243, 0.6291952294272345, 0.6157639292446343, 0.6180645243541615, 0.6303910306982092, 0.6171110304626258, 0.6306362240701109, 0.6074932596168002, 0.6154888610582094, 0.5824423915631062, 0.6252621323675722, 0.5768286569698436, 0.6142527114700627, 0.6176671812663207, 0.6194020082821717, 0.6458331612316338, 0.6368747176350774], "val_loss": [0.7889761135384843, 0.7761004301341804, 0.7676402032375336, 0.7591889605328843, 0.7484101483950744, 0.7883596613600448, 0.758705394493567, 0.7374730287371455, 0.7356091391395878, 0.8108702906080194, 0.7936403010342572, 0.7722375070726549, 0.7365785055869335, 0.741485525627394, 0.7539745271205902, 0.7958374530882448, 0.8583524879571554, 0.780630685993143, 0.7802002510508975, 0.7887907406768283, 0.9344268070684897, 0.8883522273720922, 0.8078539395654524, 0.8264513764832471, 0.9341697137098055, 0.8475417454500456, 0.8652768078688029, 0.8831194139815666, 1.0753814078666069, 0.9105358816481925, 0.944615858632165, 0.9606639066257993, 0.9545316293432906, 0.9815293276632154, 0.9742916033074662, 1.032719989886155, 1.218222579440555, 1.0996976454515714, 0.9792572477379361, 1.0578539878935427, 1.1033719117577012, 1.13012630955593, 1.0390067914047756, 1.116304561898515, 1.1081110955895603, 1.1444791410420392, 1.1109896068637435, 1.2118846113617356, 1.1483525392171499, 1.2137244843147896, 1.2124349120500926, 1.247896503757786, 1.189208046810047, 1.1358960431975287, 1.2401647213343028, 1.1513942061243831, 1.2782255008413985, 1.2942543029785156, 1.3481636981706362, 1.2675267184102856, 1.3286307727968372, 1.2120809490616258, 1.347761165451359, 1.196132018759444, 1.438142763601767, 1.3381738630500999], "acc": [0.5798026898421341, 0.6273734736655224, 0.6387593766846957, 0.6518007979029553, 0.6603824569370402, 0.6657882303883558, 0.677005202486367, 0.6815663220850356, 0.6935603774973763, 0.6959591834148335, 0.7075140199932555, 0.7172106233945819, 0.720352725709916, 0.7262652857584424, 0.7356915997688783, 0.7476856533969864, 0.7507939721226765, 0.7570106081402264, 0.7638353912304668, 0.7694100933676193, 0.7779917606341451, 0.7882965052963165, 0.7868099198267906, 0.8045476080275957, 0.8065072002262028, 0.8069126302466634, 0.8223528638547543, 0.8245827440144492, 0.8261369010855825, 0.8343469163067994, 0.8416109155767616, 0.842894787953201, 0.8523548912644362, 0.853706328862744, 0.8575241564214129, 0.8690452058336704, 0.8646868018775673, 0.869180351888435, 0.8697884993799974, 0.8769173595629655, 0.8781674425902741, 0.8872896825367473, 0.8857017373811539, 0.8898912108269114, 0.8994188775959204, 0.8970538541000995, 0.8941144705003996, 0.9008041053609643, 0.9004662485451012, 0.9047232900723322, 0.9062436655595727, 0.9112102187189736, 0.909047909484247, 0.911852149300756, 0.9192175152567772, 0.9080005395500247, 0.9161767662880477, 0.9225285477119166, 0.9178998562417906, 0.922258258602959, 0.9225285480220428, 0.9207040959696922, 0.9281370358995847, 0.9230691263527312, 0.9287113998619171, 0.9279343148922387], "val_f1_score_neu": [0.699382017593126, 0.6976541353238596, 0.7164684542127557, 0.7211152790365992, 0.697817862033844, 0.7245775010134723, 0.6849634075486982, 0.7032744844217558, 0.7207907317457972, 0.5915819390400036, 0.6310195254312979, 0.6685996949672699, 0.7066112160682678, 0.6998453124149425, 0.6942725995102444, 0.7023197879662385, 0.5823968060918756, 0.6826998027595313, 0.7245330230609791, 0.6869606979795404, 0.72563196839513, 0.7278570073681909, 0.7254607830498669, 0.7172427346577516, 0.7131910565737132, 0.7201544795487378, 0.6801841508697819, 0.710388608075477, 0.7008255929560274, 0.7240821171451259, 0.7114095115983808, 0.6989017531678483, 0.6769295906698382, 0.7180666641609089, 0.7129943088905232, 0.6614074062656712, 0.6829243705079362, 0.7122087647786012, 0.6913465068146989, 0.7139421781978091, 0.7170777908853583, 0.7112750394924267, 0.6438996735456828, 0.7143387673674403, 0.7014569954292195, 0.6695278673558622, 0.7146908930830054, 0.7002350849074286, 0.7072959381180841, 0.6907695209657824, 0.6744846170013016, 0.7186357378959656, 0.6953956943911475, 0.701872589620384, 0.7095213339135453, 0.7117653811300123, 0.7092431163465654, 0.7121639163107485, 0.6723229997866863, 0.6746360740146121, 0.7142415892433476, 0.7043028981299013, 0.7034139423756987, 0.6763932535777221, 0.6483580977530092, 0.6972684868284174], "val_f1_score_neg": [0.5330647729538582, 0.5907359268214252, 0.39943598291358434, 0.40740196205474233, 0.60045780201216, 0.41589518777422, 0.5905138060853288, 0.581076205582232, 0.48478370824375666, 0.6229471427363318, 0.6140775197261089, 0.6063097497901401, 0.6187010020823092, 0.5968410485499615, 0.6192773129488971, 0.45886044043141444, 0.6049072460548298, 0.6021385635878589, 0.554321802145726, 0.6185333664352829, 0.498707829294978, 0.5378283515975282, 0.5524634312133532, 0.5467094952190245, 0.4543594319272686, 0.5356390842714825, 0.5672057407933313, 0.5360647278863031, 0.5883923027966473, 0.5039764900465269, 0.573048206599983, 0.5343942134766966, 0.5652059888517534, 0.5494731620356843, 0.5389651797107748, 0.5978778890661292, 0.5903536822344806, 0.560460389465899, 0.5577750995352462, 0.5295684953799119, 0.4985617427407084, 0.5678112869327133, 0.5694726262543652, 0.5627965854631888, 0.5628353542572743, 0.596006490894266, 0.5437995368564451, 0.4973895074547948, 0.5615135672930125, 0.5918489235478479, 0.5858303461525891, 0.5306851944407901, 0.5569140540586935, 0.5609304502203658, 0.4980326375445804, 0.5433501238758499, 0.5503569889712978, 0.5534678472054971, 0.5934372342921592, 0.5825885292646047, 0.4806371878933262, 0.5718472777186213, 0.5293571949005127, 0.5918039309011923, 0.5749223417526966, 0.5758561040904071],