{"val_f1_score_pos_neg": [0.23954233737663272, 0.14749285449356417, 0.3389415071185408, 0.5048587490350772, 0.3880986413653241, 0.3811488543954241, 0.5227586626470276, 0.47070382333692, 0.5031965562367408, 0.49843278110322253, 0.4715517020901205, 0.4344666045740602, 0.5156070687081221, 0.48928476363970147, 0.5245416087713856, 0.48855335448059584, 0.5369622995067276, 0.4928666842825714, 0.4853058816396702, 0.33264902935229707, 0.5100195603600183, 0.5214690799333467, 0.5159645745789635, 0.4577998785193954, 0.49910771862858866, 0.4968847508131251, 0.50101410026117, 0.4855809027527669, 0.4912739213098559, 0.4740490368690997, 0.517151443501394, 0.45136633867945053, 0.4677841560667933, 0.3904089526421199, 0.38963760930945945, 0.3459363636056743, 0.3302495414965119, 0.47434790662372106, 0.42205018641655906, 0.44486292447263037, 0.4233785567388736, 0.45482069123879887, 0.5099481618517002, 0.4641576958732245, 0.38929260332092097, 0.43401844148640156, 0.4570742076815006, 0.4989553026610326, 0.46487770122662353, 0.4848867200325053, 0.4866665432810301, 0.37394952657412583, 0.4864157734290469, 0.4762964273190852, 0.49291665965353537, 0.473326695941345, 0.46636338339589817, 0.41434082476019163, 0.4559487241696947, 0.5061465020497211, 0.4601991550642469, 0.475217737327864, 0.4282131999583594, 0.4690285661817938, 0.331017355593378, 0.49136850154726985, 0.47633513678208805, 0.45734838792133375], "loss": [1.1336833188931148, 0.927848349014918, 0.8977778603633245, 0.8555828779935837, 0.80935966471831, 0.8046789964040121, 0.7592166215181351, 0.751246839761734, 0.7206727166970571, 0.6899078239997228, 0.6948723395665487, 0.6972545186678568, 0.7111433893442154, 0.6476460744937261, 0.6116535117228826, 0.690845196445783, 0.5970054368178049, 0.6146195630232493, 0.5931664804617564, 0.5878149444858233, 0.5467525944113731, 0.5661418785651525, 0.5748961692055067, 0.5222808519999186, 0.5068064505855242, 0.5351404100656509, 0.43487440049648285, 0.49832874288161594, 0.4694977228840192, 0.42105546842018765, 0.4914554605881373, 0.4361299052834511, 0.43881169458230335, 0.430190938214461, 0.39480705310901004, 0.3893764615058899, 0.381437028447787, 0.3855889265735944, 0.41658007850249607, 0.35389336198568344, 0.3436277136206627, 0.3726876179377238, 0.31856169054905575, 0.3636716976761818, 0.3651742786169052, 0.3187161758542061, 0.29788243025541306, 0.30481897791226703, 0.27841747427980107, 0.28360570470492047, 0.25874044994513196, 0.2912804149091244, 0.2678352991739909, 0.32141612594326335, 0.2015109620988369, 0.33244214331110317, 0.23783432319760323, 0.23769114663203558, 0.3365773409605026, 0.22990998377402624, 0.1902606040239334, 0.24480020254850388, 0.17513476187984148, 0.18005667378505072, 0.19557642315824827, 0.25126273681720096, 0.16813106462359428, 0.2573050943513711], "f1_score_neu": [0.5070494703638057, 0.6262710777421793, 0.639564998447895, 0.6757355655233065, 0.6636022354165713, 0.6916370143493017, 0.7201814005772272, 0.7225605746110281, 0.7317983160416285, 0.7384648670752844, 0.7434900005658468, 0.7224748631318411, 0.732860932747523, 0.7565545638402303, 0.7720959385236105, 0.7442654718955358, 0.7836011052131653, 0.7701925486326218, 0.7819905529419581, 0.782265360156695, 0.8103689948717753, 0.7843690067529678, 0.7898088792959849, 0.8097528169552485, 0.814663807551066, 0.8026119321584702, 0.8537069459756216, 0.8209259410699209, 0.8339770386616389, 0.8522259543339411, 0.8330127696196238, 0.849984606107076, 0.8516998241345087, 0.8514084170262018, 0.8593765546878179, 0.8654857526222864, 0.8680049031972885, 0.8681468864281973, 0.8564574519793192, 0.8812703639268875, 0.8849092473586401, 0.8760002702474594, 0.8967818220456442, 0.8777594814697901, 0.8815638224283854, 0.8967340141534805, 0.9071751485268275, 0.90272789200147, 0.9037320564190546, 0.9112901439269384, 0.9206510136524836, 0.905230517188708, 0.9176282634337743, 0.8992023219664892, 0.9399057179689407, 0.8873342225948969, 0.930346687634786, 0.9284594804048538, 0.8906764090061188, 0.9303673505783081, 0.9437921096881231, 0.9265728642543157, 0.949057067433993, 0.9461068858702978, 0.9395101964473724, 0.9244997799396515, 0.9486532360315323, 0.9194945494333903], "f1_score_neg": [0.29105462157167494, 0.3655423919359843, 0.40062637565036613, 0.4344527094314496, 0.5480336546897888, 0.5390575180451075, 0.5475207517544428, 0.5835591455300649, 0.5818599201738834, 0.6115788444876671, 0.5779600801567236, 0.5977155665556589, 0.5741742849349976, 0.657966693242391, 0.6689782788356146, 0.6529727379480997, 0.6535864447553953, 0.6351836770772934, 0.6405936256051064, 0.6437558184067408, 0.6905298456549644, 0.718165268500646, 0.6467713887492815, 0.7181226313114166, 0.6971967915693918, 0.6940819496909777, 0.7710646440585455, 0.6948939288655916, 0.7461578498284022, 0.7865320642789205, 0.7430734038352966, 0.7477638920148214, 0.7590660005807877, 0.7720688879489899, 0.7767571409543356, 0.7761184821526209, 0.7847249905268351, 0.8048878014087677, 0.7953598946332932, 0.8028207570314407, 0.8074904183546702, 0.8124397248029709, 0.845283254981041, 0.8185731073220571, 0.8263615369796753, 0.8271704167127609, 0.8518583079179128, 0.8361777712901434, 0.8519635250171026, 0.8631178637345632, 0.8829407890637716, 0.850689301888148, 0.8662241150935491, 0.8316429580251375, 0.909862294793129, 0.8405492007732391, 0.8907409856716791, 0.8831301977237066, 0.8480320870876312, 0.8966492464145025, 0.9150983442862829, 0.8770808130502701, 0.9212023615837097, 0.9156349698702494, 0.9077477703491846, 0.8750895162423452, 0.9248237311840057, 0.8782148609558741], "val_f1_score_neg": [0.28006500443439464, 0.010981537825652086, 0.34073623666289254, 0.6338563106964152, 0.40156852013883537, 0.39867259617651896, 0.6340750034628717, 0.5727897204100093, 0.6306336216705638, 0.6333261131704041, 0.5502261370353424, 0.4642966548253221, 0.5948310328988519, 0.6376920695300581, 0.6247623035138757, 0.598712160224803, 0.6454056726883405, 0.6379116205175985, 0.6170375376631427, 0.5037762746315414, 0.6063908041730101, 0.6123124805592869, 0.6165804659199511, 0.5422661808150554, 0.6248991214848294, 0.6269813226892023, 0.5995982494431469, 0.6165897359571315, 0.5757688668682615, 0.5590611406129811, 0.62583758841213, 0.58514520696193, 0.6105056376914103, 0.3596250022310316, 0.40645854961373384, 0.31977958797577316, 0.28551943883722125, 0.5794160913305673, 0.4276775994174286, 0.5423296683015879, 0.44336360869941766, 0.5014771616812821, 0.6304855949161184, 0.5498146150651624, 0.4045557602402116, 0.4414650520600556, 0.610350788631688, 0.5963394813209411, 0.5530347839111794, 0.5462825816062673, 0.5856743266707972, 0.3263819127591194, 0.5863571142860753, 0.5887183444327295, 0.5833026123808356, 0.548904877630269, 0.6081158657412887, 0.45907900355390957, 0.537188705966862, 0.6071422131706131, 0.577048447128893, 0.591697170800901, 0.532036908966327, 0.5545649384787316, 0.22304315677350886, 0.6083179941812293, 0.5872248173349889, 0.565787534428458],