{"1": {"val_f1_score_neg": [0.42003645264936146, 0.5613442122587684, 0.4782173175614426, 0.3807117908294813, 0.3511664573801996, 0.584175607426661, 0.5545542708292663, 0.5196609586356622, 0.5217630149703598, 0.37103050889542016, 0.5502513049424258, 0.6165013207115142, 0.39533081169445883, 0.574220553744338, 0.5246599195671682, 0.57104055655201, 0.5855007102454078, 0.5497248965075463, 0.5953806543264419, 0.544190546681202, 0.5841775502485034, 0.4395158082930504, 0.5924006516312459, 0.6076496728786841, 0.06364925721181817, 0.5707342124071091, 0.5626289895993335, 0.5464250696332831, 0.5495964814240579, 0.6058082531499155, 0.31307148545967045, 0.6081212763307977, 0.5853190351004436, 0.6103562700067401, 0.5796765354748947, 0.6027920968994813, 0.34625161715686403, 0.6186571929618897, 0.5958410988935092, 0.6103674655983805, 0.5461413546612388, 0.5719581104268697, 0.5308143540754331, 0.6077488898641078, 0.39144225175242353, 0.6151753352184957, 0.6160366806263222, 0.453908082551909, 0.5980038068823271, 0.5974939571701081, 0.6152806090064484, 0.5748619532670944, 0.5672412713636861, 0.5659633403257696, 0.5077836913162665, 0.5253575504550084, 0.5875859232941996, 0.5824847433999268, 0.5480412322151409, 0.508486423790589, 0.5894138271134016, 0.566054742050986, 0.6054935018007036, 0.6057496998849561, 0.6068382504229818, 0.5538264101976969, 0.5399684291592708, 0.5252469516637033, 0.5983945724130803, 0.6076612654056197], "val_f1_score": [0.4213602654954307, 0.49600381499681717, 0.4615086316257997, 0.4612690719381625, 0.3873128229253634, 0.48598559488329973, 0.5375177471475777, 0.46958746772814164, 0.5024078890808628, 0.4561817773789154, 0.5237604552327756, 0.526385214084234, 0.42204832001092785, 0.5110316143023018, 0.467890235522927, 0.5564088335833033, 0.4675212440676267, 0.5482016584114936, 0.4898655933675281, 0.5490420066822342, 0.4734389057472596, 0.5213161199628047, 0.5660317136101287, 0.5260490149031659, 0.3828671069441215, 0.5652625704208474, 0.5116778252578458, 0.5301796172955419, 0.5460737200132962, 0.5576889264760552, 0.4552425684099845, 0.47664620676021346, 0.5328945145111496, 0.5654992241876596, 0.5277545190425912, 0.568258924361987, 0.4853364240463607, 0.5544374248652216, 0.5711780123167943, 0.5668217319923106, 0.5237463324176155, 0.5606837333508885, 0.5322417842607159, 0.5416330597554034, 0.4987855675624825, 0.5468076997064976, 0.5669234272761222, 0.5116460029198359, 0.5484046065694729, 0.556324471882534, 0.5644849866454364, 0.5573003149172019, 0.5482281286116929, 0.5471810633354341, 0.5348783451267797, 0.5430668429163625, 0.5672754913742779, 0.5690232827434978, 0.5347026865384732, 0.511498816958216, 0.5444741410228834, 0.5455142058502486, 0.5655732141976093, 0.5637764090146774, 0.5630887722143224, 0.5487980112212228, 0.5361539658479094, 0.5155522771317091, 0.5470076636907704, 0.5569203183075033], "f1_score_pos_neg": [0.2906651528408894, 0.38181476294994354, 0.4353896299233803, 0.47883091007287687, 0.49411400579489195, 0.5071971118450165, 0.5156371931617076, 0.5646794971365195, 0.5659299309437091, 0.5736119529375663, 0.5786240123785459, 0.6175349526680433, 0.6188168795062945, 0.6122750467978991, 0.6604629479921781, 0.6491436453965994, 0.6706398989145572, 0.7021136765296643, 0.7111495618636792, 0.7197804622925245, 0.7331659209269744, 0.7548171637149957, 0.7371384106003321, 0.75162090246494, 0.8184982469448676, 0.7617191603550544, 0.8152436740123309, 0.7938135976974781, 0.8251394010507144, 0.8244691021167315, 0.8653918860050348, 0.8700942213718708, 0.869546855871494, 0.8202165835178815, 0.8941005433981235, 0.8819023290505776, 0.9148935675621033, 0.8552543635551746, 0.9257529034064367, 0.9275894394287696, 0.9009880721569061, 0.8612832209238639, 0.9356341637097872, 0.9438298367536985, 0.9297076005202073, 0.9437040778306814, 0.9492851839615748, 0.9468229997616547, 0.9458815627373182, 0.9548732145474508, 0.895185737655713, 0.9518068902767621, 0.9644502412814361, 0.9561281192761201, 0.9620230117669473, 0.9654425439926294, 0.957204343034671, 0.9574197232723236, 0.9398849778450452, 0.9673771399718064, 0.9676590687953509, 0.9742614901982821, 0.9614011140970083, 0.9705991148948669, 0.9595641012375171, 0.9691798858917676, 0.971580893947528, 0.9603853901991477, 0.9730767676463494, 0.9718502966257242], "f1_score": [0.3576098901148026, 0.5010618533079441, 0.5378611362897433, 0.5694432006432459, 0.5802017530569663, 0.5890698352685342, 0.5912035955832555, 0.6353696023042386, 0.6341772423340724, 0.6387408192341144, 0.6452715786603781, 0.6744518692676837, 0.6684861481189728, 0.6729355591994065, 0.7090176607553775, 0.6960468544409826, 0.7132165076640936, 0.7446045485826639, 0.7495175370803246, 0.7526702158726178, 0.770315109537198, 0.788815886928485, 0.7683107703924179, 0.7814379792947036, 0.8417830513073847, 0.7935121391828244, 0.8402864612065829, 0.8125020701151627, 0.8478903862146231, 0.8458292266497245, 0.8820196298452524, 0.8862829540784543, 0.8880169231158036, 0.841245805987945, 0.9064677128425012, 0.8951907696632239, 0.9247981974711785, 0.8761099336239008, 0.9344495557821714, 0.9359675577053657, 0.9105162356908505, 0.8765416019237958, 0.9432882414414332, 0.9507743418216705, 0.938076927111699, 0.9507415420733966, 0.9552863962375201, 0.9533680723263667, 0.9520997909399179, 0.9602299298231418, 0.9067310599180368, 0.957226323393675, 0.9687726669586622, 0.9619789696656741, 0.9666075282371961, 0.9696873300350629, 0.9622781930061487, 0.9633416625169607, 0.946969176714237, 0.9712662891699717, 0.9715150273763217, 0.9777649469100512, 0.9671543160310159, 0.9737187176942825, 0.9643210848936667, 0.9727893013220567, 0.9743874290814767, 0.9649909963974586, 0.976059920512713, 0.9755569730813687], "val_f1_score_pos": [0.13605254616385584, 0.24281999283795735, 0.18946636510066925, 0.2798924584995773, 0.08913888703500479, 0.16253311861033273, 0.3470748273494058, 0.1646764976212531, 0.26239809569505973, 0.26811227108570995, 0.2975240530085038, 0.39940560167027767, 0.13537269563246995, 0.23456309433461736, 0.14723465199198102, 0.4144686825952174, 0.08814552829199099, 0.3708458001207136, 0.42735102221711607, 0.3866797944365779, 0.10725270749626532, 0.4088549343412436, 0.38848119756953436, 0.24975659554464774, 0.38189668283771405, 0.4129028809376252, 0.23878751701188955, 0.30598124998462023, 0.35331699092593, 0.34874864950192924, 0.32250517108018906, 0.1084472889460211, 0.2808639513872467, 0.3671923579528318, 0.26113614513699235, 0.3794115144446043, 0.39581703388953715, 0.35177338978646844, 0.3985262403228612, 0.39212823007968006, 0.2857279710897282, 0.37634295227824704, 0.3292697344714331, 0.32098629522366506, 0.373754361809453, 0.3305727245300351, 0.3926103149133923, 0.3467486691914643, 0.3385114848640552, 0.36537841138033195, 0.3834519500245503, 0.3753959765532936, 0.3523378508669055, 0.3502793929033112, 0.3695664861370624, 0.3845452275353405, 0.40123433960594146, 0.4179535702816066, 0.32370271829672886, 0.29813439696960176, 0.3270333397109606, 0.35143370723273915, 0.41549225774263937, 0.363679692973653, 0.4061196639470243, 0.36003140190191435, 0.3346814516960261, 0.2806947766206203, 0.32514781794781844, 0.3623664801956242],