{"1": {"val_loss": [0.7951362567281836, 0.7690734759016109, 0.6982803678937762, 0.6837535897265449, 0.6821955617350166, 0.6716977663000143, 0.6682001233038364, 0.7644753828156254, 0.7177438160549647, 0.6563843763190369, 0.73329615156825, 0.7031810204094238, 0.7116280762879766, 0.6526876058817348, 0.7097521007076637, 0.7505456756144848, 0.7450870120741081, 0.7145391195551354, 0.7101457079908149, 0.7133839509632842, 0.8858526910411195, 0.7889715671664362, 0.8684522943049005, 0.7224719913619226, 0.8727268597881468, 0.8426243938738175, 0.9100945250680995, 0.9171021033421358, 0.8335523329755311, 1.01157409304432, 0.8950137304034159, 0.8636921279986262, 0.8036980960364734, 0.8790919044935075, 0.8725363100384778, 1.7507079201297375, 0.8567627964606286, 1.1966434115973352, 1.1205911160203186, 1.043954843365549, 0.9993207882215368, 1.2219673658086345, 1.0481535972118252, 1.1583087602500806, 1.0289623315897696, 1.223498032751466, 0.9723463291231491, 1.0921864201320366, 1.006229527534977, 1.1478784604238894, 1.280578531494861, 1.083287440289233, 1.0440196324420232, 1.057572468478255, 1.13342266422915, 1.1893202175845194, 1.1763663662721127, 1.0806829985783164, 1.1172205892692173, 1.07698546237843, 1.2249934142135492], "acc": [0.566120690826712, 0.6460344827380674, 0.6637931019067764, 0.6757758583488136, 0.6918103453414194, 0.6868965528134642, 0.7057758703314024, 0.715344829805966, 0.7196551730920528, 0.7300862140696625, 0.7347413748502731, 0.7322413798036247, 0.7453448238043949, 0.7506896575977062, 0.7607758677211302, 0.77232758598081, 0.7795689691757334, 0.77086207065089, 0.7856896524799282, 0.7934482739917164, 0.7912068952774179, 0.8175000013976261, 0.8249137951382275, 0.8156896485336895, 0.8238793066863356, 0.8285344823681074, 0.8431034535169601, 0.8266379370771605, 0.8522413753229996, 0.8600000024869524, 0.8560344802922216, 0.8703448238043949, 0.8678448287577465, 0.8842241373555414, 0.8831034518521408, 0.9043965509225582, 0.8910344792851086, 0.8925862060538654, 0.9012931045787088, 0.9099999989928871, 0.9018965563897429, 0.9247413827427502, 0.9212931060585482, 0.9143103443343064, 0.9118103431216602, 0.9256034488308018, 0.9302586198880755, 0.9390517211165922, 0.9308620645054455, 0.9323275865151964, 0.9333620626350929, 0.9286206899018123, 0.9286206883603129, 0.943103441390498, 0.936982753975638, 0.9423275790337858, 0.9439655192967119, 0.9381896540008742, 0.9462068969833439, 0.9395689630302889, 0.9500862092807375], "val_f1_score_pos_neg": [0.6044857017705674, 0.4491858109382391, 0.5993915893979627, 0.5865883192395777, 0.6770501153037018, 0.6275310347219668, 0.6666930480294737, 0.5249254093562841, 0.5369586628501946, 0.6807196321463667, 0.6318941376136101, 0.5924938784913694, 0.6151776496362974, 0.6595247086814592, 0.6130055575241982, 0.5971039132811784, 0.5774230889032246, 0.608492379297336, 0.6574483786453389, 0.6356674500440882, 0.5551946412819813, 0.623246085353014, 0.6211697970073179, 0.661584005310815, 0.5383877837842386, 0.6349373917363305, 0.5808053305228489, 0.5618490337575167, 0.5905528407286947, 0.5805082674136538, 0.5965170352877265, 0.6316948977787289, 0.6405380330090756, 0.6303107094302004, 0.6358499973426176, 0.47163755838057514, 0.6506989413348202, 0.4980115560434198, 0.5471002545814454, 0.5888499987897615, 0.6066707953236218, 0.5767832408575383, 0.6303711994376484, 0.5651116178569099, 0.6387319665801766, 0.5589177175172195, 0.6253883404085213, 0.609358951156295, 0.6482650431128522, 0.6094571979159044, 0.5497812357844251, 0.6039205173979648, 0.610697910396752, 0.614659438225781, 0.6126496637552202, 0.6018439819892185, 0.5993394582814943, 0.6217067081441161, 0.6305827591602426, 0.6185680419917873, 0.5783452883718397], "val_f1_score_neu": [0.6850095676556679, 0.6972742927940443, 0.7232935306064857, 0.7213337699822356, 0.7321472475292987, 0.7313432306746876, 0.7100784230538625, 0.7078540049104468, 0.7141511346954328, 0.7223032017939678, 0.6359417629216932, 0.7241498359600891, 0.6889229776225877, 0.7238312185107646, 0.7195193265918168, 0.7312095327512379, 0.715494655090275, 0.7312178001014885, 0.7385797863584349, 0.7385957554791688, 0.7153014278680735, 0.6643323742308518, 0.7306106856511454, 0.7021232116669456, 0.7105687458997256, 0.7321058602711987, 0.7235910977524408, 0.7180893273763759, 0.7128620339821806, 0.717777088124265, 0.6978189517843295, 0.7089966691887788, 0.6976236735714598, 0.7144859365800407, 0.7104460786184925, 0.6810432893692775, 0.7142796509853035, 0.6972947023904702, 0.7076323566366737, 0.7147365785039006, 0.7190933217065653, 0.7095015466353914, 0.7020410172369672, 0.7111286754499356, 0.7121777770840024, 0.7080420074486651, 0.6955019833533245, 0.7067539298937697, 0.6678237965217638, 0.7107110965636468, 0.7035689699721718, 0.7078984599084701, 0.6994991783016534, 0.6962874235520362, 0.6972185564641404, 0.7052040348958382, 0.6970766537495244, 0.6950401188568778, 0.7070200846572263, 0.7090376948015977, 0.702132931366512], "val_f1_score": [0.6313270138468668, 0.531881987845338, 0.6406922468887737, 0.6315034841446935, 0.6954158312562192, 0.6621351156714955, 0.6811548631522026, 0.5859016391382486, 0.5960228484726753, 0.6945808428715071, 0.6332433711285045, 0.6363792087254548, 0.6397594256317275, 0.6809602415908705, 0.6485101748975969, 0.6418058072804717, 0.6234469719831005, 0.6494008779775868, 0.6844921906632825, 0.6699769102679817, 0.6085635857759671, 0.636941549504738, 0.6576501095104242, 0.6750970959131904, 0.595781458665341, 0.6673268923257988, 0.6284006217662162, 0.6139291410773813, 0.6313225949432729, 0.6262645546670289, 0.6302843580494832, 0.6574621712039094, 0.659566610152722, 0.6583691269526668, 0.6607153681892127, 0.5414394905271412, 0.6718925222961601, 0.5644392799649562, 0.6006109604771732, 0.630812210921631, 0.644144988047492, 0.6210226907743859, 0.6542611439147397, 0.6137839912305252, 0.6632139249139342, 0.6086258392399013, 0.6487595882748419, 0.6418239603572838, 0.6547846301878152, 0.6432085232005605, 0.6010438451109175, 0.6385798654373693, 0.6402983607159116, 0.6418687907723407, 0.6408393187626684, 0.6362973590113502, 0.6319185530704805, 0.6461512008552441, 0.6560618930559536, 0.6487246111656717, 0.6196078585102712], "val_acc": [0.6619459903993664, 0.6422764155578964, 0.6915814234395681, 0.6949908112310345, 0.710988721664953, 0.7015473395546934, 0.7130868007528354, 0.6469971168832206, 0.6795174477608723, 0.7125622885076511, 0.6700760565371829, 0.69367952291152, 0.6936795307274976, 0.7086283806550231, 0.7033831726025948, 0.6973511600569419, 0.6928927431636803, 0.7015473305819512, 0.7094151604810225, 0.7091528959640705, 0.6622082417385803, 0.6797796954891046, 0.6858116989994875, 0.6997115046622213, 0.6816155195017358, 0.6905323798625825, 0.6868607306180274, 0.6755835256519013, 0.6845003860127479, 0.6734854467047064, 0.6863362105568657, 0.697351162432999, 0.6868607323844383, 0.6871230059366604, 0.6816155170475189, 0.5908733270407786, 0.6928927340502505, 0.6372934630496778, 0.6692892725687154, 0.6771570833030098, 0.6842381334542416, 0.6551271963394629, 0.6742722197151735, 0.665355372141266, 0.6868607366675941, 0.6637817981703964, 0.6750590103428539, 0.6821400629326705, 0.6734854453290944, 0.6716496207849766, 0.6564384961484644, 0.6666666730288724, 0.6763703131375587, 0.6698137937866419, 0.6776816309545723, 0.6713873623175912, 0.6766325602561446, 0.679255183712879, 0.677681623748241, 0.6808287353925807, 0.6753212664967099],