{"1": {"f1_score_pos": [0.0, 0.0, 0.0, 0.0, 0.0, 0.0, 0.0, 0.0, 0.0, 0.0, 0.0, 0.0, 0.0, 0.0, 0.0, 0.0, 0.0, 0.0, 0.0, 0.0, 0.0, 0.0, 0.0, 0.0, 0.0, 0.0, 0.0, 0.0, 0.0, 0.0, 0.0, 0.0, 0.0, 0.0, 0.0, 0.0, 0.0, 0.0, 0.0, 0.0, 0.0, 0.0, 0.0, 0.0, 0.0, 0.0, 0.0, 0.0, 0.0, 0.0, 0.0, 0.0], "val_f1_score_pos": [0.0, 0.0, 0.0, 0.0, 0.0, 0.0, 0.0, 0.0, 0.0, 0.0, 0.0, 0.0, 0.0, 0.0, 0.0, 0.0, 0.0, 0.0, 0.0, 0.0, 0.0, 0.0, 0.0, 0.0, 0.0, 0.0, 0.0, 0.0, 0.0, 0.0, 0.0, 0.0, 0.0, 0.0, 0.0, 0.0, 0.0, 0.0, 0.0, 0.0, 0.0, 0.0, 0.0, 0.0, 0.0, 0.0, 0.0, 0.0, 0.0, 0.0, 0.0, 0.0], "val_f1_score_neg": [0.48271807924992216, 0.48271807924992216, 0.48271807924992216, 0.48271807924992216, 0.48271807924992216, 0.48271807924992216, 0.48271807924992216, 0.48271807924992216, 0.48271807924992216, 0.48271807924992216, 0.48271807924992216, 0.48271807924992216, 0.48271807924992216, 0.48271807924992216, 0.48271807924992216, 0.48271807924992216, 0.48271807924992216, 0.48271807924992216, 0.48271807924992216, 0.48271807924992216, 0.48271807924992216, 0.48271807924992216, 0.48271807924992216, 0.48271807924992216, 0.48271807924992216, 0.48271807924992216, 0.48271807924992216, 0.48271807924992216, 0.48271807924992216, 0.48271807924992216, 0.48271807924992216, 0.48271807924992216, 0.48271807924992216, 0.48271807924992216, 0.48271807924992216, 0.48271807924992216, 0.48271807924992216, 0.48271807924992216, 0.48271807924992216, 0.48271807924992216, 0.48271807924992216, 0.48271807924992216, 0.48271807924992216, 0.48271807924992216, 0.48271807924992216, 0.48271807924992216, 0.48271807924992216, 0.48271807924992216, 0.48271807924992216, 0.48271807924992216, 0.48271807924992216, 0.48271807924992216], "val_f1_score": [0.16090603361808659, 0.16090603361808659, 0.16090603361808659, 0.16090603361808659, 0.16090603361808659, 0.16090603361808659, 0.16090603361808659, 0.16090603361808659, 0.16090603361808659, 0.16090603361808659, 0.16090603361808659, 0.16090603361808659, 0.16090603361808659, 0.16090603361808659, 0.16090603361808659, 0.16090603361808659, 0.16090603361808659, 0.16090603361808659, 0.16090603361808659, 0.16090603361808659, 0.16090603361808659, 0.16090603361808659, 0.16090603361808659, 0.16090603361808659, 0.16090603361808659, 0.16090603361808659, 0.16090603361808659, 0.16090603361808659, 0.16090603361808659, 0.16090603361808659, 0.16090603361808659, 0.16090603361808659, 0.16090603361808659, 0.16090603361808659, 0.16090603361808659, 0.16090603361808659, 0.16090603361808659, 0.16090603361808659, 0.16090603361808659, 0.16090603361808659, 0.16090603361808659, 0.16090603361808659, 0.16090603361808659, 0.16090603361808659, 0.16090603361808659, 0.16090603361808659, 0.16090603361808659, 0.16090603361808659, 0.16090603361808659, 0.16090603361808659, 0.16090603361808659, 0.16090603361808659], "val_f1_score_neu": [0.0, 0.0, 0.0, 0.0, 0.0, 0.0, 0.0, 0.0, 0.0, 0.0, 0.0, 0.0, 0.0, 0.0, 0.0, 0.0, 0.0, 0.0, 0.0, 0.0, 0.0, 0.0, 0.0, 0.0, 0.0, 0.0, 0.0, 0.0, 0.0, 0.0, 0.0, 0.0, 0.0, 0.0, 0.0, 0.0, 0.0, 0.0, 0.0, 0.0, 0.0, 0.0, 0.0, 0.0, 0.0, 0.0, 0.0, 0.0, 0.0, 0.0, 0.0, 0.0], "f1_score_neg": [0.0, 1.0, 1.0, 1.0, 1.0, 1.0, 1.0, 1.0, 1.0, 1.0, 1.0, 1.0, 1.0, 1.0, 1.0, 1.0, 1.0, 1.0, 1.0, 1.0, 1.0, 1.0, 1.0, 1.0, 1.0, 1.0, 1.0, 1.0, 1.0, 1.0, 1.0, 1.0, 1.0, 1.0, 1.0, 1.0, 1.0, 1.0, 1.0, 1.0, 1.0, 1.0, 1.0, 1.0, 1.0, 1.0, 1.0, 1.0, 1.0, 1.0, 1.0, 1.0], "f1_score_neu": [0.0, 0.0, 0.0, 0.0, 0.0, 0.0, 0.0, 0.0, 0.0, 0.0, 0.0, 0.0, 0.0, 0.0, 0.0, 0.0, 0.0, 0.0, 0.0, 0.0, 0.0, 0.0, 0.0, 0.0, 0.0, 0.0, 0.0, 0.0, 0.0, 0.0, 0.0, 0.0, 0.0, 0.0, 0.0, 0.0, 0.0, 0.0, 0.0, 0.0, 0.0, 0.0, 0.0, 0.0, 0.0, 0.0, 0.0, 0.0, 0.0, 0.0, 0.0, 0.0], "f1_score": [0.0, 0.3333333432674408, 0.3333333432674408, 0.3333333432674408, 0.3333333432674408, 0.3333333432674408, 0.3333333432674408, 0.3333333432674408, 0.3333333432674408, 0.3333333432674408, 0.3333333432674408, 0.3333333432674408, 0.3333333432674408, 0.3333333432674408, 0.3333333432674408, 0.3333333432674408, 0.3333333432674408, 0.3333333432674408, 0.3333333432674408, 0.3333333432674408, 0.3333333432674408, 0.3333333432674408, 0.3333333432674408, 0.3333333432674408, 0.3333333432674408, 0.3333333432674408, 0.3333333432674408, 0.3333333432674408, 0.3333333432674408, 0.3333333432674408, 0.3333333432674408, 0.3333333432674408, 0.3333333432674408, 0.3333333432674408, 0.3333333432674408, 0.3333333432674408, 0.3333333432674408, 0.3333333432674408, 0.3333333432674408, 0.3333333432674408, 0.3333333432674408, 0.3333333432674408, 0.3333333432674408, 0.3333333432674408, 0.3333333432674408, 0.3333333432674408, 0.3333333432674408, 0.3333333432674408, 0.3333333432674408, 0.3333333432674408, 0.3333333432674408, 0.3333333432674408], "val_loss": [3.523392347510849, 3.899628438554902, 3.9134898389506545, 3.9929623382884105, 4.037592521724109, 4.108193564511504, 4.182756056616127, 4.240015330102279, 4.431464388088444, 4.4667063274203365, 4.531466261417116, 4.576305393265327, 4.5900000830893575, 4.761673564155843, 4.970422642862695, 5.018420880086455, 5.041251983290795, 5.056084274441285, 5.10719554122911, 5.165459626867489, 5.2079746303824335, 5.3031893891897814, 5.3433204484425625, 5.408605217129273, 5.414833251174055, 5.422301785129713, 5.4239466631139015, 5.426137575629162, 5.430930494779517, 5.437199686327551, 5.4703360536964, 5.484839833646115, 5.496631414247857, 5.5492030788100735, 5.559081055696516, 5.565401122315853, 5.5708603084596815, 5.6969858046002715, 5.705538173972408, 5.709065481504234, 5.71261634539228, 5.719428041846807, 5.737658536922165, 5.742837028572058, 5.750825900190648, 5.962571939905109, 5.977716180798818, 6.002194165432716, 6.029148058262806, 6.031578955862686, 6.035866500555906, 6.0367177874453155], "val_f1_score_pos_neg": [0.24135903962496108, 0.24135903962496108, 0.24135903962496108, 0.24135903962496108, 0.24135903962496108, 0.24135903962496108, 0.24135903962496108, 0.24135903962496108, 0.24135903962496108, 0.24135903962496108, 0.24135903962496108, 0.24135903962496108, 0.24135903962496108, 0.24135903962496108, 0.24135903962496108, 0.24135903962496108, 0.24135903962496108, 0.24135903962496108, 0.24135903962496108, 0.24135903962496108, 0.24135903962496108, 0.24135903962496108, 0.24135903962496108, 0.24135903962496108, 0.24135903962496108, 0.24135903962496108, 0.24135903962496108, 0.24135903962496108, 0.24135903962496108, 0.24135903962496108, 0.24135903962496108, 0.24135903962496108, 0.24135903962496108, 0.24135903962496108, 0.24135903962496108, 0.24135903962496108, 0.24135903962496108, 0.24135903962496108, 0.24135903962496108, 0.24135903962496108, 0.24135903962496108, 0.24135903962496108, 0.24135903962496108, 0.24135903962496108, 0.24135903962496108, 0.24135903962496108, 0.24135903962496108, 0.24135903962496108, 0.24135903962496108, 0.24135903962496108, 0.24135903962496108, 0.24135903962496108], "acc": [0.0, 1.0, 1.0, 1.0, 1.0, 1.0, 1.0, 1.0, 1.0, 1.0, 1.0, 1.0, 1.0, 1.0, 1.0, 1.0, 1.0, 1.0, 1.0, 1.0, 1.0, 1.0, 1.0, 1.0, 1.0, 1.0, 1.0, 1.0, 1.0, 1.0, 1.0, 1.0, 1.0, 1.0, 1.0, 1.0, 1.0, 1.0, 1.0, 1.0, 1.0, 1.0, 1.0, 1.0, 1.0, 1.0, 1.0, 1.0, 1.0, 1.0, 1.0, 1.0],