{"val_f1_score_pos_neg": [0.13372828073387366, 0.39195185780417957, 0.3447989887393277, 0.487322758271573, 0.4531780116283513, 0.4585645194129798, 0.4625891394112167, 0.43888902335728924, 0.32872375088450184, 0.3774953340685051, 0.5048655651198064, 0.46959586731764413, 0.4387405547428603, 0.4778334701913893, 0.4419010952148575, 0.4042188961978866, 0.49670511205293977, 0.44149547233487163, 0.5046026247393908, 0.43946654229243487, 0.31994617886227955, 0.46878020180488994, 0.4402133402822257, 0.45279174044332793, 0.45664313930248923, 0.5028562847151179, 0.44215096811480314, 0.483627588240563, 0.4713258342972437, 0.4963137753311171, 0.40253125441487286, 0.4193567877892594, 0.4227426241927462, 0.46926137193655354, 0.43507585349085093, 0.4529074852229559, 0.5024950934646905, 0.44615130942252856, 0.37129650631307, 0.4662235278671409, 0.3865738211855715, 0.486054242300762, 0.46778223627706506, 0.43246419949677417, 0.27026448978318107, 0.39298698017847095, 0.4417095462105803, 0.47336103709174127, 0.4397555835012161, 0.4633419306976432, 0.3930457601180443, 0.4433628196014888, 0.4000683951849772, 0.4932298443899785, 0.4131349828722667, 0.40899835027556564, 0.4718656370460692, 0.4650006352702187, 0.4297188277106214, 0.482262671985875, 0.4768521361827207, 0.4045766568430576], "loss": [1.2328138276934624, 1.047438945621252, 0.9386167265474796, 0.9192569255828857, 0.9726649280637503, 0.8109990116208792, 0.8162734024226665, 0.789312370121479, 0.7150649894028902, 0.7665733899921179, 0.7589738313108683, 0.7029741294682026, 0.6839156430214643, 0.653661573305726, 0.6287106908857822, 0.7380710635334253, 0.5896079856902361, 0.6653840281069279, 0.5763092208653688, 0.6450091283768415, 0.518361097201705, 0.5848209261894226, 0.5358690349385142, 0.5304337767884135, 0.5177905932068825, 0.48372909892350435, 0.49225477408617735, 0.5319642666727304, 0.5411146907135844, 0.5560449725016952, 0.4091447927057743, 0.47869072668254375, 0.37631238996982574, 0.3489955812692642, 0.41794833168387413, 0.35051784198731184, 0.3378400932997465, 0.45208637695759535, 0.29317645728588104, 0.41511163860559464, 0.24062543036416173, 0.49489230662584305, 0.3227146780118346, 0.20624623214825988, 0.305766265373677, 0.37850450072437525, 0.3346691280603409, 0.3172596460208297, 0.21249975450336933, 0.21404388174414635, 0.33959137881174684, 0.17831608932465315, 0.1824469049461186, 0.37445067428052425, 0.2631736318580806, 0.18305079964920878, 0.18448896938934922, 0.26351422630250454, 0.24167688563466072, 0.2691135217901319, 0.1638648333027959, 0.15445839427411556], "f1_score_neu": [0.38429539470234886, 0.49127595394384116, 0.6539154313504696, 0.5860607381910086, 0.5664084637537599, 0.694929089397192, 0.638158215675503, 0.7069532349705696, 0.73172852024436, 0.7158218920230865, 0.7034109011292458, 0.7073767557740211, 0.7413144167512655, 0.7538440432399511, 0.7592698950320482, 0.6855286015197635, 0.7785134613513947, 0.7240612469613552, 0.7735332176089287, 0.7468872610479593, 0.8018791116774082, 0.7704421430826187, 0.813583254814148, 0.7969744186848402, 0.8204533606767654, 0.823968093842268, 0.7993355002254248, 0.7897746469825506, 0.8263734616339207, 0.7764444034546614, 0.854551600292325, 0.825959462672472, 0.8643822371959686, 0.8764474745839834, 0.8361106906086206, 0.888264250010252, 0.8906925451010466, 0.8433813378214836, 0.9005227647721767, 0.8609308302402496, 0.9221863523125648, 0.825019920244813, 0.8928714040666819, 0.9343471806496382, 0.9016227554529905, 0.8477284926921129, 0.8834709860384464, 0.8969288505613804, 0.9328127838671207, 0.9351879209280014, 0.8894321657717228, 0.9466465469449759, 0.9443968515843153, 0.8886372353881598, 0.9145221058279276, 0.9459127280861139, 0.9414638224989176, 0.9165095016360283, 0.9189612846821547, 0.9138786606490612, 0.9511795211583376, 0.9538141544908285], "f1_score_neg": [0.30029779905453324, 0.3380107139237225, 0.3668976090848446, 0.440184481209144, 0.3881105927284807, 0.5495554357767105, 0.48466107062995434, 0.5697141848504543, 0.6285831909626722, 0.4519134210422635, 0.5250335764139891, 0.638809678144753, 0.6342122983187437, 0.6421338804066181, 0.654985286295414, 0.5185893164016306, 0.6923522911965847, 0.6359701650217175, 0.6895104125142097, 0.6306426944211125, 0.7375195305794477, 0.6303037842735648, 0.7508018966764212, 0.663652173243463, 0.7434209957718849, 0.7256040275096893, 0.6988408584147692, 0.7637851610779762, 0.6573240649886429, 0.7044175509363413, 0.7949139811098576, 0.7034573573619127, 0.800463929772377, 0.8041117880493402, 0.7140231020748615, 0.8478631041944027, 0.8493518903851509, 0.7067163079045713, 0.8457388766109943, 0.7418648973107338, 0.8921710010617971, 0.7128970343619585, 0.8446510396897793, 0.9019860420376062, 0.8549649361521006, 0.8089345414191484, 0.8131032958626747, 0.8752120491117239, 0.9036542121320963, 0.9035050962120295, 0.806275149807334, 0.9205566942691803, 0.9291232265532017, 0.8044306021183729, 0.8762306608259678, 0.9216218069195747, 0.9135625176131725, 0.8456416018307209, 0.881244258955121, 0.9063099455088377, 0.9315725788474083, 0.9293790999799967], "val_f1_score_neg": [0.1406660959077643, 0.4945088916274271, 0.5201997781625697, 0.6110187480431444, 0.5428340196797186, 0.5832182650516766, 0.5674549384638365, 0.5218046242542971, 0.30393755620951274, 0.3751319580473881, 0.6424687898647018, 0.5690352930660136, 0.5062056596462543, 0.6298950667108869, 0.5015399872693617, 0.5594739184232644, 0.6292238824012523, 0.5119674575527241, 0.6261831749895913, 0.5957893090263123, 0.3039573543494315, 0.5560897295398858, 0.5231008197989916, 0.5149043068470742, 0.6215767026805578, 0.6019987830480797, 0.5856729038545692, 0.5986917545223793, 0.6077631848704638, 0.6004597521879305, 0.46950790607816617, 0.4879720599411095, 0.5136084107734896, 0.6213450436650018, 0.5174419283330628, 0.5355448692809125, 0.620607105129429, 0.5325040311304986, 0.39256880389802157, 0.5875616219737645, 0.4029486780358605, 0.6064169474995141, 0.567938620932618, 0.5492745464951725, 0.234486087620446, 0.4161250947350808, 0.6135619778757528, 0.5948445598284403, 0.5231607484753155, 0.6152644752651735, 0.47846783830998346, 0.5592683942748038, 0.471040341897532, 0.6168021099341114, 0.47499318772803756, 0.5365089575717753, 0.6029499189788246, 0.5751513804179615, 0.5381114868446346, 0.6121724440715788, 0.6011342813826015, 0.5920263455893293], "val_f1_score_neu": [0.7076211108637993, 0.6438413474992005, 0.715378690130583, 0.6086565152889858, 0.6801374496450523, 0.2918575560113518, 0.6226788663778335, 0.7219839932357627, 0.6845944262923714, 0.7057573721047409, 0.6525793978613451, 0.6705931042477294, 0.6906985982387815, 0.7028414640295789, 0.6927085189040695, 0.7359404381041156, 0.5694901817455197, 0.71901614423062, 0.608784079900262, 0.7250646871861927, 0.7266918474953291, 0.6856371424405144, 0.7297495024138831, 0.7327341109152264, 0.7292549508517785, 0.7170705298984903, 0.7376005972391627, 0.7090022867722282, 0.6364869134843323, 0.7093390622655926, 0.7235270250074187, 0.7097685229011447, 0.7262450688817295, 0.7161413494713715, 0.7352168642074955, 0.6786472544281857, 0.7055920526298166, 0.7146631482480831, 0.7230430982480754, 0.7168375084757322, 0.7110501486762815, 0.6558304983541015, 0.7221490224095223, 0.7209831337589859, 0.7182159150874781, 0.7208458813685744, 0.6874308293057733, 0.6614495445574076, 0.7149909652410945, 0.675254803437453, 0.6994379200594306, 0.7007280055113435, 0.7230551397537681, 0.5960663606656118, 0.7223902916886814, 0.725166611182384, 0.6515888492641715, 0.7099298631024157, 0.7273836769180366, 0.7244704151764895, 0.7033940090073479, 0.6112082185264756],