{"1": {"f1_score_pos": [0.04195957573066498, 0.16913790440443774, 0.23588584541696414, 0.3480269719429057, 0.40830105114407067, 0.4319303825754544, 0.46075812354683876, 0.4526883770936522, 0.4994675762437541, 0.508123476186703, 0.5469929302303955, 0.5792863019581499, 0.5910538650792221, 0.5980265094288464, 0.6020491035847828, 0.616123550667845, 0.6244627758860588, 0.6253228395663458, 0.6416973517886524, 0.6523836923056635, 0.6420647525067987, 0.6526836917318147, 0.6448115911977045, 0.6604407306375175, 0.669292089497221, 0.6749868806580017, 0.6868241501265558, 0.6997083312478559, 0.6799575434676532, 0.6718891851347069, 0.709369150729015, 0.7046554563888188, 0.7149229964305615, 0.7257138321111942, 0.7096078236555231, 0.7368205698399708, 0.7296228896954964, 0.7269698484190579, 0.7330846262389216, 0.7380719025587213, 0.7698282835812404, 0.7491961198634115, 0.746553178234347, 0.7587545899481609, 0.7728835210717958, 0.759012261341358, 0.8049492193707104, 0.7845926952773127, 0.7839522916695167, 0.7909643896694841, 0.8122211252820903, 0.7952333205732806, 0.8056960069927676, 0.8032963183419458, 0.8195690368783886, 0.8177672634864676, 0.8246700974373982, 0.8425398355927961, 0.8360095671538649, 0.8256436201005146, 0.8602994860246264, 0.8323512159544846, 0.8779199919823942, 0.8684491227413046, 0.8518864779636778, 0.871960379440209, 0.8932290940449156, 0.8601922089683598, 0.876031066836982, 0.8938731042475536], "val_f1_score_pos": [0.0, 0.019077145915362206, 0.5917045163132842, 0.5319842164078129, 0.10146461957135039, 0.2896442024563355, 0.086134128069318, 0.2895716407458175, 0.29283342403578316, 0.5877617161604729, 0.30252286118064187, 0.6977306560303262, 0.6420766803463581, 0.7019721586936233, 0.39751266015348174, 0.5793862550583155, 0.6919550254155481, 0.6108200813321469, 0.7169253389228213, 0.7247942535232565, 0.6794068844900524, 0.6033092752673511, 0.5645278464175258, 0.68202818959459, 0.6988370871718962, 0.6622352091590157, 0.5983569026149667, 0.5461658860109561, 0.6949524932135255, 0.6627660679310724, 0.4159789844397763, 0.5483499474641753, 0.6916205040151104, 0.4813483171956357, 0.7038618028711028, 0.6265789916626024, 0.5066374614111807, 0.5356191065784768, 0.7208008767893831, 0.6182563207045084, 0.5325488856449673, 0.7171622321044808, 0.5522395552314551, 0.7010241153200811, 0.5551043828422242, 0.7082599393501702, 0.714050151296341, 0.692189535677605, 0.70975229065155, 0.6828218335683909, 0.6520639062553074, 0.7082285593727146, 0.42489127329006743, 0.6772530083733845, 0.5906201580394261, 0.7111519512278559, 0.42995677162679885, 0.5019812760564433, 0.6942215084310532, 0.6245896713395398, 0.7005004855925537, 0.6594709886236514, 0.6871813016084121, 0.6757859225789612, 0.7015143044345684, 0.5506409353982299, 0.6014726415976057, 0.4349498150700695, 0.7022716062074567, 0.5794467920866846], "val_f1_score_neg": [0.0, 0.0, 0.0, 0.09651286963743705, 0.01717657471208037, 0.0, 0.0, 0.0032835037293879343, 0.003973646648765517, 0.025750817693408444, 0.048836764082050746, 0.22900389066884877, 0.07334043896873574, 0.37734803526522825, 0.1485143869767469, 0.23967418191456713, 0.1969076243248506, 0.26906562629191233, 0.5502300746572821, 0.2608455040602274, 0.5083889322208351, 0.2821812051786327, 0.4275067915777006, 0.5091177580739893, 0.174295806961753, 0.5604936355153876, 0.2629006677432977, 0.2240057396288466, 0.506019881984364, 0.4098435087198352, 0.28381020820206493, 0.3105038329900296, 0.4254186736171151, 0.43489876119852255, 0.15987135745426692, 0.5413323174522143, 0.524572833469775, 0.42136140191551896, 0.5016108626710315, 0.4697586437113292, 0.5428357375065173, 0.08859342575237378, 0.11636419247063069, 0.556101370320494, 0.2681060503614315, 0.381597350236471, 0.5090784704219379, 0.3203791365078231, 0.35163280972026323, 0.5111392806778734, 0.5542045867477475, 0.2270873108936863, 0.3080499475470622, 0.5492178599977631, 0.5198442822924568, 0.3749124194235743, 0.40575288449126595, 0.4758260675046252, 0.497498056729447, 0.45864454520645964, 0.5151678231517193, 0.29903414507816384, 0.4639003419310222, 0.49035860127174663, 0.46986204390447034, 0.3791940594763697, 0.5258790410756127, 0.3572241211778499, 0.4537757882648586, 0.29099315024253863], "val_f1_score": [0.20035252584705757, 0.20733546003124828, 0.39436497306561114, 0.41414980375013294, 0.24254967878410705, 0.3045115343251317, 0.23140070773221488, 0.3057707020875634, 0.3086589091630111, 0.4299658506819497, 0.32846912006959184, 0.5208344237872569, 0.4709260954167191, 0.5769104300569494, 0.39997652073779383, 0.5036828801633804, 0.5307108717517468, 0.5280138980113644, 0.6458362812699528, 0.5636152488226156, 0.6378122098859201, 0.5292586010567885, 0.5657687858430976, 0.6394848126362166, 0.5289906274137489, 0.650134682796022, 0.520524886846855, 0.4851005321455039, 0.5882521779587848, 0.5981526033883954, 0.4562985553942795, 0.5176126620696343, 0.6155022564848482, 0.5357231070230616, 0.5244478608815963, 0.633092686850475, 0.5782420395429198, 0.5513242020433168, 0.6164370766156244, 0.6016932703708996, 0.5963055626038583, 0.49808632211362536, 0.44810266303884805, 0.6530206558931352, 0.5036640571791327, 0.5988646824935775, 0.6432876105293526, 0.577194784214701, 0.5911204864307866, 0.6389210911019718, 0.642519099097098, 0.5416887165241406, 0.4668863018119301, 0.6450961975484828, 0.6077982196337652, 0.5969509975728231, 0.502777181739667, 0.5574776222472613, 0.6332947400308424, 0.5977206575942421, 0.6360165403016184, 0.5527004772148012, 0.6197939164645397, 0.6216819099075613, 0.626209601232332, 0.5381825896126061, 0.6109221478068794, 0.4851030226833014, 0.615652096887414, 0.5181609400294754], "val_f1_score_neu": [0.6010575536008335, 0.602929219763766, 0.5913903862667809, 0.6139523017572163, 0.6090078227731959, 0.6238903902566811, 0.6080679878018017, 0.6244569186647827, 0.6291696436130685, 0.6763849828832893, 0.63404770599961, 0.6357686398944109, 0.6973611229740976, 0.6514110705560504, 0.6539024731914671, 0.691988135365842, 0.7032699196037895, 0.7041559400065752, 0.6703533608707705, 0.7052059369765021, 0.7256407611582056, 0.7022852733821153, 0.7052716838541289, 0.7273084110954819, 0.7138389124977849, 0.7276751587561601, 0.7003170335164635, 0.6851299341632223, 0.5637840927194304, 0.7218481704784196, 0.6691064202907421, 0.6939841090241599, 0.729467559573596, 0.6909221923479469, 0.7096104184036145, 0.7313667006327541, 0.7035157318944353, 0.6969920072441741, 0.6268994698617016, 0.7170647714602613, 0.7135319464356137, 0.6885033126362596, 0.675704202938355, 0.7019363559983767, 0.6877816946150717, 0.706736706105424, 0.706734195222637, 0.7190155876361257, 0.7119762914999245, 0.7228020955470176, 0.7212887329596283, 0.689750200646023, 0.6677176430723719, 0.708817653930503, 0.7129301785047117, 0.7047886142354295, 0.6726218192339131, 0.6946254963015684, 0.7081645782338394, 0.7099276819849402, 0.6923812095680607, 0.6995962427383391, 0.708299996907274, 0.698901123804212, 0.7072524113852678, 0.6847127153433873, 0.705414715789917, 0.663135094183685, 0.6909088781115704, 0.684042808876993],