{"1": {"loss": [1.3699058294296265, 0.8501157760620117, 1.560563325881958, 0.8409873843193054, 0.6553985476493835, 0.6559919118881226, 0.6155829429626465, 0.5734198689460754, 0.8161414265632629, 0.6070733070373535, 0.5137459635734558, 0.43722397089004517, 0.3813649117946625, 0.6391302943229675, 1.5191317796707153, 0.5580002069473267, 0.37385693192481995, 0.35296720266342163, 0.19548597931861877, 0.3057594895362854, 0.5764167904853821, 0.9434814453125, 0.3112267553806305, 0.20568013191223145, 0.1702994853258133, 0.07143064588308334, 0.04576046019792557, 0.057090580463409424, 0.014830594882369041, 0.026599954813718796, 0.028570378199219704, 0.030222956091165543, 0.012450465001165867, 0.017223095521330833, 0.006122375372797251, 0.021334251388907433, 0.011588187888264656, 0.007544985506683588, 0.007281409110873938, 0.005128133576363325, 0.00628094095736742, 0.009301276877522469, 0.0011629064101725817, 0.019153039902448654, 0.0023258470464497805, 0.004042899236083031, 0.0053682466968894005, 0.002042989246547222, 0.006930182687938213, 0.006478562019765377, 0.0006310011958703399, 0.0008449454908259213, 0.0008555218810215592, 0.002080157632008195, 0.019850820302963257, 0.00266555929556489, 0.010896896943449974, 0.0010877882596105337, 0.0037243906408548355, 0.0009363895514979959, 0.007567523512989283], "val_f1_score_neu": [0.0, 0.6010575330760765, 0.0, 0.0, 0.0, 0.0034850080972139274, 0.0, 0.6010575330760765, 0.0, 0.01770240129058345, 0.1091385343523123, 0.5372806948578142, 0.0, 0.6010575330760765, 0.0, 0.0, 0.4124560587180433, 0.020392947211576327, 0.5925358431313628, 0.0, 0.6004841324853485, 0.0245170626245144, 0.24099295688932285, 0.30453274773232053, 0.28616512616631745, 0.45725388899582314, 0.2475259807747304, 0.4785529514669653, 0.4924320440076012, 0.34824091038177435, 0.4911532903042735, 0.2989235820418232, 0.3799061203156123, 0.40699899618687546, 0.36330272762630983, 0.45475064466983167, 0.3626428676298713, 0.28416594846524373, 0.37845940586622073, 0.386154305503464, 0.30617247690311605, 0.4257916009569931, 0.430082892819774, 0.2608351322834241, 0.30123557056181394, 0.24840398512266765, 0.2479133766106411, 0.26827453471155516, 0.1657615735669665, 0.28598781208681867, 0.2858561639112967, 0.2998036483032573, 0.30917642755424635, 0.25793468920133444, 0.5087659421662412, 0.5047591728955281, 0.44021128582698044, 0.43498727491669165, 0.4276476043698796, 0.42340514119328587, 0.2722885580926375], "acc": [0.30000001192092896, 0.6000000238418579, 0.4000000059604645, 0.6000000238418579, 0.699999988079071, 0.6000000238418579, 0.699999988079071, 0.6000000238418579, 0.4000000059604645, 0.6000000238418579, 0.800000011920929, 0.800000011920929, 1.0, 0.6000000238418579, 0.4000000059604645, 0.8999999761581421, 0.8999999761581421, 1.0, 1.0, 0.800000011920929, 0.6000000238418579, 0.5, 0.8999999761581421, 1.0, 1.0, 1.0, 1.0, 1.0, 1.0, 1.0, 1.0, 1.0, 1.0, 1.0, 1.0, 1.0, 1.0, 1.0, 1.0, 1.0, 1.0, 1.0, 1.0, 1.0, 1.0, 1.0, 1.0, 1.0, 1.0, 1.0, 1.0, 1.0, 1.0, 1.0, 1.0, 1.0, 1.0, 1.0, 1.0, 1.0, 1.0], "f1_score_neg": [0.0, 0.0, 0.0, 0.0, 0.0, 0.0, 0.0, 0.0, 0.0, 0.0, 0.0, 0.0, 0.0, 0.0, 0.0, 0.0, 0.0, 0.0, 0.0, 0.0, 0.0, 0.0, 0.0, 0.0, 0.0, 0.0, 0.0, 0.0, 0.0, 0.0, 0.0, 0.0, 0.0, 0.0, 0.0, 0.0, 0.0, 0.0, 0.0, 0.0, 0.0, 0.0, 0.0, 0.0, 0.0, 0.0, 0.0, 0.0, 0.0, 0.0, 0.0, 0.0, 0.0, 0.0, 0.0, 0.0, 0.0, 0.0, 0.0, 0.0, 0.0], "val_f1_score_pos": [0.5833714409447267, 0.0, 0.5833714409447267, 0.5833714409447267, 0.5833714409447267, 0.5831488731680909, 0.5833714409447267, 0.0, 0.5833714409447267, 0.5846471404141402, 0.5826055939948499, 0.33875782087879047, 0.5833714409447267, 0.0, 0.5833714409447267, 0.5833714409447267, 0.4984435893999695, 0.5843645208406536, 0.05222822277331146, 0.5833714409447267, 0.0025776406389082505, 0.5815641307124246, 0.5606329724165263, 0.5435467333797391, 0.5483970972393055, 0.4550540297246498, 0.5591081140112008, 0.4265713093945463, 0.40082161894877566, 0.5321104293447325, 0.3990560507808743, 0.542707316399621, 0.511786554105445, 0.5006082231623902, 0.5279181723265769, 0.4438136577324826, 0.5230186838132016, 0.545769726670448, 0.5145595370394459, 0.5090747850947326, 0.541371554237884, 0.4834052210181772, 0.48357048390763907, 0.5556736277245863, 0.5467387515667571, 0.5606298300809133, 0.5614038561073902, 0.5525608213905147, 0.5743228770165252, 0.5514502008068196, 0.5511543771084481, 0.5483686095487093, 0.5467065266196008, 0.555071250006748, 0.35504319044570115, 0.36226410708526224, 0.4652413543818849, 0.46944096485148445, 0.4832276712869554, 0.4863676259188148, 0.552207091740664], "val_f1_score": [0.19445715259996074, 0.20035251558467906, 0.19445715259996074, 0.19445715259996074, 0.19445715259996074, 0.19554463254398727, 0.19445715259996074, 0.20035251558467906, 0.19445715259996074, 0.2007831861356597, 0.23058138002631484, 0.29201284281512807, 0.19445715259996074, 0.20035251558467906, 0.19445715259996074, 0.19445715259996074, 0.3036332251579781, 0.20158582923842513, 0.21492135921019817, 0.19445715259996074, 0.2010205957228638, 0.20202706574830925, 0.2672086525488613, 0.2826931676994682, 0.2781874203413076, 0.30410264217881683, 0.2688780425884828, 0.3017080990060746, 0.29775123173503343, 0.29345045732507674, 0.2967364564752941, 0.28054364014259636, 0.2972309062901739, 0.3025357423884144, 0.2970736424362694, 0.29952145058152685, 0.29522052105567975, 0.2766452380718598, 0.29767299432345584, 0.29840971331348765, 0.2825146874683034, 0.30306562377247886, 0.30455113078645607, 0.27216959986010153, 0.28265811258684204, 0.26967794963796404, 0.2697724234454437, 0.273611796604127, 0.2466948197921555, 0.27914601586292087, 0.2790035227918887, 0.28272409506929597, 0.2852943328744372, 0.27100198755200505, 0.28793638698422563, 0.2890077665069114, 0.30181756367090645, 0.3014760937648216, 0.3036251070303708, 0.3032575963661485, 0.2748318907706843], "f1_score_neu": [0.75, 0.0, 0.5714285969734192, 0.0, 0.4000000059604645, 0.0, 0.5714285373687744, 0.0, 0.5714285969734192, 0.0, 0.6666666865348816, 0.6666666865348816, 1.0, 0.0, 0.5714285969734192, 0.8571428656578064, 0.8571428656578064, 1.0, 1.0, 0.800000011920929, 0.0, 0.6153846383094788, 0.8571428656578064, 1.0, 1.0, 1.0, 1.0, 1.0, 1.0, 1.0, 1.0, 1.0, 1.0, 1.0, 1.0, 1.0, 1.0, 1.0, 1.0, 1.0, 1.0, 1.0, 1.0, 1.0, 1.0, 1.0, 1.0, 1.0, 1.0, 1.0, 1.0, 1.0, 1.0, 1.0, 1.0, 1.0, 1.0, 1.0, 1.0, 1.0, 1.0], "f1_score_pos_neg": [0.0, 0.375, 0.0, 0.375, 0.4000000059604645, 0.375, 0.38461536169052124, 0.375, 0.0, 0.375, 0.4285714328289032, 0.4285714328289032, 0.5, 0.375, 0.0, 0.4615384638309479, 0.4615384638309479, 0.5, 0.5, 0.4000000059604645, 0.375, 0.1428571492433548, 0.4615384638309479, 0.5, 0.5, 0.5, 0.5, 0.5, 0.5, 0.5, 0.5, 0.5, 0.5, 0.5, 0.5, 0.5, 0.5, 0.5, 0.5, 0.5, 0.5, 0.5, 0.5, 0.5, 0.5, 0.5, 0.5, 0.5, 0.5, 0.5, 0.5, 0.5, 0.5, 0.5, 0.5, 0.5, 0.5, 0.5, 0.5, 0.5, 0.5],