{"1": {"f1_score_pos_neg": [0.28037382050078047, 0.15888846833114476, 0.15487586071555928, 0.138116558970407, 0.21304134187079216, 0.2557776507943176, 0.27761779933474784, 0.41351576692374176, 0.4951205705256425, 0.4973545661268308, 0.5956474189148393, 0.614622808242029, 0.7224704932796863, 0.702203748300094, 0.7672660450140635, 0.8061973189198693, 0.837718628866728, 0.8035629361636879, 0.7923918553563052, 0.725411884313406, 0.8792074500590332, 0.9029303879238838, 0.9279786798843118, 0.9219886780709259, 0.9137523444586022, 0.8772723614707474, 0.9403335613797802, 0.9101882408293642, 0.9552470769068991, 0.9340354204177856, 0.7213897547980611, 0.9485084599302721, 0.9619979382485382, 0.9562684413074523, 0.9602017545884893, 0.9728336814762086, 0.9842076625010764, 0.9466755593469901, 0.9780586694562158, 0.967941191307334, 0.9766857945179754, 0.9710035243237666, 0.9741969066996907, 0.978573549163434, 0.9067936595096144, 0.9505166429881902, 0.966915870128676, 0.985470617002295, 0.9713618048401766, 0.9410929663698803, 0.981272185957709, 0.9885367330654647, 0.9882220182307931, 0.9882821138052977, 0.9833506320336068, 0.9867161979046903, 0.9851561620715976, 0.982909407726554, 0.9733153990534849, 0.986804559711338, 0.9756743473600048, 0.9813473848409431, 0.9915841993435409, 0.9921073989812718, 0.9618924172349679, 0.9894216543482256, 0.9591346364612727, 0.9867130042046539, 0.9699473672134932, 0.9704309847465781], "val_f1_score": [0.36092084646224976, 0.3008840084075928, 0.2907801866531372, 0.3425673246383667, 0.3194444179534912, 0.3597826361656189, 0.3397061228752136, 0.4697268009185791, 0.32013973593711853, 0.34876546263694763, 0.34413307905197144, 0.4438436031341553, 0.4242042303085327, 0.4613450765609741, 0.48210129141807556, 0.43362051248550415, 0.41260862350463867, 0.4598475396633148, 0.48879438638687134, 0.4357296824455261, 0.47039565443992615, 0.38665351271629333, 0.4526936411857605, 0.43317943811416626, 0.4554694890975952, 0.4501403570175171, 0.4348684549331665, 0.4274223744869232, 0.4411259591579437, 0.355804979801178, 0.4119999408721924, 0.45453986525535583, 0.4641861319541931, 0.4576890468597412, 0.4205220639705658, 0.453646183013916, 0.42136234045028687, 0.4118630290031433, 0.45176786184310913, 0.4384458065032959, 0.42344945669174194, 0.4110608994960785, 0.4474669098854065, 0.4340547025203705, 0.45476311445236206, 0.4370243549346924, 0.4194858968257904, 0.3994346559047699, 0.45744556188583374, 0.44728946685791016, 0.4526497721672058, 0.45601344108581543, 0.44560909271240234, 0.40955302119255066, 0.4609198272228241, 0.43980079889297485, 0.41908082365989685, 0.4098372459411621, 0.4593583047389984, 0.4356093406677246, 0.44228658080101013, 0.42386531829833984, 0.45254024863243103, 0.48398756980895996, 0.43511518836021423, 0.41965264081954956, 0.4483383595943451, 0.43025678396224976, 0.3945539891719818, 0.45936888456344604], "val_f1_score_neg": [0.040816325694322586, 0.0, 0.0, 0.021052632480859756, 0.0416666679084301, 0.0416666679084301, 0.12962964177131653, 0.4974619150161743, 0.0416666679084301, 0.12962964177131653, 0.13084113597869873, 0.341085284948349, 0.22608695924282074, 0.3664122223854065, 0.4117647111415863, 0.27868854999542236, 0.25423726439476013, 0.3636363744735718, 0.5177664756774902, 0.29032257199287415, 0.4324324429035187, 0.24347828328609467, 0.3100775182247162, 0.4516129195690155, 0.43421053886413574, 0.31496062874794006, 0.30534350872039795, 0.2666666507720947, 0.3100775182247162, 0.38235291838645935, 0.2601625919342041, 0.3664122223854065, 0.38235291838645935, 0.3795620799064636, 0.2521008253097534, 0.37681159377098083, 0.2720000147819519, 0.3125000298023224, 0.4337349236011505, 0.36090224981307983, 0.3359999656677246, 0.2601625919342041, 0.3484848439693451, 0.4878048300743103, 0.37593987584114075, 0.3125000298023224, 0.29921260476112366, 0.26229509711265564, 0.5154638886451721, 0.37037038803100586, 0.37037038803100586, 0.43589746952056885, 0.36764705181121826, 0.2689075469970703, 0.48235300183296204, 0.41333335638046265, 0.2689075469970703, 0.25641024112701416, 0.38571426272392273, 0.35820895433425903, 0.30645161867141724, 0.3255814015865326, 0.3664122223854065, 0.4971098303794861, 0.3546099364757538, 0.2689075469970703, 0.35971224308013916, 0.3816794455051422, 0.21052631735801697, 0.38235291838645935], "f1_score": [0.20766178547411926, 0.368927211262459, 0.3792995184428932, 0.3694896901300711, 0.421827458365019, 0.4538926315862079, 0.4679945795110954, 0.5613800562167353, 0.5964849510396174, 0.6219706849534382, 0.6949300038260083, 0.7071496825809627, 0.7852781079998312, 0.7698531282502551, 0.8191389570864596, 0.8504363189834033, 0.8729373992875565, 0.8471814444822858, 0.8334357403507529, 0.785720464564109, 0.9059355057949243, 0.9237633451472881, 0.9430260886979658, 0.9380554224169532, 0.9324398939461671, 0.9030507350152777, 0.9530293805192608, 0.9298776492129924, 0.9647814520569735, 0.9470314328060594, 0.7745283929876579, 0.9592523992985718, 0.9696954564992771, 0.9652475111706312, 0.9691854562870291, 0.9782770525577457, 0.987472991841708, 0.9582512203113053, 0.9826756336892298, 0.9743231622747672, 0.981275060380152, 0.9775032317915628, 0.9794306219086166, 0.9826885367086692, 0.9226001209990923, 0.9611110075037609, 0.9752102434173111, 0.9882596465506295, 0.9775330137836841, 0.9531681338946024, 0.9850052444971809, 0.9907541182614112, 0.9905632332313893, 0.9906104779982752, 0.9869036464266074, 0.9893069128657497, 0.9880565749120342, 0.9863351731337318, 0.9790476678415786, 0.9902868109155994, 0.9812979136788568, 0.9850903197314388, 0.9932633347289507, 0.9935721662617469, 0.9695728107016216, 0.991340448921041, 0.969635045574617, 0.9893205128898916, 0.9754144001838773, 0.9765132864316305], "val_f1_score_pos_neg": [0.21793904900550842, 0.12244897335767746, 0.10638298839330673, 0.1879456788301468, 0.1458333283662796, 0.22083331644535065, 0.1876218318939209, 0.42928653955459595, 0.14328230917453766, 0.18981482088565826, 0.19042056798934937, 0.3344770669937134, 0.313043475151062, 0.37070614099502563, 0.4010043144226074, 0.32116246223449707, 0.32338032126426697, 0.35130971670150757, 0.440701425075531, 0.33182793855667114, 0.4162161946296692, 0.2987302839756012, 0.3446939289569855, 0.4008064568042755, 0.39488303661346436, 0.3492611348628998, 0.3250855505466461, 0.31904762983322144, 0.33245813846588135, 0.3422181010246277, 0.29184600710868835, 0.36392900347709656, 0.365089476108551, 0.3812704086303711, 0.3063783049583435, 0.3471359610557556, 0.30266666412353516, 0.31287652254104614, 0.38353413343429565, 0.32750996947288513, 0.3514862060546875, 0.301133930683136, 0.34757572412490845, 0.41411519050598145, 0.3821446895599365, 0.3541666865348816, 0.31176847219467163, 0.2760750949382782, 0.41157811880111694, 0.3497421443462372, 0.34143519401550293, 0.38044872879981995, 0.34382349252700806, 0.2944537401199341, 0.39971309900283813, 0.387701153755188, 0.30346783995628357, 0.2833775281906128, 0.3546218276023865, 0.329789400100708, 0.35730743408203125, 0.3206854462623596, 0.3813193142414093, 0.4374438226222992, 0.34186190366744995, 0.29516807198524475, 0.35707131028175354, 0.3726579248905182, 0.2604355812072754, 0.3578431308269501],