{"val_acc": [0.6399160709526168, 0.6425386778394787, 0.6302124301561245, 0.6755835364535823, 0.6637817915737113, 0.6910569059733109, 0.6821400419389548, 0.6797796918937549, 0.6695515395398844, 0.690270125615825, 0.6724363970781542, 0.6637817970136317, 0.6755835256519013, 0.6876475206360616, 0.683975863575529, 0.6556517157909785, 0.6690270147266083, 0.678468384956582, 0.6454235538547195, 0.668764748912204, 0.6677157053352184, 0.6687647593230861, 0.675059007497838, 0.6443745131227496, 0.6653553589635279, 0.6362444206294569, 0.6564385172203399, 0.6561762466538212, 0.6404406031129118, 0.6519800713766974, 0.6506687758508518, 0.656700766714983, 0.6587988499453334, 0.6635195373269538, 0.6648308430448342, 0.6522423214809869, 0.6561762425895129, 0.655127202936148, 0.6178861726402705, 0.6278520765781027, 0.6485706819595078, 0.641489648596996, 0.6669289262751847, 0.6435877227920764, 0.6462103359786163, 0.6488329434125967, 0.6378179872533076, 0.6498819913508977, 0.6506687632827599, 0.644899023601523, 0.6333595649982856, 0.6309992209244925, 0.6517178142067643, 0.6344085970857842, 0.6448990368574209, 0.6257540048372392, 0.6462103288504448, 0.6173616603950862, 0.6372934901711198], "loss": [0.9937368240849725, 0.8292351431887726, 0.8018420621238905, 0.7631802975103773, 0.7652655331225231, 0.7390171335688953, 0.7114606535640257, 0.6983624080131794, 0.6925439202579958, 0.6655278318914873, 0.6352494014748211, 0.6471393231687874, 0.6246771622320701, 0.6009979880061643, 0.5806589660973385, 0.5858013110941854, 0.5685498922549445, 0.5548559848604531, 0.586687298427368, 0.5299600378192705, 0.5363014535657291, 0.502452459828607, 0.5044002543235647, 0.48587621054772673, 0.44980072769625434, 0.45640639652465953, 0.4503160632889846, 0.4340946949247656, 0.4339885403370035, 0.43402135757536725, 0.3921573683619499, 0.39658128393107445, 0.4011289631498271, 0.35115213974796494, 0.3816674264340565, 0.36822253324348353, 0.36578468310421913, 0.3528965404578324, 0.3313406590243866, 0.3656373957878557, 0.3510034790840642, 0.31196743853647135, 0.35785392106607045, 0.3372381420741821, 0.318403123396224, 0.28808555610734843, 0.3086625097383713, 0.2807874192708525, 0.2954478506641141, 0.30375879501988146, 0.26994738406662283, 0.2686414001830693, 0.28697983637965957, 0.29637191033568877, 0.27292006732574825, 0.28216376977747887, 0.26084878231430875, 0.24702722617778286, 0.239520829042484], "val_loss": [0.812465564459914, 0.7737408965364891, 0.7745671396239235, 0.7338044240253978, 0.7386335283322438, 0.7132309877337855, 0.7144712220331267, 0.7316645427291674, 0.7276351910671661, 0.7163395471001371, 0.7712177739911213, 0.7621815372976518, 0.7578173927706807, 0.7533082266101492, 0.764051263206686, 0.8398333845600006, 0.8066633025117349, 0.779307445281139, 0.8793322081144419, 0.7951634646775121, 0.81565878707344, 0.8131458931259368, 0.8266770780758691, 0.8396014035795418, 0.8537886838196395, 0.9640439910085815, 0.9084573526286154, 0.8450023122981812, 0.95978786030561, 0.9814862881687223, 0.9303685706524032, 0.8927568363887007, 0.9789347907173143, 1.0088158981586859, 0.9789554074527772, 0.999999037477997, 0.9739719544562523, 0.9692609056912473, 1.4853372320927505, 1.350927948670346, 0.948658200830354, 0.9809358759311563, 0.9726804103746272, 1.0324594032536207, 0.9909863607044955, 1.001814414471302, 1.1951625858615023, 1.201949456936726, 1.0942660406634404, 1.0310217666088237, 1.1949748201942993, 1.073881141663598, 1.0629050640368318, 1.0707011888760642, 1.1511220292972513, 1.1287735270415895, 1.0575481874561985, 1.1167903224408329, 1.2808678955535329], "val_f1_score_pos": [0.6414975022006592, 0.6503964884525643, 0.695945332689983, 0.7009522850013861, 0.7248249080373083, 0.7260327267421689, 0.7273499026968822, 0.7274696664675121, 0.7232934478665474, 0.7276423296339394, 0.6825472468189326, 0.7204627734514912, 0.69399434893956, 0.7058547727241936, 0.7052626521794338, 0.6326628997198965, 0.6629386327568703, 0.7078330631084777, 0.6913922513966294, 0.7030011629639352, 0.6925304782787646, 0.6951621715052685, 0.6944793313468125, 0.6919101779303962, 0.6931667972230048, 0.6160985516057439, 0.6785890635561199, 0.6983782154914122, 0.6449617200750646, 0.6584421282923819, 0.6915161272624706, 0.6988424024586911, 0.6668379343997266, 0.6713502911048207, 0.6821080297739712, 0.6985372320079378, 0.6658390767143494, 0.6592010552883774, 0.5703265260843476, 0.5496669494664922, 0.6703578002522256, 0.6679511393989255, 0.6988890638133843, 0.6450429016950404, 0.683081528004342, 0.6854291298306273, 0.6164172784162262, 0.6302222964365339, 0.6756516922936489, 0.6759635832814322, 0.6565519180036485, 0.6929410768405615, 0.6873587372107297, 0.6886745567963313, 0.6553267549411724, 0.6796199570732607, 0.6836435119060904, 0.6841719069413366, 0.6066550657625996], "val_f1_score_neu": [0.688789983934347, 0.6966204628399154, 0.5806803172759549, 0.7142987895005649, 0.69106409399959, 0.7138277136400994, 0.7033323401733237, 0.6631865537357305, 0.6681413963308117, 0.6987551100260937, 0.7148596702239784, 0.6506501454053949, 0.7146859814606094, 0.7077970794264551, 0.7069625878409079, 0.7037389474592902, 0.7133749178191855, 0.707673133857726, 0.6736271823137224, 0.6626351554031732, 0.6954296511081832, 0.6842094289015322, 0.6999211693854274, 0.6314554530399351, 0.6816402182565284, 0.6919645227192894, 0.6889979632201546, 0.6702542285921691, 0.6839912431527084, 0.6985246906466851, 0.6413275142401308, 0.6534456737611102, 0.6939603236913994, 0.6976673885370971, 0.688216151323276, 0.6473242488865336, 0.6884834647585081, 0.6929229442259786, 0.6865432386382058, 0.6954214801445677, 0.6879647205953301, 0.6664382283405591, 0.6951201801033681, 0.6835288540947446, 0.6634168324588072, 0.6613339527116621, 0.6918049659623957, 0.7015316853084309, 0.6777122774025351, 0.6622163709805076, 0.6755066248271961, 0.5961499618258402, 0.6592221803281241, 0.6272356269742884, 0.6852879045111533, 0.6052422365928428, 0.6638661483095101, 0.5828816316242204, 0.6896826930006064], "val_f1_score_pos_neg": [0.5198848988170108, 0.4844266771332285, 0.6032927075208968, 0.5507580439093355, 0.48257672814850167, 0.6034088654059173, 0.5758193347856125, 0.6635144800455777, 0.5981588444308349, 0.6357868766334468, 0.5572831366057788, 0.6367806620932989, 0.5647259213747454, 0.6400987859038646, 0.6327634591803663, 0.5772013509020292, 0.5765416594336985, 0.5787290282334489, 0.49663758037942557, 0.6497251475198107, 0.5791498835618935, 0.6120600607055646, 0.6176823564567436, 0.5891761995349817, 0.6164500867010507, 0.5258536018976351, 0.560364255841373, 0.5661550630211298, 0.5425562482633023, 0.5304993980518014, 0.6193498808225246, 0.6108540998429349, 0.5780158926738456, 0.5857546513642722, 0.6049784289987076, 0.6186266749386021, 0.5783728672283827, 0.5809218341085562, 0.4744791344507704, 0.5411351167902433, 0.5278533331575026, 0.5676514067082089, 0.5711899804468703, 0.5614733656903999, 0.5571432078631882, 0.5901768648683822, 0.5346926432908942, 0.5561932626825413, 0.5631231505618207, 0.5719968529783019, 0.4917132244111983, 0.6024819079766022, 0.5905301844295229, 0.5617098216462755, 0.5447058774122503, 0.6031678557208352, 0.5665510463536395, 0.5752271186201834, 0.5496693641971235],