{"val_f1_score": [0.20035252584705757, 0.2712542705106948, 0.35648902340132893, 0.36574760077820656, 0.4586573492783497, 0.5561906139024624, 0.41679677995614983, 0.38708906932012194, 0.525064991272687, 0.4874808589304772, 0.39849886901573095, 0.6176392999246869, 0.4793607339188711, 0.5821641779715016, 0.586751415321216, 0.6447832262206509, 0.6636911309862774, 0.5838032390481682, 0.6555542878019132, 0.5554756743058176, 0.4917559737362575, 0.6557355100108732, 0.6389067620078066, 0.6427492808238934, 0.5819656785129094, 0.669095365121988, 0.6766940259633338, 0.537733883752055, 0.6175460566412643, 0.6023540347541001, 0.6388478119042549, 0.5808032708564456, 0.5323790347141573, 0.6094378763191849, 0.6383786032026657, 0.657796588182887, 0.6684465043475364, 0.6412285548196888, 0.6491088105442329, 0.6498902802419825, 0.6414520030818271, 0.6390123784839091, 0.4941096059487556, 0.6587669566457365, 0.5841569857681138, 0.5719971995700103, 0.6027689404822759, 0.6218057356886184, 0.6404990807718847, 0.6468830553840659, 0.5705654924227876, 0.5500258071010519, 0.6490387950798923, 0.6569974439962624, 0.62709414144529, 0.550967182789204, 0.6139457378054803, 0.6198544825370813, 0.6546847497951068, 0.5991939797102546, 0.6390446365864422, 0.6008651611719299, 0.6575240255683981, 0.6263443720550197, 0.5439559164211064, 0.6399163955032685, 0.6427091846245967, 0.6162562692162248], "val_f1_score_neu": [0.6010575536008335, 0.6154167680423965, 0.6328426881346714, 0.4608915063408207, 0.6501184855894313, 0.6482835213186983, 0.5637100002692498, 0.6452045021112154, 0.6849394513964809, 0.6907062712004577, 0.6674703404154954, 0.7135647037915286, 0.6833520040810968, 0.6917860162655199, 0.7118276891013064, 0.7050370193046752, 0.6684615347849988, 0.7140111698430259, 0.690856064691526, 0.7107384156405441, 0.7074499528551239, 0.7340335356198112, 0.7314021411512331, 0.7212839996817855, 0.726945002029613, 0.7387421956657582, 0.7293868609966645, 0.7119244649564691, 0.7232485124203841, 0.7260784466623665, 0.7297412310564515, 0.7173879978039619, 0.687786503989272, 0.7183067989949632, 0.7343899191535742, 0.7031344103431751, 0.7423326980089097, 0.6173066232981658, 0.732309269398615, 0.7096498524801893, 0.6112021162320459, 0.7145347775451286, 0.692674002011492, 0.7261550183875212, 0.7072374720664716, 0.7038072354362732, 0.7165635227375445, 0.7090167239241921, 0.6984404897927425, 0.7130169603038641, 0.7025985571614657, 0.7020887277928545, 0.7202396270424057, 0.6668385886439432, 0.6268918850964021, 0.6989816187749283, 0.7144729841608968, 0.7146021364368605, 0.7182915302327134, 0.7046652103295765, 0.674459705929915, 0.7084606543882856, 0.6956440315545465, 0.712195875699083, 0.6956656909257822, 0.6841935677663441, 0.705040102582762, 0.7044253375565884], "f1_score_pos": [0.1052749709924683, 0.32586104387883097, 0.38864893408026546, 0.47699999902397394, 0.4746175603941083, 0.49164430727250874, 0.49965037778019905, 0.5781086180359125, 0.5609520841389894, 0.6246702400967479, 0.6157166250050068, 0.6517120767384768, 0.6605182588100433, 0.6403804337605834, 0.6679515317082405, 0.6840829290449619, 0.7039613239467144, 0.7052427046000957, 0.7015594076365232, 0.7090835385024548, 0.7403779290616512, 0.7241784036159515, 0.7383991405367851, 0.7306715212762356, 0.7348375767469406, 0.744519516825676, 0.7362206168472767, 0.7408613599836826, 0.7652722261846066, 0.7381821349263191, 0.7835313603281975, 0.7510878928005695, 0.7799330055713654, 0.78090725466609, 0.7419771756976843, 0.7820274829864502, 0.7581243813037872, 0.8185132183134556, 0.8059602752327919, 0.8091488070785999, 0.8027122393250465, 0.8325252756476402, 0.8125379793345928, 0.827947124838829, 0.8228444829583168, 0.8240942843258381, 0.8323763012886047, 0.8517578169703484, 0.8672090321779251, 0.8605965487658978, 0.8135148920118809, 0.8686836510896683, 0.8476858697831631, 0.8880786038935184, 0.884246788918972, 0.867363266646862, 0.8489665798842907, 0.9056223966181278, 0.8575739040970802, 0.920394130051136, 0.907664280384779, 0.8514979854226112, 0.9233537316322327, 0.9064994975924492, 0.9067637920379639, 0.9015754424035549, 0.913661289960146, 0.9022352546453476], "f1_score_pos_neg": [0.05416187614900991, 0.16293052193941548, 0.19588936649961397, 0.2958000269718468, 0.31310675223357975, 0.34545046649873257, 0.3588546998798847, 0.41854563541710377, 0.41949052829295397, 0.5002142507582903, 0.5060204844921827, 0.54634272120893, 0.5371472183614969, 0.551774837076664, 0.5616258345544338, 0.5926703810691833, 0.6339044533669949, 0.6215674187988043, 0.6164519693702459, 0.629858922213316, 0.6620837673544884, 0.6480615716427565, 0.6674779541790485, 0.645388076081872, 0.6801453903317451, 0.6605537123978138, 0.6732028275728226, 0.69945028424263, 0.6935201436281204, 0.6903005167841911, 0.7037963010370731, 0.7020611241459846, 0.708220224827528, 0.7361397929489613, 0.7108895406126976, 0.7298099547624588, 0.7384375147521496, 0.7497627958655357, 0.7833063490688801, 0.757489949464798, 0.786667313426733, 0.7718460112810135, 0.7721724025905132, 0.7845436073839664, 0.7786082364618778, 0.8317944370210171, 0.7902169488370419, 0.8267973624169827, 0.8307522088289261, 0.8444046154618263, 0.8074381276965141, 0.8579102791845798, 0.8352009765803814, 0.8587508462369442, 0.8803391605615616, 0.8821031451225281, 0.8458643145859241, 0.8582219667732716, 0.8679816573858261, 0.9130183421075344, 0.8693909980356693, 0.8801866918802261, 0.9269189238548279, 0.885277770459652, 0.8896751664578915, 0.9112918861210346, 0.9208293780684471, 0.8838162310421467], "val_acc": [0.4301075302894866, 0.46551272223823004, 0.519538433891627, 0.5297665927562069, 0.5481248468731196, 0.6118541871378999, 0.5772357675899773, 0.4927878275947436, 0.6045108785349148, 0.6333595535087986, 0.5730396002695187, 0.6666666659007009, 0.6016260108046103, 0.6629950160464996, 0.6296879066403006, 0.6876475134297303, 0.6813532573608411, 0.6464725866300242, 0.6865984847968937, 0.6438499931397477, 0.6451612833663606, 0.6918436982892424, 0.6829268234532054, 0.6923682116911913, 0.6779438703353405, 0.705218980983271, 0.7060057709231453, 0.6679779620361929, 0.6582743225371528, 0.6708628501505668, 0.6829268367091033, 0.6768948344961727, 0.5940204579905828, 0.6551272017793833, 0.6952530733719292, 0.6952530866278271, 0.6999737722430366, 0.6590611028946387, 0.6913191668167534, 0.6905323870689138, 0.6580120519706342, 0.6884342908015127, 0.6147390464425806, 0.6894833482440426, 0.6344086133273855, 0.6289011257356963, 0.6761080504651774, 0.6810910031140835, 0.6824022974831646, 0.6645685785278822, 0.630999219017394, 0.6548649258511041, 0.6831890802948675, 0.672436405503778, 0.6538158942325641, 0.5937581904097676, 0.677419352650236, 0.6569630240256037, 0.6868607438739254, 0.6496197129684016, 0.6682402338220039, 0.6569630173663908, 0.6813532652549784, 0.67532127201479, 0.650406502908276, 0.6737477034056809, 0.6708628352064178, 0.6624704955163792],