{"1": {"val_f1_score": [0.493994154753161, 0.5167059376269165, 0.585845746738905, 0.6343831333187412, 0.6133176842418644, 0.6698381868116567, 0.6334657847115351, 0.6428545565546387, 0.6504633984414417, 0.6545970433658107, 0.6155892326048344, 0.6833922272743967, 0.6580738758997063, 0.6297489805481673, 0.6062294906310575, 0.6246735950076545, 0.6044054396534542, 0.6773232874393839, 0.5559971289718492, 0.6240913792760735, 0.6596991134977953, 0.6489538327934171, 0.6683800042285214, 0.6633035622335874, 0.6013358120151683, 0.6423923890171106, 0.6460548501423642, 0.5555093396282121, 0.560119079224181, 0.6251186189956625, 0.612829836137708, 0.6463056139485779, 0.6469622349726569, 0.673974535704722, 0.6402510948891469, 0.5834138893937302, 0.6498421450596671, 0.6273034805392393, 0.6580808895515263, 0.6647032215749689, 0.6538402145689878, 0.6622499525312548, 0.6335296610537834, 0.6570894509170926, 0.6378113404678417, 0.5789693312134732, 0.6033251057013795, 0.655857238858946, 0.6432089838430133, 0.6421133120667112, 0.658636016355485, 0.632761838130991, 0.6446773125185542, 0.6552735211465918, 0.6591146856257211, 0.6545197593549903, 0.6393578115517531], "val_f1_score_neu": [0.6429778926334386, 0.6760061330724007, 0.6967959092603154, 0.69644500302293, 0.7075017501511913, 0.6835705161782472, 0.6355111599124825, 0.7188647843363902, 0.7201636260242997, 0.7239588700565115, 0.7117855400198749, 0.732255351330832, 0.7266100858441494, 0.7211269620144551, 0.7121685174641382, 0.7180330819136947, 0.5103763313766168, 0.725876879151212, 0.7027740304531965, 0.708163554262621, 0.71976263970801, 0.6704721343726772, 0.7204044879874063, 0.6668468683278064, 0.5161098209604202, 0.7216326265143748, 0.7185551734881047, 0.6960001990234261, 0.7066168338333938, 0.7169354564869088, 0.7171131350879684, 0.6844270178066787, 0.6486241006644855, 0.72173385380323, 0.7176737984490463, 0.6959808064576306, 0.7090183550718104, 0.7156071866587207, 0.7199416789769688, 0.717947521048395, 0.6671056181559749, 0.7230793795434315, 0.7122138275613692, 0.7161251698270608, 0.7170225112356291, 0.696587601625291, 0.7135442348405692, 0.718163875716895, 0.6503605647972491, 0.7198550053978416, 0.7183820929641084, 0.7152148514884431, 0.7228031605364862, 0.715505967545378, 0.710046997071563, 0.6951706594224055, 0.6388033547021259], "f1_score_pos": [0.5900232174566814, 0.6530645596129554, 0.6671935362475259, 0.6920732281037739, 0.7191428307976041, 0.7439973205327988, 0.7413465636117118, 0.7469606846570969, 0.7622094643967492, 0.8095981563840594, 0.7638670951128006, 0.7849087331976209, 0.786804701600756, 0.7752527913876942, 0.7839184296982629, 0.8030437103339604, 0.8143592136246818, 0.8008363949401038, 0.800221426146371, 0.824003489954131, 0.8405323284012931, 0.884111225605011, 0.8818744591304234, 0.8758066892623901, 0.8727625991616931, 0.839904710650444, 0.8924571467297417, 0.8920481183699199, 0.9055968544312886, 0.890081348163741, 0.8595740220376423, 0.9316037382398333, 0.8908525066716331, 0.8882819286414555, 0.938624803509031, 0.9097947371857507, 0.9033981880971363, 0.9535681371177945, 0.9236553758382797, 0.9489284519638334, 0.874011869941439, 0.9285749601466315, 0.9613038024732045, 0.9541911738259452, 0.9540565375770841, 0.9489160754850933, 0.9303135446139744, 0.9668024480342865, 0.9188362317425864, 0.9494518978255135, 0.9612613788672856, 0.9571053300585065, 0.9616032540798187, 0.9698090255260468, 0.9743533432483673, 0.966038948723248, 0.951410344668797], "f1_score_pos_neg": [0.4496905580163002, 0.4798044413328171, 0.5464150501149041, 0.6073084792920521, 0.6490168507610049, 0.6695245930126735, 0.6751501985958644, 0.6787162167685372, 0.69948311150074, 0.7426131069660187, 0.711429529956409, 0.757392406463623, 0.7637155481747219, 0.756542261157717, 0.7516984897000449, 0.7849705985614231, 0.7970439259495053, 0.767545861857278, 0.7810459222112384, 0.8157754072121212, 0.831920080951282, 0.8580627569130489, 0.8038894491536277, 0.8704786151647568, 0.8432206128324781, 0.8374332721744265, 0.886672379715102, 0.8805989963667733, 0.8719080665281841, 0.8618746037994113, 0.8747667031628745, 0.9201393659625735, 0.8910470264298576, 0.8731192286525454, 0.9280411005020142, 0.9162141510418483, 0.8974367720740182, 0.9497339661632266, 0.9284052827528545, 0.9432921579905919, 0.8878847062587738, 0.9288385808467865, 0.9567603192159108, 0.9499102362564632, 0.9522381616490228, 0.9485711966242109, 0.9372084736824036, 0.9425970443657467, 0.9064189898116248, 0.9470396574054446, 0.9572872796228954, 0.955305278301239, 0.9638920213494983, 0.968374952673912, 0.9717193778072085, 0.9582241007259914, 0.9511567843811852], "val_acc": [0.5961185463638465, 0.6063467048454435, 0.642276421607463, 0.6721741414557847, 0.6608969262194639, 0.6863362146993337, 0.6624704935311209, 0.6706005850239686, 0.6936795018396446, 0.6845003775089643, 0.6519800761288118, 0.7054812436556522, 0.6897455983483319, 0.6716496160328622, 0.6530291096544504, 0.6761080372092795, 0.6207710370878644, 0.697613418586855, 0.640440592233071, 0.6855494386250035, 0.6963021206224242, 0.6601101501451337, 0.6860739616718687, 0.6782061299438586, 0.6207710438252371, 0.6763703029455239, 0.6894833421944759, 0.6262785231319901, 0.6611591883603588, 0.6632572745764127, 0.6598478826424784, 0.6601101447052135, 0.6603724020158341, 0.7023341314016662, 0.674534486139224, 0.6210333180652652, 0.6900078791068852, 0.6726986651904558, 0.6928927341284102, 0.6910569107254252, 0.6745344855295777, 0.687122989695059, 0.6690270140388023, 0.6805664824432756, 0.6737477070010306, 0.6212955674192207, 0.6608969316593843, 0.6876475187914909, 0.6608969442274762, 0.6876475242314112, 0.6863362201392541, 0.664306301911797, 0.6792551808678632, 0.6845003998001322, 0.686073953246245, 0.6768948338083667, 0.6535536271207075], "val_loss": [0.862466154935133, 0.8467244100233029, 0.7951665701217111, 0.7245679704060618, 0.7387427330454784, 0.7061574476896356, 0.7398325923293899, 0.7433700534949114, 0.69958216003505, 0.7392160070402054, 0.8406579997043675, 0.6923659317236449, 0.7192330457487038, 0.7724124526152172, 0.9014862549920861, 0.7507672827293201, 0.8081815805205078, 0.7241474930739233, 0.9384264184238715, 0.7842587924303734, 0.7505706564948029, 0.8864823286220092, 0.82285117108835, 0.7821897755387008, 0.918213316720832, 0.8692118508309915, 0.8226014118072026, 1.196660879369236, 1.0621745824626259, 1.0200660810550617, 0.9809935172648996, 0.971936559477035, 0.8856093345149871, 0.8120394055686408, 0.9883974460113589, 1.3614739214001508, 0.8797643131513218, 1.053366174542807, 0.9079926388957136, 0.9256273130091225, 0.8596682004687232, 0.949660823753491, 1.050967421926853, 1.019800797304143, 1.130050638482979, 1.6008269210328212, 1.227391730635428, 1.0040329732264617, 0.939463987723755, 1.0088484297891693, 1.0220025794074006, 1.235540255079612, 1.1597277547879823, 1.0631636408036256, 1.046539179271455, 1.0275592864294425, 1.1004377721083185],