{"1": {"val_f1_score_pos": [0.018584228602953983, 0.2197947123473794, 0.38049442199399436, 0.3173898525646663, 0.40910030320266644, 0.31586573040008115, 0.4152962469700699, 0.39495687918034533, 0.38718560584697215, 0.4406293839470953, 0.34485412343793553, 0.3752515265869762, 0.3903250394374789, 0.42699670070364193, 0.4147915672301388, 0.4461173512514143, 0.4510985647993907, 0.4318153391375608, 0.43026779502884954, 0.4143597945081614, 0.42558821565226507, 0.4265929620999556, 0.3835564151010801, 0.43140113593702967, 0.3854134949380838, 0.42403079639723107, 0.39129078512893195, 0.4246281012054826, 0.4466539668811639, 0.43714573232643894, 0.431740484712792, 0.38605455175424236, 0.3302771815082483, 0.4181010476705248, 0.4554278389376882, 0.3786133305746534, 0.3970574953241816, 0.45109995513202583, 0.4046795158921412, 0.45195833412956343, 0.43513838806722915, 0.4377022069073238, 0.40594409807705417, 0.4276973753430207, 0.39678018787826336, 0.286721053460778, 0.4139863243389387, 0.4520317121931309, 0.45213253000433573, 0.3894399654152047, 0.24464478784459054, 0.4300899727892565, 0.44281201995657843, 0.46663496139561117, 0.3932340605351177, 0.43256130941912657, 0.4327420288251962, 0.4050246600197394, 0.4346802172846372, 0.46440772529233965, 0.4073973787136567, 0.40804168417064446, 0.3184243294364742, 0.37007034019312773, 0.4481746791130886, 0.4300232351067578, 0.4052453685385978, 0.32107711164092245], "loss": [1.08711293210154, 0.9517977108126101, 0.8776191362868184, 0.8410142608310865, 0.8245683092138042, 0.7744749868693559, 0.7662066966295242, 0.7608063739279042, 0.7176512330770493, 0.7165543190810991, 0.7073286778253057, 0.7081055394981218, 0.6751218444627264, 0.6387890149717745, 0.6464197428330131, 0.6244202470001967, 0.5946515176607214, 0.5809304558712504, 0.5837879925966263, 0.5653839470899623, 0.5451086134366367, 0.57610551138287, 0.533032192160254, 0.5239266766154248, 0.509770967066288, 0.4698538932463397, 0.47641001026267593, 0.47534417846928473, 0.4490974124359048, 0.4612961926538011, 0.43279049286375876, 0.4041395916239075, 0.43098139665696933, 0.43538459260826523, 0.3899090996255045, 0.3956692118359649, 0.3787650213293407, 0.3722712096312772, 0.3551784557816775, 0.40241794304355333, 0.2970856322866419, 0.31917800851490186, 0.44182972982525826, 0.30752233367251314, 0.2907694838941097, 0.29566417683077895, 0.3374075755153013, 0.2950295588892439, 0.31985707451467926, 0.2839040061377961, 0.2639058593498624, 0.3247109253121459, 0.27279918154944544, 0.28844873024069745, 0.2657035459642825, 0.22182177914225537, 0.249429769328107, 0.25236615490006364, 0.25101927246736444, 0.26269218714340875, 0.2128587157829948, 0.26769083689736284, 0.21264866318391717, 0.23734004989914273, 0.2220070867434792, 0.22885827282848564, 0.1954671160682388, 0.23707441078579944], "val_f1_score_pos_neg": [0.01344880511463895, 0.1597908876444164, 0.50231772907886, 0.16828499854388562, 0.5115543085339367, 0.46730462487517205, 0.5245214411657885, 0.5111411510423342, 0.47724205845387946, 0.5467699892178775, 0.4529861111899405, 0.39055388696655946, 0.4212189491836541, 0.5315962367587619, 0.4354406350966354, 0.5449720151886659, 0.5533590864824165, 0.46621519123387134, 0.5169620831914705, 0.4645528003834842, 0.5140713493511905, 0.531388595358402, 0.4779669640571536, 0.5187609881310113, 0.4830622659360188, 0.5118953061436299, 0.43782345995514765, 0.46016082855371326, 0.5042842796027955, 0.4469560258328459, 0.5148317950886218, 0.5002816174140773, 0.46769494943076084, 0.5124822150089695, 0.5243727952389368, 0.5097912809251398, 0.508236762322234, 0.5350506643534672, 0.5078251721405307, 0.5221213997616941, 0.4127243639540147, 0.534102198914585, 0.5104290190388692, 0.488194464497667, 0.5014708888890022, 0.42597453686979725, 0.3834660696489984, 0.5346938976016712, 0.5362036307813668, 0.4945297186244891, 0.3901660313785371, 0.4868958675266117, 0.5321214959742623, 0.5527536019086301, 0.4899987570348217, 0.4726130677218701, 0.5183436906503976, 0.4788452053037893, 0.46105812542941516, 0.5479053302332457, 0.5025372317499048, 0.3889983569615819, 0.43386465394169804, 0.48627499353226056, 0.5215492882119392, 0.5259844210573643, 0.5035294492235068, 0.36683952097843425], "f1_score_pos": [0.2806061192456147, 0.30387934467390826, 0.36099194370858045, 0.4128129346215207, 0.43726621730172116, 0.4629028740784396, 0.5087869290424429, 0.4923836044643236, 0.547611770098624, 0.5371374594776527, 0.5511551110640817, 0.568236099637073, 0.5775351517874262, 0.6262385323643684, 0.6573595495327659, 0.6407499436451041, 0.6827553892913072, 0.6952623439871747, 0.6753610942674719, 0.6935196220874786, 0.7174645370763281, 0.6996977141369944, 0.7339432109957156, 0.7536324295012847, 0.7445380833485852, 0.7825772444839063, 0.7994744207548059, 0.7724643790203592, 0.7624734251395516, 0.8096657680428546, 0.8198156596525855, 0.8153685389653497, 0.8096017461756001, 0.8144649033961089, 0.8269695775664371, 0.8371638850025509, 0.8345159058985503, 0.8409896570703258, 0.8405575467192609, 0.8335754106874051, 0.8765263291804687, 0.8594692420700322, 0.7778655322997466, 0.8744317195985628, 0.8882957541424296, 0.8653437411007674, 0.8519089027591373, 0.8695423136586728, 0.8804987358010333, 0.8786421457062596, 0.8982224768918493, 0.8455699734065844, 0.8830988381219946, 0.8741585281880005, 0.8838791257661321, 0.9026358989269837, 0.894958491558614, 0.8794153753830039, 0.8949879148732061, 0.894265388664992, 0.9088440926178641, 0.9045010617245799, 0.9064947120521379, 0.9013512743555981, 0.9181822881750439, 0.897600461607394, 0.911965407755064, 0.9024727201980093], "val_loss": [0.9299014207751591, 0.8601711461847557, 0.9212138613386837, 0.9470415747600046, 0.852044373764093, 0.7748625863526138, 0.7862671658202329, 0.7715741238023481, 0.790918973802823, 0.8008419453588307, 0.7798004689594137, 0.8151008765599881, 0.7993789221379224, 0.8830800829467825, 0.8225445469059603, 0.8074675331606932, 0.8251675125236614, 0.8346612987301664, 0.7920023041751757, 0.8374355258675669, 0.8503287123282429, 0.8636106504173467, 0.850599947701796, 0.8261725949747735, 0.8679053860905468, 0.8556632319389031, 1.0289610474162203, 0.9016396593682894, 0.8812871797364733, 0.9500369278096531, 0.876251399543872, 0.9739298363875227, 0.9955633786204051, 0.8781068545443166, 0.9229377420754031, 1.0289303721257603, 0.938037259536877, 0.9705954575077457, 1.0307642447750043, 0.914959165034292, 1.1871200787608172, 0.99179813741726, 0.9111394510846175, 1.0221517522003647, 1.0262213001313427, 1.1582141043203562, 1.1618581923932252, 1.0520063396300274, 1.0113168100060186, 1.0461658976177777, 1.3369772677157732, 1.1083071284931199, 1.044721720618704, 1.069009472484048, 1.0886969183459778, 1.1661845214507411, 1.036480334767124, 1.1050714499983656, 1.1867696044684206, 1.0889217419716564, 1.2110476149024054, 1.3760354067364418, 1.3360773569498308, 1.278517636263955, 1.087755960008876, 1.1142756628979449, 1.2059141742823847, 1.66702864629108],