{"1": {"val_f1_score_pos_neg": [0.4407374204033602, 0.5041387765669554, 0.4903559728522892, 0.6074578230099011, 0.5631860245752922, 0.5888638812320738, 0.5988960466827584, 0.5214618433187741, 0.6118686127281239, 0.4880456036230788, 0.619600889096884, 0.6103645070250067, 0.5848822119415448, 0.6091188011193194, 0.5984917943039311, 0.530842499660439, 0.6326165883959418, 0.6127680321862746, 0.5654507513093786, 0.6061912101771367, 0.5785350264947683, 0.4814548161190512, 0.5494343704074316, 0.562558252371236, 0.6226130637977494, 0.5484389440612533, 0.5559267979921271, 0.5751728213211698, 0.6033108691640204, 0.6008318860543984, 0.5798410818609953, 0.6007333432880875, 0.5127816038309293, 0.6144746331414493, 0.5880941977627222, 0.5979319698160913, 0.5628842938580977, 0.5861106942777337, 0.5182580892851495, 0.5949758150244272, 0.5701936534812311, 0.5561508761907918, 0.6067603833713526, 0.544094322517479, 0.5459113336128417, 0.5777110713002815, 0.5600506145748415, 0.5601412542779834, 0.5520227540048939, 0.6083659647550915, 0.5485239549318449, 0.477927318066085, 0.5811564934682009, 0.5449651612905326, 0.574428836254507, 0.5652617872964982, 0.5768072410046257, 0.575076419022838, 0.531368566941252, 0.5557717578072827, 0.5779423153591131, 0.5650818117984848, 0.5468358144089833, 0.5884840810921071, 0.5449977765832397, 0.5184838339440191, 0.5849882136359166, 0.5319927065915834], "loss": [1.112107167641322, 0.8823990143007703, 0.8448299335108863, 0.8013029413090812, 0.8305728915664885, 0.6967405180136362, 0.6867810189723969, 0.6697019222709868, 0.6795970756146643, 0.6341795159710778, 0.7343062725332048, 0.5892962300115161, 0.583206037680308, 0.5361390304234293, 0.5578375731905302, 0.5208400876985656, 0.5954378876421187, 0.42909325576490825, 0.3994587982694308, 0.44638778683212066, 0.4663173316253556, 0.38130800508790547, 0.4582594434420268, 0.4114784805311097, 0.36857090642054874, 0.38352148565981126, 0.38902314172850716, 0.35216760345631176, 0.3554990014268292, 0.3171294956571526, 0.35437696137362057, 0.2636660933494568, 0.3515227768156264, 0.3096246160566807, 0.29560454852051204, 0.23097945294446415, 0.2692501511838701, 0.20893831302722296, 0.2528089036544164, 0.3226006035175588, 0.2631044623752435, 0.18764267613490423, 0.20183932077553537, 0.20452544507053164, 0.1977266553375456, 0.29289523926046157, 0.17460526525974274, 0.23691729745931095, 0.2418311076859633, 0.19641080291734803, 0.18640138622787264, 0.19104872768123946, 0.276579800579283, 0.154479852774077, 0.14477128783861795, 0.17340905467669168, 0.16751000119580162, 0.16780132055282593, 0.21513095001379648, 0.15707414162655672, 0.16968718585040835, 0.40452760954697925, 0.1878936928179529, 0.13476699756251442, 0.14167209735347164, 0.14717829786241055, 0.12203766591846943, 0.12689348330928218], "f1_score_neu": [0.3196007300996118, 0.595809570617146, 0.5729894244836437, 0.5864095712701479, 0.5557296753136648, 0.7311958836184608, 0.7294887337419722, 0.7332529491848416, 0.7097526176108254, 0.7309204488992691, 0.6383221447467804, 0.7876520968145795, 0.7633618232276704, 0.8019887953996658, 0.7587007449732887, 0.8024975972043144, 0.6920511595283946, 0.8472334941228231, 0.8553162531720268, 0.835972335603502, 0.8155223992135789, 0.8663557055923674, 0.8262876454326842, 0.8522198564476438, 0.8720572955078549, 0.8707314597235786, 0.8522468772199419, 0.8670698569880592, 0.86809913151794, 0.8919299013084836, 0.8605489995744493, 0.9126676536268659, 0.864790153172281, 0.8920417543914583, 0.8946628206306033, 0.9258791224824058, 0.908053446147177, 0.9279103262556924, 0.9091676341162788, 0.878350920147366, 0.9142357657353083, 0.9370339810848236, 0.9397859126329422, 0.9355307204855813, 0.9390185011757745, 0.8970297061734729, 0.9396649069256253, 0.9246902879741457, 0.9126680543025335, 0.9403798911306593, 0.9392995950248506, 0.9349248343043857, 0.9011138048436906, 0.9453366001447042, 0.9550787756840388, 0.9474283307790756, 0.9483321242862277, 0.9389783293008804, 0.9232883900403976, 0.9494002941581938, 0.9484979758659998, 0.8550610707865821, 0.9441399988200929, 0.9568188587824503, 0.956917843884892, 0.9545822110440996, 0.9611447403828303, 0.9600061343775855], "f1_score_neg": [0.19876697204179233, 0.3066663597193029, 0.41196279641654754, 0.44305521580908036, 0.4825505216916402, 0.5215287241670821, 0.5537805242670907, 0.567739725112915, 0.5609831660985947, 0.6617276304297977, 0.5056710268060366, 0.6390711416800817, 0.6383572833405601, 0.6141016102499433, 0.7043997413582272, 0.6594418088595072, 0.657820400264528, 0.749518460697598, 0.7835961530605952, 0.754786009589831, 0.757237669494417, 0.8116267224152883, 0.7352762967348099, 0.7823305014106963, 0.8138947784900665, 0.7698350151379904, 0.815894795788659, 0.8231418083111445, 0.8396341850360235, 0.8482376883427302, 0.8388052367501788, 0.8594033320744833, 0.8624909520149231, 0.8611147552728653, 0.8394181960158877, 0.8930378721819984, 0.880020765794648, 0.900623705652025, 0.8815269966920217, 0.8386881715721555, 0.8856147511137856, 0.92867225739691, 0.910192597243521, 0.9282969385385513, 0.9154456208149592, 0.8915161010291841, 0.9167166699965795, 0.8784474614593718, 0.893383017844624, 0.9204979572031233, 0.9090574930111567, 0.9094231476386389, 0.852944529718823, 0.9170909159713321, 0.9440469543139139, 0.9217504892084334, 0.9231090098619461, 0.9112850692537096, 0.9087237550152673, 0.9410832573970159, 0.918371319770813, 0.893281391925282, 0.9138940936989255, 0.9374995711776946, 0.9374678979317347, 0.9432979789045122, 0.9532016118367513, 0.9355612115727531], "val_f1_score_neg": [0.2348746433521924, 0.35786045797378285, 0.3518000292459123, 0.5527499372834707, 0.4496408143038516, 0.46717359975601724, 0.48707331810415244, 0.4051161958356558, 0.5137948308158602, 0.3018581697923944, 0.560521194026941, 0.5282040161471213, 0.4706806908621739, 0.5464028451594661, 0.4869421979369937, 0.4308518546164708, 0.5557714647237566, 0.5469190751258826, 0.46945410068035753, 0.5433956374185404, 0.5290347460902585, 0.3279165270179705, 0.4131522230157194, 0.44782553403326886, 0.5598983535640295, 0.4686475920764724, 0.4343966874134, 0.5028067222502549, 0.5214897899717725, 0.5182866149770285, 0.47941470428335986, 0.5320126152620083, 0.4199475965301665, 0.5327193741875935, 0.4921746155954927, 0.5054497648779877, 0.4218913266548109, 0.516640684937918, 0.4257938500436122, 0.49971395945130076, 0.47809320227105007, 0.49591963589113275, 0.5241167186721554, 0.4479157718075813, 0.48678062125012656, 0.47614589958030845, 0.4453206479377457, 0.5128059591360364, 0.4327780946936784, 0.5377910583625151, 0.4641749384191885, 0.32045917188342776, 0.5264790197260387, 0.42754826345938945, 0.4860794876867975, 0.48971301836195874, 0.4718422665078278, 0.46902587331407436, 0.464174936832545, 0.457933930072952, 0.4805721761109227, 0.4678959545894086, 0.47822785393915995, 0.49676085407109266, 0.4245405751452682, 0.39552164914849985, 0.4850894962587664, 0.466378641072265],