{"val_f1_score_pos_neg": [0.41006031372340157, 0.46475922801287606, 0.5034940081086718, 0.5056408827657696, 0.5101419349431027, 0.48528970330886567, 0.5097489317579952, 0.52816696468367, 0.46366346015138665, 0.33043204751360056, 0.5327424879177057, 0.5155946051972544, 0.5064104086796121, 0.5271615205559707, 0.47389846158038373, 0.5035361246219692, 0.4156741446543534, 0.48990614070744326, 0.4860351811214658, 0.2792900506234416, 0.4261380513938118, 0.35213782510615876, 0.4953411707618566, 0.47314767922252565, 0.42783921796139757, 0.5117278322946152, 0.5175934252415055, 0.4015926058851166, 0.4906851382632005, 0.4794817504934293, 0.45018709732828727, 0.48933798318717914, 0.45841160651214263, 0.46985477180937846, 0.28507678158450545, 0.48099090234685254, 0.46702650855695454, 0.46933216290917956, 0.3242561375832054, 0.4805854643672852, 0.4974761968306792, 0.40435941383959845, 0.4631968733431035, 0.4398193485394717, 0.48977530316302653, 0.36506189958930174, 0.4740417513341127, 0.47561071296291635, 0.4536028574084678, 0.41555763669127666, 0.3903399858719263, 0.4100774951175264, 0.43563173768276897, 0.4798647947693214, 0.395520392780201, 0.4547278560661165, 0.4805168425425505, 0.3937239336420489, 0.33636460626548975, 0.41326653178457845, 0.41179493568365066, 0.44931385732158263], "loss": [1.1235989406704903, 0.9313148698872991, 0.8701141484909587, 0.8362495783302519, 0.8129591850770844, 0.7653356865048409, 0.7827658885055118, 0.7707337737083435, 0.7181154216329256, 0.7003108527925279, 0.688954090906514, 0.6653988286852837, 0.6937374133202765, 0.6668935914834341, 0.643497496843338, 0.612552199098799, 0.6048182166284986, 0.5922644692990515, 0.586564924981859, 0.5745028915504614, 0.5607870469490687, 0.5640012299021085, 0.5744810021585889, 0.5207387084762255, 0.5273804499043359, 0.4961009807884693, 0.5033382603691684, 0.5269535440537665, 0.4434366623560588, 0.4838770379622777, 0.45494813099503517, 0.42565575366218883, 0.45204978105094695, 0.46137997176912093, 0.3777371433873971, 0.4214441552758217, 0.40023671918445164, 0.4335252679884434, 0.38460054414139855, 0.3559624602397283, 0.36137470313244396, 0.3725767893095811, 0.3459679993490378, 0.39134847807387513, 0.3162624616589811, 0.35230318684544826, 0.2928599210249053, 0.3498953065524499, 0.27834198996424675, 0.24887998691863483, 0.3311574961990118, 0.2907674155301518, 0.29287551074392265, 0.24270761551128495, 0.2689186628493998, 0.2525580684757895, 0.25202306339310276, 0.23564461804926395, 0.2833814438846376, 0.2510841161840492, 0.278082186770108, 0.26563551566667026], "f1_score_neu": [0.4888857069114844, 0.6440969148857726, 0.677565209981468, 0.6854231759077973, 0.692629331515895, 0.7206973052687116, 0.6990561650858985, 0.7237257659435272, 0.7342673846417003, 0.7402112897899416, 0.7454524859786034, 0.7549136694934633, 0.7348213800125651, 0.7416635006666183, 0.7592147870196236, 0.772273502416081, 0.7773949892984496, 0.7857241754730543, 0.7797827132874064, 0.79584558473693, 0.7994177084830072, 0.7901194244623184, 0.7882401843865713, 0.8190332386228774, 0.8065461392203966, 0.8198922326167425, 0.8247215640213754, 0.8165218383073807, 0.8450539848870702, 0.8286213096645143, 0.8418890726235178, 0.8530754008226924, 0.8424737031261126, 0.8436651254693667, 0.8762787828842798, 0.8512299930055937, 0.8657039834393395, 0.8569973632693291, 0.8766217289699448, 0.8853699333137937, 0.8820752344197698, 0.8802110296156671, 0.8842431828379631, 0.866189132961962, 0.9051558921734492, 0.8922885772254732, 0.9085548172394434, 0.8901830356982019, 0.9113389982117547, 0.9194468541277779, 0.8912967559364107, 0.9109694924619463, 0.907604412900077, 0.9257791141668955, 0.9146533798840311, 0.9241646809710397, 0.9267239910033014, 0.9267771492401758, 0.9118440291947789, 0.9229688901040289, 0.9118337631225586, 0.9166743175850974], "f1_score_neg": [0.30862512201484704, 0.41668550214833683, 0.5014545648462243, 0.5267636374466949, 0.56054297917419, 0.5741160420907868, 0.5297011993825436, 0.558798300412794, 0.6099306493997574, 0.6070595288442241, 0.6111596644752555, 0.635158953567346, 0.606219894770119, 0.6221280429098341, 0.6431220331125789, 0.6654667283097903, 0.6744722674290339, 0.6638550245099597, 0.6579952815340625, 0.7074815978606542, 0.6742530320253637, 0.6930171218183305, 0.6745795922146903, 0.7109842726753818, 0.7046312362783484, 0.7251384167207612, 0.7149466052651405, 0.7274463805887434, 0.7406799660788642, 0.7270822901692655, 0.734121167825328, 0.7651142304142317, 0.756344204975499, 0.767516171766652, 0.81020630730523, 0.7649824809696939, 0.7966111633512709, 0.7672235485580232, 0.8157325271103117, 0.8039121586415503, 0.8012305117315717, 0.7943737804889679, 0.8067858343323072, 0.8027416360047128, 0.8544862626327409, 0.8231680086917348, 0.8522737622261047, 0.8178118757075734, 0.8527468310462104, 0.8769029527902603, 0.8228221022420459, 0.8629334742824236, 0.8477049411998855, 0.8854448232385848, 0.8753527585003111, 0.8753498618801435, 0.8870914686057303, 0.8857069065173467, 0.857189878821373, 0.8859280463722017, 0.8671762338942952, 0.8728754959172673], "val_f1_score_neg": [0.564595449925327, 0.5680729366078121, 0.6367359707819895, 0.6261756232982812, 0.6280106114901458, 0.6195243050855824, 0.6353030808595082, 0.6421137049130583, 0.5373695076209063, 0.302382329201516, 0.63655279921992, 0.6068336879729795, 0.6400562096328495, 0.6319175090438012, 0.5575508160790612, 0.5985814977539481, 0.4129482220005356, 0.6097211947432521, 0.572193569499954, 0.16906496727930442, 0.4590093786256355, 0.3157460185331747, 0.6104469992424849, 0.5513078116694925, 0.4450640155423937, 0.6160519420698426, 0.6165873437543415, 0.40023054932614893, 0.5618542291616139, 0.6126096968547857, 0.4890025251763284, 0.5513090721750067, 0.5219170196309478, 0.6125553655452788, 0.20698746465384504, 0.6061842115248209, 0.5598832529190688, 0.594181116695507, 0.2768582265641418, 0.6003869192534828, 0.5836610183542074, 0.49182700419072034, 0.5328309855855804, 0.499491937850651, 0.6156410507345007, 0.44179521292595514, 0.5765865745439328, 0.593939193347205, 0.5584358762793856, 0.45879477525261464, 0.3731300078610606, 0.4842112618848326, 0.5565177882731203, 0.5927586395140977, 0.4728360931802536, 0.558197691024449, 0.6046876205391998, 0.5204560166133506, 0.4061532702550017, 0.5830105351962005, 0.5203107591421819, 0.5638996085710908], "val_f1_score_neu": [0.6842739066453437, 0.7005152969386091, 0.6594698448680941, 0.5578840341162585, 0.6359489855871402, 0.7192769745315349, 0.6453943986159104, 0.6677650474665457, 0.7307669100491142, 0.722981587648928, 0.6269326827250458, 0.6333223581582214, 0.7055429997231796, 0.65173063442292, 0.7332911460291305, 0.7164684294635414, 0.6863673823511499, 0.7241443126683186, 0.7006260320457102, 0.7052148414580499, 0.7040493534697748, 0.7179399167585094, 0.7212230910656423, 0.7229729346793565, 0.7212070611431638, 0.6519966989125532, 0.6577586756865827, 0.7047870553027816, 0.7040050636526168, 0.7097805274053034, 0.7137307180137823, 0.7034776838202226, 0.7105629725923851, 0.7061511212729464, 0.7068383127142597, 0.7009317765780735, 0.7137289236270786, 0.7060200781689213, 0.7077055718788304, 0.6853645502368019, 0.7041827501126683, 0.7147106793191698, 0.6954124679288722, 0.7059092614171315, 0.6596492356777834, 0.7101527949308308, 0.6768758706128442, 0.6849193286102095, 0.6997431346118531, 0.698286927663363, 0.7023725806192079, 0.7125530492009958, 0.7192478111291114, 0.6117787856911948, 0.7083385565020295, 0.6525167904616582, 0.6605486244271588, 0.7120831457548618, 0.7109352673864343, 0.6881234401043502, 0.7145843844771975, 0.6973030307354071],