{"1": {"val_loss": [0.9919264615754458, 0.9764330158732615, 0.9125941565053656, 0.9830955197702954, 0.9239096692344382, 0.8996267006555443, 0.9991755563694443, 0.8422434491464669, 0.8596688471783374, 0.8958758904087928, 0.7396653371316193, 0.7385628914507925, 0.763378674828284, 0.7430894014218208, 0.8413986559305608, 0.9918988867910271, 0.7385442451389012, 0.7093548055649304, 0.8552839439308553, 0.7179711308499318, 0.8214422227702928, 0.6928739760324082, 0.9155796644039239, 0.9101430522842167, 0.6976519213897051, 0.8095615461777428, 0.9412878461000396, 0.8429291045887715, 0.7222461480185206, 0.8870532024947796, 0.7891099226152744, 0.810729404696948, 0.8392772113373359, 0.7725999584167985, 0.8844414423870784, 0.9296766148443895, 0.7525583452325526, 0.9350931390264108, 0.783265135558984, 0.8769001568236002, 0.7380343266212499, 1.0648240992443285, 0.7541325203771514, 1.003233113315141, 1.0577430011029947, 0.7624823269555177, 0.9689733260515134, 0.8255576853548295, 0.788486172513264, 0.78299162647651, 0.867913099276935, 0.994343799616826, 0.9061854629419058, 0.8631839150366994, 0.8197946704625145, 1.123975667370732, 0.9160327494316391, 0.9571639075699423, 0.8554872312697094, 0.871483323504035, 0.8954603057222794, 0.9416853557288287, 0.9639736039414044, 1.0368958289873997, 1.2554239881904676, 0.9449652482323405, 1.0605834345163525, 1.0450252166358374, 1.0742522109502137], "val_f1_score_neu": [0.6011677774393805, 0.6175081360193178, 0.6424373926654938, 0.6024155230025685, 0.5609386267075538, 0.4805149800299723, 0.646467703754371, 0.6827469361194187, 0.6775973519564863, 0.6825883788697338, 0.7130207541637336, 0.6970222921562795, 0.7107090221563099, 0.704520370792661, 0.6942260667404226, 0.5301463801717621, 0.7386025231309116, 0.7168647040853092, 0.7022361844316918, 0.7226233532226777, 0.7088711188904356, 0.7513876371486212, 0.5970185162856639, 0.685792541022442, 0.7333056705378811, 0.7102601976023238, 0.673613060077219, 0.3670788789996005, 0.7367770541161338, 0.510880193152579, 0.5172077573380569, 0.7176173732188815, 0.6766298285719918, 0.7269662426676676, 0.7164616106283687, 0.6280369436275043, 0.7261396472203334, 0.7103373099430134, 0.6708409565813799, 0.7137907458952397, 0.6687183362931802, 0.6405255168934304, 0.6941590083104996, 0.7006495173853462, 0.6952185013961392, 0.6633287276022396, 0.7001863035385358, 0.7100082566317316, 0.6639774056078723, 0.7047625298016096, 0.6956588358757786, 0.4582968053388183, 0.7100613271505415, 0.7034340045003793, 0.6804058491761622, 0.6542608598039559, 0.695736850211541, 0.6779365751207453, 0.6946741304558904, 0.6318506460442431, 0.6873810023358573, 0.6675686007905375, 0.7076378084217004, 0.6752109675622505, 0.7024433953131148, 0.6440408135567192, 0.6806812759243595, 0.5852828465232128, 0.6913531660533407], "f1_score_pos_neg": [0.046354891407342315, 0.1237217157613486, 0.25077725054385763, 0.31071846233680844, 0.3510634006621937, 0.37480114221883315, 0.426229080495735, 0.4335498888976872, 0.4723616320018967, 0.5076174807424346, 0.5017647547647357, 0.5488298131773869, 0.5271390999356905, 0.5457084368293484, 0.566471042111516, 0.5986131190632781, 0.5806871025512615, 0.5831278295566639, 0.6191314129779736, 0.590080961274604, 0.6288734960059325, 0.6235182831684748, 0.630026218170921, 0.6356003107503057, 0.6373124159872532, 0.6638417076319456, 0.6707134743531545, 0.6611669256041447, 0.6798102421065172, 0.6884856174389521, 0.6811309680342674, 0.7086049392819405, 0.7198691722005606, 0.6961727890496453, 0.7237044535577297, 0.7257241640860835, 0.7433986322333416, 0.7447079277286927, 0.7555474278827509, 0.7596314555654923, 0.7639984389146169, 0.7710052107771238, 0.7793928505852818, 0.7979084700345993, 0.792925580094258, 0.7810837055246035, 0.8211514353752136, 0.8255198119829098, 0.8161753676831722, 0.8073320842037598, 0.853977500150601, 0.8259762494514385, 0.8522855391105016, 0.8302348007758459, 0.8758953356494507, 0.86767309717834, 0.837856370334824, 0.8709282825390497, 0.851531686882178, 0.8825713017334541, 0.8835276216268539, 0.906350597118338, 0.8714415710419416, 0.8939588684588671, 0.9043022456268469, 0.8981477227061987, 0.8959560928245386, 0.9072827125589052, 0.9106260177989801], "f1_score_neg": [0.0021258502965793014, 0.016791402595117688, 0.11266483250074089, 0.15386041750510535, 0.2306510021056359, 0.2510622094074885, 0.32263791433069855, 0.3429324555909261, 0.38680410202747834, 0.42818485549651086, 0.41081182076595724, 0.4832989067848151, 0.4481518950002889, 0.4667773434581856, 0.5035560764372349, 0.5395116782747209, 0.5227484776017567, 0.5295229603846868, 0.5702853339413801, 0.5159224953191975, 0.5980119624485573, 0.5788439776127537, 0.5830835084198043, 0.6072874777019024, 0.5885801091790199, 0.6388959415877858, 0.661165550040702, 0.6153994925164928, 0.6450962135568261, 0.6764566808318099, 0.6448378716595471, 0.6890630737567941, 0.6998162440334758, 0.668641105449448, 0.7033755118027329, 0.7063917224295437, 0.7275532344356179, 0.7359032807871699, 0.7465388417864839, 0.759382608657082, 0.7575080053259929, 0.742436750481526, 0.7735285613841066, 0.7913859356194735, 0.7970395764956871, 0.7567225753640135, 0.8125183867911497, 0.8286714913944403, 0.8087853078419963, 0.8100148315231005, 0.8483111926664909, 0.8203633098552624, 0.8739890599002441, 0.8479530972739061, 0.8668132610619068, 0.8698229566216469, 0.8304234618941942, 0.8768211031953493, 0.8414687408755223, 0.8814527659366528, 0.8815038731942574, 0.9144540093839169, 0.865728280817469, 0.9083867451796929, 0.9110561596850554, 0.8992742793634534, 0.9009377223749956, 0.9085016616930565, 0.9125834659983715], "f1_score_pos": [0.09058393193602872, 0.2306520298977072, 0.3888896665691088, 0.467576507605069, 0.47147580174108344, 0.4985400764271617, 0.529820241422082, 0.524167318517963, 0.5579191700865825, 0.5870501029615601, 0.5927176866680384, 0.6143607202296456, 0.6061263081307212, 0.6246395356332263, 0.6293860053022703, 0.6577145534877976, 0.6386257236202558, 0.6367327089731892, 0.6679774882892767, 0.6642394165198008, 0.6597350413600603, 0.6681926026940346, 0.6769689147671064, 0.6639131382107735, 0.6860447327295939, 0.6887874659150839, 0.6802614033222198, 0.706934355199337, 0.7145242715875307, 0.7005145385240515, 0.7174240617702404, 0.7281468007713556, 0.7399221025407314, 0.7237044759094715, 0.7440333943814039, 0.7450566024829944, 0.7592440440009037, 0.753512564736108, 0.7645560136685768, 0.7598803155124187, 0.7704888631900152, 0.7995736704518398, 0.7852571370700995, 0.8044310261805853, 0.7888115892807642, 0.8054448428253332, 0.8297844771295786, 0.8223681372279922, 0.823565432180961, 0.8046493337800106, 0.8596438107391199, 0.8315892045696577, 0.8305820276339849, 0.8125165166954199, 0.8849774077534676, 0.8655232340097427, 0.845289284363389, 0.8650354550530513, 0.8615946521361669, 0.8836898406346639, 0.8855513700594505, 0.8982471910615762, 0.8771548674752315, 0.8795310016721487, 0.8975483284642299, 0.8970211570461591, 0.8909744570652643, 0.9060637665291628, 0.908668568978707],