{"1": {"val_f1_score": [0.5806099762292537, 0.6008936386704914, 0.6672878431079583, 0.689965931130556, 0.6439428831566171, 0.6894705343552846, 0.6494346011694792, 0.7022498137926512, 0.659989713090566, 0.6972006376790713, 0.6402201132764349, 0.677918290860566, 0.6768153694055539, 0.7017243545010995, 0.7027671514081417, 0.6989743238417082, 0.7038993268009249, 0.6757586106614994, 0.6717893647422261, 0.685909901082969, 0.6582121750109783, 0.5888465635425739, 0.6543916793529861, 0.7007078672218223, 0.6737192498083787, 0.6958256380282266, 0.6552475849974978, 0.638285627991641, 0.6902213617475396, 0.6851574814041361, 0.669746940322914, 0.6817592555945732, 0.6847895702414084, 0.6770116530501433, 0.6528932206623829, 0.6791272622657955, 0.6516730979049796, 0.6555286205693427, 0.6808779744097732, 0.6129126549548688, 0.6721989451166278, 0.630701498631383, 0.6622997449352895, 0.6037497948606028, 0.6693228673284647, 0.6708825623585801, 0.6664328429288137, 0.6540909398111683, 0.661751854585407, 0.6780418533369715, 0.6574840494068845, 0.6699549382576441, 0.6585801721025633, 0.6558978823642546, 0.6515882639568558, 0.6497746285509319, 0.5556335584591481, 0.6600901777901238, 0.6620494385044499, 0.62110325472892, 0.6241826039895029, 0.6538232784086158, 0.6255218888748483, 0.6621506075173765, 0.5789043305428547, 0.6422465383897077], "val_f1_score_neu": [0.6916445368955119, 0.707931574767198, 0.7301252977040819, 0.7390793982747655, 0.7293133203076029, 0.7268783219398991, 0.7329186292229879, 0.7161967273681394, 0.7308165271576702, 0.743842890029375, 0.735127603088562, 0.7436220351711146, 0.7440078036384322, 0.7487609670320396, 0.7053545155051246, 0.7338551340095646, 0.7422869487319004, 0.7417476235835407, 0.7410923471264472, 0.7441572204775426, 0.7372134050421286, 0.7213876651335726, 0.7302363733903898, 0.7333745429780332, 0.6881532400510394, 0.7270632634911987, 0.7324799316747902, 0.7273592070554017, 0.7387973373091943, 0.7250075200677637, 0.7124771180660618, 0.6949537092702082, 0.7035365724325993, 0.7287877794954053, 0.6411039183498085, 0.7063059309571239, 0.7282820105740256, 0.7258992132445254, 0.72033695443984, 0.7147651780723994, 0.7268773042370946, 0.7201887380410892, 0.7250363296515793, 0.7037566710012403, 0.7199012682939995, 0.722359734118657, 0.7023158490954814, 0.6513873088744379, 0.7168593081063621, 0.7103319299711882, 0.7145513848091654, 0.7164348173010171, 0.6926811584455899, 0.7168738948464112, 0.7176381486030566, 0.7192458963256604, 0.6852414468095711, 0.7057885744113357, 0.7110807959595097, 0.7120216607641054, 0.7123689339006476, 0.713673970891896, 0.7102075539922077, 0.7015544012591435, 0.7039181009353129, 0.7102884479685778], "f1_score_pos": [0.6072349916486179, 0.6730044186115265, 0.7124009816085591, 0.7043916065903271, 0.7225222754127839, 0.7424006418270224, 0.7344394072013742, 0.7567743974573472, 0.7512586037902271, 0.7582087043453666, 0.7806633281357148, 0.7882906636771034, 0.7858383348759483, 0.792383570004912, 0.7909726062241722, 0.8302248541046592, 0.8065169339670855, 0.7975913742009331, 0.8319531907053554, 0.8277499798466178, 0.840270137962173, 0.8730637667810216, 0.8244433069930357, 0.8573937687803718, 0.8945136815309525, 0.8478355451541788, 0.8823050251778435, 0.9019295012249666, 0.8595105611226138, 0.8898241765358869, 0.9086047849234413, 0.9180720132939956, 0.8844046452466179, 0.8993336207726422, 0.9310217131586636, 0.8978766036384246, 0.9038639769834631, 0.9253892994978848, 0.9252398487399606, 0.909245986272307, 0.9371854776845259, 0.9292023497469285, 0.9405303264365477, 0.9186007389250923, 0.9215984432136312, 0.9479551131234449, 0.9453288088826572, 0.930232402156381, 0.9542856190134498, 0.9544331501511967, 0.9519019065534368, 0.9580834858557757, 0.929616176906754, 0.9578331735204247, 0.9596961368532742, 0.9578986167907715, 0.9543894941315931, 0.9229191155994639, 0.9579951824510798, 0.964116954628159, 0.9678669563111137, 0.9295427553793963, 0.9753286654458326, 0.967102521482636, 0.9607653319835663, 0.9624210376949871], "f1_score_pos_neg": [0.46208786964416504, 0.5737547278404236, 0.6206565569428837, 0.6382252924582538, 0.6632690526106778, 0.6856979824164334, 0.6822551006779951, 0.7012194517780753, 0.7001482160652385, 0.7087811415686327, 0.7264018181492301, 0.7458764945759493, 0.7414849532001159, 0.7627790035570369, 0.751977784668698, 0.7719052372609868, 0.7841620042043573, 0.765136355862898, 0.8100275160635219, 0.8113607492517022, 0.7991647615152246, 0.8395608435658848, 0.8147192500969943, 0.8405646681785583, 0.8739230922039818, 0.816755877698169, 0.8715409233289606, 0.8731533946359858, 0.8557256968582377, 0.8916594675358605, 0.8954432510277804, 0.899768178077305, 0.8829166056478724, 0.8775671457543093, 0.9205673354513505, 0.8831225572263494, 0.9030957318404141, 0.9230454572859932, 0.9084181540152606, 0.9080940967097002, 0.9340250535922892, 0.9179933062371086, 0.9334759668392294, 0.9114531445152619, 0.9246898065595066, 0.934554810909664, 0.9448782749035779, 0.9252258004511104, 0.9479570380028557, 0.9462109444772496, 0.9378289685529821, 0.9487082362174988, 0.9332403952584547, 0.9489227393094231, 0.9491457123966778, 0.9532381120850059, 0.949708895648227, 0.9290368837468764, 0.9523909451330409, 0.9548448411857381, 0.9619744051905239, 0.9291977391523474, 0.9682002479539198, 0.959778112523696, 0.9564743173473021, 0.95326067507267], "val_acc": [0.6386047795692392, 0.6595856277079148, 0.70154734560426, 0.7109887211959943, 0.6871229933685685, 0.7151848939563732, 0.6889588197572569, 0.7154471542526973, 0.6865984805137381, 0.7254130523598104, 0.6949908112310345, 0.7081038534656898, 0.7104641927092087, 0.7238395000704624, 0.7146603722069603, 0.7230527166491133, 0.7220036598162297, 0.7104641987587753, 0.703645424473295, 0.7185942829046041, 0.6921059597423312, 0.6813532778230703, 0.6821400286830569, 0.7204301135764484, 0.6978756915294309, 0.7157094200671016, 0.6873852608712239, 0.6915814281916824, 0.7123000184100912, 0.7023341181457684, 0.6855494247594593, 0.6976134240267754, 0.699449252791521, 0.6949908274726357, 0.6732231826567131, 0.6999737643488992, 0.6897456156685382, 0.6797796996315727, 0.7018096052127781, 0.6608969322690306, 0.6942040422848758, 0.6645685881102708, 0.6931549967226318, 0.63571991068217, 0.6889588413606189, 0.6997115064286322, 0.6902701381057571, 0.6674534479464379, 0.6892210865721063, 0.6968266447478944, 0.6763703083072845, 0.6900078699934554, 0.6745344824657145, 0.6787306516932716, 0.6750590072789906, 0.6745344854514179, 0.6005769719015792, 0.6871230148312428, 0.6816155229563979, 0.6708628242484171, 0.6619459830523475, 0.678206123894292, 0.6679779661005012, 0.6789929079252874, 0.6451612837571595, 0.6719118810813007], "val_loss": [0.7993836135430314, 0.7376986622904156, 0.6805323206187233, 0.6700879641320804, 0.6902301752314054, 0.6455652394727431, 0.6955251642765412, 0.6484073052686435, 0.7261484171535723, 0.6386690773021009, 0.6934379462866904, 0.6755403809712498, 0.6651019690044903, 0.6524255593211327, 0.652691401195376, 0.6505324299836328, 0.6629438727601694, 0.6990054415462212, 0.7293074600908533, 0.6973424931539189, 0.7977577184023833, 0.8599718550887909, 0.8303072487873384, 0.6764030692272851, 0.7469554175987914, 0.6929461289164965, 0.8967871803984754, 0.9045168131378858, 0.7428144290789263, 0.783296621943158, 0.8888952313618744, 0.8047155558891006, 0.7964940704669097, 0.8704245289166769, 0.8583566754345128, 0.8019396384932255, 0.9471737874514031, 1.035640258552082, 0.8797553682183457, 1.1572652990787384, 0.9615721885313239, 1.2415173311043437, 0.97038584899127, 1.3767186737798376, 0.9725151174405476, 0.9472713262553981, 0.9287393715260943, 0.9513042010161747, 1.037648974379748, 0.9489541722819651, 1.103613981136399, 1.0573453554449324, 0.9942779294343373, 1.1403320664156462, 1.1605550026036984, 1.1986025881335831, 2.087377812647926, 1.006292401399945, 1.0965497306160434, 1.256405551853125, 1.363602552956682, 1.0952235430268018, 1.2519839382721876, 1.125337057653888, 1.537276613033884, 1.190861479897778],