{"1": {"val_loss": [0.784324521299988, 0.7477228134096747, 0.7348922181091939, 0.7005962850914331, 0.6825966906303688, 0.6893029127132226, 0.6882664741977068, 0.6957169839349783, 0.7225973659727225, 0.763796800160827, 0.7092236543683408, 0.6770022704224246, 0.656194242848332, 0.789831944175383, 0.660238702122758, 0.6634091891674679, 0.717885335020715, 0.7655037052356881, 0.7278662591258154, 0.8510606782098096, 0.7431830669243505, 0.9696471504955007, 0.8903553436942342, 0.7885525289589796, 0.8865851938271191, 0.9046932487015082, 1.1090150244930677, 0.7795677417818405, 0.8292521448889462, 0.9825623689628229, 0.9321711935491784, 0.9375231536298232, 0.9332529790846031, 0.9453278824847232, 0.8663874666990334, 1.072687136417232, 0.898978642456931, 1.1947293111166866, 0.9595932440122469, 0.957187628811687, 1.2874095256079097, 1.0173356837092065, 1.0470295413222614, 1.0506707871019636, 1.145139732230782, 1.3979489215552698, 1.0740603798804496, 1.413598945157721, 1.063424871266748, 1.6034413613017513, 1.1658959681050471, 1.1722230318803786, 1.1924052490138832, 1.1661025995411587, 1.2772820062472257, 1.0795791107871042, 1.342225188099741, 1.094843638449743, 1.4466881533792066, 1.240694944451495, 1.3143807852515204, 1.355413128627494, 1.1740918433669356, 1.3283729845852856], "acc": [0.5628571441130978, 0.6475892838622842, 0.6639285758137703, 0.6783928647637367, 0.6760714235050338, 0.6887500020010131, 0.702589283564261, 0.70741070913417, 0.7167857161590031, 0.7156249976583889, 0.7371428651469094, 0.7368749976158142, 0.744732143091304, 0.7531250023416111, 0.7556249999574253, 0.757321434361594, 0.773660713008472, 0.778839283223663, 0.7902678597186293, 0.7922321345124926, 0.806428574025631, 0.8037500003618854, 0.8099107183516026, 0.823035712220839, 0.8310714305511543, 0.8228571425591197, 0.8452678588884217, 0.8406250056411538, 0.8531249990420682, 0.8625892906316689, 0.8590178585478238, 0.8574107161590031, 0.8760714270174503, 0.8801785675542695, 0.8846428559294769, 0.8903571436447757, 0.8791071442621095, 0.8981250098773411, 0.8988392874598503, 0.9137499992336545, 0.905892859080008, 0.9186607168189117, 0.9088392864380564, 0.9042857071118695, 0.929017858845847, 0.931160711816379, 0.9298214252505984, 0.9333928520126002, 0.9341071343847683, 0.9387500041297504, 0.9213392846286297, 0.942589284586055, 0.9322321420269353, 0.9321428537368774, 0.9460714283798423, 0.9357142842241696, 0.9477678569299834, 0.9434821371521268, 0.9515178512249675, 0.9263392830533641, 0.9530357175639698, 0.9531250005321843, 0.9487500015114035, 0.9470535676394191], "val_f1_score_pos_neg": [0.4350510458604826, 0.4454605807837244, 0.5455486400528214, 0.5476098463287074, 0.636052586636517, 0.5881536931401314, 0.544210030483568, 0.5651505619498522, 0.527010672351303, 0.5378524212427037, 0.5609382450377381, 0.669178682989315, 0.6867832225387627, 0.5594356811925116, 0.6752672091638389, 0.6817303465758913, 0.629952612681055, 0.5531808167125433, 0.6389557912597936, 0.6071549011533603, 0.6276403372912404, 0.5337274469652108, 0.5405246262127666, 0.6340572893103683, 0.5553250013375076, 0.5436893907816992, 0.4614468207985843, 0.6394675322289296, 0.6540907012987974, 0.5971432496892978, 0.6144049390544736, 0.588689408057198, 0.5922955978019888, 0.6057761838484274, 0.6318006970705462, 0.5637934884310957, 0.6289949927341272, 0.5641277307855029, 0.6218573116987295, 0.6198167037125994, 0.5462094245543481, 0.6271233624152677, 0.6021211516378809, 0.580644729488827, 0.5993999230277028, 0.47786296397220923, 0.6103666801012441, 0.5154974001334965, 0.6306714990962499, 0.5131993586079767, 0.5872123098548491, 0.6047517815006395, 0.5873084441276788, 0.586775945829276, 0.588089305148361, 0.6263932995117152, 0.58233805142642, 0.632537281360021, 0.5619450642185326, 0.5749290034491467, 0.5776395679864551, 0.5806316200154302, 0.5960210940358271, 0.6094839412522635], "val_f1_score_neu": [0.6848785985244593, 0.6842262828221886, 0.7124443085932087, 0.7155571810191865, 0.7315118903723596, 0.7286678953118253, 0.7127871897287517, 0.7221745358593908, 0.7165709494325141, 0.7164739628273329, 0.72038840619154, 0.724864470952457, 0.7167336545589557, 0.7214933136864469, 0.7294745125890623, 0.7183371000705102, 0.7316867129683275, 0.7138380608532393, 0.7303046108917899, 0.7209745657403357, 0.7039742603440814, 0.6994017463733354, 0.7142944753467021, 0.6530923452115953, 0.7150304643869587, 0.7171344167911691, 0.7015152027873958, 0.7001709873176702, 0.7008960675355365, 0.720839672753919, 0.717824873244578, 0.7168034252737752, 0.7190749619753067, 0.7159728308440568, 0.7114791250779127, 0.7106412571620165, 0.7113196595647409, 0.7124590761793463, 0.70860852077193, 0.7010387296661629, 0.714318994693546, 0.692208913439939, 0.7113039888736615, 0.7125478830357533, 0.7131536634706807, 0.6935641305233405, 0.7084564715741095, 0.6993457521474364, 0.7070698796092698, 0.6933315443830043, 0.7066317278351523, 0.704951386891917, 0.7110465085947261, 0.7119302457628868, 0.7088949686893791, 0.699400262885165, 0.7097911065468286, 0.6700961510246581, 0.7086588993430168, 0.709208460780163, 0.7119018348095582, 0.70952277123506, 0.6881335292655341, 0.591145399718531], "val_f1_score": [0.5183269273662642, 0.5250491800503314, 0.6011805579070184, 0.6035923136990745, 0.6678723701804197, 0.6349917735573253, 0.6004024315561924, 0.6174919142705576, 0.5901974632988256, 0.5973929566033956, 0.6140883212292129, 0.6877406263113834, 0.6967667194291922, 0.6134549083123206, 0.6933363285428609, 0.6939326198964553, 0.6638639748893695, 0.6067332408730202, 0.6694054202773332, 0.645094823874797, 0.6530849825451138, 0.5889522264612149, 0.598447937915996, 0.6404023408389548, 0.60856016708302, 0.6015044297410408, 0.5414696330321357, 0.6597020328904649, 0.6696925037275485, 0.6383754183950306, 0.6488782693449981, 0.6313941019618727, 0.6345553946501309, 0.6425084298031555, 0.6583601988084105, 0.6127427593322992, 0.656436559740027, 0.6135715246356881, 0.6507744038633371, 0.6468907296266764, 0.6022459788801412, 0.6488185444592242, 0.6385154443996458, 0.6246124776273208, 0.637317863218496, 0.5497633616129557, 0.6430632902854951, 0.5767802118223357, 0.6561376474330721, 0.5732434404012008, 0.627018800752231, 0.6381516717813973, 0.6285544906955612, 0.628494068280687, 0.6283578795302487, 0.6507289774174644, 0.6248224239758298, 0.645056916633804, 0.6108496905842573, 0.6196888313498549, 0.6223936888479418, 0.6235953605365728, 0.6267252573496771, 0.6033711123116335], "val_acc": [0.6338840715847021, 0.6532913704197331, 0.6645685947694836, 0.6761080480109605, 0.7044322102707014, 0.6873852669207905, 0.6897456079307204, 0.6873852571977145, 0.6766325722145903, 0.6614214577701127, 0.6860739502605415, 0.7049567229848442, 0.714660365000629, 0.6737476979657605, 0.7172829813291919, 0.7115132417261147, 0.7018096076669951, 0.685811695325978, 0.6963021194656596, 0.6719118709674258, 0.6952530906921355, 0.6359821663045395, 0.665093110078531, 0.6753212700295317, 0.6876475199482556, 0.68161552433201, 0.6511932813586634, 0.6926304749732188, 0.6855494331850832, 0.6745344933455553, 0.6747967440594909, 0.682664566752231, 0.6805664830529218, 0.6771570935732043, 0.693154990751225, 0.6692892798532065, 0.6915814373051122, 0.6645685798253346, 0.6855494253691057, 0.6837136067963947, 0.6624705057084138, 0.6805664823651157, 0.6826645607026643, 0.6698138052761289, 0.6721741343276131, 0.6388670375676659, 0.6768948440004015, 0.6433254767520954, 0.6826645775539119, 0.6247049521468238, 0.6653553702341676, 0.6695515353192565, 0.6711250942052895, 0.6708628405681784, 0.6671911852740566, 0.6763703083072845, 0.665879872287317, 0.6734854501593686, 0.6648308395120124, 0.6608969310497381, 0.6732231833445191, 0.668240224786734, 0.673223178514245, 0.6372934604547732],