{"f1_score_pos": [0.5841246960899937, 0.6280705174758806, 0.6427047767082051, 0.6501638787662863, 0.6734434783308949, 0.6740748565550425, 0.6870719357651083, 0.6930270784314553, 0.7071134065787996, 0.7178280559466712, 0.7231630702039704, 0.7336053860996237, 0.7390941229073247, 0.7413664979850827, 0.7526676554101795, 0.7625708517117716, 0.7652377363051003, 0.7810000900422508, 0.7748631641044089, 0.7948484694837925, 0.7976245134694493, 0.810576448787996, 0.8044513856720685, 0.8213284715036651, 0.821398747813462, 0.8252575574583144, 0.8321603353149328, 0.8448193969214381, 0.8545252405593743, 0.8422860313375392, 0.8516430516338828, 0.8609636332746127, 0.8691007841621811, 0.8672336309624078, 0.8729047799979023, 0.8762221304166257, 0.8824231087337786, 0.8836570229362603, 0.88579182442858, 0.8765282673227727, 0.8921383440344777, 0.8949878207178571, 0.893557453312766, 0.8893062372378369, 0.8980042546912653, 0.9022642740202909, 0.8984236917903076, 0.9084079226656775, 0.9108821446047956, 0.9132177933077117, 0.906744793169762, 0.9037116786193609, 0.9191582855492381, 0.9167023250206032, 0.9212478473033737, 0.9218461352901243, 0.9195944430241033, 0.9243365151423905, 0.9263759042375052, 0.9211726879803979, 0.9227261408115152, 0.9291512458093801], "val_f1_score_pos": [0.6524286886552907, 0.6615322549548854, 0.6748900993986505, 0.6705340063312877, 0.6790426672815213, 0.6660448722302682, 0.6716767200991192, 0.6731501280130895, 0.6840066783482998, 0.6512072519012588, 0.686289508743152, 0.6154632172217966, 0.6707958793718002, 0.6898985536774414, 0.6843596939360163, 0.6500671725898454, 0.6612293460443681, 0.6725223502716278, 0.5668224352056874, 0.6758258906819535, 0.6395214561421193, 0.6327494475024232, 0.6783939021389294, 0.658143828800464, 0.6212433041257635, 0.6533606968442933, 0.6382829876584543, 0.6699628698108574, 0.6413493322870897, 0.6616964772663708, 0.6630990532920702, 0.6347110190892875, 0.6581831726427728, 0.6543023243215182, 0.6460017043357368, 0.651802131846957, 0.6376990554036545, 0.6381981520553343, 0.6503338496404413, 0.6556859408891197, 0.6385834114049311, 0.6453379630713049, 0.641455102874292, 0.6497014838237736, 0.6527158191584115, 0.6266722966267706, 0.6463576803523652, 0.6105722485887182, 0.5958281453193963, 0.6405145779220233, 0.6501912984202936, 0.6320733631724854, 0.6561096640496289, 0.6153247385988762, 0.656973420742573, 0.6057542602914974, 0.6370175685389619, 0.617302726073086, 0.6449307498733028, 0.6482759621661147, 0.6361130329400896, 0.6090829969874999], "val_loss": [0.7425550442666747, 0.7279259836444631, 0.7221836457374092, 0.7055495512004833, 0.7034872868315327, 0.6869298637534728, 0.7061051098699321, 0.7074102939425544, 0.6858166891446501, 0.701335535960167, 0.7083246395929631, 0.7354462168995661, 0.6956757582202806, 0.7015931843183939, 0.7245771729860784, 0.7547714873828296, 0.73701044284074, 0.739984483863223, 0.812561722342924, 0.7528053514323422, 0.7871719891739586, 0.8308450871789116, 0.7739382925427091, 0.8274214470555713, 0.873165044686016, 0.831372328116627, 0.8605755227637222, 0.8503446774616895, 0.9010274411071382, 0.878065935819087, 0.8898468072683035, 0.9636132481289544, 0.9304268961275601, 0.9320850955857477, 0.9858372063361854, 0.9658892263406007, 1.0163226744859397, 0.9740213786757572, 1.0235447888098206, 0.9808938114536181, 1.009477341299365, 0.9951528542575757, 1.0678525327692798, 1.0115192228339303, 1.0787186690302832, 1.107672810060357, 1.0748487249748624, 1.1491022369337807, 1.1993784274816544, 1.0781758584773746, 1.0818028804300839, 1.209465771625276, 1.1399514677985472, 1.184092270685581, 1.1515729337492686, 1.2202672843671956, 1.1361124664077116, 1.2512491336495952, 1.2122298435655137, 1.1431238640194756, 1.1588937595492257, 1.2353801938580322], "acc": [0.6162374350218917, 0.6612751223334116, 0.6736809047846938, 0.6782977369113184, 0.6902010028236475, 0.6950690948109531, 0.7062185937211142, 0.7078831676562228, 0.7228643221771298, 0.7305904531748451, 0.7373429652509378, 0.7449120624954976, 0.7467022640771003, 0.7550565350295311, 0.7627512568130566, 0.7706030177785523, 0.7756909576792214, 0.7841080388606493, 0.7841708562032661, 0.7999371824102786, 0.8035804037772232, 0.812468591871573, 0.8157035188384392, 0.8254396981704775, 0.8277010035200335, 0.8316268838904611, 0.8400125611367537, 0.8487437158149091, 0.8515703494300195, 0.848429647147955, 0.8595791458334755, 0.8642587914838263, 0.8705402018511714, 0.872738690719233, 0.8790515073429999, 0.8788316608523604, 0.8854585439341152, 0.8878768880912407, 0.8914258821525766, 0.8845477381618179, 0.8989321648250872, 0.90109924848505, 0.8988065327606608, 0.9010678429399902, 0.9060929673700476, 0.9098618073604214, 0.9075690951928421, 0.9143216061457318, 0.9144158285092469, 0.9167399468209276, 0.9124685901792804, 0.9127512563338231, 0.9249999983676115, 0.920571605501762, 0.925942209123367, 0.9290515082939785, 0.9243090467237348, 0.9302135658024544, 0.9314698449256432, 0.928423365456375, 0.9289572847698202, 0.9341394433648742], "val_f1_score_neu": [0.7243482777332934, 0.7331216822256321, 0.7283659269351214, 0.7340855114409978, 0.713158687939073, 0.7410367054864998, 0.7418394080659071, 0.7335268210382441, 0.7248620635045712, 0.7467472006771196, 0.7099876494776617, 0.7454118770415602, 0.7311385508503631, 0.7241179820446344, 0.7289496422667492, 0.7403102024103765, 0.7391240713270206, 0.6956731609896251, 0.7355297723617286, 0.7199998626066892, 0.7397767415209611, 0.732228321864997, 0.7259829272473372, 0.6990105054543525, 0.7391365749379855, 0.7317759979536389, 0.6982042566493982, 0.6902675129124124, 0.7274322075814462, 0.6900594935556734, 0.6893572720985978, 0.7400681363504565, 0.7242700397526555, 0.7035615896028634, 0.7337666530358163, 0.731120816608003, 0.7298288013584394, 0.7272526901610726, 0.7018127013744234, 0.6873019602846492, 0.7198211476515621, 0.7232585139436917, 0.6940524861330724, 0.6945395079064558, 0.670058268081781, 0.7230823565826181, 0.6874385280774445, 0.7186305761307332, 0.7302885897988246, 0.7082355349690692, 0.6867148022513311, 0.7271706192221807, 0.6702560307452193, 0.7305869831539941, 0.7155074350065119, 0.7181908552812252, 0.7115304840822463, 0.7277648281008885, 0.6947761481018795, 0.69963252724093, 0.7135290165235613, 0.7191280087863451], "val_f1_score_neg": [0.5569861400608082, 0.5534041556951433, 0.5882070347556306, 0.5800463302008786, 0.642730109162433, 0.6293072160008175, 0.5265983107580849, 0.5120169216589837, 0.6455984429608725, 0.5808500371196734, 0.6456459665879459, 0.58571270827357, 0.6527230139878389, 0.6318370986188451, 0.5899195859456479, 0.5395857436680012, 0.6349067609224198, 0.640523733527887, 0.5428444407211148, 0.5843424129584913, 0.5603787123580447, 0.630299508025068, 0.587477244020272, 0.6289324474056197, 0.5130676554684184, 0.6149418041823184, 0.6213201249593647, 0.6292025317065816, 0.6311003613181486, 0.6323256386597692, 0.6341541669968009, 0.5851656676851136, 0.599793079240495, 0.6248796098706351, 0.4930964211036386, 0.5499777017324328, 0.48485110844818285, 0.6109423393161584, 0.6174792783851226, 0.6100594666776548, 0.5817999851537431, 0.5887227836243397, 0.6074875081069145, 0.5733073168387292, 0.6100093210002553, 0.6014952007182772, 0.6020992860888704, 0.6014914426982081, 0.5841728661950097, 0.601076359104053, 0.5816386383302456, 0.4556849246954382, 0.6043062758212143, 0.5588378853241472, 0.6079314708664795, 0.6046098271531535, 0.6034803037861456, 0.5635132553319568, 0.613187169065848, 0.5837081483209752, 0.5068781175755358, 0.5879545854183466],