{"val_f1_score_pos_neg": [0.3618687438489632, 0.43505367851619986, 0.5138722694736123, 0.5407379891126449, 0.5882898545346484, 0.48374039010522624, 0.5158590365200257, 0.6250267296740304, 0.603090576852928, 0.6179717008035202, 0.46293888183018994, 0.6089462219121229, 0.5982084301491594, 0.5710203902414394, 0.6327196981786212, 0.5459503132059541, 0.6247063470330727, 0.6114976955247995, 0.6231473260215972, 0.5834252850577302, 0.6209982365658988, 0.5941380263625434, 0.5994517292339846, 0.5910142003598877, 0.5673968770545892, 0.5911547312297566, 0.6080385446704781, 0.5468014765842487, 0.5911278012947495, 0.5897048508561317, 0.6154000066003867, 0.566266812554126, 0.602733465807975, 0.5676308096221135, 0.5957966533321237, 0.5685824240532692, 0.591227716796829, 0.4748193072250375, 0.5809851693194149, 0.6072383991164421, 0.5793157214415595, 0.5762180036176636, 0.5519894977707641, 0.5939191614209027, 0.5154177478814794, 0.5969235582549273, 0.5356849096060862, 0.5393357836853135, 0.5829057412575213, 0.5465613518241444, 0.5742960420925411, 0.5626628529265769, 0.5950401930430103, 0.5362429789223759, 0.5986042844007998, 0.5673349809996763, 0.5767315393384598, 0.6054069851753501, 0.5334521158767628, 0.565681250833821, 0.5260925152593793, 0.5669805443946564, 0.5853826400022509, 0.5734057192911227, 0.5402644271460413, 0.5764211556932103], "loss": [1.1103839669376612, 0.8639542628079653, 0.8782016187906265, 0.7858365904539824, 0.7102418523281813, 0.6652978416532278, 0.7164899427443743, 0.7004259452223778, 0.6682635433971882, 0.5801142994314432, 0.5948100797832012, 0.8070732727646828, 0.5079512894153595, 0.5657501295208931, 0.49643282126635313, 0.47759405616670847, 0.5448092231526971, 0.43139260448515415, 0.394039754755795, 0.5653306590393186, 0.40047965943813324, 0.4899228513240814, 0.4335940573364496, 0.3692311365157366, 0.3290127976797521, 0.38595736864954233, 0.3266418846324086, 0.34629285242408514, 0.30786479031667113, 0.25872474862262607, 0.39126026537269354, 0.28020121110603213, 0.3142846506088972, 0.273221499286592, 0.23037454951554537, 0.23885509418323636, 0.22609036462381482, 0.3191119618713856, 0.2486623111180961, 0.24102559266611934, 0.2275679912418127, 0.18401828408241272, 0.16326444083824754, 0.19557444704696536, 0.23376218508929014, 0.21707763383165002, 0.3291438315063715, 0.19694430520758033, 0.19963634572923183, 0.17174876434728503, 0.1610927430447191, 0.16989505966193974, 0.2152860895730555, 0.16854646429419518, 0.1566880422178656, 0.16423311666585505, 0.14604232204146683, 0.17672059498727322, 0.1804246965330094, 0.158406687900424, 0.14859222900122404, 0.12826198409311473, 0.102550353622064, 0.1280559664592147, 0.13779942924156785, 0.12233032798394561], "f1_score_neu": [0.3248009751550853, 0.6159976404160261, 0.5375693729147315, 0.6405868297442794, 0.7298105508089066, 0.744664741680026, 0.6763085834681988, 0.6516856248490512, 0.7200643569231033, 0.7735646180808544, 0.7796229831874371, 0.6280918779084459, 0.8176631052047014, 0.7703102547675371, 0.8189858570694923, 0.8307874016463757, 0.7810139451175928, 0.8398702796548605, 0.8562703281641006, 0.7718475200235844, 0.8562838267534971, 0.7573898518458009, 0.8058886164799333, 0.8671048078685999, 0.8782530520111322, 0.8555141389369965, 0.8874863497912884, 0.8834188524633646, 0.8958955518901348, 0.9190464727580547, 0.8647935576736927, 0.9102333374321461, 0.8886833470314741, 0.9109394568949938, 0.9264319073408842, 0.9255092702805996, 0.922266399487853, 0.8913457915186882, 0.9235191997140646, 0.920031288638711, 0.9233751446008682, 0.9412490259855986, 0.948541920632124, 0.9403262957930565, 0.9180071596056223, 0.9390284903347492, 0.8732168432325125, 0.9350730571895838, 0.9401055239140987, 0.9477051049470901, 0.948998223990202, 0.9455153290182352, 0.9311101865023375, 0.9449590686708689, 0.9509762339293957, 0.9472706858068705, 0.951457217335701, 0.9454121384769678, 0.9404164459556341, 0.9557433277368546, 0.9547386672347784, 0.9629640523344278, 0.9675093665719032, 0.9631847385317087, 0.9564169552177191, 0.96129335090518], "f1_score_neg": [0.21711555472575128, 0.277016086736694, 0.39042937103658915, 0.4367941855452955, 0.4568709544837475, 0.5344575084745884, 0.5377031331881881, 0.5317937759682536, 0.6076267566531897, 0.6399240884929895, 0.65614964812994, 0.564802479930222, 0.6800920013338327, 0.6794631723314524, 0.7151168435811996, 0.7580782510340214, 0.7507599350064993, 0.7662933766841888, 0.7871893048286438, 0.6932438872754574, 0.8005516435950994, 0.7509241793304682, 0.8079564552754164, 0.8061632234603167, 0.8398387581110001, 0.8356846310198307, 0.867913730442524, 0.8191392794251442, 0.8547879345715046, 0.8742995969951153, 0.8578768204897642, 0.8810492120683193, 0.8415440209209919, 0.8373955972492695, 0.8959620781242847, 0.8790498729795218, 0.907019792124629, 0.8844519089907408, 0.8694379720836878, 0.9032265841960907, 0.9110747165977955, 0.929971132427454, 0.9108096733689308, 0.9159042630344629, 0.895370289683342, 0.893197501078248, 0.8836079370230436, 0.9044331032782793, 0.9093729611486197, 0.9318162277340889, 0.9200724270194769, 0.9231710825115442, 0.946905467659235, 0.9120552036911249, 0.9334912057965994, 0.9208817481994629, 0.9392822105437517, 0.945461293682456, 0.9209438543766737, 0.926288828253746, 0.9280200526118279, 0.9291737731546164, 0.9503439739346504, 0.9448403976857662, 0.9498366788029671, 0.9339684676378965], "val_f1_score_neg": [0.07558075470887486, 0.2805331822005026, 0.3445465508374585, 0.3897230035437082, 0.47911064080169063, 0.2852202024073417, 0.33470820917127764, 0.5673450343320603, 0.5447877515278368, 0.5385018685437424, 0.3052408973000789, 0.5083281582276589, 0.5013961006955403, 0.47567980991490333, 0.5588345889528686, 0.3966071479141697, 0.5574853456054746, 0.5298948577467676, 0.5393596448486883, 0.46488030260702834, 0.5501194125612421, 0.5289600382100057, 0.5079169342469706, 0.49121618795326116, 0.45129589414834165, 0.4832093406780292, 0.5312950572659892, 0.448959941153385, 0.5057106616770286, 0.5274843108675907, 0.5370644051791675, 0.4950741773166902, 0.5158809261030641, 0.512471476659167, 0.5233428308634254, 0.5159303479047076, 0.4875910275413269, 0.3024137357448675, 0.5035661204637207, 0.5406177740318394, 0.4999415151815917, 0.46946094220872003, 0.44921948371707626, 0.5220868401473631, 0.4829852405633634, 0.5081687699207132, 0.441317661404766, 0.47680453673579576, 0.496951470874033, 0.41725141888617717, 0.46445505088500516, 0.5038006915653468, 0.5068200557306312, 0.4639456400619915, 0.5192825212711241, 0.47750516891979716, 0.49653128761023385, 0.53282756668484, 0.4727066699176081, 0.5044817878228924, 0.40197761285314404, 0.4544577187216879, 0.5062907619830226, 0.503735981680357, 0.437657850591523, 0.499351008448612],