{"1": {"val_acc": [0.5056385966601599, 0.6567007504733816, 0.635982164397441, 0.6572252854786924, 0.6380802566630616, 0.6884343057456618, 0.6692892744132861, 0.6593233650355336, 0.6768948212402748, 0.6695515239079293, 0.6658798824793518, 0.6653553691555626, 0.6726986530913226, 0.6629950196418493, 0.6745344945648477, 0.6703383090175296, 0.671911871577072, 0.6624704929214745, 0.6627327575791142, 0.6527668469039093, 0.6417518955748943, 0.6635195377959124, 0.654340426783658, 0.6577498030856372, 0.6186729680200652, 0.6582743256010161, 0.6488329360655778, 0.6438499866212224, 0.6383425114569375, 0.648832939129441, 0.6414896304482961, 0.6501442534136328, 0.6509310349278834, 0.6126409686521505, 0.6556517164006247, 0.6068712255162515, 0.6488329475550648, 0.6506687589214444, 0.6548649432494701, 0.6430631983695992, 0.6430631977599529, 0.6115919148831301, 0.6367689466620254, 0.6393915569410217, 0.6443745235336318, 0.6388670412411753, 0.6050354057242481, 0.6472593700513732, 0.6375557318497854, 0.6139522768867757, 0.6294256553792466, 0.6344086084971114, 0.630999219017394, 0.6504065118028585, 0.630474679181809, 0.635982157800756, 0.6378180011188518, 0.6375557214389034, 0.6346708597581655, 0.6247049581963904, 0.63571991068217, 0.6372934725539064], "loss": [1.0240246240909283, 0.854337103664875, 0.8190731434867933, 0.7667586482488192, 0.7709069080077685, 0.7360874970371907, 0.7179571011891732, 0.694768353150441, 0.6783875679740539, 0.6817385422495695, 0.6433908091141627, 0.6585630877659872, 0.6273458995498143, 0.6211998531451592, 0.5753301508151568, 0.5850803777575493, 0.5617868639528751, 0.563158948547565, 0.5206756451382086, 0.5263601117409192, 0.49252774079258627, 0.47968901006075054, 0.4507912715467123, 0.4890702085999342, 0.46625254675745964, 0.4641052656448804, 0.4222506863566545, 0.44576003975593126, 0.41373935628395814, 0.4129682071506977, 0.3881522726554137, 0.386723314340298, 0.3825176957135017, 0.3442043558909343, 0.3776199876402433, 0.33719560503959656, 0.37300541137273496, 0.33442169714432496, 0.3118065826308269, 0.3609054216112082, 0.31094671298678106, 0.29136348959918207, 0.3071019903111916, 0.3188995118611134, 0.31801859160455376, 0.2865353205169623, 0.26864067995204377, 0.31832442403985906, 0.23055931295339877, 0.2391497531475929, 0.2913673435552762, 0.27442504107378995, 0.2380260621699003, 0.28317309758411, 0.23559217513180697, 0.27085438628609365, 0.2601764600437421, 0.2888915232167794, 0.21416312069273913, 0.2352404880982179, 0.23656020342157438, 0.2881225778792913], "val_loss": [0.9220035742531603, 0.763201630618858, 0.787008868953921, 0.7463016310233379, 0.7677428861349672, 0.7202535891764251, 0.7318495635501112, 0.7625457665409405, 0.7332370085663724, 0.7729016349536366, 0.7394326498056377, 0.7677982520344312, 0.7504699772153975, 0.7546499747477146, 0.7942736177440707, 0.779486072710609, 0.7959033392434229, 0.7996626000156748, 0.8316179743252056, 0.9273464418820687, 1.025402836589528, 0.8632312911156435, 0.8663484720523483, 0.8064438219055428, 1.10254821494718, 0.8631976876645272, 0.8972567755532583, 0.9643665130701773, 1.0320443476775234, 1.0188660222090293, 1.0634371458061593, 1.0214713417636483, 1.0297016360270141, 1.0644654945348024, 0.8803526622993315, 1.0812967428221905, 0.9410946604432067, 0.9920965841740034, 1.0537755509670907, 1.0485078926446587, 1.0864765877614895, 1.3266283561637513, 1.1506777857033375, 1.054693562634936, 1.009660478342308, 1.0115765838400448, 1.467874096754871, 1.0840346310790867, 1.1934258885624964, 1.5224321270876908, 1.2576344745727528, 1.1214279455679657, 1.2495724719995718, 1.1288624389447348, 1.126951412706903, 1.1306225159272665, 1.2574027507223233, 1.1521313268619982, 1.1407940477765892, 1.1325280552863324, 1.2500110001442721, 1.1151507870906487], "val_f1_score_pos": [0.6546074777271002, 0.6979001561800638, 0.6284864732764569, 0.6731413959081236, 0.6781693056221869, 0.7187983478081686, 0.7024982116399335, 0.6436995252392407, 0.7003010850768061, 0.6626143039695366, 0.7171625259070767, 0.6759096479559707, 0.6919086453578868, 0.7138704190471808, 0.7081135756663691, 0.6839268028251524, 0.6953280961579174, 0.6877790216758062, 0.6747574564543353, 0.6757398878780838, 0.6025875339725654, 0.6735234808615428, 0.702365139588702, 0.6976689288005283, 0.5853967591905231, 0.6755929590209463, 0.6939397759866502, 0.6656342075623273, 0.6515972489545329, 0.6254569287691534, 0.6283866989778278, 0.6507889248397511, 0.6626562116466855, 0.6620720436089689, 0.6834123650467555, 0.6808400004359639, 0.6832044246376202, 0.6797121110438925, 0.6719931260888544, 0.6500953975669237, 0.6396744471192829, 0.5598528552111633, 0.6455276289575218, 0.6744721736021314, 0.685450202956651, 0.6827747284224925, 0.5826948372016515, 0.6650553695367072, 0.671559673045959, 0.6056509569283393, 0.628701451488783, 0.646731549349789, 0.6521713852006996, 0.6762415243358146, 0.6819888301137048, 0.6789642205989926, 0.6419239609597269, 0.6671922000693175, 0.6554259708976296, 0.6741019248212069, 0.6693224159870252, 0.6441732393047674], "val_f1_score_neu": [0.14008841538347974, 0.6833639842707936, 0.6942363821737978, 0.7040980399796071, 0.6888250500987654, 0.7057108710107921, 0.7033964791949453, 0.7060674419091688, 0.697937063601209, 0.7129621121816487, 0.6423676648291271, 0.7051153530012801, 0.702925356266663, 0.6564628998657365, 0.7022719409970389, 0.7023694479587413, 0.6991742906250292, 0.6803926350155622, 0.6973961377562796, 0.6952854542009417, 0.6991468816643902, 0.692746853690869, 0.6436999025008449, 0.6544259017669963, 0.6848472903914693, 0.6873032355789996, 0.6587790524962691, 0.6884132798281424, 0.6870850771392014, 0.7012552072799897, 0.6947007994623031, 0.690990639098698, 0.6942073260584185, 0.613938155400606, 0.6744963754483355, 0.529069540688537, 0.6527039232667963, 0.6744813259867837, 0.6908304814494504, 0.6840510988310508, 0.6910862110588389, 0.6795377410711844, 0.6870343255896659, 0.6721112206949513, 0.655215603893209, 0.6340827598616797, 0.6748123578502536, 0.6865012261175341, 0.6640441870551831, 0.6758953240672466, 0.6797448740429431, 0.6722806782945072, 0.6738413171664392, 0.677754492497713, 0.6229480630670543, 0.652926847123737, 0.6823516183252132, 0.6661409937957126, 0.6618779527368803, 0.6245572284516655, 0.6681072914222079, 0.6776137421395627], "val_f1_score_pos_neg": [0.5806173408028337, 0.5468506496658545, 0.4814151525028478, 0.5096506728702038, 0.4093127748080198, 0.6307980911080805, 0.5414902781083332, 0.5675584736565671, 0.6241392538424336, 0.5921452155489638, 0.636475791213333, 0.5568315971876235, 0.5911419665034975, 0.6028443466732266, 0.5714358303011042, 0.5950646369813029, 0.5895129957756845, 0.6200391865451912, 0.5841012627566358, 0.5112265304039696, 0.5493923670314536, 0.5983869287244235, 0.6102012506220368, 0.6117442283860474, 0.47164492332932206, 0.5916064458664965, 0.5707142993342742, 0.5002029509704444, 0.4972524283331209, 0.5607360395552322, 0.5235072273830401, 0.5656162269966452, 0.540352350922041, 0.5892891818508526, 0.5902948659328597, 0.6156192626848078, 0.6099353591319678, 0.5656597942872026, 0.5628618702249455, 0.5503562583937096, 0.5512844828711448, 0.4910149534887258, 0.5088428323455848, 0.5169288722230104, 0.5725718247055726, 0.6050999331061621, 0.41761177160000196, 0.5412954603112529, 0.5391732956554643, 0.45059631959115803, 0.5168647618860265, 0.5437838552881656, 0.503389419367893, 0.5699736488606403, 0.5796735978582979, 0.5472867821821727, 0.5332447180215248, 0.538570751222825, 0.5625386883072612, 0.569941927981508, 0.5163478545713637, 0.5573341107074589],