{"1": {"f1_score_pos": [0.06510281469672918, 0.0, 0.0, 0.0, 0.0, 0.0, 0.0, 0.0, 0.29334336903411895, 0.5433895997703075, 0.5437708692625165, 0.543652699328959, 0.5435727508738637, 0.5436065690591931, 0.543726627714932, 0.543764247559011, 0.5436351615935564, 0.5437670247629285, 0.5436059217900038, 0.5437154900282621, 0.5434795012697577, 0.5435886261984706, 0.5434139398857951, 0.5435947403311729, 0.5435897447168827, 0.5437168106436729, 0.5437387879937887, 0.5434896554797888, 0.5435488549992442, 0.5437674829736352, 0.5430686250329018, 0.5436364635825157, 0.5437628924846649, 0.5437669530510902, 0.5435806885361671, 0.5436974549666047, 0.5436253985390067, 0.543319002725184, 0.5436627455055714, 0.5435978341847658, 0.5438012005761266, 0.5433907182887197, 0.5438576396554708, 0.5435775639489293, 0.5436645355075598, 0.5437480248510838, 0.5437626000493765, 0.5436437148600817, 0.5435778684914112, 0.5433821957558393, 0.5434000343084335, 0.5436599990352988, 0.5436359411105514, 0.5436096033081412, 0.5437968261539936, 0.543686768040061, 0.543697077780962, 0.5434372313320637, 0.5434703351929784, 0.5435936786234379], "val_f1_score_pos": [0.0, 0.0, 0.0, 0.0, 0.0, 0.0, 0.0, 0.0, 0.5833714594998574, 0.5833714594998574, 0.5833714594998574, 0.5833714594998574, 0.5833714594998574, 0.5833714594998574, 0.5833714594998574, 0.5833714594998574, 0.5833714594998574, 0.5833714594998574, 0.5833714594998574, 0.5833714594998574, 0.5833714594998574, 0.5833714594998574, 0.5833714594998574, 0.5833714594998574, 0.5833714594998574, 0.5833714594998574, 0.5833714594998574, 0.5833714594998574, 0.5833714594998574, 0.5833714594998574, 0.5833714594998574, 0.5833714594998574, 0.5833714594998574, 0.5833714594998574, 0.5833714594998574, 0.5833714594998574, 0.5833714594998574, 0.5833714594998574, 0.5833714594998574, 0.5833714594998574, 0.5833714594998574, 0.5833714594998574, 0.5833714594998574, 0.5833714594998574, 0.5833714594998574, 0.5833714594998574, 0.5833714594998574, 0.5833714594998574, 0.5833714594998574, 0.5833714594998574, 0.5833714594998574, 0.5833714594998574, 0.5833714594998574, 0.5833714594998574, 0.5833714594998574, 0.5833714594998574, 0.5833714594998574, 0.5833714594998574, 0.5833714594998574, 0.5833714594998574], "val_f1_score_neg": [0.27201800419219424, 0.27201800419219424, 0.27201800419219424, 0.27201800419219424, 0.27201800419219424, 0.27201800419219424, 0.27201800419219424, 0.27201800419219424, 0.0, 0.0, 0.0, 0.0, 0.0, 0.0, 0.0, 0.0, 0.0, 0.0, 0.0, 0.0, 0.0, 0.0, 0.0, 0.0, 0.0, 0.0, 0.0, 0.0, 0.0, 0.0, 0.0, 0.0, 0.0, 0.0, 0.0, 0.0, 0.0, 0.0, 0.0, 0.0, 0.0, 0.0, 0.0, 0.0, 0.0, 0.0, 0.0, 0.0, 0.0, 0.0, 0.0, 0.0, 0.0, 0.0, 0.0, 0.0, 0.0, 0.0, 0.0, 0.0], "val_f1_score": [0.0906726696923934, 0.0906726696923934, 0.0906726696923934, 0.0906726696923934, 0.0906726696923934, 0.0906726696923934, 0.0906726696923934, 0.0906726696923934, 0.1944571611467322, 0.1944571611467322, 0.1944571611467322, 0.1944571611467322, 0.1944571611467322, 0.1944571611467322, 0.1944571611467322, 0.1944571611467322, 0.1944571611467322, 0.1944571611467322, 0.1944571611467322, 0.1944571611467322, 0.1944571611467322, 0.1944571611467322, 0.1944571611467322, 0.1944571611467322, 0.1944571611467322, 0.1944571611467322, 0.1944571611467322, 0.1944571611467322, 0.1944571611467322, 0.1944571611467322, 0.1944571611467322, 0.1944571611467322, 0.1944571611467322, 0.1944571611467322, 0.1944571611467322, 0.1944571611467322, 0.1944571611467322, 0.1944571611467322, 0.1944571611467322, 0.1944571611467322, 0.1944571611467322, 0.1944571611467322, 0.1944571611467322, 0.1944571611467322, 0.1944571611467322, 0.1944571611467322, 0.1944571611467322, 0.1944571611467322, 0.1944571611467322, 0.1944571611467322, 0.1944571611467322, 0.1944571611467322, 0.1944571611467322, 0.1944571611467322, 0.1944571611467322, 0.1944571611467322, 0.1944571611467322, 0.1944571611467322, 0.1944571611467322, 0.1944571611467322], "val_f1_score_neu": [0.0, 0.0, 0.0, 0.0, 0.0, 0.0, 0.0, 0.0, 0.0, 0.0, 0.0, 0.0, 0.0, 0.0, 0.0, 0.0, 0.0, 0.0, 0.0, 0.0, 0.0, 0.0, 0.0, 0.0, 0.0, 0.0, 0.0, 0.0, 0.0, 0.0, 0.0, 0.0, 0.0, 0.0, 0.0, 0.0, 0.0, 0.0, 0.0, 0.0, 0.0, 0.0, 0.0, 0.0, 0.0, 0.0, 0.0, 0.0, 0.0, 0.0, 0.0, 0.0, 0.0, 0.0, 0.0, 0.0, 0.0, 0.0, 0.0, 0.0], "f1_score_neg": [0.21637045999523252, 0.2533857405651361, 0.25342502794228494, 0.25310589955188334, 0.2534525631926954, 0.2534978035837412, 0.25350267346948385, 0.25346483173780143, 0.12401790358126163, 0.0, 0.0, 0.0, 0.0, 0.0, 0.0, 0.0, 0.0, 0.0, 0.0, 0.0, 0.0, 0.0, 0.0, 0.0, 0.0, 0.0, 0.0, 0.0, 0.0, 0.0, 0.0, 0.0, 0.0, 0.0, 0.0, 0.0, 0.0, 0.0, 0.0, 0.0, 0.0, 0.0, 0.0, 0.0, 0.0, 0.0, 0.0, 0.0, 0.0, 0.0, 0.0, 0.0, 0.0, 0.0, 0.0, 0.0, 0.0, 0.0, 0.0, 0.0], "f1_score_neu": [0.04716524854302406, 0.0, 0.0, 0.0, 0.0, 0.0, 0.0, 0.0, 0.0, 0.0, 0.0, 0.0, 0.0, 0.0, 0.0, 0.0, 0.0, 0.0, 0.0, 0.0, 0.0, 0.0, 0.0, 0.0, 0.0, 0.0, 0.0, 0.0, 0.0, 0.0, 0.0, 0.0, 0.0, 0.0, 0.0, 0.0, 0.0, 0.0, 0.0, 0.0, 0.0, 0.0, 0.0, 0.0, 0.0, 0.0, 0.0, 0.0, 0.0, 0.0, 0.0, 0.0, 0.0, 0.0, 0.0, 0.0, 0.0, 0.0, 0.0, 0.0], "f1_score": [0.10954617732204497, 0.08446191542316228, 0.08447501203045249, 0.08436863590031862, 0.08448419021442533, 0.0844992701895535, 0.08450089383404702, 0.08448827918618917, 0.1391204287065193, 0.18112987163476646, 0.1812569589819759, 0.18121757288463414, 0.18119092239066958, 0.18120219535194337, 0.18124221195466816, 0.18125475384294987, 0.1812117255758494, 0.18125568027608097, 0.18120197765529156, 0.18123850249685347, 0.1811598390340805, 0.18119621253572404, 0.18113798461854458, 0.18119824980385602, 0.18119658529758453, 0.1812389399856329, 0.1812462687958032, 0.18116322299465537, 0.18118295772001147, 0.1812558313831687, 0.181022881064564, 0.18121216143481433, 0.18125430447980762, 0.18125565606169403, 0.1811935673467815, 0.18123248731717467, 0.181208472000435, 0.1811063375789672, 0.1812209216877818, 0.1811992833390832, 0.18126707221381366, 0.18113024369813502, 0.18128588632680476, 0.18119252659380436, 0.18122151610441506, 0.18124934588558972, 0.18125420296564698, 0.1812145772855729, 0.18119262740947306, 0.18112740595825016, 0.18113334896042943, 0.18122000340372324, 0.18121198378503323, 0.18120320537127554, 0.18126561515964568, 0.18122892687097192, 0.18123236577957869, 0.18114574905484915, 0.18115678266622126, 0.18119789706543088], "val_loss": [13.57758383747164, 13.57758383747164, 13.57758383747164, 13.57758383747164, 13.57758383747164, 13.57758383747164, 13.57758383747164, 13.57758383747164, 9.473027796061245, 9.473027796061245, 9.473027796061245, 9.473027796061245, 9.473027796061245, 9.473027796061245, 9.473027796061245, 9.473027796061245, 9.473027796061245, 9.473027796061245, 9.473027796061245, 9.473027796061245, 9.473027796061245, 9.473027796061245, 9.473027796061245, 9.473027796061245, 9.473027796061245, 9.473027796061245, 9.473027796061245, 9.473027796061245, 9.473027796061245, 9.473027796061245, 9.473027796061245, 9.473027796061245, 9.473027796061245, 9.473027796061245, 9.473027796061245, 9.473027796061245, 9.473027796061245, 9.473027796061245, 9.473027796061245, 9.473027796061245, 9.473027796061245, 9.473027796061245, 9.473027796061245, 9.473027796061245, 9.473027796061245, 9.473027796061245, 9.473027796061245, 9.473027796061245, 9.473027796061245, 9.473027796061245, 9.473027796061245, 9.473027796061245, 9.473027796061245, 9.473027796061245, 9.473027796061245, 9.473027796061245, 9.473027796061245, 9.473027796061245, 9.473027796061245, 9.473027796061245],