{"1": {"f1_score_neu": [0.6201283286015192, 0.7163576483726501, 0.7163747946421305, 0.7163083602984747, 0.7163840134938558, 0.7165632446606954, 0.7161100258429846, 0.7160589496294657, 0.7165581782658895, 0.7165407538414001, 0.7165614813566208, 0.7160735130310059, 0.7164487242698669, 0.7165153523286184, 0.7164644698301951, 0.7164765199025472, 0.716434453924497, 0.7165056268374125, 0.7164644698301951, 0.7165399541457494, 0.7165701886018118, 0.715981736779213, 0.7164734850327173, 0.7164414475361506, 0.7161100258429846, 0.7164319654305776, 0.7154868841171265, 0.7165614813566208, 0.7160216122865677, 0.7164455155531565, 0.716484064857165, 0.7164841343959173, 0.7162181238333384, 0.7163333843151728, 0.7161181022723516, 0.7163172413905462, 0.7165653904279073, 0.7162832419077555, 0.7156985849142075, 0.7164600044488907, 0.7163602113723755, 0.7161497821410497, 0.716280514995257, 0.7158535023530325, 0.7160735130310059, 0.7164190510908762, 0.7158987919489542, 0.7165284951527914, 0.7165266821781794, 0.7164340317249298, 0.7163340151309967, 0.7156160821517309], "loss": [1.0829215745131175, 1.0135707010825474, 0.9710355003674825, 0.9706620126962662, 0.9647896786530813, 0.9692661811908087, 0.9726703067620596, 0.9678852707147598, 0.969804381330808, 0.9675984481970469, 0.9702108850081762, 0.9686509122451147, 0.9677174985408783, 0.9682651807864507, 0.9650036692619324, 0.9645347595214844, 0.9655784914890925, 0.9671019415060679, 0.966828872760137, 0.9625647415717443, 0.9655459970235825, 0.9665483186642329, 0.9697742015123367, 0.9649357895056406, 0.9707155327002207, 0.9621975173552831, 0.9634995609521866, 0.9719260583321253, 0.9684094389279684, 0.9623706291119257, 0.9620137910048167, 0.9694160372018814, 0.9656952569882075, 0.9633155365784963, 0.965026319026947, 0.9660352269808451, 0.9578128705422083, 0.9571492224931717, 0.9612275511026382, 0.9588393867015839, 0.9551768402258555, 0.9691142241160074, 0.9537350038687388, 0.9539080609877905, 0.9516807993253072, 0.9434996346632639, 0.9639040728410085, 0.9738765160242716, 0.9450534631808599, 0.9278780966997147, 0.9249162425597509, 0.9526829371849695], "val_f1_score": [0.23673514413152574, 0.23673514413152574, 0.23673514413152574, 0.23673514413152574, 0.23673514413152574, 0.23673514413152574, 0.23673514413152574, 0.23673514413152574, 0.23673514413152574, 0.23673514413152574, 0.23673514413152574, 0.23673514413152574, 0.23673514413152574, 0.23673514413152574, 0.23673514413152574, 0.23673514413152574, 0.23673514413152574, 0.23673514413152574, 0.23673514413152574, 0.23673514413152574, 0.23673514413152574, 0.23673514413152574, 0.23673514413152574, 0.23673514413152574, 0.23673514413152574, 0.23673514413152574, 0.23673514413152574, 0.23673514413152574, 0.23673514413152574, 0.23673514413152574, 0.23673514413152574, 0.23673514413152574, 0.23673514413152574, 0.23673514413152574, 0.23673514413152574, 0.23673514413152574, 0.23673514413152574, 0.23673514413152574, 0.23673514413152574, 0.23673514413152574, 0.23673514413152574, 0.23673514413152574, 0.23673514413152574, 0.23673514413152574, 0.23673514413152574, 0.23673514413152574, 0.23673514413152574, 0.23673514413152574, 0.23673514413152574, 0.23673514413152574, 0.23673514413152574, 0.23673514413152574], "f1_score_pos": [0.10010822365681331, 0.0, 0.0, 0.0, 0.0, 0.0, 0.0, 0.0, 0.0, 0.0, 0.0, 0.0, 0.0, 0.0, 0.0, 0.0, 0.0, 0.0, 0.0, 0.0, 0.0, 0.0, 0.0, 0.0, 0.0, 0.0, 0.0, 0.0, 0.0, 0.0, 0.0, 0.0, 0.0, 0.0, 0.0, 0.0, 0.0, 0.0, 0.0, 0.0, 0.0, 0.0, 0.0, 0.0, 0.0, 0.0, 0.0, 0.0, 0.0, 0.0, 0.0, 0.0], "val_loss": [1.0314333692521487, 0.972882043709371, 0.9622254055253139, 0.9622922717747364, 0.9631850580562089, 0.9595070684540663, 0.9595328178214855, 0.9635441311565113, 0.9598601420505917, 0.9588148687747058, 0.9602639471363817, 0.9600096081915171, 0.9601864728689515, 0.960540746253619, 0.9608700356931767, 0.9604247004879631, 0.9616105846065258, 0.9620413318765737, 0.9624319728623089, 0.961341853378809, 0.9614008628351433, 0.9699905242568139, 0.9621386484578553, 0.96137004927156, 0.9611135606984539, 0.9603174917611034, 0.9723066300944707, 0.9598787972855235, 0.9635485826019119, 0.9618496464760626, 0.9605345166700142, 0.9613638225569148, 0.9624124672892284, 0.9669840371238719, 0.9759995415035905, 0.9607360176926414, 0.961126897981775, 0.9693724845799572, 0.9779666358696358, 0.9589213779580738, 0.9709450124192763, 0.9605425214156126, 0.9593983392054789, 0.9580818305292271, 0.9622639490847003, 0.9905543679114241, 1.0003851406004747, 0.9596072102365224, 0.9576623734728581, 0.9572922076612671, 0.9671530602914602, 1.0858967298867195], "val_f1_score_pos": [0.0, 0.0, 0.0, 0.0, 0.0, 0.0, 0.0, 0.0, 0.0, 0.0, 0.0, 0.0, 0.0, 0.0, 0.0, 0.0, 0.0, 0.0, 0.0, 0.0, 0.0, 0.0, 0.0, 0.0, 0.0, 0.0, 0.0, 0.0, 0.0, 0.0, 0.0, 0.0, 0.0, 0.0, 0.0, 0.0, 0.0, 0.0, 0.0, 0.0, 0.0, 0.0, 0.0, 0.0, 0.0, 0.0, 0.0, 0.0, 0.0, 0.0, 0.0, 0.0], "val_f1_score_pos_neg": [0.0, 0.0, 0.0, 0.0, 0.0, 0.0, 0.0, 0.0, 0.0, 0.0, 0.0, 0.0, 0.0, 0.0, 0.0, 0.0, 0.0, 0.0, 0.0, 0.0, 0.0, 0.0, 0.0, 0.0, 0.0, 0.0, 0.0, 0.0, 0.0, 0.0, 0.0, 0.0, 0.0, 0.0, 0.0, 0.0, 0.0, 0.0, 0.0, 0.0, 0.0, 0.0, 0.0, 0.0, 0.0, 0.0, 0.0, 0.0, 0.0, 0.0, 0.0, 0.0], "val_f1_score_neg": [0.0, 0.0, 0.0, 0.0, 0.0, 0.0, 0.0, 0.0, 0.0, 0.0, 0.0, 0.0, 0.0, 0.0, 0.0, 0.0, 0.0, 0.0, 0.0, 0.0, 0.0, 0.0, 0.0, 0.0, 0.0, 0.0, 0.0, 0.0, 0.0, 0.0, 0.0, 0.0, 0.0, 0.0, 0.0, 0.0, 0.0, 0.0, 0.0, 0.0, 0.0, 0.0, 0.0, 0.0, 0.0, 0.0, 0.0, 0.0, 0.0, 0.0, 0.0, 0.0], "val_f1_score_neu": [0.710205417493416, 0.710205417493416, 0.710205417493416, 0.710205417493416, 0.710205417493416, 0.710205417493416, 0.710205417493416, 0.710205417493416, 0.710205417493416, 0.710205417493416, 0.710205417493416, 0.710205417493416, 0.710205417493416, 0.710205417493416, 0.710205417493416, 0.710205417493416, 0.710205417493416, 0.710205417493416, 0.710205417493416, 0.710205417493416, 0.710205417493416, 0.710205417493416, 0.710205417493416, 0.710205417493416, 0.710205417493416, 0.710205417493416, 0.710205417493416, 0.710205417493416, 0.710205417493416, 0.710205417493416, 0.710205417493416, 0.710205417493416, 0.710205417493416, 0.710205417493416, 0.710205417493416, 0.710205417493416, 0.710205417493416, 0.710205417493416, 0.710205417493416, 0.710205417493416, 0.710205417493416, 0.710205417493416, 0.710205417493416, 0.710205417493416, 0.710205417493416, 0.710205417493416, 0.710205417493416, 0.710205417493416, 0.710205417493416, 0.710205417493416, 0.710205417493416, 0.710205417493416], "f1_score_neg": [0.0737847201526165, 0.0, 0.0, 0.0, 0.0, 0.0, 0.0, 0.0, 0.0, 0.0, 0.0, 0.0, 0.0, 0.0, 0.0, 0.0, 0.0, 0.0, 0.0, 0.0, 0.0, 0.0, 0.0, 0.0, 0.0, 0.0, 0.0, 0.0, 0.0, 0.0, 0.0, 0.0, 0.0, 0.0, 0.0, 0.0, 0.0, 0.0, 0.0, 0.0, 0.0, 0.0, 0.0, 0.0, 0.0, 0.0, 0.0, 0.0, 0.0, 0.0, 0.0, 0.0], "f1_score": [0.26467376947402954, 0.2387858827908834, 0.23879160111149153, 0.23876946046948433, 0.23879467695951462, 0.23885441571474075, 0.23870334277550379, 0.238686324407657, 0.2388527343670527, 0.2388469216724237, 0.23885383208592734, 0.238691175977389, 0.23881624514857927, 0.238838459054629, 0.23882149904966354, 0.23882551367084184, 0.23881149043639502, 0.23883521308501562, 0.23882149904966354, 0.23884665966033936, 0.23885673781236014, 0.23866058886051178, 0.23882450287540755, 0.23881381874283156, 0.23870334277550379, 0.23881066342194876, 0.2384956330060959, 0.23885383208592734, 0.23867387076218924, 0.2388151759902636, 0.2388280307253202, 0.2388280468682448, 0.23873938247561455, 0.23877779891093573, 0.23870604236920676, 0.23877241586645445, 0.2388551359375318, 0.23876108477512994, 0.2385662024219831, 0.23882000769178072, 0.23878674084941545, 0.23871659487485886, 0.23876018077135086, 0.23861783494551977, 0.238691175977389, 0.2388063594698906, 0.23863293478886285, 0.2388428325454394, 0.23884223525722822, 0.23881134763360023, 0.2387780100107193, 0.23853870357076326],