{"1": {"val_loss": [0.7611417576705819, 0.7482021645926878, 0.688709158472836, 0.678111547861642, 0.6770446409773958, 0.6793087856400022, 0.6575597135407263, 0.7434473804779763, 0.6814282650463606, 0.6524693404568358, 0.6399006470901085, 0.6532949346618142, 0.6864594592686685, 0.7360645160254862, 0.6458371652413816, 0.7838630017382624, 0.6564682881537617, 0.6796739264451204, 0.6637531529878525, 0.8011659668275386, 0.7208683076662683, 0.7046759292549766, 0.7047993958449695, 0.8604777143159752, 0.7268767275742711, 0.9016090945062004, 0.7304868953858903, 0.9410605729173369, 0.7986821696541299, 1.0771878950557714, 0.8913364565625704, 0.9072081634700064, 0.766233559499536, 1.2176799665684153, 0.89689283511034, 1.01683350479137, 1.0774378261946331, 0.9913769958683928, 0.8422888883949108, 0.9427725883284298, 1.0646325945697868, 1.1305062367851704, 0.9945150665370242, 1.0371566065458873, 1.1403232594034098, 1.0567342515945934, 0.9624573674972308, 1.0376801858447275, 1.1222361337785298, 1.2231315664190836, 1.1399622448404223, 0.9600417706211689, 1.1119354190146113, 1.1302059952618098, 1.0124868878597917, 1.035110228336173, 1.198609664156904, 1.220904555184429, 1.0992821825479167, 1.2819707937638278, 1.171077774667127, 1.2247432565676581, 1.1075322716810745, 1.2442870528686087, 1.2008242494879262, 1.2432618208391724], "acc": [0.5707499993344148, 0.6509166657924652, 0.6660833259423574, 0.6746666729450226, 0.6968333348631859, 0.6955000013113022, 0.703666664659977, 0.7123333339889845, 0.7187500024835268, 0.726833333571752, 0.7290833269556364, 0.7354166706403097, 0.7430833304921786, 0.7512499963243803, 0.7594999969005585, 0.765083335340023, 0.7785833279291788, 0.7788333420952162, 0.786500004430612, 0.7950833290815353, 0.7937500004967054, 0.8134999995430311, 0.8205833360552788, 0.8155833333730698, 0.8257499958078066, 0.8279999991257986, 0.8385000005364418, 0.8536666656533877, 0.8541666666666666, 0.8646666705608368, 0.856833336253961, 0.8810833369692167, 0.8629166682561239, 0.8826666697859764, 0.8932500034570694, 0.8774999976158142, 0.890416664381822, 0.9020000000794729, 0.8988333344459534, 0.9047500068942705, 0.9038333296775818, 0.9093333358565966, 0.9200833340485891, 0.9066666637857755, 0.9250833292802175, 0.919333336253961, 0.9209166665871938, 0.9309999992450079, 0.921666664381822, 0.9449999978144964, 0.9164999946951866, 0.935499998430411, 0.9515833258628845, 0.9338333259026209, 0.9355833331743876, 0.9478333294391632, 0.9385833268364271, 0.9442500000198683, 0.9450833251078924, 0.9504166667660078, 0.9498333359758059, 0.9508333380023638, 0.9451666673024496, 0.9484166651964188, 0.9419999917348226, 0.9529999991257986], "val_f1_score_pos_neg": [0.4892680725337263, 0.47256344647473814, 0.5990157456901984, 0.613681360035783, 0.6040827494858132, 0.5945247275260938, 0.6283437205899146, 0.5350296047457304, 0.5875911928367464, 0.6698299643876451, 0.6653095299948115, 0.6759056139267432, 0.6212424006700954, 0.5953062224069231, 0.6769818794749211, 0.5334595041171228, 0.6744332114699129, 0.6735914580283626, 0.6563755952089502, 0.6034732144428556, 0.6288353631010588, 0.6558138908534547, 0.6636133970721575, 0.5880362539037519, 0.6449800367402868, 0.5065613733543488, 0.6693635431450244, 0.545371139976505, 0.616598680658413, 0.5882448086018266, 0.5969143316810162, 0.6134359114069404, 0.6567198735599032, 0.5285505296644375, 0.6206919767867227, 0.5836390706613062, 0.5749835882510784, 0.6324781045305926, 0.663904722534763, 0.6124246604418211, 0.5959025478381795, 0.5865045346958632, 0.6238949238050338, 0.6059575623613063, 0.5648030942111012, 0.6125880742898426, 0.6432900942125378, 0.624541641407178, 0.6012802153724153, 0.5815924985684531, 0.6187563398332694, 0.6363015181900102, 0.6135199275068057, 0.5877121739771433, 0.6342533837457732, 0.645621473570993, 0.6053989256832064, 0.5968026952608471, 0.6145500892921286, 0.5868419006119054, 0.6371338733249907, 0.6028206846765918, 0.6101714538802571, 0.6042033339497176, 0.5864378151667266, 0.6111511259981881], "val_f1_score_neu": [0.6925833469890341, 0.7014158218825486, 0.7189450999929496, 0.727600676226172, 0.7280033395698682, 0.7287921520971483, 0.7294455865628132, 0.7168294791940188, 0.7287331751691617, 0.7153410198899226, 0.7340719813347613, 0.7027672363365538, 0.7345279799400588, 0.7289483214406369, 0.7322954391670327, 0.7188061102775336, 0.70931984036731, 0.6885353555805628, 0.7305168605619862, 0.7284061924979157, 0.7243852904703935, 0.710423782854733, 0.7148021001094225, 0.724332561681754, 0.7294481864539526, 0.7129823847952522, 0.6930486967392928, 0.7206492456369378, 0.7265542532526662, 0.712111813187943, 0.7087502601326153, 0.7254670408026552, 0.7105606424974201, 0.7109305063258186, 0.7062686206536002, 0.7244301883373365, 0.7194884701754333, 0.7287438780561758, 0.6980223844378382, 0.7124951095866181, 0.7221363488689295, 0.7216475693659928, 0.7216429472157188, 0.7259634984718231, 0.7114028253487767, 0.7224277068772655, 0.7027030680050164, 0.7144198395309879, 0.709935292027111, 0.7198740107132137, 0.7245251491818252, 0.6976462125059129, 0.7082685201054885, 0.7114370021800059, 0.7060385965907039, 0.6534168018839536, 0.7211185870225618, 0.7174225134890817, 0.6922609122788034, 0.7141304248091495, 0.7044138426296735, 0.7003016391514544, 0.6926393465297979, 0.7109684161304521, 0.7092855577859045, 0.7161502559260686], "val_f1_score": [0.5570398446865167, 0.5488475820319784, 0.6389922101510781, 0.6516544765104249, 0.6453896327153797, 0.6392805520049425, 0.6620443624490957, 0.5956295869996345, 0.6346385427544257, 0.6850003448803219, 0.6882303747923206, 0.6848595124856712, 0.6590042734533791, 0.6398536118815773, 0.6954197577844915, 0.5952417302750678, 0.6860621066628683, 0.6785727910816653, 0.6810893477213029, 0.6451175577240981, 0.6606853623387696, 0.6740172028447773, 0.6806763143730764, 0.6334683721283744, 0.6731361013024053, 0.5753683944308723, 0.6772586057388091, 0.603797182038235, 0.6532505417695484, 0.629533833260615, 0.6341930054442763, 0.6507796472587706, 0.6746668128275728, 0.589343876060838, 0.6492175367945859, 0.6305694510359605, 0.6231519125153816, 0.6645667191537197, 0.6752772999503873, 0.6457814888756575, 0.637980502357703, 0.6315522327874546, 0.656477634749824, 0.6459595694055464, 0.6136696833092304, 0.6492013144674433, 0.6630944533358087, 0.6545010632553221, 0.6374986029158982, 0.6276863747120779, 0.6540126216683586, 0.6567497584190138, 0.6451028141799074, 0.6289538048772464, 0.65818180268498, 0.6482199371845867, 0.6439721738138506, 0.6370093247848578, 0.6404537161660263, 0.6292714425468895, 0.6595605460483822, 0.6353143596161452, 0.6376607765089706, 0.6397917187811039, 0.6273870757330817, 0.6461508636583407], "val_acc": [0.653029119158679, 0.6511932831250743, 0.693941775938985, 0.6968266556277352, 0.697088909405534, 0.694466296609793, 0.704694458546052, 0.6627327593455251, 0.6907946402370664, 0.7138735815792799, 0.7206923685110118, 0.7083661192019343, 0.6978756879340812, 0.6842381293117734, 0.7185942811381932, 0.6737477094552475, 0.7104642029012435, 0.7004982970563127, 0.7117755153564965, 0.6834513417479562, 0.7060057691567344, 0.7052189881114425, 0.7075793255885504, 0.6824023023134387, 0.7073170689657358, 0.6687647423936788, 0.700236037291475, 0.6818777768123566, 0.7010228159607098, 0.653029122300702, 0.6934172570971157, 0.6934172511257088, 0.6915814288794885, 0.6590611077249128, 0.6897456187324014, 0.6831890862037464, 0.6779438642076142, 0.6936795174715996, 0.6949908177495597, 0.6884342985393305, 0.676894823616332, 0.6700760482522468, 0.6913191643625365, 0.6868607306180274, 0.6711250996452099, 0.6826645680496832, 0.6839758689372896, 0.6858117074251112, 0.680041963679566, 0.6753212689509268, 0.6858116875100004, 0.6837136122363151, 0.6852871728887591, 0.6779438720235917, 0.691843692849322, 0.668764748912204, 0.6813532693974464, 0.675321260525303, 0.6716496094361772, 0.6747967530322331, 0.6826645649858201, 0.6734854496904099, 0.6763702975056036, 0.6750590187684776, 0.6753212604471432, 0.6816155290059646],