{"1": {"val_f1_score_pos": [0.32561348009313273, 0.14689383393357158, 0.2910746651300695, 0.26021512940666774, 0.2466042347577473, 0.39176115417770047, 0.383562393932261, 0.2243308257973521, 0.38759723770902654, 0.32970785338547226, 0.2765840509159845, 0.2648648337716194, 0.23798372221459582, 0.39301613632805754, 0.3020373297954968, 0.3686331970113599, 0.37760784372090755, 0.38059286315377855, 0.37922241112105864, 0.37922181754137985, 0.3854561566073134, 0.2754218474841579, 0.34168423258448527, 0.20454392599941534, 0.38874916747728555, 0.29746152469289233, 0.3881108336656736, 0.39422839338372967, 0.36295418500953897, 0.2627091862519368, 0.40117948665524517, 0.330058743194369, 0.37264054209275443, 0.37149649103697063, 0.3598099919224558, 0.3737669519835424, 0.41220372612284367, 0.398115117969247, 0.35788763136516216, 0.3590971094179518, 0.39101025424612784, 0.39818625217131864, 0.3735945828718159, 0.32050261089140053, 0.3607920705869935, 0.3829257419610206, 0.3947838290795195, 0.38928438469036925, 0.4142101345918117, 0.39897454309131025, 0.39309549292786616, 0.3805889212570371, 0.36637737859062286, 0.37422095025331115, 0.39975713946183306, 0.3343854789335986, 0.35999515376485686], "loss": [1.1278665363788605, 0.9549812506884336, 0.9002708317711949, 0.9019781583920121, 0.8415113259106874, 0.7965592574328184, 0.7907841745764017, 0.7563837161287665, 0.7487606583163142, 0.7178606800734997, 0.7121257949620485, 0.6828188747167587, 0.6841688537970185, 0.6723778592422605, 0.6550135985016823, 0.6334767816588283, 0.6113400934264064, 0.5773615650832653, 0.5786182461306453, 0.5981192118488252, 0.5431398656219244, 0.5273830476216972, 0.5051579978317022, 0.53166000591591, 0.47722856095060706, 0.49500451935455203, 0.5019204425625503, 0.41452984046190977, 0.4768089922145009, 0.44798340927809477, 0.4031405043788254, 0.44129653880372643, 0.3799844696186483, 0.3292606552131474, 0.464617723133415, 0.3500277837738395, 0.35326658468693495, 0.34225196903571486, 0.3420819048769772, 0.3667186596430838, 0.28509664186276495, 0.29195542726665735, 0.32821263279765844, 0.2983685522340238, 0.2555585545487702, 0.28453578474000096, 0.2855473419185728, 0.20716760866343975, 0.27562584821134806, 0.2226695369463414, 0.23950716410763562, 0.2496202257461846, 0.23902846756391227, 0.24024918302893639, 0.2073909977916628, 0.24003756791353226, 0.21488478174433112], "val_f1_score_pos_neg": [0.4342026832239938, 0.08701514406108771, 0.42356808299263266, 0.2626598149310132, 0.4212515141531738, 0.515135040194185, 0.5008789202247822, 0.4311244797985456, 0.5099393839885455, 0.41898103996112546, 0.3005538919971593, 0.3398580376596747, 0.3975376713211559, 0.5142436766753151, 0.2873630226864988, 0.4999892257566233, 0.4966547140601086, 0.48489112951602154, 0.41745676410611127, 0.4945702862750288, 0.3944639471592905, 0.39139512818083805, 0.30410688565863825, 0.4002829010535938, 0.5013013984295789, 0.4331615796858161, 0.49870610294768897, 0.5022689347807695, 0.37368933657402936, 0.39884384416858193, 0.5077515590635978, 0.47478161585314876, 0.486042645389949, 0.49016600986670333, 0.4929915184219625, 0.46476531925632564, 0.5078087987472922, 0.49904504120752075, 0.4847325292783335, 0.4569143334649138, 0.4811379144817014, 0.5066134883271002, 0.477495628732097, 0.39796626401601803, 0.4379366167053895, 0.4846442875109221, 0.49337219076547006, 0.49026579723881536, 0.5118224410607479, 0.4549793861387444, 0.4838107181893133, 0.3827444808176386, 0.47734158201578014, 0.4831361661234044, 0.5048058656653036, 0.407010436232327, 0.479155130902229], "f1_score_pos": [0.3169204641599208, 0.37251106183975935, 0.39829690707847476, 0.3918605735525489, 0.46282026171684265, 0.4762250524945557, 0.4978999434970319, 0.511427671648562, 0.5254707355052233, 0.5636281222105026, 0.5842615934088826, 0.5865313345566392, 0.59954534471035, 0.5743457479402423, 0.6446535177528858, 0.6357480329461396, 0.6788415294140577, 0.6861611385829747, 0.7120544072240591, 0.6630382155999541, 0.7491201385855675, 0.7854896252974868, 0.7384813344106078, 0.7606410291045904, 0.7476850459352136, 0.7724838322028518, 0.7536797504872084, 0.8429759740829468, 0.7565416814759374, 0.8136721029877663, 0.8086242554709315, 0.8180171614512801, 0.8492527576163411, 0.853893831372261, 0.7759806802496314, 0.8685651067644358, 0.8379896087571979, 0.8560334332287312, 0.8644962273538113, 0.8635192094370723, 0.879785681143403, 0.8754365043714643, 0.8706507366150618, 0.8736935695633292, 0.8937805276364088, 0.8915554620325565, 0.8992062853649259, 0.9132003551349044, 0.8884617453441024, 0.8941508391872048, 0.9001113995909691, 0.9064591871574521, 0.8951080329716206, 0.9057454615831375, 0.9052461376413703, 0.8821923211216927, 0.9191297674551606], "val_loss": [0.9659511432742086, 0.9684452931729727, 0.8786841678394158, 0.8498572024256594, 0.8059173510303059, 0.8434711055770631, 0.8190335972160034, 0.8301605383823222, 0.8741913642424267, 0.8258998735338194, 0.8597200864400619, 0.8184646697018633, 0.8235179422087247, 0.8284077758570271, 0.8782874300197819, 0.82963739120365, 0.7975351632150829, 0.8226637872178116, 0.8620168780132934, 0.8506278693005678, 0.967986367492058, 0.9495499124411146, 1.1436159617183341, 0.9639783531923418, 0.8960655338046682, 0.9499841586888185, 0.8593373819079637, 0.8739277068366352, 1.0350935104672994, 1.0145990099394262, 1.0421589875725332, 1.0253675068170167, 0.9452108501369118, 1.0267936406347915, 0.9882942590958033, 1.0399002064148477, 1.0235278221920596, 0.9782350507342381, 0.9928899779279008, 0.9483776544055261, 1.0431724925111985, 1.178647245472742, 1.0691326311242726, 1.2673000099419798, 1.2395225245299448, 1.0935830420006303, 1.000644350904524, 1.1409378225504145, 1.1420132527199083, 1.1688648766351615, 1.10926695310796, 1.4478922335349704, 1.1797171062678835, 1.0988255641613787, 1.2007073793012282, 1.3136251535814623, 1.2479454540101675], "acc": [0.4429687468800694, 0.5307812541723251, 0.5779687454923987, 0.5615624994970858, 0.6148437522351742, 0.6354687549173832, 0.6345312464982271, 0.6531250057742, 0.6601562481373549, 0.6682812431827188, 0.6731250006705523, 0.6918750014156103, 0.6857812535017729, 0.6999999964609742, 0.7053125016391277, 0.7210937477648258, 0.7260937467217445, 0.746406246908009, 0.7464062497019768, 0.7467187652364373, 0.7692187493667006, 0.7759374948218465, 0.7884374987334013, 0.7784375073388219, 0.8059374997392297, 0.7937499918043613, 0.7895312616601586, 0.8296874985098839, 0.8045312548056245, 0.8215624978765845, 0.8446875000372529, 0.8210937455296516, 0.8532812558114529, 0.8715624958276749, 0.818437498062849, 0.8678125012665987, 0.8628124948590994, 0.8679687455296516, 0.8664062451571226, 0.863124999217689, 0.8940625060349703, 0.8970312513411045, 0.8751562498509884, 0.8903125002980232, 0.907187501899898, 0.8932812511920929, 0.8987499997019768, 0.9245312493294477, 0.8992187362164259, 0.9212500061839819, 0.91312500461936, 0.9128125011920929, 0.9120312510058284, 0.9082812499254942, 0.922499991953373, 0.9137499975040555, 0.9229687554761767],