{"f1_score_neu": [0.5482754521071911, 0.6681187038238232, 0.6509361794361701, 0.6594011279252859, 0.6744699741785343, 0.6482003686519769, 0.6747340582884275, 0.6808798129741962, 0.6574741705105855, 0.6901579120984445, 0.6661559263100991, 0.6797388390852854, 0.6873920548420686, 0.6683037349810967, 0.7034241499809119, 0.6957293645693705, 0.6981095671653748, 0.704650050172439, 0.7058708472893789, 0.7226041819040592, 0.7146191298961639, 0.7137891271939645, 0.721644429060129, 0.7236171181385334, 0.7458435927446072, 0.7253337938051957, 0.7181445692594235, 0.7268890692637517, 0.7451713543671828, 0.7551914281569995, 0.7616243752149435, 0.7697249330007113, 0.7208815899032813, 0.7782380913312619, 0.7882542873804386, 0.7860275862308649, 0.7814417229248927, 0.7771419057479272, 0.8023873154933636, 0.80688910644788, 0.8325038494972082, 0.8204763978719711, 0.7919149433191006, 0.8250870968286808, 0.817633358331827, 0.8179647211845105, 0.8396002008364751, 0.8482803839903611, 0.8447708762609042, 0.8614914440191709, 0.8742073797262632, 0.8472162324648637, 0.8715644318323869, 0.8877423061774328, 0.8866442384628149, 0.9118653535842896, 0.8380133796196717, 0.9105900755295386, 0.8919503161540399, 0.9338626861572266, 0.9188955196967492, 0.8857151854496735, 0.9194182191903775, 0.9194383116868826, 0.8975026607513428, 0.9273291470912787, 0.9435042314804517, 0.9529472314394437], "val_f1_score_pos_neg": [0.0, 0.0, 0.03162289505009173, 0.01263304970055832, 0.04859502392004483, 0.04768697151958647, 0.24997882914339375, 0.24066667743379128, 0.09031849571353297, 0.053505594225024725, 0.07811136788416702, 0.20536315658984824, 0.274567002066073, 0.31577141983145485, 0.010846572245663476, 0.26804421299811265, 0.4648144426401596, 0.11752290780741086, 0.0032131611258528867, 0.10803442478541903, 0.23778318795758863, 0.3171253119617553, 0.2959113780893402, 0.2559398434020569, 0.3403605803197105, 0.4616354387513271, 0.39310952647012254, 0.3251124187680552, 0.22001055795975863, 0.18027815711401735, 0.23368065707382188, 0.20515312575511013, 0.34215996484471184, 0.35097738950305085, 0.39690646954179076, 0.40237795161707574, 0.3000479326208486, 0.3852322683562795, 0.40584716322826364, 0.4179476396462642, 0.33305714483524945, 0.4077278602461101, 0.3706284394094765, 0.45403227618938624, 0.3443360345030067, 0.37104362273505825, 0.32009593726169727, 0.3706652405988081, 0.2974017773508972, 0.3790123478496498, 0.3892830864861909, 0.34699675510501304, 0.3822886385308479, 0.14843921484010905, 0.38805714899819016, 0.21764244833643567, 0.40054863561288334, 0.38454540232736895, 0.3873927966732192, 0.42714079373922104, 0.3132369192237528, 0.4262972626394374, 0.3693664840787475, 0.24184095280373144, 0.4074731781388316, 0.396303980925895, 0.27297211438752594, 0.37975598751721057], "acc": [0.45365384450325597, 0.503076926446878, 0.4990384578704834, 0.524230763889276, 0.5365384668111801, 0.5336538484463325, 0.566923072704902, 0.5719230793989621, 0.5648076981306076, 0.583653850051073, 0.5732692376925395, 0.5986538483546331, 0.611153855919838, 0.5917307596940261, 0.6198076903820038, 0.6194230902653474, 0.6236538417064227, 0.6351923048496246, 0.645192312506529, 0.6478846096075498, 0.6563461434382659, 0.6548077005606431, 0.6601923050788733, 0.6521153805347589, 0.6846153781964228, 0.6926923096179962, 0.6796153783798218, 0.6892307641414496, 0.6965384689661173, 0.6946153801221114, 0.700192303611682, 0.7242307582726846, 0.6821153840193381, 0.7525000010545437, 0.742307688181217, 0.7459615423129156, 0.7548077003313944, 0.7500000045849726, 0.7607692331075668, 0.7678846201071372, 0.799038460621467, 0.7959615324552243, 0.7611538538566003, 0.7982692340245614, 0.8086538452368516, 0.786538458787478, 0.8036538442740073, 0.8386538510139172, 0.8173076842839901, 0.8423076925369409, 0.850769240122575, 0.8292307670299823, 0.8567307660212884, 0.8611538536273516, 0.8724999909217541, 0.8896153890169584, 0.8394230799033091, 0.8859615348852597, 0.8788461559093915, 0.9255769184002509, 0.8984615424504647, 0.8711538417981222, 0.9082692357210013, 0.9011538464289445, 0.8815384747890326, 0.9161538493174773, 0.9357692163724166, 0.9442307651042938], "loss": [1.1085408249726663, 1.0081963791297033, 0.9992282138420985, 0.9764738220434922, 0.957607225729869, 0.9751344919204712, 0.9239343737180417, 0.9179964890846839, 0.915222365122575, 0.9047782283562881, 0.89956967991132, 0.8619000521989969, 0.8563118003881894, 0.8689044221089437, 0.8397759692027018, 0.8535529134365228, 0.8233024833294061, 0.8176115430318392, 0.786088268344219, 0.8306526908507714, 0.775535829938375, 0.7565377560945657, 0.7690893446023648, 0.7734940246893809, 0.7300786937658603, 0.6935440897941589, 0.7669209448190836, 0.7077574867468613, 0.7041321591689036, 0.7046734954302127, 0.6838411218844928, 0.6508193325537902, 0.734685440476124, 0.6002951459242747, 0.6221217237986051, 0.6463391322356004, 0.5949077932880475, 0.5856595910512484, 0.605164623604371, 0.5796060029130715, 0.5156364142894745, 0.5205296478592433, 0.5747831486738645, 0.5035311637016443, 0.47459348291158676, 0.5554590528974166, 0.48949138590922725, 0.4095353873876425, 0.4581175824770561, 0.3950990289449692, 0.38871823996305466, 0.44496758454121077, 0.37407792158997977, 0.3593126552609297, 0.3394234375311778, 0.3083598854450079, 0.4202233891074474, 0.30888657844983614, 0.3449759663870701, 0.21255242767242286, 0.2926417365670204, 0.33454963421592343, 0.2548888443181148, 0.2587601040991453, 0.3194733267793289, 0.23061305571060914, 0.18194599335010236, 0.16578215991075224], "val_loss": [1.0008607574051906, 0.9912243745802117, 0.9848197429393575, 0.9843797248277479, 0.9403525343951586, 0.9416887481042087, 0.953174799989056, 0.9289355452297724, 0.9613244506457985, 0.963585106145676, 0.9409408542523232, 0.9500430294966515, 0.9255100797276963, 0.9296636697251787, 1.185932571695991, 0.8875016766628381, 0.9363168522521177, 0.9786194526982962, 1.249932585886562, 0.9088393556497893, 0.8815602090945396, 0.9398308940369215, 0.9272760135924768, 0.883380371147161, 0.8701980915414927, 0.8820172454181471, 0.8667044936404055, 0.8662534474361281, 0.9189846990776662, 0.984547773353484, 0.9317810283927729, 1.0418435808135431, 0.8910977197454901, 0.8703565636412604, 0.8857820879163584, 0.8939536897598812, 1.0004882504958266, 0.8966938224237779, 0.9432344055368833, 0.9130333773037682, 0.9702308664330479, 0.9877609648363471, 0.9569724578338328, 0.9539514833133713, 0.9680900930875709, 0.9961261771790251, 1.0038345992645594, 1.0138136130756372, 1.0571816413723238, 0.9872823285455914, 1.0292980181865203, 1.0225968048800984, 1.0568837239513835, 1.399008319552718, 1.18834558752706, 1.4903367115901067, 1.0791785895046864, 1.1124283825552148, 1.0315245706328282, 1.233466341320695, 1.3067179856083708, 1.2264643586330783, 1.1792523841626248, 1.403568176122812, 1.2641002048633145, 1.1582331200521163, 1.4055776641650937, 1.2494635637740643],