{"f1_score": [0.4031119853276338, 0.6596326048809651, 0.7185944043504952, 0.7578974802754751, 0.7637227697931708, 0.7675691617285252, 0.7750752152068336, 0.80450698116165, 0.7774223334627611, 0.7966750771371636, 0.8317675379331911, 0.8236109914762186, 0.8359112455193852, 0.8576681199201958, 0.8347985503072045, 0.8685852364206285, 0.8676571428011158, 0.8706999544552644, 0.8910486666109042, 0.9053034103346366, 0.8928060731512056, 0.8762132672179962, 0.9142054706065481, 0.8902285819965379, 0.8933080239272656, 0.8820683951048714, 0.8946177781028725, 0.90325160636797, 0.9300417873869601, 0.9162414501772177, 0.9462297070878413, 0.9238500960658218, 0.9459840102973477, 0.944676207454742, 0.9463711714846519, 0.9310362143493237, 0.9551008900419269, 0.9579990039748539, 0.937233133656846, 0.9370697675569799, 0.9586862807384554, 0.950634568074016, 0.9684786089834237, 0.9584057701019958, 0.9673312393062058, 0.9270534028567115, 0.9484603037976899, 0.9594980557662507, 0.9639812281165242, 0.970958592109587, 0.9656937457325259, 0.9675262984373107, 0.9708247291801466, 0.9515292585150964, 0.9732443059663184, 0.9795432151929591, 0.9723840833948236, 0.9869562060496541, 0.9728346386914145, 0.9658183598926173, 0.9726308959245537, 0.9711975971226584, 0.9690009980356104, 0.9685285271269997], "loss": [1.125561871831564, 0.5553252792569582, 0.47866322468822875, 0.4203908561604301, 0.4209800510779342, 0.41664496484732, 0.40475049432851806, 0.37050851180048056, 0.40460749746971036, 0.3570300389078964, 0.30760953695073534, 0.3254206288530831, 0.3092912158990824, 0.274776439770155, 0.3155353101529067, 0.2582148885901701, 0.26133175912468476, 0.2513984610612755, 0.2053515066733503, 0.21225888999810508, 0.22618734025525553, 0.23262196852983172, 0.19447858327579848, 0.2191199239027085, 0.2190562640484616, 0.23690426006467152, 0.20776029944274219, 0.20226116427467886, 0.15240928567103956, 0.1670350411732749, 0.11331606409173953, 0.1711731802264801, 0.12412060132715566, 0.1218530477986659, 0.11361119644483125, 0.14782886696830347, 0.09937261435486007, 0.09091852272638258, 0.1373012975249701, 0.14570768366390857, 0.09851290055288363, 0.114554978238058, 0.07301976937270412, 0.08247676932764403, 0.07372073800045321, 0.15792991149949823, 0.11374654609507442, 0.09055020117184412, 0.08732964979142187, 0.06482069419609314, 0.07415523966256626, 0.07306933575966916, 0.06131842060193247, 0.1013745801408406, 0.060579352886413175, 0.05769027930683819, 0.06592262028582808, 0.03538665880671564, 0.0598336400108033, 0.07043873690291738, 0.06500920872263742, 0.059119237005419316, 0.06532329383261261, 0.07325895750985031], "val_loss": [0.5814307474682474, 0.458748453047686, 0.43358643951579035, 0.41507239281330643, 0.41416814210068464, 0.40367553242105847, 0.40389521891235286, 0.6070249937247298, 0.39472642733791663, 0.3962591305029407, 0.4566417647223187, 0.41217222573265194, 0.40275622971619734, 0.4106948173017001, 0.5420451753742093, 0.4132140726396889, 0.5223302715281718, 0.4556005570914719, 0.4748321811649243, 0.47365424244395105, 0.4130534735281971, 0.4459234583799947, 0.45427659528741615, 0.5456077143531725, 0.5667144024473989, 0.4426443705628643, 0.5357073246341049, 0.4523454434414632, 0.4576704305606884, 0.48907281925972274, 0.5073572528959048, 0.5116630425819984, 0.4716630917911273, 0.532755794105949, 0.5538823062392527, 0.4919439674297095, 0.4986533411984333, 0.5223028710764698, 0.7573292463544815, 0.562468282614581, 0.5194663877743358, 0.5181445127878433, 0.5671177092343751, 0.5466596000942701, 0.5608646303451688, 0.6063606741955283, 0.539135775286636, 0.5839698538093194, 0.538725701589433, 0.593139261116475, 0.6189299155940939, 0.5960980796406412, 0.5800021223096183, 0.703140579591595, 0.6357890324569302, 0.5939537505090455, 0.601127510542398, 0.67862195846362, 0.6249378271883078, 0.6693671218350402, 0.6139903997909164, 0.6535068224201273, 0.6955213649368985, 0.5926460334815093], "f1_score_neu": [0.4144944165655222, 0.8633152209336101, 0.8735639369189193, 0.8915095934433841, 0.8931429734591237, 0.8958375590853962, 0.8992109755298752, 0.9099756111877315, 0.8890125333498219, 0.9115948256152974, 0.9213154115688531, 0.9182239425349833, 0.9212089067344339, 0.9326074997608299, 0.913752256403919, 0.9369814622744453, 0.9389166581463216, 0.9399144532626623, 0.9509189506820884, 0.9564632300785859, 0.9508618079603774, 0.9406852757122434, 0.9595942653092073, 0.9433484046140238, 0.9444159225639804, 0.9385963426760661, 0.9495904272332305, 0.9528402581983904, 0.9664167962426737, 0.9596624173765584, 0.9751948395296794, 0.9611135705914087, 0.9732446324264559, 0.9746838035784484, 0.9767385196889692, 0.9671388444335416, 0.9784147693168557, 0.9805254662772396, 0.9722121181689025, 0.9691816628452621, 0.9813979556448371, 0.9730752803380707, 0.9861445228501508, 0.9811072308768131, 0.9844020559937763, 0.9623101159211114, 0.976937810494977, 0.9804109429249912, 0.9828268826990937, 0.9860699761183289, 0.9844901437575888, 0.9868668568301798, 0.9857268965164189, 0.9752755902056732, 0.9897075187307928, 0.9890525412399301, 0.9860615874108704, 0.9949763029103754, 0.9886062616754321, 0.9843023955348649, 0.987045719227415, 0.9872007759227648, 0.9859403499977284, 0.9850288679414795], "acc": [0.4770922494611874, 0.7889431830434153, 0.808491141605319, 0.834453261255417, 0.838729377264793, 0.8396457027354908, 0.8457544331297179, 0.8649969347453947, 0.8381185113983177, 0.8613317022617808, 0.8817959707833385, 0.8759926810960764, 0.8830177114369597, 0.8982895520232986, 0.8784361598909666, 0.906230905868691, 0.906536351746004, 0.9092852873050664, 0.925167991791692, 0.9331093513535959, 0.9239462443656432, 0.9111179007796449, 0.9392180938726529, 0.9175320759588579, 0.9205864372235941, 0.9108124772222143, 0.923946260240796, 0.9294441065630974, 0.9496029284791242, 0.9395235101114925, 0.9618204087109994, 0.9422724442505298, 0.9602932259303881, 0.9602932203959312, 0.9630421559549937, 0.9499083581171752, 0.9673182596574852, 0.9700671898641452, 0.9551007872903645, 0.9535736107724282, 0.9703726278767035, 0.9621258411891007, 0.9780085583467198, 0.9712889537115103, 0.9758704995409919, 0.9444105034203666, 0.9642639055292855, 0.9706780701857481, 0.9737324294842957, 0.9789248568733508, 0.9755650484933311, 0.9777031221182957, 0.978314002257844, 0.9642638999948286, 0.9816737979668703, 0.9844227265714507, 0.979535740763222, 0.9914477654688957, 0.9807574832009774, 0.9755650629484588, 0.9801466068117518, 0.9795357320246059, 0.978008554960506, 0.9767868091365369], "f1_score_pos_neg": [0.3974207667548553, 0.5577912281472726, 0.6411096173666859, 0.6910913913950515, 0.6990126336065093, 0.7034349316274822, 0.7130073168398625, 0.7517726632175318, 0.7216272239795748, 0.7392151706016274, 0.7869935779216163, 0.7763044997986017, 0.7932623739495973, 0.8201984208971536, 0.7953216538024371, 0.8343871123337789, 0.8320273714744251, 0.8360926756861738, 0.8611134836130486, 0.8797235141167498, 0.8637781506933376, 0.8439772493167846, 0.8915110728182877, 0.8636686479309819, 0.8677540443696551, 0.8538043778628639, 0.867131444871899, 0.8784572779586131, 0.9118542138148024, 0.894530934718009, 0.9317471272128344, 0.905218340597578, 0.9323536512250207, 0.9296723593279, 0.9311874696373866, 0.9129848740562551, 0.9434439110624842, 0.9467357475727014, 0.9197436115984955, 0.921013794661879, 0.9473304109887954, 0.9394142024023328, 0.9596456152022286, 0.947055040151518, 0.9587958052745299, 0.9094250053622479, 0.9342215156584305, 0.9490415960386459, 0.954558373080133, 0.9634028880714132, 0.9562955305717599, 0.9578559914957698, 0.9633736243754826, 0.9396560856242987, 0.9650126697817588, 0.9747885062189167, 0.9655452697249397, 0.9829461464593523, 0.9649487998912301, 0.9565763011092301, 0.9654234408167126, 0.9631959920113016, 0.9605312802184262, 0.9602783264805066],