{"1": {"f1_score_pos": [0.57459833694016, 0.6172175592701717, 0.6335891765433861, 0.6406200893866609, 0.6547983024329187, 0.6653176259294332, 0.6807969930435879, 0.6876715737054626, 0.6949646263925665, 0.7064578471084436, 0.710615025519068, 0.714613747779265, 0.7137591245857228, 0.7313065112804074, 0.7353070736021162, 0.7481159912160482, 0.7472811000548811, 0.7609934442822474, 0.7662461836893396, 0.7709672782704773, 0.7740496665044841, 0.7884196723889874, 0.783339460047493, 0.8012773290830084, 0.800925456204388, 0.8093260395299479, 0.8157591845645723, 0.8217201558386825, 0.822529957850415, 0.8305899029575199, 0.8429742451517817, 0.8462960543971224, 0.8443672602629686, 0.8540119724460395, 0.854293633918147, 0.8588578172746193, 0.8615381189708011, 0.8649040203481673, 0.8708534117743193, 0.8701148087525343, 0.8736804078920299, 0.8797607188632929, 0.8866340764405498, 0.8819195081715483, 0.8939328798837212, 0.8861106932986094, 0.8962693318919125, 0.8967351998580269, 0.9027393358389297, 0.8997055144614006, 0.9020211754972676, 0.9033002462836514, 0.9089047971319961, 0.911469253139144, 0.9152195147915657, 0.9106252784784659, 0.9106474545705749, 0.9207924396906751, 0.9085005932678301, 0.9180594439277927, 0.9155916594507465, 0.9151732869835264, 0.9221697624653099, 0.9250344578550762, 0.9267666030854705, 0.9215586524995336, 0.9273077812359993, 0.9313780767506504, 0.9302302666502186], "val_f1_score_pos": [0.6541990758873375, 0.6422729104596498, 0.6446750603605953, 0.6738148692381518, 0.6739627644055042, 0.6767472588951636, 0.6571173273285923, 0.6792143443130702, 0.6797621361822477, 0.6776304195480404, 0.6745574448679813, 0.665792212640047, 0.6730402380972259, 0.6767681170951948, 0.6651352334686708, 0.6805976192226283, 0.659208112326062, 0.6822394725743554, 0.674217231114486, 0.6523555719518859, 0.6102457018610016, 0.6202543432551894, 0.6432278712834868, 0.6726390958759803, 0.6540054757302761, 0.668143229579399, 0.6536044735937828, 0.6569545261458092, 0.6122296838542571, 0.66766944322312, 0.6329202853850969, 0.6673249594464268, 0.6571028713734809, 0.64339359333321, 0.6493004775508043, 0.6563263481571917, 0.6512533782162441, 0.6587089788720754, 0.6435896457475736, 0.6458941212052278, 0.6384236178474124, 0.618971640424337, 0.6613733047657561, 0.6380888471820002, 0.6398647858680963, 0.648321919159094, 0.6573534742818601, 0.6593598346815517, 0.6586724191077576, 0.6468741816803598, 0.5682653849375324, 0.6417626440637249, 0.6254618497725966, 0.651382749016932, 0.6508408637369333, 0.638518418171038, 0.657204590802331, 0.6485669979233561, 0.643557275391714, 0.6487748665901779, 0.6497678464711693, 0.6410327697581099, 0.6484961265571624, 0.6186373199538764, 0.64391221164206, 0.6349313849337144, 0.6233003701510281, 0.6444786875591118, 0.6416942894286741], "val_loss": [0.7727890249357153, 0.737706228673705, 0.7262625273998207, 0.7323895150930912, 0.7447302367938838, 0.7233521897485555, 0.7077085775568518, 0.7072674931105414, 0.7055772472795182, 0.725934264478577, 0.702291069193517, 0.7101116759712146, 0.7122662547601333, 0.6983002056619546, 0.7243809593353626, 0.7092138716560906, 0.7314751572015968, 0.7422055271626536, 0.7310168858767603, 0.7391579176883264, 0.8499955246373422, 0.826280171680606, 0.824677387120389, 0.8021363336029608, 0.8046829673319154, 0.8351295764225761, 0.8312844787312356, 0.9786090729735939, 0.8969954897579816, 0.8548505573339124, 0.8934065687984007, 0.852229356115025, 0.9089586585255246, 0.9665348221956823, 0.9656779199206615, 0.8999948994639767, 0.8782015324745891, 0.9262369095059976, 1.1059021886191773, 1.0699945176196735, 1.0286752671425936, 1.0260293228082638, 1.013696226650027, 1.0947813653993792, 1.0704119208466678, 1.0272585173026578, 1.0693397158166669, 1.1716182640436856, 1.0573129909582157, 1.0723020157411327, 1.2493778199110774, 1.0715190473023495, 1.0979207720177913, 1.1263613579697764, 1.0805214412659052, 1.1348454627028552, 1.054248226124245, 1.1861370868344188, 1.1359267193664644, 1.1086401315446868, 1.14512867891051, 1.1608452987066549, 1.1825841619343422, 1.2489372238877696, 1.166701946493104, 1.1771491381077595, 1.2502362974794914, 1.2199042899229549, 1.2429708148622651], "acc": [0.6049824285182548, 0.6450803265813364, 0.6593247980672312, 0.6718122473128708, 0.6805973916527737, 0.6875313772075626, 0.6993913158370428, 0.7033446291124964, 0.7107492493143881, 0.7181224888078419, 0.7272841350725258, 0.7299824308559119, 0.7336847412373766, 0.7429718862111908, 0.7519452837052714, 0.7599146594648739, 0.7612951845379479, 0.7700489502265511, 0.7780496991093618, 0.7821285159562725, 0.7878074799047177, 0.7966867512742798, 0.7969691298572893, 0.8051581303682552, 0.8137863977217531, 0.8171749516992445, 0.8238893050221674, 0.8287211333337917, 0.8354668676344505, 0.8393260553763454, 0.847640562263957, 0.8468248001243694, 0.8539156618127861, 0.8589357402041016, 0.8622301709445486, 0.8662776092748087, 0.8660579830273447, 0.872050704314826, 0.8760353947454786, 0.8791101909575453, 0.8834713858787913, 0.8840988984997253, 0.8916917697986565, 0.8894013600147154, 0.8964294698762606, 0.8967432266542591, 0.9013867987671411, 0.9035830828828745, 0.9064696280502651, 0.9069088861555699, 0.9071912655913567, 0.908038401041165, 0.9137801205268107, 0.9168862948291393, 0.9203376004988529, 0.9136546206956049, 0.9172314260095118, 0.9241340346783998, 0.9163529138608151, 0.9234751497645933, 0.9204003542482134, 0.9226593893604824, 0.9260479433379738, 0.9315386515664288, 0.930754263776852, 0.9294992454544487, 0.9310680186847248, 0.9343310717612984, 0.9351468323000584], "val_f1_score_neu": [0.7135386336685977, 0.7329841967597781, 0.735011443639732, 0.7222294246242402, 0.7175239342296269, 0.7071880147259363, 0.7432558879018772, 0.7187704439144659, 0.7300847123372, 0.6904833368337174, 0.729080379846958, 0.7501582476990721, 0.747744965050657, 0.7359993779864211, 0.7342360876767066, 0.7369921000917219, 0.7524620316336453, 0.7042635191876611, 0.732691811773286, 0.746761477641291, 0.7508621272141429, 0.7491666232197748, 0.7519939452435923, 0.7246027986981486, 0.7490426220877704, 0.6920915320730671, 0.743947936908441, 0.7375375585987451, 0.7431810419627394, 0.7246615340231294, 0.7001436844660716, 0.7159259102622454, 0.738772000283964, 0.7428591775765516, 0.7097744311408576, 0.7034159975797443, 0.720426990001859, 0.7342627201898287, 0.6329616072157244, 0.6968994161193801, 0.7392294810338547, 0.7427998350456139, 0.7295539612108288, 0.7400720967808456, 0.7328817401376299, 0.7222022027439209, 0.71845686580803, 0.725991076725402, 0.7144967290654747, 0.7322945601369614, 0.735738492525122, 0.7256314702428319, 0.7315072455704175, 0.736063471169854, 0.716967304657328, 0.7328684495808504, 0.6986940729975596, 0.7080399040925127, 0.7273811494964535, 0.710825082700485, 0.7267068866983922, 0.7073523609173583, 0.7052305980045234, 0.7321438623246561, 0.7217512190947795, 0.7339357566633044, 0.7257603050654499, 0.7242058463939716, 0.6858325089096708],