{"val_f1_score_neg": [0.3195662819554479, 0.5121597028641509, 0.4716471214792155, 0.3922430681191246, 0.5014291512444049, 0.465612015862056, 0.5581444458107356, 0.45873926293496664, 0.5118202432822031, 0.5193139341694771, 0.5587344258406204, 0.5148969794504604, 0.5142630618949778, 0.5444259757355321, 0.4527842071138903, 0.4451828247804264, 0.5231866871407111, 0.40002569460881343, 0.5602925649440854, 0.5285228361553199, 0.3699067980559079, 0.4699937479876797, 0.48080766928686797, 0.5285505090771527, 0.5133135102097206, 0.526540741930163, 0.3467990027116785, 0.4160822826969383, 0.5017023531198814, 0.5722417993993232, 0.3855139520454057, 0.5244449934260976, 0.48920242993687196, 0.5588120045137943, 0.38827663205159546, 0.49173575192650815, 0.3157064442071207, 0.5499323025138679, 0.47624833626663343, 0.47353304516540684, 0.5439474066192322, 0.4574984194505193, 0.4996594695587844, 0.48692469877612704, 0.5221108628044658, 0.534033639894331, 0.45442237718474854, 0.47715045252622906, 0.47416890297478775, 0.5319379892150404, 0.4637242043749917, 0.5041771785280631, 0.5050978580235247, 0.47369988782806655, 0.41098452522596474, 0.5223311385769498, 0.4156237273603295, 0.503174455763629, 0.4792232243854669, 0.5112483561617354, 0.4893645008592633, 0.44950762459870997], "val_f1_score_pos": [0.6568810464890023, 0.7033246538628439, 0.6734755345601408, 0.6049508027226288, 0.7072296100684485, 0.6031196121465431, 0.7135007973733988, 0.6535682253189797, 0.6968604861486312, 0.6552458878361331, 0.7147013645080829, 0.6840935610830706, 0.7009125685960703, 0.6469367751136027, 0.6316936678877659, 0.6503920029255776, 0.6749170022844925, 0.5818398468081106, 0.6705903697288977, 0.6693933751368629, 0.6513489625630903, 0.660414125908087, 0.6875563388792448, 0.6852518733079872, 0.6879991462247564, 0.6948342771002417, 0.6239633193767636, 0.6914616049570953, 0.645147580300733, 0.6372929846962199, 0.6526749714321893, 0.6988813015003389, 0.6248133832971287, 0.6836307191829997, 0.6046994736649188, 0.6736683039067456, 0.6008458171433549, 0.7027244325106831, 0.6662293907197292, 0.6814516543591708, 0.6944661012103543, 0.6711746413595808, 0.6771699114950066, 0.673292036338519, 0.6747489635349727, 0.6690830508617789, 0.6807475874594682, 0.6819071433471001, 0.6560539878043108, 0.6038035261265224, 0.6279109403151025, 0.6759183330076934, 0.6695096998617401, 0.6643381957897764, 0.6613518981961106, 0.6706750542980587, 0.6833291531953479, 0.6831883016984481, 0.6814706634262119, 0.6877504892778185, 0.654437808939831, 0.6861100688463366], "loss": [0.9608129730718489, 0.7816923332133202, 0.7399957681293473, 0.7190820669391687, 0.7028656955794815, 0.6842903130511834, 0.6624007030267249, 0.6532672831329904, 0.624659233854949, 0.6198926879749256, 0.6023277081829945, 0.5941552539941838, 0.5744307575624643, 0.5612764634153949, 0.5352404988611987, 0.5331269102884331, 0.5169568913727238, 0.505340097566721, 0.49142497651860456, 0.4751931262761173, 0.44322502992751966, 0.40767974943944263, 0.45446523309565506, 0.39954928791844696, 0.3761161061177253, 0.41205032007148773, 0.34101202874585945, 0.3426813730975007, 0.358060512408241, 0.32103766978091347, 0.32357732558551855, 0.29756546419031454, 0.28911407649473586, 0.2682097761873894, 0.3089643375313604, 0.25198924282795315, 0.23885024327910673, 0.22322839927838545, 0.2197171280977067, 0.24096231941842927, 0.1817772716986649, 0.19841058879779142, 0.2054137044794334, 0.25392529575632866, 0.18194915980658566, 0.16164050744509076, 0.18142200117342494, 0.16084630802226652, 0.20029454719598583, 0.15107167952547043, 0.1552844431632602, 0.13685806970902958, 0.13364691630915196, 0.217709117907548, 0.15777487858293007, 0.135233142664767, 0.12995783628525887, 0.1378533476273016, 0.22420297724115798, 0.12078875534412144, 0.1194253622246519, 0.12210332764026866], "val_f1_score": [0.5553914439543758, 0.6308336037055045, 0.6202558382833657, 0.5671402176721434, 0.6409068007873107, 0.593275565770302, 0.6446026821415348, 0.6098784074800833, 0.6440146932944582, 0.6320777325032422, 0.6557876492559581, 0.583494704788262, 0.6424723751520567, 0.6375925755238177, 0.6001796514194467, 0.604708133486666, 0.6404473063141037, 0.5616045997832474, 0.6486087176170119, 0.6391515933776383, 0.5774050503617474, 0.6152557802269097, 0.6240641961033939, 0.642670295946935, 0.632123987411471, 0.6050951613424458, 0.5572585399745488, 0.6022377617866262, 0.61943174629364, 0.6373132204653051, 0.5802870884737005, 0.6296631139218261, 0.6049127317369062, 0.5871871735147376, 0.5645553108403416, 0.6159899539907492, 0.5366240769210463, 0.6403830271363727, 0.6119154755474544, 0.618245858815346, 0.62958496163406, 0.6074308869784315, 0.6196403455584186, 0.6219537617683161, 0.6260062009369705, 0.6321613881771189, 0.6083228368787919, 0.6115778917844858, 0.6101440182515026, 0.6096307293749094, 0.598111071784822, 0.620801156598253, 0.6221669432906194, 0.6099331632487079, 0.586265657537727, 0.6290694805633481, 0.5739461930911747, 0.6220918829097792, 0.6169724971204488, 0.6266533346461274, 0.6134523069048816, 0.6037701072106361], "f1_score_pos": [0.5842651542943671, 0.6299119419115986, 0.6628745011450918, 0.6792943054760804, 0.6824237597327786, 0.7009162842691191, 0.7087210771842157, 0.7121598663742804, 0.736187307599279, 0.7221276486351808, 0.7485919208559073, 0.7399113408237543, 0.7487482339281425, 0.7565681752050238, 0.768110686805803, 0.7774555568651014, 0.7778603407028323, 0.790264001429994, 0.7866233180336148, 0.7979650475264117, 0.8184164626564158, 0.838390692709833, 0.7975565710410915, 0.8382290880262142, 0.8491202418658671, 0.8327136993582104, 0.857217697340179, 0.8607134414710415, 0.852233990668207, 0.8806883292043989, 0.8676896478438244, 0.8817136597957977, 0.8783748669546653, 0.9078180618075132, 0.8704649723999233, 0.8979184894761174, 0.9107442215472684, 0.9083643275950037, 0.9181092241052117, 0.9018975617298383, 0.933257944170008, 0.9251543200279772, 0.9323644725736724, 0.8968624910994107, 0.9318276253199884, 0.9406451071059359, 0.9291828147054385, 0.9427088121848474, 0.9229073284781243, 0.9435879436977989, 0.9396688802497913, 0.9540278955790471, 0.950111734064252, 0.9132647250737989, 0.944232648056034, 0.951569205315305, 0.9540517862887096, 0.9492117486497419, 0.9035795859081334, 0.9578834375615193, 0.9573251648943933, 0.9555815479455712], "val_loss": [0.7960723426096277, 0.7448998613054909, 0.7390553812295347, 0.7916491305362262, 0.708685628063498, 0.7999614856545143, 0.7183328562917092, 0.7421854751615927, 0.7101382053870715, 0.736484897127309, 0.7001612122966147, 0.7771548926439493, 0.7166057853538659, 0.7836866801472245, 0.8367513832131803, 0.8454312251647751, 0.7662331108467928, 0.9508113269570804, 0.78180666562925, 0.8023683532873164, 0.9450671847117345, 0.9094898387449731, 0.8170383993390661, 0.8219822869349614, 0.8328381926563823, 0.8445061854011832, 1.1100763440163406, 0.9395232107925064, 0.9210018153238134, 0.9796852442713632, 1.0970494086555442, 0.8778726186240842, 1.0525020346877896, 1.0821316698358467, 1.3271361178311343, 0.991142828102472, 1.6078389113011273, 1.0003056019396097, 1.1055157061108385, 1.0586472176017332, 1.0344409803189913, 1.2053104283582685, 1.0809998833661063, 1.0503521517071548, 1.0873617082013567, 1.1145043668239223, 1.155238214547072, 1.19527128256746, 1.2250433229193298, 1.339931908317854, 1.4684939318806238, 1.1851303045311343, 1.2562012054336813, 1.193462908564982, 1.3326976042921825, 1.239199158747053, 1.306564507383141, 1.2320108758537218, 1.1770249431038853, 1.2057563004267362, 1.3842958393542122, 1.2510518156697423],