{"loss": [1.5135232078539322, 0.9710024213873368, 0.8702159825418875, 0.8242543919619828, 0.7867734694754304, 0.753650500619829, 0.7224238983732837, 0.7249566286439348, 0.6844461747793679, 0.6549174617897395, 0.6475295091231208, 0.6111373248887967, 0.6274736517301438, 0.5990698811754042, 0.5536146546287999, 0.5725386699192311, 0.5458851199616009, 0.5386416986785907, 0.5107323746712169, 0.4881076244349187, 0.5010722462023084, 0.4711804084897476, 0.4638698200224723, 0.4420774352003691, 0.434704330692482, 0.42922914745722573, 0.4090124074415037, 0.38533393970537044, 0.38429957032147183, 0.3843342629305668, 0.3466610637967103, 0.3652074627092098, 0.3322573808145281, 0.3220829330326477, 0.3111493915668264, 0.31022691892904225, 0.29475992791761024, 0.26650469315304537, 0.2738701849843983, 0.2805080121055698, 0.25951837238438213, 0.26823267183196275, 0.22895614775581302, 0.257629446275767, 0.21589079281902254, 0.22902052896240732, 0.22234875305379187, 0.22404234375184517, 0.22988047009423204, 0.2052738562332919, 0.20986970748666034, 0.18782119666835806, 0.21105267236494077, 0.20458408756199162, 0.1703952255837585, 0.19291461384426908, 0.17908797143162672, 0.19197196690614138, 0.14768363783639205, 0.1809015079625934, 0.18837452485090475, 0.1462914536386306, 0.1691110080241061, 0.1583993708638847, 0.1788451803396851], "val_loss": [1.7113038344760505, 0.7508940680481581, 0.8445178766658797, 0.8154876205089336, 0.8221358772072501, 0.9544476441526846, 0.6985341912732205, 0.7843758292235289, 0.6920948101234189, 0.7073936521156599, 0.712062911764657, 0.8317106782075805, 0.7315324857231863, 0.7232551678300059, 0.9169459104847196, 0.7153491266506655, 0.7383873734801969, 0.7377467955596716, 0.740924051222325, 0.808070246888815, 0.7433421820518108, 0.7847200924320443, 0.8142694171455275, 0.8419812966413535, 0.9681625558708429, 0.8382094453744852, 1.0174685112851758, 0.8314821032080051, 0.88418835053648, 0.8460001994972872, 0.8845871328998324, 0.8579667720813232, 0.8939604174766095, 0.8978428784975282, 0.9500289577918294, 0.8951183965697826, 0.9738759457214643, 1.0965049702833598, 1.145597723516818, 1.0104805688759078, 1.004636593211331, 0.9387320242967123, 1.0822398829552915, 1.0033787478114227, 1.100633417122095, 1.1398618419192026, 1.0784589911867828, 1.0963202138200654, 1.1536397284570834, 1.129211384962505, 1.0757644975850245, 1.2550673693534464, 1.3679093073005033, 1.1364655309150191, 1.245807159735535, 1.169771902292155, 1.1488134878000242, 1.2482477567229908, 1.177476558085391, 1.3155833564689032, 1.1463084101831558, 1.3032423355236127, 1.190794342068228, 1.2328917063318492, 1.1858862143700843], "val_f1_score_neu": [0.012873489730997462, 0.7084898167856318, 0.5162704124292975, 0.5081096296953629, 0.5532467489731142, 0.31460034605671305, 0.7450653308405796, 0.5861298472810194, 0.7260249472777667, 0.7231721334574907, 0.7294421074609967, 0.5539332009784288, 0.7426028148828004, 0.6885421123022235, 0.4550287318059597, 0.7181271457641196, 0.6986480096280189, 0.7087797405809435, 0.7381823726201335, 0.7128126594188458, 0.7165997380876356, 0.728439168011632, 0.7024549727464618, 0.7092292494347123, 0.6147825508420725, 0.6593110841999722, 0.5327698894898406, 0.7222924526254182, 0.6617447875353148, 0.7226051380507522, 0.7178730164520472, 0.7279169499951423, 0.6524875576857927, 0.7299015405267748, 0.7310993410888503, 0.6837650995155562, 0.6578381434952703, 0.6209114345440451, 0.7035179906627392, 0.7357135695706082, 0.7117711202025259, 0.7249946049215265, 0.6936925821267214, 0.720226441298632, 0.727781389783174, 0.7202147338950062, 0.6697277189383402, 0.6838979751992628, 0.586992966023246, 0.7070939494478099, 0.7129491498034288, 0.7190804026160877, 0.536854756906648, 0.7132816788596711, 0.7232664721485241, 0.6783104978028284, 0.7131741797568424, 0.7031959314599885, 0.6824549949895856, 0.708286104112593, 0.7076103744494466, 0.7185959594104386, 0.6936393847106805, 0.6995380275753531, 0.7191281103747673], "f1_score_pos": [0.4093878452474967, 0.5023428152699225, 0.5420996700763273, 0.5634424290074979, 0.5879361743509659, 0.6115272172123359, 0.634731275419124, 0.619458155553386, 0.6473723187190359, 0.6592300177038504, 0.6627097607918646, 0.6908963623614253, 0.676541599827186, 0.695706161504582, 0.7219999261542541, 0.7099635239597158, 0.7223618012923446, 0.7401170129573318, 0.7420327321774575, 0.7692565458372115, 0.7481662540510808, 0.7779331284129032, 0.7736703576434028, 0.7941546237158593, 0.7963461270039948, 0.785744347623393, 0.8144630500051595, 0.823879655255518, 0.8230893815664727, 0.8183014591073603, 0.8321421368875781, 0.833997917385433, 0.8612950010609922, 0.8574496101825795, 0.8545549767636373, 0.8602297044317796, 0.8809010234849801, 0.8806853568373724, 0.871284737471963, 0.8780422575162078, 0.8967328796831628, 0.8733447099762359, 0.9063241561713311, 0.8863251358164728, 0.909792729987808, 0.9042737814553432, 0.9091372957829756, 0.9043670090257243, 0.9034789523055687, 0.9042117263176811, 0.9166470928728335, 0.9195487593602373, 0.9078496779298713, 0.9054612356305987, 0.9289994202806662, 0.9230074513632444, 0.9181413929258958, 0.9239046052412496, 0.9357258501207864, 0.9191766488791043, 0.9166591269921472, 0.938230478644388, 0.9293045082493585, 0.9272022570037607, 0.9222977823433376], "val_f1_score_pos": [0.5144843716565737, 0.5541245986438138, 0.5944474629391028, 0.5904195873035376, 0.6122934915676191, 0.5690297042194816, 0.5890828019295531, 0.6325102983436387, 0.6377663245924716, 0.6058109615254186, 0.591237841490487, 0.626998047111254, 0.575750259419205, 0.6506800861055594, 0.6118283724042692, 0.632290045188404, 0.6540200965413787, 0.6275191277690744, 0.5989124236867586, 0.5753323045376828, 0.6344532044326594, 0.6389964125499651, 0.6308046260851057, 0.5526222528264062, 0.5998329266654533, 0.6402247728231507, 0.6017949371640939, 0.6226462949883922, 0.6299171428426849, 0.6350814407128459, 0.6131328149528354, 0.6289465588199799, 0.6167900124721799, 0.6084857301644004, 0.6218056136841286, 0.6343738439791243, 0.6208493556493915, 0.6249349525466503, 0.5724345141811593, 0.6188821572274086, 0.6253244516605224, 0.6140935035221926, 0.6207299927483891, 0.6156196332936467, 0.6218466986787303, 0.5372251504126226, 0.6086253217686011, 0.6210968565538855, 0.6243465179444596, 0.5867604001022962, 0.6103971284341874, 0.5600253802019953, 0.5924540494511873, 0.5978016151373797, 0.5819675988105794, 0.6202893260233443, 0.6169796693495121, 0.5725544210228629, 0.6316839422542606, 0.508211664266005, 0.622585942541115, 0.5926225879622186, 0.6292192122661031, 0.6052158825901541, 0.6014067556916817], "acc": [0.48964602137574514, 0.575368429353857, 0.616073548124395, 0.6373027518016662, 0.6541250080445002, 0.6680092867169907, 0.6836942588159418, 0.6830782318704982, 0.7040231203273682, 0.7129791943952268, 0.7151589872220995, 0.7390892258533476, 0.7280007607845459, 0.7422641311777332, 0.7677107517772256, 0.7554850015985747, 0.7692271196231545, 0.7735866921092528, 0.7860493794276365, 0.7974221711982817, 0.7913566745779884, 0.8057148277671994, 0.811875090536131, 0.8202625222637242, 0.8232952655166696, 0.8243377722592533, 0.8368004527791543, 0.8462303966440556, 0.8451878849360659, 0.8492631391513429, 0.8646164050922684, 0.8568450028888537, 0.8702554165122238, 0.8764156776062488, 0.8813912691857834, 0.8798749009020627, 0.8891626777753092, 0.8997772845115638, 0.8951333908087291, 0.8962232875229708, 0.9022413906184316, 0.9005354683342598, 0.9171207841129679, 0.9050371969519523, 0.9212434269413362, 0.9158887335380005, 0.921053877476973, 0.9192057980980652, 0.9138037264389444, 0.9238496885301716, 0.9231388888663886, 0.9310998409889052, 0.9219068394748712, 0.9256503788130049, 0.9390134118136899, 0.928114484928346, 0.9351277028176083, 0.9317632483028323, 0.9466900429030604, 0.9351277073000311, 0.9317158686093955, 0.946358336990763, 0.93816045006152, 0.9439416159635832, 0.934559065205494],