{"val_loss": [0.8647266573365704, 0.8200077105937841, 0.7855987137395067, 0.7524754274651162, 0.8046650136514439, 0.7348975376322486, 0.7620307925864839, 0.9055813437461103, 0.7715503268750858, 0.8468806993264149, 0.8178279742211643, 0.7704600044632408, 0.8226347344615095, 0.8421205534667379, 0.843367419982563, 0.7726778191373381, 0.9086722774265509, 0.874298432337278, 0.779061157888482, 0.7619079965135728, 0.7895726232024712, 0.9637272161290679, 0.7962133286663969, 0.887512043395944, 0.8481864452268268, 0.9013631436226407, 1.0924440621079154, 0.8660341585961159, 1.1418448309869613, 1.4202225519045737, 1.1895301566485372, 0.9450574229465768, 0.9446979955585179, 1.094686642550997, 0.9890558609117087, 1.0783529828422, 1.2692445199882894, 1.1758662849906985, 1.1949402355566257, 1.0588546691996326, 1.2692462668280073, 1.1029415510471743, 1.0837034247161021, 1.1369352759634639, 1.507723308847609, 1.6827789487533609, 1.1241356369831916, 1.5374030909011784, 1.320404085405161, 1.2996205397862761, 1.149515510574589, 1.333927863168804, 1.3427951894280419, 1.4221753554177854, 1.7808228950315406, 1.6169711920397818, 1.3687292242375315, 1.222073078749532, 1.5076303593042546, 1.3031995606303621, 1.7586829788629195, 1.398465379998342, 1.4636351000190313, 1.4506849881829222, 1.425737894209795, 1.7833261611172135, 1.8461032622822808, 1.5096738622659402, 1.6381418257600018, 1.4698901094228554], "acc": [0.48089286046368734, 0.6116071343421936, 0.6319642843944686, 0.6412499983395848, 0.6460714233773095, 0.6569642882261958, 0.6724999908890043, 0.6787499881216458, 0.6819642792854991, 0.6941071344273431, 0.7008928539497512, 0.7007142784340041, 0.7194642860974584, 0.7128571484770093, 0.7360714354685375, 0.7419642837984222, 0.7400000074080059, 0.7641071485621589, 0.7660714217594692, 0.7724999987653324, 0.7848214230367115, 0.7780357109648841, 0.7935714242713792, 0.79499999327319, 0.8221428585903985, 0.8282142888222422, 0.7980357110500336, 0.825714291206428, 0.8251785784959793, 0.8499999993613788, 0.8491071409412793, 0.8355357189263616, 0.8780357156481061, 0.8675000007663455, 0.8971428456051009, 0.8907142856291362, 0.8748214298060962, 0.9042857108371598, 0.8844642798815455, 0.9114285824554307, 0.9299999954445022, 0.8866071403026581, 0.9100000091961452, 0.9110714324883052, 0.9262499990207809, 0.9375000095793179, 0.9216071399194854, 0.9500000019158635, 0.8785714304872921, 0.9551785673413958, 0.9475000032356807, 0.9375000021287373, 0.9491071339164462, 0.9535714292100498, 0.9576785692146846, 0.9380357073886054, 0.8982142933777401, 0.9607142763478416, 0.9583928457328251, 0.9669642863529069, 0.9501785689166614, 0.9508928571428571, 0.9653571343847683, 0.9617857198630061, 0.964285712156977, 0.9487499977861132, 0.9624999995742526, 0.9651785652552333, 0.9730357155203819, 0.9296428593141692], "val_f1_score_pos_neg": [0.38804556761955983, 0.3950999681011073, 0.42299591009928866, 0.5525508516734584, 0.43277168127767, 0.6140012706542246, 0.45223397637895485, 0.4501928530932411, 0.5516171190577982, 0.3831854550475184, 0.5032039762106024, 0.5171199346695426, 0.47852794089374845, 0.4351224611585859, 0.4832191954064238, 0.5661219584794923, 0.5515091885052232, 0.4730078920491436, 0.6422103563069109, 0.6277479876566521, 0.6319647373066404, 0.5504187489318748, 0.5995356783665543, 0.6051069848217928, 0.6045521143193698, 0.6263486768453415, 0.48139679259963775, 0.6092869908109976, 0.506713763109943, 0.40311386161296975, 0.561313387449101, 0.5862375513606268, 0.623884363497082, 0.501747410612534, 0.6410323274345058, 0.5909365938305698, 0.4442406581387944, 0.5321176655330653, 0.4963997304361385, 0.5988699385977905, 0.57749319595519, 0.6054480596692925, 0.6157773009066878, 0.5488904015210679, 0.48156156023749835, 0.4422316544877554, 0.5860873539867346, 0.48832837454515465, 0.5537951459041769, 0.5714132182403653, 0.6156406403838447, 0.5605012627214452, 0.5393697958182638, 0.5628868377868378, 0.4791057270216623, 0.45602515312495456, 0.5478602003588503, 0.5903792339080343, 0.5527507431263877, 0.6163462249431715, 0.4880058933142255, 0.5626260199916978, 0.5286249536527539, 0.5624893591718476, 0.5887792356177449, 0.5115901827812195, 0.47784679016665527, 0.5658121438530402, 0.5421242945437478, 0.5742893688578071], "val_f1_score_neu": [0.6310798130790737, 0.6753036349175516, 0.6676485406236325, 0.6800200364391478, 0.6346285282987139, 0.683496268659072, 0.6806654191348548, 0.6825953278677875, 0.6940498163998361, 0.6788442733717377, 0.6914132936495418, 0.7006338954972308, 0.6896662797135004, 0.683274184128696, 0.6895748988368396, 0.7033763789236468, 0.7055285844845376, 0.6907421260282746, 0.6810552099543296, 0.7066436172813497, 0.6725348548222614, 0.702480949131235, 0.6954620874619003, 0.6250354055966914, 0.6951018550906818, 0.6062653154298886, 0.692132704626254, 0.6911754404313603, 0.687923200746987, 0.6686022124232941, 0.6968916125445112, 0.6843064903368826, 0.6921281633400835, 0.6932235689823502, 0.6268962567133319, 0.6938365703019262, 0.6807782835388884, 0.6108330679071128, 0.6905805861859255, 0.689231387561555, 0.693844027213465, 0.6894314637216657, 0.673298331530051, 0.6700351231685311, 0.686898722224682, 0.6784255899783979, 0.6651177781790597, 0.688020676522939, 0.6935200311053996, 0.6968355203375177, 0.6369100811598403, 0.6903916328965664, 0.6806870131488864, 0.6877429951153307, 0.6844656680032334, 0.6714536958155969, 0.6908400176611279, 0.6718909438594945, 0.6853372902498763, 0.6712608727732262, 0.6833658445828735, 0.691798094545735, 0.6477475707655406, 0.675027780479063, 0.6112491054044694, 0.6808404534656546, 0.6820353636927972, 0.6817019892401687, 0.6841228868653072, 0.6904663201739023], "val_f1_score": [0.4690569944966974, 0.48850121235960026, 0.5045468084398855, 0.5950406050075548, 0.5000573094907846, 0.6371662856211289, 0.5283778118017993, 0.5276603661839054, 0.5990947014448245, 0.48173840002784757, 0.5659404326198046, 0.5782912624435665, 0.5489074001936284, 0.5178397187653908, 0.5520044533311618, 0.6118734563832017, 0.602849017454513, 0.5455859840432083, 0.6551586744074368, 0.6540465471533818, 0.6454881573642548, 0.6011061776569125, 0.6315111575119144, 0.6117498246416031, 0.6347353759007037, 0.6196542396465374, 0.5516421207129846, 0.6365831631579926, 0.5671169203846529, 0.49160998864277683, 0.6065061464104601, 0.6189272081073488, 0.6466323140409717, 0.5655728123677611, 0.636320327965256, 0.6252366169337491, 0.5230865560739709, 0.5583561616496655, 0.5611267048262749, 0.6289904430848609, 0.6162768203756361, 0.633442553422159, 0.6349509934130974, 0.5892720021133563, 0.5500072939265221, 0.5209629835808587, 0.6124308436929226, 0.5548925048373923, 0.6003701405327619, 0.6132206757206821, 0.6227304862141453, 0.6037980778586856, 0.5864755564276203, 0.6045055777389422, 0.5475590475237716, 0.5278346930905774, 0.5955201629075422, 0.617549825708853, 0.5969462959653212, 0.634651137186166, 0.5531258988874402, 0.6056833996755259, 0.5683325213489338, 0.600002179300882, 0.5962691974239714, 0.568006958887704, 0.5459096747185032, 0.6044421131580232, 0.5894571742828894, 0.6130150355850028],