{"1": {"val_f1_score_pos_neg": [0.40246949140681015, 0.46351353624440417, 0.42048661590966846, 0.6179482738333301, 0.5785841692972771, 0.539125671481761, 0.6311938476287378, 0.6132031169239067, 0.6025617050117875, 0.6112662826877487, 0.6205702434522787, 0.6503771278697489, 0.5742734860723612, 0.5754812063584327, 0.5278990342333784, 0.5928960224164617, 0.6222783869218864, 0.6149015833066575, 0.5913784922560525, 0.6158204100559054, 0.6095351589623318, 0.5196791737841835, 0.6321009862088419, 0.5870280137313435, 0.560750504569247, 0.5509859568298003, 0.5157183097661276, 0.5859661620806872, 0.5882254148011066, 0.6228486827874853, 0.6153612019601157, 0.54284310673842, 0.530968416559393, 0.5944109997535484, 0.5891710589509169, 0.6122241729580759, 0.616735526060389, 0.6158326778579439, 0.5942268101618167, 0.6064730550934566, 0.5444346196595808, 0.5076875197521633, 0.5468041949968716, 0.3745146140694587, 0.5387732224173036, 0.5977947041021068, 0.5886636486586204, 0.5963756572596832, 0.564878780214048, 0.6030187454868919, 0.6138439164398037, 0.5707209930937652, 0.6025376870286393, 0.6050609768515586, 0.5845830296394614, 0.510353165413181, 0.570602671965007, 0.5977391459452271, 0.5936688933821447, 0.5855189539490177, 0.5771966811211879, 0.6104123920022487, 0.5189221322208197], "loss": [1.1003425067121333, 0.8705308599905535, 0.8576583225618709, 0.7618162808093157, 0.7792768681591208, 0.7041919827461243, 0.7464171539653431, 0.6929034970023416, 0.679204753854058, 0.5978238352320411, 0.6102217408743772, 0.5890775539658286, 0.5876456024971876, 0.6025875474918972, 0.5247083800760183, 0.5723445747386325, 0.5295920737765052, 0.46153509007258847, 0.46360653367909516, 0.4203172495419329, 0.47092434425245633, 0.4553846981037747, 0.4521109780127352, 0.38575818863782013, 0.41121266240423376, 0.38473426415161655, 0.3304851847616109, 0.3877648203210397, 0.4113076220859181, 0.40409433164379815, 0.32608540627089416, 0.2990744472904639, 0.35609927265481517, 0.32736375250599603, 0.2596892778846351, 0.3044628622857007, 0.3683995238759301, 0.2893143468959765, 0.26480833982879465, 0.24062042175368828, 0.22213086756792935, 0.2864825021136891, 0.25004401396621356, 0.3336390009657903, 1.0862498845566402, 0.2689022679220546, 0.182549984279004, 0.2262118411335078, 0.18154493075880138, 0.1893251622942361, 0.17529786920005624, 0.1939393708651716, 0.14012365060096438, 0.17577746984633533, 0.15226156247610395, 0.17605506425554102, 0.17192539030855353, 0.16542535173622044, 0.18135871704329143, 0.15283820202404802, 0.25944573787803, 0.1558088856664571, 0.15203750827773052], "f1_score_neu": [0.3582613448697058, 0.6107982017777183, 0.538279877721586, 0.6830613958564672, 0.6700391356240619, 0.7049880407073281, 0.6625305996699766, 0.7155216322703795, 0.732609209689227, 0.772673791105097, 0.7718871398405596, 0.7681083110245791, 0.7565662373195995, 0.7431917786598206, 0.7958929552273317, 0.7727650011127646, 0.7891367132013495, 0.8247661157087847, 0.8294597173278982, 0.8539187786254016, 0.8121782852844759, 0.8286670527674935, 0.8198839304122058, 0.8622083122080023, 0.8588315573605624, 0.8649134500460192, 0.8820885230194438, 0.8738334449854764, 0.834266718138348, 0.8245246308771047, 0.8801277523691003, 0.8917422822930596, 0.8778063113039191, 0.8911546915769577, 0.9123527177355506, 0.896072193980217, 0.8617013218727979, 0.9022263532335107, 0.9126566811041399, 0.9209257960319519, 0.9299414591355757, 0.8977191664955833, 0.9106280492110685, 0.8773699768564918, 0.6857600171457637, 0.9130669967694716, 0.9422201663255692, 0.9296675676649268, 0.9428927302360535, 0.9364653568376194, 0.9379811801693656, 0.9377717578952963, 0.9571097005497325, 0.9392399218949404, 0.9533482193946838, 0.9386024434458126, 0.9442248371514407, 0.9447927705266259, 0.9427438134496863, 0.9490303004329855, 0.9151661626317285, 0.9489530487494036, 0.9469177587465807], "f1_score_neg": [0.18882126327265392, 0.3115616738796234, 0.376142198050564, 0.4069368741051717, 0.44758480143817986, 0.5102712471376766, 0.4896028597246517, 0.5596124631437388, 0.5375152338634838, 0.6308280703696337, 0.5849044356833805, 0.6418482864444907, 0.6476756686514075, 0.643628026951443, 0.6981064054098997, 0.6728733479976654, 0.6998738077553835, 0.7460832379081033, 0.7300752645189111, 0.7588839774782007, 0.7628940682519566, 0.7632294906811281, 0.7714745944196527, 0.8070279264991934, 0.7698074294762178, 0.821314737200737, 0.8262889127839695, 0.7473985430869189, 0.8419809273698113, 0.8480548072944988, 0.8754513548179106, 0.8562600165605545, 0.8589350188320334, 0.8487332747741179, 0.8769097273999994, 0.8585850176486102, 0.7929398092356595, 0.8569485667076978, 0.8771629468961195, 0.8897509547797117, 0.8912090862339194, 0.8719833506779238, 0.8645071509209546, 0.8702457181432031, 0.5985306122086265, 0.8872761658646844, 0.9136463078585538, 0.8992283019152555, 0.9226462136615406, 0.921320462768728, 0.9224490821361542, 0.9247081970626657, 0.93342040208253, 0.9128902798349207, 0.9344902363690463, 0.9333339631557465, 0.9169387221336365, 0.92742443355647, 0.9104825122789904, 0.9228914447806098, 0.915848580273715, 0.9220132638107646, 0.9299941144206307], "val_f1_score_neg": [0.16058743634883293, 0.32851342414108875, 0.1670089024310815, 0.5285830307344486, 0.46561355206899496, 0.4123843149691156, 0.5591181281855373, 0.5575665522209465, 0.5389226202479567, 0.5314330715943033, 0.5522876900229715, 0.5867551019927695, 0.49010570621259125, 0.4580714915044471, 0.3414166008757069, 0.5221472766388129, 0.5497947892678744, 0.5783622445254822, 0.4730809679220206, 0.5348386318546688, 0.5226210836597606, 0.4613647216610042, 0.558516739110699, 0.5031067049944148, 0.5162587353728619, 0.4623613958592619, 0.3497341139686098, 0.533085692532257, 0.5062667031066799, 0.5425302995461164, 0.5453212685294893, 0.41051942608721015, 0.38023138472235424, 0.4955371740825402, 0.5332277567093372, 0.5357524715412829, 0.5377768553244358, 0.541942962598463, 0.4985252185315558, 0.5288301247203566, 0.40090931699152793, 0.3402861773248673, 0.40934962618078985, 0.4326571860933692, 0.38997719434343736, 0.5172313817867356, 0.49869618766300955, 0.5045720787927481, 0.4692176407461494, 0.5150148465881628, 0.5314059522156324, 0.48601131477663595, 0.511968070148265, 0.5348943816124221, 0.4913556892634876, 0.4137013058883763, 0.4758817972847398, 0.5160675696772664, 0.505540548856259, 0.47845679062762786, 0.49485808757856514, 0.5368160840378888, 0.4136863644123703], "val_f1_score_neu": [0.6270397376770301, 0.0388487134477597, 0.6794549334777674, 0.6493750947090137, 0.6753534082193372, 0.6999158497529488, 0.617907237872157, 0.6664122306640899, 0.7095034187183336, 0.7110623284615527, 0.7087874120219061, 0.6326080107982784, 0.7103539867223544, 0.7043507399285149, 0.68529768961482, 0.7081173699795653, 0.6064156666222189, 0.7012079521923781, 0.7023806495676508, 0.6963845643977183, 0.6290911336661699, 0.6972279352932942, 0.6580451203086637, 0.7066919372490064, 0.7032406522694329, 0.7027718259098334, 0.686715288484875, 0.6956140581716742, 0.4600544083925048, 0.6681994862547703, 0.6828602223048647, 0.6898366944576667, 0.6890013453499588, 0.6821829991299369, 0.693898486600221, 0.5312312333298705, 0.672881297886356, 0.6483379630257131, 0.5991177201708752, 0.669906146408159, 0.6605967620430173, 0.6647263232129095, 0.6702988765197821, 0.6708687315955113, 0.6885031863769583, 0.6911698543678392, 0.6905225728429149, 0.6915373966320587, 0.6946629231100535, 0.6737634262762262, 0.6831260682434164, 0.6898591976105745, 0.6789035476507742, 0.6687199844796295, 0.6679005814980498, 0.6905556695373108, 0.6800540575604722, 0.5971036754878775, 0.6626512046064131, 0.6577945128845287, 0.6898752828767348, 0.6754357054294203, 0.6870693565352896],