{"val_f1_score_pos_neg": [0.5034696099766277, 0.5761525885439157, 0.5367779227463617, 0.6779218469740305, 0.6426256580550371, 0.6393800957634979, 0.6463283927241179, 0.6646194088468395, 0.6169870608346281, 0.6019850690284176, 0.6716936816701481, 0.6490628297423366, 0.6757181384824187, 0.6521399203417279, 0.6219371559424192, 0.702997524282484, 0.6707231254049902, 0.6456279896264185, 0.6745642271218198, 0.6448479863311123, 0.6745368798448756, 0.6222373386427327, 0.6468489706406843, 0.6442176817972267, 0.5960525368068464, 0.604900721377536, 0.6500949422549677, 0.6229408031494137, 0.64790483150087, 0.6106046241879807, 0.6253626760991264, 0.5741632838059122, 0.5130693296763392, 0.6199766675099718, 0.6013264702337482, 0.6496297445411042, 0.6242646645005219, 0.6211846216657235, 0.6697369201615386, 0.5803727812727011, 0.6430831737103125, 0.6016977506142853, 0.6577282665503047, 0.5700307585984867, 0.626735344165709, 0.5737984844183253, 0.6255994943411932, 0.6679498959863214, 0.5011261978816586, 0.575935702560894, 0.5470537908615605, 0.6273442078318272, 0.571984026224445, 0.5657752029169835, 0.6499457745110616, 0.52703217390232, 0.624453194492169, 0.6059176043015967, 0.621324245491398, 0.6174231910843128, 0.6176942957376139, 0.646987859858261, 0.6226768158972186, 0.6249526758504108, 0.6270638688042693, 0.626255407065755, 0.6101639335342445], "loss": [0.9371940493583679, 0.7464552484452724, 0.7186650931835175, 0.679425798356533, 0.6607597544789314, 0.6313307657837868, 0.6094359681010246, 0.6174261681735516, 0.5999790877103806, 0.5968862734735012, 0.5587967857718468, 0.5300628151744604, 0.5589429419487715, 0.5349949616938829, 0.5135694108903408, 0.511931886896491, 0.47644138894975185, 0.4909189101308584, 0.4581674486398697, 0.44570051692426205, 0.4526479169726372, 0.4304707907140255, 0.39653158746659756, 0.4200750347226858, 0.38190572895109653, 0.40392548963427544, 0.33187364786863327, 0.38807118497788906, 0.3139400891959667, 0.36545293498784304, 0.323070477694273, 0.3125802017748356, 0.3163857087492943, 0.31650651153177023, 0.2979524778202176, 0.2568599237129092, 0.3143383599817753, 0.24365014303475618, 0.2637150790542364, 0.2337256921455264, 0.23437989596277475, 0.27338780323043466, 0.19740082044154406, 0.21188127528876066, 0.2265431834384799, 0.18767669703811407, 0.1842153687030077, 0.1898806137032807, 0.2037773421034217, 0.2565107708796859, 0.17797423945739865, 0.14892010483890772, 0.15234561590477824, 0.1638304004445672, 0.14203849947080016, 0.1596504980698228, 0.1849884740076959, 0.14506695233285427, 0.13160728523507714, 0.15600790875032544, 0.13204571465030313, 0.18394904513843358, 0.10672958102077246, 0.13500648690387607, 0.11014977283775806, 0.11677585449069738, 0.12288815854117274], "f1_score_neu": [0.5127464612596668, 0.7182185016572475, 0.725134588778019, 0.7369741685688496, 0.7446685209870338, 0.7686565481126308, 0.770585436373949, 0.7555616684257984, 0.7717144303023815, 0.7636557556688786, 0.7934156283736229, 0.8026466742157936, 0.7861039042472839, 0.7942837253212929, 0.8097075037658215, 0.8019401952624321, 0.822429034858942, 0.8217237330973148, 0.8223719969391823, 0.8333175592124462, 0.8322046883404255, 0.8373090289533138, 0.8631289564073086, 0.8452440090477467, 0.862009733915329, 0.8438666611909866, 0.8826167993247509, 0.8545920625329018, 0.8937130868434906, 0.8633620105683804, 0.888897530734539, 0.8919958584010601, 0.8851343356072903, 0.8937186673283577, 0.8941159546375275, 0.9153639636933804, 0.8808762170374393, 0.912664819508791, 0.9109758213162422, 0.9212943539023399, 0.9234201200306416, 0.904593251645565, 0.9361208342015743, 0.9315340593457222, 0.9253075309097767, 0.9371800944209099, 0.9389797747135162, 0.9357699155807495, 0.9267496392130852, 0.9088834375143051, 0.9414969123899937, 0.9505253285169601, 0.9518150389194489, 0.9462076500058174, 0.9534517340362072, 0.9475936889648438, 0.9377233684062958, 0.9543516747653484, 0.961129691451788, 0.9521135613322258, 0.9593783169984818, 0.937975961714983, 0.9689279980957508, 0.9581658095121384, 0.9666426181793213, 0.9646036736667156, 0.9616009816527367], "f1_score_neg": [0.2751910802908242, 0.42536893393844366, 0.5045314859598875, 0.5420607663691044, 0.5569271761924028, 0.6006124820560217, 0.6221334058791399, 0.6349146626889706, 0.6225236281752586, 0.6598380394279957, 0.6481579281389713, 0.6882625222206116, 0.6746971793472767, 0.7185499258339405, 0.7244294434785843, 0.6906952224671841, 0.7233096733689308, 0.7290331944823265, 0.7584797441959381, 0.7780328914523125, 0.7621368616819382, 0.8051483333110809, 0.7728891298174858, 0.8090934418141842, 0.8018081113696098, 0.798869576305151, 0.841549277305603, 0.7950346544384956, 0.8556776791810989, 0.852983146905899, 0.8593310154974461, 0.8636671230196953, 0.8511683866381645, 0.870242178440094, 0.864373654127121, 0.8767778240144253, 0.8513369932770729, 0.904543437063694, 0.881548322737217, 0.8831870257854462, 0.894212830811739, 0.8870437480509281, 0.903959184885025, 0.9029555693268776, 0.9092804826796055, 0.9109608717262745, 0.9260394014418125, 0.9290089569985867, 0.901803869754076, 0.90576983243227, 0.9090252444148064, 0.9336806163191795, 0.9206298068165779, 0.911532923579216, 0.9408077448606491, 0.9315776340663433, 0.9280106350779533, 0.9223115593194962, 0.9356893301010132, 0.9177879430353642, 0.9369271695613861, 0.9384183138608932, 0.9420999996364117, 0.9344308115541935, 0.9494420327246189, 0.9412456713616848, 0.953990213572979], "val_f1_score_neg": [0.33388068198516807, 0.505702029179939, 0.45164478334766534, 0.6264337843526795, 0.5731792912500723, 0.5386391683979169, 0.5844501189569022, 0.6090967933274366, 0.5097216580785106, 0.5193435259059818, 0.6228721099921546, 0.5945758629182865, 0.6328244593991965, 0.5985306683031868, 0.614776452960788, 0.6669448627563965, 0.6103734844411854, 0.5954149914106733, 0.6112986421009827, 0.5597234869015801, 0.6334726324145199, 0.5601335654663908, 0.6039369970739842, 0.552814627800468, 0.5221449057636316, 0.6027919430292531, 0.5768507469397595, 0.5653928560345247, 0.5959717568343248, 0.5078421646126793, 0.519344029184592, 0.4234814843636249, 0.5375006471973313, 0.5662159272888467, 0.5116576817040052, 0.592230857669166, 0.5427269961244316, 0.5454914368984113, 0.6229633811637544, 0.5472501767235043, 0.5870557561528486, 0.5312274582361631, 0.5832557627575121, 0.4903919023305076, 0.5501160450942116, 0.525444885657711, 0.5440198094113868, 0.6133091676869856, 0.2991618344141622, 0.4947334784646063, 0.42170704027001327, 0.5331786678683373, 0.47938340277831887, 0.4463492235798489, 0.5723188214342081, 0.46801280461832073, 0.5603157582165468, 0.5104636772548686, 0.5684621273267623, 0.5366509564898941, 0.5256702097231967, 0.581898275554696, 0.5631576008193924, 0.5622927323902119, 0.5611188904431871, 0.5716521082948645, 0.5279854686123288],