{"f1_score_pos": [0.6099106579263501, 0.6606098832668186, 0.6839785087080777, 0.688027605772257, 0.6966234365847208, 0.7040022378507815, 0.717901770027977, 0.7175149509038347, 0.7314225269544912, 0.7380373996941545, 0.742471306243684, 0.745931650645499, 0.7582256241370393, 0.7614763117158627, 0.7692549336028147, 0.7934745192090379, 0.7843563170075973, 0.7879761970186329, 0.7993696971862931, 0.8048779057354988, 0.8134044152029043, 0.825509382276395, 0.8324902249603291, 0.8279377239159221, 0.834544927527938, 0.8517996657781397, 0.8513881569508317, 0.8591345924886566, 0.86697146497304, 0.8523242467240225, 0.8754906317168192, 0.8681054432703067, 0.882427521084769, 0.8861172935758296, 0.8969324152814777, 0.8922304120498789, 0.8932466840668469, 0.8956655797519392, 0.8904921939426299, 0.9044105632453063, 0.9084976479023437, 0.9048345054166169, 0.9103707649594072, 0.9041534133200808, 0.9172906172800414, 0.9208798829001376, 0.9099781440746156, 0.9323992035721365, 0.9191848296098029, 0.9240821760702006, 0.9272858125714957, 0.9240764794725828, 0.922440044378105, 0.9323018636601698, 0.9307603444295219, 0.9192735215001618, 0.9293318363608639, 0.9357155895853456, 0.9342808724642595, 0.9275961589761541, 0.9427640796642132], "val_f1_score_pos": [0.6865800019897883, 0.7086917766338193, 0.7163038394544982, 0.7133194270175326, 0.6743993820390198, 0.7154201948300769, 0.7177851808476718, 0.7157947447317453, 0.6916351076600709, 0.7165869947589979, 0.7144019916265945, 0.7176307306598233, 0.6882573597187833, 0.7090818862902315, 0.6871990378178144, 0.6926370558935933, 0.7113831692572193, 0.6956645598643776, 0.7061884844995007, 0.7009251139973545, 0.661433888165612, 0.6987370497946583, 0.6321205152838607, 0.7051570595225308, 0.7008695706198261, 0.6674918891828485, 0.6786840894048893, 0.6883079143982875, 0.6845791526362449, 0.6345512785459853, 0.6863922285906389, 0.6811159867855451, 0.6903400097869888, 0.6918577790021737, 0.6052739004280824, 0.6810379837098481, 0.6867040798137631, 0.6749066565735011, 0.6773666710039231, 0.6559669430292472, 0.6762393543209689, 0.6829340640825777, 0.6770294276454435, 0.6546831170346754, 0.6849039400554323, 0.667777020307761, 0.6797720433633434, 0.6638264446913839, 0.6335314194944559, 0.684966602828043, 0.6726380293571289, 0.665057799949735, 0.6816918222883529, 0.6767620397775153, 0.6443456015720457, 0.6839702717855504, 0.6706769479521916, 0.6766243516961442, 0.6798487583981744, 0.6830734429238556, 0.6712722235953832], "val_loss": [0.7111542173589842, 0.7171288164477893, 0.6883133084794694, 0.694993013855296, 0.6847126429442011, 0.6641094812239863, 0.664902453067861, 0.6726470999196023, 0.6610745768136704, 0.6634304824871091, 0.6803574753730117, 0.6697999206759916, 0.6821971086361474, 0.6732654759611902, 0.7392821980365679, 0.6926186969472695, 0.7008010603890091, 0.7136632869687376, 0.7199653355259351, 0.7295922375345644, 0.7673348120405644, 0.7634746598911094, 0.8254767409000817, 0.7852004127076183, 0.7754999920477305, 0.8595860111387353, 0.9193794699093754, 0.8212903285121982, 0.8461757469288582, 0.9152369802597764, 0.8556532621224615, 0.8655887419895938, 0.9709809349329174, 0.8769841585022518, 1.0658948387282143, 0.9508284489022166, 0.9519569974410049, 0.9310571894477097, 0.997763244926015, 1.022705304415883, 0.9903915492274747, 0.9862809920008776, 1.0139842571776418, 1.0757652475803674, 1.070045663325925, 1.1321030396314522, 1.0591857077838422, 1.1016076296627562, 1.1250702490243536, 1.0398311279391033, 1.0830722673484847, 1.1037854157820632, 1.1210067239183041, 1.1321732541813383, 1.1464957263646243, 1.08237373653931, 1.123736639950099, 1.1406304684776398, 1.1164233643981598, 1.1577480298189262, 1.2036104761337423], "acc": [0.61553535997629, 0.672406605049083, 0.6903769153607059, 0.6927952001677743, 0.7041777850509565, 0.7094312853181736, 0.7211891232807689, 0.7225233460065124, 0.7349899909232281, 0.7419112732781816, 0.749457970291396, 0.7536274164994611, 0.7610073399054678, 0.7653852564004996, 0.7763092031353231, 0.7889009383994791, 0.7909856584367949, 0.7974899963707507, 0.8027434981489595, 0.8107488338373915, 0.8190043361247421, 0.8292611718396492, 0.8391010702511245, 0.8345980631303119, 0.8364326238254455, 0.8571130756122259, 0.857279853136083, 0.8666194158545966, 0.8699549711927563, 0.8639509671823115, 0.8771264150768538, 0.8756254149962458, 0.8872998680489472, 0.8893428975101151, 0.8974733186352642, 0.8947631797347568, 0.900183459175993, 0.9024766554647163, 0.8998915912251698, 0.907438297831193, 0.9121080708153809, 0.9110657131775289, 0.9150683764937403, 0.910273518639457, 0.9219479664533913, 0.9221981311635704, 0.9188208778036523, 0.930787189661701, 0.9217394931444413, 0.9298282174606017, 0.9321214150117985, 0.9277434919658226, 0.9295780527504227, 0.9367911907495698, 0.9337891908169906, 0.9262841842208727, 0.9322881860244744, 0.9369162779060343, 0.9366244126093872, 0.9350400216246224, 0.9442128079624634], "val_f1_score_neu": [0.7428639418208813, 0.7245847152582083, 0.7409966397953479, 0.7354054743643996, 0.7623817088048883, 0.7493423578976154, 0.7511830308820662, 0.7386394407528094, 0.7674318563946093, 0.748649979607911, 0.7357214982307617, 0.746600423636955, 0.7577427000582735, 0.7527464613507318, 0.6708996705884851, 0.7628222283639456, 0.7383146249428839, 0.7480237464892061, 0.7601952305867562, 0.7402111852940438, 0.755993506485339, 0.6929403934739604, 0.7551686627376549, 0.7253198470172284, 0.7389385026641653, 0.7486528506511207, 0.6501307058048057, 0.7264676227658649, 0.754908732289549, 0.7522770420084642, 0.7326355863205984, 0.7438913952357933, 0.7076657263734804, 0.7383758380780465, 0.7454097364408482, 0.7425250513224382, 0.7513032827558639, 0.750288343572712, 0.7543096176539364, 0.7537134171247959, 0.7024599369801705, 0.7010084740156488, 0.6945320655299155, 0.7510174498548501, 0.7160098054474239, 0.7524752948107601, 0.7410976660895777, 0.7479858807598136, 0.7475221796462025, 0.7036829107677722, 0.7293324699952175, 0.7294430258752824, 0.7147582741559864, 0.7409606946954097, 0.7440099134454734, 0.728274714596833, 0.730687854288418, 0.7438473666485665, 0.7373661773056885, 0.7125591253979832, 0.7474002469134696], "val_f1_score_neg": [0.4915056152690483, 0.5856277867505517, 0.5756664181487253, 0.563955972598663, 0.5288346589327335, 0.5896525415998844, 0.5757182539901071, 0.5900764800931232, 0.5794924744929847, 0.5951880428137344, 0.5480846518711538, 0.5900543792554742, 0.5885265786461706, 0.5844769931539366, 0.596770687648819, 0.5798187799418744, 0.5935209016150995, 0.5824867718175223, 0.5142320461118913, 0.5843816865595919, 0.5548891764509432, 0.5730414766721362, 0.5446869890001156, 0.5757734659435433, 0.5268350365441827, 0.575330614188737, 0.5886810023121392, 0.5542819340520099, 0.5591154193941794, 0.5723440000579865, 0.5630607912546798, 0.5585946979882161, 0.5764418577575302, 0.5611814875217817, 0.5576991215795577, 0.5623304657812036, 0.5377696157495844, 0.5509427582088353, 0.5299541112221902, 0.45715126466798817, 0.5636605508849174, 0.5577532655601107, 0.563353533662105, 0.5387618000543937, 0.5680664192047653, 0.4229023575464672, 0.5487480714092102, 0.5534175461216558, 0.5243435400656814, 0.5513959208315734, 0.5453003294432934, 0.5627227142264319, 0.5206547448681227, 0.5195140274784579, 0.5055101369721958, 0.5429939197213591, 0.5525177253572999, 0.5317263406383904, 0.5146876084677293, 0.5427141802520892, 0.5416368030563364],