{"1": {"val_f1_score_pos_neg": [0.4160618541801614, 0.4642419441562486, 0.48093669987239657, 0.4624445664013928, 0.4942832137087257, 0.49330800205965164, 0.29959375529583115, 0.5089190388605287, 0.5293308119756704, 0.5094590301026753, 0.4764801367842502, 0.5228415784994547, 0.42990857861463516, 0.47506623701420764, 0.3905607451472366, 0.48363070385015283, 0.43320807657743754, 0.37250392578016034, 0.5319571048356475, 0.4283927295908325, 0.5097182637874039, 0.5017075587434379, 0.474440520993772, 0.4789965982057466, 0.44602217410954603, 0.5016096572161686, 0.4863752181391645, 0.5017797294844929, 0.5174545274625959, 0.4586815145495128, 0.40876401818072106, 0.4719673889180963, 0.5017824941693906, 0.43745385809519566, 0.47046453693778567, 0.48199560995633894, 0.3953508775994631, 0.391225014433258, 0.38994766069970793, 0.4811825290543509, 0.48242488813142864, 0.3286995578605851, 0.45131666712325486, 0.3661058629036379, 0.4823216021436321, 0.44523332623603157, 0.3780215691994613, 0.4560947971359009, 0.43564671079585854, 0.49471403436514905, 0.4613167778683095, 0.3871717956679606, 0.48032302125530957, 0.44188522520335577, 0.405995387136534, 0.47623541603954966, 0.361391802360708, 0.4582349259575583, 0.4483303149916597, 0.4825669728417253, 0.4778869742216744, 0.404765720872583, 0.4420674621683491, 0.4336269937063518, 0.4486726130846112, 0.38683819951798754, 0.4736411406336418, 0.42035752113906855, 0.47610340582804267, 0.36088273783176267], "loss": [1.1552120240835042, 0.9724327291433628, 0.9369152898971851, 0.8733776016877248, 0.8206674204422877, 0.8095894696620795, 0.8031401049632293, 0.7578299217499219, 0.7292505709024576, 0.7335730722317328, 0.7005232503780952, 0.7176342950417445, 0.7042346539405676, 0.660726955303779, 0.6601806879043579, 0.6806422873185232, 0.621499648460975, 0.6122880153931104, 0.5571662898247058, 0.6355189107931577, 0.622824418430145, 0.5273068742110179, 0.6098767513265977, 0.4893324323571645, 0.5217848368562185, 0.5102584270330576, 0.4700604138466028, 0.47863978835252613, 0.4690985461840263, 0.47872044146060944, 0.4395772476608937, 0.41694972148308385, 0.436629247206908, 0.4228951231791423, 0.4465493571299773, 0.44901738602381486, 0.4168616900077233, 0.4074583065051299, 0.3799479271356876, 0.42670317509999645, 0.3694939538836479, 0.3405225213903647, 0.37490405428868073, 0.3659815238072322, 0.29588279873132706, 0.38183436771998036, 0.3064186555834917, 0.3096614207785863, 0.33262019604444504, 0.2384150564097441, 0.24887060861174876, 0.27106686710165095, 0.32183658302976537, 0.26887158361765057, 0.2648190133846723, 0.2047818973660469, 0.25894695061903733, 0.3019296827797706, 0.2324938329939659, 0.2156254782413061, 0.2035023019864009, 0.19276495564442414, 0.30553345611462224, 0.16746312379837036, 0.22349355226525894, 0.2097590554219026, 0.16665494800187075, 0.350640134456066, 0.16582707287027285, 0.1710914894938469], "f1_score_neu": [0.43951259829247225, 0.6131771395985897, 0.5797045071824238, 0.6680562725433936, 0.6928195941906709, 0.6924868569924281, 0.6896290721801611, 0.7135149240493774, 0.7220716992249856, 0.7180734219459387, 0.7378155210843453, 0.7089480436765231, 0.7213271053937765, 0.7481190848809022, 0.7577214779762121, 0.7470500755768555, 0.7737305943782513, 0.7813045944158847, 0.7952294028722323, 0.7647268737737949, 0.7814923570706294, 0.8032042498771961, 0.7639746270500697, 0.8259810770933445, 0.8094500910777312, 0.8100415697464576, 0.8340770327127897, 0.82777550472663, 0.8341537324281839, 0.8122436094742554, 0.8446655307824795, 0.8550688039798003, 0.8475453887994473, 0.844348200238668, 0.8417804573590939, 0.8397368433383795, 0.8568302209560688, 0.8647987154813913, 0.8769072477634137, 0.8520236290418185, 0.8736095348229775, 0.8869494268527398, 0.8834212536995227, 0.8730843812227249, 0.9051071325173745, 0.8667048880687127, 0.9071516451927332, 0.8984698527134382, 0.8904459866193625, 0.9257250749147855, 0.9216308926160519, 0.9145803451538086, 0.8921140065559974, 0.9160320632732831, 0.919578404380725, 0.9386519434360358, 0.9197673075474225, 0.908310571542153, 0.9252405476111633, 0.934784778035604, 0.9344112322880671, 0.9452202595197238, 0.9057924025333844, 0.9535901271379911, 0.9323204515072016, 0.936199603172449, 0.9510908608253186, 0.88725973207217, 0.9526787193921896, 0.948300165625719], "f1_score_neg": [0.30279398437302846, 0.34429755615285385, 0.4690152266277717, 0.4841960255916302, 0.550337559901751, 0.5697898956445547, 0.5311645527298634, 0.5185975131507103, 0.6104075358464167, 0.5857199006355726, 0.6067392310270896, 0.5580398635222361, 0.6266773325892595, 0.6278265800613624, 0.6313381034594315, 0.5867431117938116, 0.6632061107800558, 0.6658918123978835, 0.6825300730191745, 0.6419187612258471, 0.6470784361545856, 0.6705674448838601, 0.6513565217073147, 0.7120010594909008, 0.701618722998179, 0.7068653381787814, 0.7610421639222366, 0.696462081028865, 0.7296275507945281, 0.7038366359013778, 0.7766490200391183, 0.7588006521646793, 0.7480425238609314, 0.7675396811503631, 0.7593567531842452, 0.7613428785250738, 0.8063712062743994, 0.7777938091984162, 0.7977305559011606, 0.7616401142798938, 0.7927903269345944, 0.8439692178597817, 0.797023668885231, 0.789210957976488, 0.8523330103892547, 0.805667329293031, 0.8633675426244736, 0.8499798992505441, 0.8320652235012788, 0.8849309786007955, 0.8838024815687766, 0.8722740629544625, 0.8322261755283062, 0.8572198416178043, 0.8749302041072112, 0.9058047063075579, 0.8756027175829961, 0.8345676740774741, 0.889690284545605, 0.9088399605109141, 0.8933843981761199, 0.921505025946177, 0.841242430301813, 0.921622348519472, 0.885670970265682, 0.9182435480447916, 0.9339350049312298, 0.8560670969577936, 0.9278915982979995, 0.9225037338641974], "val_f1_score_neg": [0.5605014253456315, 0.6136112557946161, 0.5936772130493425, 0.577411947811288, 0.626903843595485, 0.6011813423197064, 0.2831505961545244, 0.6358355063068615, 0.6439927647470945, 0.6170203979091499, 0.5875492926604888, 0.6221883239855489, 0.5423431696518551, 0.645593976148656, 0.38532803729478166, 0.6392074117669102, 0.6310212730664259, 0.36780437647465164, 0.6356716897913426, 0.5834505643010193, 0.6332789185451485, 0.6250604794629243, 0.5576641582123503, 0.5883214279600376, 0.49577348440335883, 0.6339514680773194, 0.5752344905016286, 0.6196084347223839, 0.6109125017851685, 0.5797636650512736, 0.442083253350496, 0.5879308574917185, 0.6171868674882725, 0.49410406424020037, 0.5985293167698131, 0.5900006731029465, 0.4509833835960239, 0.6219591870803421, 0.39934036760409564, 0.5945803093926305, 0.5825092914776925, 0.2877558618850983, 0.6264733228928003, 0.42466171969983474, 0.6175860359869291, 0.586070441872592, 0.41024282896406095, 0.5538802601118855, 0.5613116089738922, 0.5785887194977545, 0.5924130147821561, 0.446955606683224, 0.6110688332925763, 0.5956458529533698, 0.4831939142430306, 0.6185090898448585, 0.5106140268824951, 0.5372427114751819, 0.5382608098057118, 0.6091724248335697, 0.5933104136533904, 0.43182839834631104, 0.5712198105498686, 0.5985505392140651, 0.5595047851296303, 0.5593511526025848, 0.6053087925567747, 0.5673613111231706, 0.610451456023614, 0.3398009386220281],