{"f1_score_neu": [0.5706618406499425, 0.6785571296457891, 0.7148604028754764, 0.7128115379148059, 0.7264004046166385, 0.7340176519420412, 0.7180750734276242, 0.7508273499983328, 0.7651017584182598, 0.764432022968928, 0.7325037670908151, 0.7674469224832676, 0.7814179951394046, 0.7813505723520562, 0.7816362270602474, 0.7984139229412432, 0.7966457423236635, 0.8015966454037914, 0.7980732652876112, 0.8066779209507836, 0.8225203581430294, 0.8227045011741144, 0.8325791033329787, 0.8316079863795528, 0.8456958736534472, 0.8324284410035169, 0.8540455870054386, 0.8405870618643584, 0.8550551594407471, 0.8594868514272902, 0.8651449156028254, 0.8753196619175099, 0.8669373332350342, 0.87217085008268, 0.8814150420603929, 0.8784068778709129, 0.8771744839571141, 0.8817991437735381, 0.8797673494727524, 0.8845124901444824, 0.8961997661325667, 0.8890169676807191, 0.893919504902981, 0.9145721186090399, 0.8835140466690063, 0.911400027849056, 0.8994153710427107, 0.9239939379471319, 0.9139697386158837, 0.9124818251088813, 0.9120106663968828, 0.9093713015317917, 0.9089687416950861, 0.9112684025808617, 0.9240288585424423, 0.9307801728999173, 0.9276999157887919, 0.9079011584873553, 0.9250877692743584, 0.9287787090848993, 0.9246987761170776, 0.9361020895066084], "loss": [0.9882361535672788, 0.8410303151165998, 0.7877070291174783, 0.7661286614559315, 0.748267150035611, 0.739189354357896, 0.7327101169912903, 0.6862762095751586, 0.6663443230920367, 0.651301211780972, 0.6808363055741345, 0.6285338633590274, 0.5963024695714315, 0.6089835950621852, 0.5935670661705511, 0.5682760576407114, 0.5563950530356832, 0.5579631817009714, 0.5627185343592255, 0.514289487015318, 0.506863916085826, 0.5019956145573545, 0.49490027874708176, 0.4861421819638323, 0.4459800022067847, 0.4751617723593005, 0.433446962248396, 0.4478520778594194, 0.422719667631167, 0.41260177614512267, 0.4110484741352223, 0.38813548866245484, 0.3865204630074678, 0.391360299454795, 0.3600696755780114, 0.36865595383224664, 0.37508406352113793, 0.3803396316038238, 0.3588708412868005, 0.34513621860080296, 0.32720571397631254, 0.34784060964981717, 0.32612075518678735, 0.2693587587111526, 0.350175017008075, 0.28029479017412223, 0.3164492224653562, 0.24734382855671425, 0.27442442405003087, 0.2686108731561237, 0.280613009714418, 0.2877236408767877, 0.2803499368881738, 0.28276524996315994, 0.24900970663185473, 0.23286474661694634, 0.23891285448162644, 0.291196219071194, 0.23825835146837765, 0.23263524997013588, 0.24745253266559708, 0.20520821558656516], "val_acc": [0.6454235569185827, 0.6504065046746869, 0.668240240418689, 0.6603724105196177, 0.6627327647854454, 0.6745344970190646, 0.6818777738266532, 0.6803042180044833, 0.6608969407728141, 0.675583534077525, 0.649357459112443, 0.6782061397450945, 0.6525045804798587, 0.6580120489849308, 0.6619459717817079, 0.6753212659652233, 0.6679779741353261, 0.6511932904720932, 0.6766325650864188, 0.6821400419389548, 0.675059006810032, 0.6671911841954518, 0.6543404220315436, 0.6553894669059815, 0.641489648596996, 0.6637818078934724, 0.6664044031501598, 0.6580120568009084, 0.6577498086037175, 0.6328350388093974, 0.6553894602467687, 0.63834251267623, 0.6703383121595525, 0.6464726017930206, 0.6359821626310301, 0.6425386891882782, 0.653029109044804, 0.6409651231740736, 0.6422764349415206, 0.6404406000490486, 0.6451612965440988, 0.6538158948422104, 0.6407028598138863, 0.6462103228008782, 0.633884090421208, 0.6110674073900603, 0.6517177990437679, 0.6454235605920922, 0.6323105248759621, 0.6401783350006102, 0.6299501712979403, 0.6071335015226905, 0.61998427081477, 0.6551271928848008, 0.6490951953614568, 0.6375557342258427, 0.6215578272465861, 0.6380802500038487, 0.6401783288728837, 0.6042486229125452, 0.6273275625665076, 0.6268030425835056], "f1_score_neg": [0.23889278216908374, 0.36899940034857504, 0.39603558776003345, 0.47123179253604675, 0.4759090130251867, 0.4895353466272354, 0.52518441086566, 0.5414029472955951, 0.5557702782529371, 0.5852263854057701, 0.5776426552070512, 0.5911603062241165, 0.636139429277844, 0.622004826311712, 0.6153799262311723, 0.6509789377450943, 0.6525377788477473, 0.6611722889873717, 0.678321107118218, 0.7125009668094141, 0.7036272039016088, 0.7164191598141635, 0.7266359384413119, 0.7171195872403957, 0.7757331326051995, 0.7353023505873151, 0.7571671417465916, 0.7676538747769815, 0.7746643352287786, 0.786925796005461, 0.80135370404632, 0.7969548525633635, 0.8121096144119898, 0.8031909692066687, 0.8161003622743819, 0.8014317430831768, 0.8268944278911308, 0.8079301273381269, 0.8134864761873528, 0.820063614183002, 0.834197351777995, 0.841764701185403, 0.8313589526547326, 0.8756844070222642, 0.8482236166795095, 0.8492084123470165, 0.8669574768454941, 0.867469495093381, 0.8569582822146239, 0.8740119431857709, 0.873197290080565, 0.8478425410058763, 0.8674141323124921, 0.8662136771060802, 0.88323471557211, 0.8811766692885646, 0.8789027603688063, 0.8804061760505041, 0.8882403081213986, 0.8870694990511294, 0.8720377440805789, 0.9075750979008498], "f1_score_pos_neg": [0.38958263121269365, 0.4852538387532587, 0.5074840469492806, 0.5491522503671823, 0.5626338648575323, 0.5738861690516825, 0.592036168884348, 0.6159273121092055, 0.6288979097648904, 0.645276575728699, 0.6254503566909719, 0.6597697260203185, 0.6831246791062532, 0.6788641545507643, 0.6785561707284715, 0.7045756396320131, 0.7089266788076471, 0.7125488552782271, 0.7193603151374393, 0.7460232636442891, 0.7480414702936455, 0.7540288711035693, 0.7588592160631109, 0.7546212077140808, 0.7906919855762411, 0.7699138113745937, 0.7913186268674003, 0.7886038312205562, 0.8018252579150377, 0.8094661842893671, 0.8136350247595046, 0.8231704704187535, 0.8251498921049966, 0.8191574778821733, 0.8378594164495115, 0.8255275730733518, 0.8369931683496192, 0.8300454003943337, 0.8349301246581254, 0.8419725304400479, 0.853143013185925, 0.8500598663533175, 0.8516651745195742, 0.8843513865161825, 0.850748817677851, 0.8732869476079941, 0.8640069702157268, 0.8908017928953524, 0.8778603590197034, 0.8864863641836025, 0.8816214683983061, 0.8720431349895619, 0.8796319768384651, 0.8732400481347684, 0.8914047054670475, 0.8972972559708136, 0.897573255278446, 0.880616530224129, 0.8968820075194041, 0.8992756687932544, 0.8907339065163223, 0.9152501010232501], "val_f1_score_pos": [0.6625236275469322, 0.6900021312995248, 0.7125582842260341, 0.6355261700752992, 0.7133285655082444, 0.6698207716725487, 0.7141423053607645, 0.7019580741613954, 0.649096058245378, 0.7110649861127661, 0.7058771025343514, 0.6975001255077169, 0.7036470760206147, 0.6412600565700746, 0.6731073389896219, 0.703711280258753, 0.7066119656361466, 0.7026554793627469, 0.6945022890769744, 0.7027628876204381, 0.6764333404301659, 0.6928411474729378, 0.5994967603946089, 0.7047740217897168, 0.6620686738440411, 0.6873676967752158, 0.6746288525160923, 0.6575444613639807, 0.669840812495522, 0.685138299338248, 0.6814010924252506, 0.6854124340271969, 0.677630097166372, 0.6916407016891212, 0.6567284918631777, 0.6802857889142401, 0.6710965953534774, 0.6459858385778118, 0.6552853417027631, 0.6887066696154737, 0.667084114119477, 0.6669668188846677, 0.6280905468520798, 0.6783056673402084, 0.6163094631024242, 0.6754550604941555, 0.6585517842532642, 0.6492595815170852, 0.5951069377552266, 0.6825310188017585, 0.5894454994009074, 0.5517854598323223, 0.5700241467348084, 0.6646572311125244, 0.652142029076838, 0.66154823964767, 0.687217585595924, 0.632580696661079, 0.6503622477179026, 0.666306395356248, 0.6391080025922523, 0.5991259018423799],