{"1": {"val_f1_score_neg": [0.0, 0.0, 0.0, 0.0, 0.0, 0.0, 0.0, 0.0, 0.0, 0.0, 0.0, 0.0, 0.0, 0.0, 0.0, 0.0, 0.0, 0.0, 0.0, 0.0, 0.0, 0.0, 0.0, 0.0, 0.0, 0.0, 0.0, 0.0, 0.0, 0.0, 0.0, 0.0, 0.0, 0.0, 0.0, 0.0, 0.0, 0.0, 0.0, 0.0, 0.0, 0.0, 0.0, 0.0, 0.0, 0.0, 0.0, 0.0, 0.0, 0.0, 0.0, 0.0], "f1_score": [0.23772638166944185, 0.2437261442343394, 0.24381481731931368, 0.2438254157702128, 0.2437859239677588, 0.24381802727778754, 0.24375677232940993, 0.24374293287595114, 0.24375555664300919, 0.24376649657885233, 0.24383105213443437, 0.24362684537967047, 0.24379654228687286, 0.24377300341924033, 0.24377324307958284, 0.24377061799168587, 0.2437342902024587, 0.24349665765961012, 0.24376649657885233, 0.24383345991373062, 0.2438190939525763, 0.24382779623071352, 0.2438271294037501, 0.24370229492584863, 0.24381627887487411, 0.24375677232940993, 0.24381481731931368, 0.24376780912280083, 0.24382213254769644, 0.2437769149740537, 0.24371232216556868, 0.24375977367162704, 0.2438174026707808, 0.24380171423157057, 0.24375596890846887, 0.24370655665795007, 0.2438242348531882, 0.2438191312054793, 0.24381879096229872, 0.24379378433028856, 0.2438271294037501, 0.24375969171524048, 0.24381196250518164, 0.24374442671736082, 0.24340585122505823, 0.24379654228687286, 0.24382314334313074, 0.24382109443346658, 0.24383274093270302, 0.24383345991373062, 0.24339704091350237, 0.24377081543207169], "val_f1_score_pos_neg": [0.0, 0.0, 0.0, 0.0, 0.0, 0.0, 0.0, 0.0, 0.0, 0.0, 0.0, 0.0, 0.0, 0.0, 0.0, 0.0, 0.0, 0.0, 0.0, 0.0, 0.0, 0.0, 0.0, 0.0, 0.0, 0.0, 0.0, 0.0, 0.0, 0.0, 0.0, 0.0, 0.0, 0.0, 0.0, 0.0, 0.0, 0.0, 0.0, 0.0, 0.0, 0.0, 0.0, 0.0, 0.0, 0.0, 0.0, 0.0, 0.0, 0.0, 0.0, 0.0], "f1_score_pos": [0.09499136358499527, 0.0, 0.0, 0.0, 0.0, 0.0, 0.0, 0.0, 0.0, 0.0, 0.0, 0.0, 0.0, 0.0, 0.0, 0.0, 0.0, 0.0, 0.0, 0.0, 0.0, 0.0, 0.0, 0.0, 0.0, 0.0, 0.0, 0.0, 0.0, 0.0, 0.0, 0.0, 0.0, 0.0, 0.0, 0.0, 0.0, 0.0, 0.0, 0.0, 0.0, 0.0, 0.0, 0.0, 0.0, 0.0, 0.0, 0.0, 0.0, 0.0, 0.0, 0.0], "loss": [1.0832172632217407, 1.0090796599785488, 0.9675319691499075, 0.9672785798708597, 0.9644746085007986, 0.9619756837685903, 0.9626667002836863, 0.9704413811365763, 0.9631474713484446, 0.9643652488787969, 0.9652622838815054, 0.9688238203525543, 0.9615607112646103, 0.961369201540947, 0.9632299294074377, 0.9620956778526306, 0.9697217792272568, 0.9608908345301946, 0.9686441371838251, 0.9624845335880915, 0.960055356224378, 0.9617192447185516, 0.9603328307469686, 0.9626995275417963, 0.9604482054710388, 0.9584008653958639, 0.96135413646698, 0.9648729513088862, 0.9591801365216573, 0.9612341970205307, 0.9597859034935633, 0.9584866762161255, 0.960645948847135, 0.959115669131279, 0.9577274123827616, 0.97159676750501, 0.9598505248626074, 0.9548887064059576, 0.9529875268538793, 0.9558874269326528, 0.955723394950231, 0.9509097039699554, 0.9515705207983652, 0.9450143128633499, 0.9460719128449758, 0.9544212271769842, 0.946066235502561, 0.9375981539487839, 0.9554862429698309, 0.9452951302131017, 0.9243709693352381, 0.9193744858105978], "val_f1_score_pos": [0.0, 0.0, 0.0, 0.0, 0.0, 0.0, 0.0, 0.0, 0.0, 0.0, 0.0, 0.0, 0.0, 0.0, 0.0, 0.0, 0.0, 0.0, 0.0, 0.0, 0.0, 0.0, 0.0, 0.0, 0.0, 0.0, 0.0, 0.0, 0.0, 0.0, 0.0, 0.0, 0.0, 0.0, 0.0, 0.0, 0.0, 0.0, 0.0, 0.0, 0.0, 0.0, 0.0, 0.0, 0.0, 0.0, 0.0, 0.0, 0.0, 0.0, 0.0, 0.0], "val_loss": [1.0364312631184058, 0.9829490048575391, 0.9787686821366558, 0.9682521017832205, 0.9660669189286671, 0.9681331283918545, 0.974379919050408, 0.9787851635850983, 0.9682114405831506, 0.9692428233759713, 0.9683559047065766, 0.9693502947064707, 0.9742750109609483, 0.9731710600091485, 0.9662490861404065, 0.9743172101378172, 0.9763092355475037, 0.9743416894409928, 0.9725192205572364, 0.9719334983954384, 0.9642371365040527, 0.9659819456032681, 0.9684860403345771, 0.9676544901169585, 0.9637393501498814, 0.9753721600655656, 0.9729898264962599, 0.9683614010967438, 0.9694533900961487, 0.9688290335067049, 0.9654758476588944, 0.9746716686374048, 0.9652645301025191, 0.9654080465576749, 0.9797914306483609, 0.9768925970114409, 0.9699145242860068, 0.9678972025363766, 0.96608593567931, 0.9719359910654367, 0.9691825691129622, 0.9786253302578877, 0.9630757518786328, 0.9765737643394179, 0.9937979737434953, 0.9706253717999924, 0.9675187123985479, 0.9749082268973593, 0.97088013411748, 0.9772335077479676, 0.960778374984036, 1.0454256831124942], "val_f1_score": [0.2367351456263341, 0.2367351456263341, 0.2367351456263341, 0.2367351456263341, 0.2367351456263341, 0.2367351456263341, 0.2367351456263341, 0.2367351456263341, 0.2367351456263341, 0.2367351456263341, 0.2367351456263341, 0.2367351456263341, 0.2367351456263341, 0.2367351456263341, 0.2367351456263341, 0.2367351456263341, 0.2367351456263341, 0.2367351456263341, 0.2367351456263341, 0.2367351456263341, 0.2367351456263341, 0.2367351456263341, 0.2367351456263341, 0.2367351456263341, 0.2367351456263341, 0.2367351456263341, 0.2367351456263341, 0.2367351456263341, 0.2367351456263341, 0.2367351456263341, 0.2367351456263341, 0.2367351456263341, 0.2367351456263341, 0.2367351456263341, 0.2367351456263341, 0.2367351456263341, 0.2367351456263341, 0.2367351456263341, 0.2367351456263341, 0.2367351456263341, 0.2367351456263341, 0.2367351456263341, 0.2367351456263341, 0.2367351456263341, 0.2367351456263341, 0.2367351456263341, 0.2367351456263341, 0.2367351456263341, 0.2367351456263341, 0.2367351456263341, 0.2367351456263341, 0.2367351456263341], "val_f1_score_neu": [0.7102054234726495, 0.7102054234726495, 0.7102054234726495, 0.7102054234726495, 0.7102054234726495, 0.7102054234726495, 0.7102054234726495, 0.7102054234726495, 0.7102054234726495, 0.7102054234726495, 0.7102054234726495, 0.7102054234726495, 0.7102054234726495, 0.7102054234726495, 0.7102054234726495, 0.7102054234726495, 0.7102054234726495, 0.7102054234726495, 0.7102054234726495, 0.7102054234726495, 0.7102054234726495, 0.7102054234726495, 0.7102054234726495, 0.7102054234726495, 0.7102054234726495, 0.7102054234726495, 0.7102054234726495, 0.7102054234726495, 0.7102054234726495, 0.7102054234726495, 0.7102054234726495, 0.7102054234726495, 0.7102054234726495, 0.7102054234726495, 0.7102054234726495, 0.7102054234726495, 0.7102054234726495, 0.7102054234726495, 0.7102054234726495, 0.7102054234726495, 0.7102054234726495, 0.7102054234726495, 0.7102054234726495, 0.7102054234726495, 0.7102054234726495, 0.7102054234726495, 0.7102054234726495, 0.7102054234726495, 0.7102054234726495, 0.7102054234726495, 0.7102054234726495, 0.7102054234726495], "val_acc": [0.5510571405418918, 0.5510571405418918, 0.5510571405418918, 0.5510571405418918, 0.5510571405418918, 0.5510571405418918, 0.5510571405418918, 0.5510571405418918, 0.5510571405418918, 0.5510571405418918, 0.5510571405418918, 0.5510571405418918, 0.5510571405418918, 0.5510571405418918, 0.5510571405418918, 0.5510571405418918, 0.5510571405418918, 0.5510571405418918, 0.5510571405418918, 0.5510571405418918, 0.5510571405418918, 0.5510571405418918, 0.5510571405418918, 0.5510571405418918, 0.5510571405418918, 0.5510571405418918, 0.5510571405418918, 0.5510571405418918, 0.5510571405418918, 0.5510571405418918, 0.5510571405418918, 0.5510571405418918, 0.5510571405418918, 0.5510571405418918, 0.5510571405418918, 0.5510571405418918, 0.5510571405418918, 0.5510571405418918, 0.5510571405418918, 0.5510571405418918, 0.5510571405418918, 0.5510571405418918, 0.5510571405418918, 0.5510571405418918, 0.5510571405418918, 0.5510571405418918, 0.5510571405418918, 0.5510571405418918, 0.5510571405418918, 0.5510571405418918, 0.5510571405418918, 0.5510571405418918],