{"1": {"val_f1_score": [0.49224927034273, 0.5808568557603697, 0.6080923429349574, 0.6243559149754132, 0.5913821884630985, 0.6231147374126376, 0.6665026873170375, 0.6012307782670878, 0.6384797570525959, 0.6593461952558378, 0.6370876427869799, 0.6358018744001231, 0.647574688360943, 0.676701443388554, 0.6634760401926109, 0.6473536329603308, 0.5873695512534501, 0.6489123009397325, 0.6062005906789096, 0.6705197341917944, 0.664966872568178, 0.6282514149893184, 0.6589834926136516, 0.6063878039440832, 0.6465071964664094, 0.667441252285872, 0.6512860435842999, 0.6550573350687274, 0.5958628396552721, 0.651630042779799, 0.654715746664607, 0.6039069631016539, 0.644747651986428, 0.6447862658074232, 0.6226972840509483, 0.6179872533013869, 0.6071335980500132, 0.6432259344004159, 0.657520358952643, 0.6375317324999277, 0.6657296181850598, 0.638379632129214, 0.6616797789231768, 0.6527245803483352, 0.5666219848302165, 0.6570959316911955, 0.6548723454804299, 0.601693222537117, 0.6616415163834765, 0.6485163410160756, 0.6544701490632324, 0.6355152214226871, 0.6566970714145903, 0.6468390340633727, 0.6506549187635706, 0.6520166597496391, 0.6527708460269811, 0.6270036623917506, 0.6525032136998651, 0.6351723813522903, 0.5555695550603689], "val_f1_score_neu": [0.6145467838995918, 0.6803741615774623, 0.6954217168123679, 0.6788508684935921, 0.6958116599339811, 0.7075957327948259, 0.7119968370162, 0.7082682834533203, 0.716617798870891, 0.6459308973829357, 0.7200775782548627, 0.7183176268281944, 0.6194413016075666, 0.7173917969630642, 0.7120127944129676, 0.7181282602143106, 0.7046377024499256, 0.7163257466943252, 0.7122139849126292, 0.7190269845506821, 0.669712749125918, 0.7172432602968174, 0.7228822254490546, 0.7007295622808115, 0.6311905755322654, 0.6869078236335286, 0.7195201648710408, 0.648796515892473, 0.7046903931122266, 0.7127655866794501, 0.6542514229489849, 0.711131347029221, 0.6474704643950323, 0.7166163420977318, 0.6878815935316468, 0.7129140403869113, 0.5424149544680491, 0.7186487351944526, 0.7199465920222953, 0.715588759819479, 0.7090042010399102, 0.7166339281879008, 0.7099186108708225, 0.6890513295737146, 0.6976464332916466, 0.7194616496953756, 0.6957001535560464, 0.7066830210631956, 0.7000211911848014, 0.7165637266720307, 0.7085694702410054, 0.6250526286659671, 0.7139750540240868, 0.7174976761810679, 0.7098579435970037, 0.6989457462048424, 0.7152454003930061, 0.7079610308730443, 0.7147863984670721, 0.6389213003513227, 0.6939023224006261], "f1_score_pos": [0.584805078804493, 0.6391247014204661, 0.6953335851430893, 0.6955030709505081, 0.7179462313652039, 0.7141427795092264, 0.7269277994831403, 0.772433211406072, 0.7139777267972628, 0.7398160869876543, 0.7578923677404722, 0.7847310304641724, 0.7479057461023331, 0.8137654264767965, 0.8217659791310629, 0.8409166112542152, 0.7908465589086214, 0.8355866471926371, 0.8390701885024706, 0.8613612030943235, 0.8100273708502451, 0.8618273834387461, 0.8718978116909663, 0.8325871874888738, 0.8180400083462397, 0.8731643185019493, 0.872975138326486, 0.8860417455434799, 0.8653414398431778, 0.8899316564202309, 0.913819894194603, 0.9040616651376089, 0.9304197877645493, 0.9126147826512655, 0.9170859058698019, 0.9202456623315811, 0.8596529687444369, 0.897737555205822, 0.9603233759601911, 0.9458084081610044, 0.9266780962546667, 0.9396445751190186, 0.920009841521581, 0.9510716274380684, 0.9271911333004633, 0.9496253977219263, 0.9616890301307043, 0.9623585591713587, 0.9543596679965655, 0.9404055153330168, 0.9677443032463392, 0.957593967517217, 0.936763179798921, 0.9691803033153216, 0.9767457644144694, 0.9423104673624039, 0.975085993607839, 0.9746831630667051, 0.9805855378508568, 0.968759665886561, 0.9558208187421163], "f1_score_pos_neg": [0.4573872337738673, 0.4612000808119774, 0.564757319788138, 0.5950208107630411, 0.6456847464044889, 0.6572151184082031, 0.6731958538293839, 0.6963844348986944, 0.6634850402673086, 0.7062865992387136, 0.6983510702848434, 0.7471700062354406, 0.7178074046969414, 0.7643649031718572, 0.7895355398456255, 0.8011437108119329, 0.7418050915002823, 0.7837625617782275, 0.8074274907509486, 0.7907925893863043, 0.8211916411916415, 0.8451850811640421, 0.8609114264448484, 0.8462948948144913, 0.7988973160584768, 0.8731423045198122, 0.8742519617080688, 0.8696241428454717, 0.8715683619181315, 0.8732426315546036, 0.8899659415086111, 0.8647847970326742, 0.9136700207988421, 0.9118800312280655, 0.9158022453387579, 0.9147238284349442, 0.8453340232372284, 0.9055647055308024, 0.95594622194767, 0.9499475881457329, 0.9310909037788709, 0.9387769376238188, 0.9318383758266767, 0.9409913693865141, 0.9369826391339302, 0.9394998898108801, 0.9393576607108116, 0.9586666425069174, 0.953862634797891, 0.9519581397374471, 0.9667998974521955, 0.9573493053515753, 0.9421467036008835, 0.9640709857145945, 0.9591894696156184, 0.9512174700697263, 0.9693653186162313, 0.9749293526013693, 0.9803339888652166, 0.9718601504961649, 0.9495639279484749], "val_acc": [0.5795961248415085, 0.6289011201550884, 0.6538159000632834, 0.6656176305304917, 0.632310513386475, 0.6742722288286033, 0.6810910072565517, 0.6527668504367311, 0.6713873569558306, 0.6755835242762892, 0.6763703107615014, 0.6711251080708337, 0.6624704952975318, 0.6947285635028022, 0.6928927310645471, 0.6711250996452099, 0.6459480786679956, 0.6690270105059805, 0.659061114243438, 0.6910569022998014, 0.6818777809548247, 0.6721741408461384, 0.6886965570067158, 0.6336218173379445, 0.6624705007374521, 0.6892210872599124, 0.688434306355308, 0.6719118878186734, 0.6386047735196726, 0.6721741445196479, 0.6671911839766044, 0.6700760530043611, 0.6679779710714628, 0.6737477124409509, 0.674534484372813, 0.6598478885513573, 0.6236559090387969, 0.6855494290426151, 0.6829268396948067, 0.6803042118767569, 0.6910569185414028, 0.6679779710714628, 0.6845003931409194, 0.6808287343139758, 0.6338840830741891, 0.683713603201045, 0.6750590049029335, 0.6469971126625927, 0.6847626504515401, 0.6852871795479719, 0.6763703029455239, 0.6538158959208152, 0.6842381190415789, 0.6755835171481177, 0.6768948338083667, 0.6726986609073001, 0.681353270616739, 0.6567007558351422, 0.6763703113711478, 0.6551272004819311, 0.6249672191805206], "val_loss": [0.8909527201712554, 0.8528530696324405, 0.7848257804648506, 0.7430977614539331, 0.8271966242208714, 0.7225856388174828, 0.7511908237370737, 0.7802738905453226, 0.7395782786937577, 0.7200320270190925, 0.731040301783767, 0.7676977655595599, 0.7355926709946703, 0.7109445183414066, 0.707204143018695, 0.8236399295915934, 0.8519977507802592, 0.8319700243214813, 0.8529520672261168, 0.7546346678591263, 0.7543222425398538, 0.8239508679680333, 0.8023618352466326, 1.0323709728772203, 0.8022322161223299, 0.76546698264678, 0.8165154453653255, 0.8170316672500212, 1.1220865600102223, 0.9175106864759623, 0.8762843813322174, 0.9627433859423455, 0.8747530932536501, 0.9824048619773048, 0.934369387712311, 1.096726098618356, 0.898689709402525, 0.9020090680750155, 0.9727354360758523, 1.009950076567667, 0.9018288674768488, 1.1112927899972178, 0.945484958247128, 0.9465421187011644, 1.3758176942838323, 0.989938655598033, 0.9666804729907368, 1.3259732985540291, 0.9513597449792391, 1.0142759071258056, 1.057463127110469, 1.0449392217649365, 1.0213864080680188, 1.113656963540474, 1.0848541845963942, 1.053298615827793, 1.09803801929735, 1.2878020656036948, 1.1652209219143455, 1.1061852909966525, 1.7212790990482314],