{"val_loss": [1.0000808305887923, 0.9591541316075929, 0.9082659905800318, 0.9175939227913797, 0.9567530300402748, 0.8576408010625852, 0.8715607734793226, 0.8261977480897871, 0.8056757744453474, 0.8078612167942159, 0.7765543622793002, 0.819201758612556, 0.8764138298649942, 0.8525820587708698, 0.8468260302838772, 0.7762603413830459, 0.8605526089042995, 0.8036378441505972, 0.7626712698027308, 0.7392278905775239, 0.8452978546369929, 0.8937291741808849, 0.7390562397365085, 0.717328724728586, 0.6966151538527984, 0.7276467202905904, 0.7522124371721212, 0.7741694402075677, 1.2199128679237496, 0.8871816978534626, 0.7197438730925924, 0.903820719066768, 1.0642208842633436, 0.7246811454014112, 0.7711405638569208, 0.8085059462930473, 0.9028099701844142, 1.1558371126698659, 0.8666101855585152, 0.9783991221333626, 0.8618020886296899, 0.9993293245039429, 0.7417590334569879, 0.8000422438829864, 0.9660736531245874, 1.2739914905796705, 1.0954638925275244, 0.9323839981537806, 0.9331635471844717, 1.096875090565295, 0.9634852202708346, 0.8316502452928376, 0.9179868120988335, 1.0119844057601861, 0.9295650868943567, 1.0048562301415145, 0.8928194905309079, 1.1072896156228498, 1.3029403158163355, 0.9110558013605877, 1.1427023004678927, 1.003110855794347, 1.0645323290213369, 1.2649547931499565, 0.9448770185233476, 1.0754000596915083, 1.2091556231305882], "val_f1_score_neu": [0.6085785998467726, 0.607810929851397, 0.626765512604117, 0.641201206698619, 0.5300650202849704, 0.6592787800421716, 0.6608373818827713, 0.6675665072027918, 0.684250325410034, 0.6916526000924289, 0.6915267983384561, 0.7008189263695217, 0.7005029185500447, 0.7092692944405118, 0.6945253587319349, 0.6491416612698154, 0.6858372122885641, 0.7017834468085467, 0.7128052805434867, 0.7363523225005205, 0.7258522712962383, 0.696178275410847, 0.7426662491651586, 0.6933780341144625, 0.6895303723069898, 0.711190379184905, 0.7289986665749719, 0.7235221643632959, 0.6617028581917895, 0.708757871956829, 0.7178688658024738, 0.7010017714255318, 0.6889978837472949, 0.7247934763337132, 0.5152189134066417, 0.723379300814928, 0.7042198802522559, 0.6927504817894866, 0.705895583381998, 0.7016992985248691, 0.7099129859462611, 0.6930453775593718, 0.6775600963335415, 0.7077231982734113, 0.6362939255774693, 0.6872010132536749, 0.6905924462440475, 0.7041824383745661, 0.704663245408453, 0.6942035715754439, 0.4081218767331836, 0.6791721019037058, 0.7149302669625691, 0.699407446768976, 0.680714384295826, 0.7062533810605786, 0.6837242241453505, 0.706956276235823, 0.6836407647463021, 0.6656034301342127, 0.6889845659468326, 0.6611490410173968, 0.6992001326697534, 0.6893101047256504, 0.6382970148704823, 0.6121826749163102, 0.6807270582316899], "f1_score_pos_neg": [0.03312172995799262, 0.10254015657625606, 0.20308400338272686, 0.28465387188708, 0.33180320149530534, 0.3988118408166844, 0.3877462119511936, 0.4507006633540858, 0.45918576224990515, 0.462339675458877, 0.5073633313826893, 0.5153978130091792, 0.5399807247778644, 0.5398741170116093, 0.5554402946777965, 0.5473810878136883, 0.5771864652633667, 0.595593113290227, 0.5738715542399365, 0.5902192262203797, 0.5977890196701755, 0.6092412698528041, 0.6309723442663318, 0.6096264878692834, 0.6386053458504055, 0.6470669277984163, 0.6470561079356981, 0.6483784421630527, 0.6499644498462263, 0.6675606075188388, 0.6816301015408143, 0.6749162330575611, 0.6919355074996534, 0.6953241928764011, 0.7156349125763645, 0.7277958571262981, 0.723467318908028, 0.7489118070706077, 0.7518182160413783, 0.7360403845491617, 0.7696888919757761, 0.7811217288608137, 0.761405643561612, 0.7951627483834391, 0.7879886523537014, 0.8047420933194782, 0.7866529125882231, 0.796066324348035, 0.8203539712273556, 0.8123880365620488, 0.8485162763491921, 0.8502839719471724, 0.8421137443055278, 0.8619968878186267, 0.8684041500091553, 0.8369448418202607, 0.860813900180485, 0.8844700844391532, 0.8560290550408156, 0.8806078654268513, 0.8837009772010471, 0.8961511260789373, 0.8734506563000057, 0.9013107755909795, 0.909493726880654, 0.8917105308045512, 0.9005912743184877], "f1_score_neg": [0.006679841519697853, 0.0018668794275625892, 0.06956558093509596, 0.15318198111313192, 0.24135933158433306, 0.30384933770350786, 0.30969679525688937, 0.359414239090098, 0.354476533850412, 0.384133940157683, 0.43460152946088626, 0.4485289872340534, 0.4615920599064101, 0.49443792065848474, 0.49886117292487103, 0.47468717606819194, 0.5288385790975197, 0.5608711539079314, 0.5151654387945714, 0.5458464816860531, 0.5351022768603719, 0.5825718751420146, 0.5939810901232387, 0.5731487303324367, 0.5979963788843673, 0.6209102933821471, 0.6045249713503796, 0.6174348331987858, 0.6021017918120259, 0.6545362956821918, 0.6482454042719759, 0.6744053311969923, 0.6647414228190547, 0.67897561856586, 0.690170599228662, 0.7223870572836503, 0.6992614625588708, 0.7447575518618459, 0.7306917374548705, 0.71337722055614, 0.7644281095784643, 0.7678966321375059, 0.7520184069871902, 0.7897740725589835, 0.7758149802684784, 0.8169957328101863, 0.7620521182923213, 0.8017390804446262, 0.8162885172211606, 0.8076083873925002, 0.8578529442134111, 0.8451141818709995, 0.8432768738788107, 0.8683841403411783, 0.8486464768648148, 0.8130561894048816, 0.8592095206613126, 0.9048792227454807, 0.8391767289975415, 0.887497625273207, 0.8924499925064004, 0.9051051794186883, 0.8657224975202394, 0.9102340833000515, 0.9122533403013063, 0.898222244952036, 0.8970690512138865], "f1_score_pos": [0.05956361799136452, 0.2032134341298724, 0.33660242528371187, 0.41612576166896714, 0.4222470630446206, 0.4937743402045706, 0.4657956345168793, 0.5419870683032534, 0.5638949906696444, 0.5405454133515772, 0.5801251381635666, 0.5822666530375895, 0.6183694024448809, 0.5853103091535361, 0.6120194167546604, 0.6200750003690305, 0.6255343640628068, 0.6303150718626769, 0.6325776683895484, 0.6345919723743978, 0.6604757503322933, 0.6359106804365697, 0.6679636126627093, 0.6461042211107586, 0.6792143136262894, 0.673223551524722, 0.6895872464646464, 0.6793220548526101, 0.6978271001059076, 0.6805849234047143, 0.7150148049644802, 0.6754271281154259, 0.7191295941238818, 0.7116727615180223, 0.7410992267339126, 0.7332046517859334, 0.7476731736374937, 0.7530660545048506, 0.772944696571516, 0.7587035525104274, 0.7749496873306192, 0.7943468385416529, 0.7707928756008977, 0.8005514047715975, 0.8001623406358387, 0.792488460307536, 0.8112537063982176, 0.790393563716308, 0.824419436895329, 0.8171676792528318, 0.8391796149637388, 0.8554537697978641, 0.8409506030704664, 0.8556096190991609, 0.8881618250971255, 0.8608335152916287, 0.862418264798496, 0.8640609558509744, 0.8728813781686451, 0.8737180926229643, 0.8749519618956939, 0.8871970662604207, 0.8811788021222405, 0.8923874698255373, 0.906734106981236, 0.885198818600696, 0.9041134877049405],