{"1": {"val_f1_score_pos": [0.2842766330068411, 0.25507595415218315, 0.3465883626870298, 0.3955778426084763, 0.39576916548779995, 0.4164304355485344, 0.39388928948840846, 0.391363798204543, 0.3784205655471409, 0.4237308406744033, 0.394765579185666, 0.40529237519338007, 0.42127238945332507, 0.39609259144443676, 0.36110100036154336, 0.39685052239138746, 0.40513283078647977, 0.2358374657847567, 0.38223554462770915, 0.404321749803991, 0.3303593624512247, 0.428516259399342, 0.3950339452243312, 0.4184465254554328, 0.3845335973097406, 0.4124378098650017, 0.4031426880309242, 0.3773765660758711, 0.40594108097734505, 0.4088594727000298, 0.41287409098256667, 0.31336030350630206, 0.3697398230399948, 0.32667651579447604, 0.4085098041964714, 0.41606886539435634, 0.4085725027459514, 0.4422992919406213, 0.39662815005029584, 0.4114713833319192, 0.34635273695957325, 0.28305972527395856, 0.40278105048301033, 0.41478424441208456, 0.22456423437547104, 0.393307279358026, 0.39960920794611837, 0.3562693653265421, 0.3038131215526239, 0.2553226340342576, 0.4130474414795409, 0.4111037324582785, 0.3989168333004468, 0.4242986619901507, 0.3872067415655276, 0.31077946060903966, 0.4048880190930815, 0.40305141701764796, 0.4156256670411299, 0.4344373178868159, 0.4314119184655324], "loss": [1.0963471122086048, 0.9421169124543667, 0.8681282848119736, 0.851349975913763, 0.8274625204503536, 0.8007635250687599, 0.7566704861819744, 0.7600266635417938, 0.7572830207645893, 0.7421288043260574, 0.7074792794883251, 0.6976801380515099, 0.6773323751986027, 0.6851635724306107, 0.6380433440208435, 0.64073396474123, 0.6365573666989803, 0.5984275117516518, 0.6074962168931961, 0.5838512443006039, 0.5973889511078596, 0.557515075430274, 0.60673644579947, 0.5179676432162523, 0.5369464457035065, 0.5343898329883814, 0.5115611795336008, 0.5081398542970419, 0.48381089605391026, 0.4506832957267761, 0.49293325655162334, 0.44200223311781883, 0.4713788777589798, 0.44897105172276497, 0.42881580628454685, 0.47893837839365005, 0.4026100430637598, 0.39789421670138836, 0.408983763307333, 0.38839634135365486, 0.3907942660152912, 0.3724361192435026, 0.367686502635479, 0.3519071154296398, 0.3749851733446121, 0.309175755828619, 0.37510258704423904, 0.3184902733191848, 0.3128258250653744, 0.3542245589196682, 0.2610166519880295, 0.2783267693594098, 0.29911641124635935, 0.28525630198419094, 0.2858381764963269, 0.2966634202748537, 0.2450145510956645, 0.27005067467689514, 0.292206066660583, 0.24432189296931028, 0.2451771656051278], "f1_score_pos": [0.1969556724652648, 0.25119383656419814, 0.30602558702230453, 0.3277882765978575, 0.35275230649858713, 0.38438367494381964, 0.4251180598512292, 0.4820085521787405, 0.45265725906938314, 0.458071606233716, 0.4864257797598839, 0.5515362732112408, 0.5447357650846243, 0.5426218565553427, 0.6135809011757374, 0.6155972629785538, 0.6097556352615356, 0.6317979395389557, 0.6067575216293335, 0.667751669883728, 0.6663438118994236, 0.6530660260468721, 0.6368018267676234, 0.7114326655864716, 0.7025791183114052, 0.7073741182684898, 0.7151772305369377, 0.7813359908759594, 0.7624209336936474, 0.7551302164793015, 0.7357695251703262, 0.7937394231557846, 0.7381048537790775, 0.7934929355978966, 0.8008576259016991, 0.7506947368383408, 0.8075499534606934, 0.8256871961057186, 0.7879962734878063, 0.8383341133594513, 0.7943528778851032, 0.8318330682814121, 0.8413255512714386, 0.8273509480059147, 0.8340617567300797, 0.8444038443267345, 0.838846992701292, 0.8617248237133026, 0.8796774819493294, 0.8238136954605579, 0.8800537399947643, 0.8673203065991402, 0.8656192645430565, 0.882805809378624, 0.8649245984852314, 0.8818303272128105, 0.8883570320904255, 0.8813813701272011, 0.8829838074743748, 0.8942575231194496, 0.8853165693581104], "acc": [0.4669999973848462, 0.5377500001341105, 0.5823750086128712, 0.6055000014603138, 0.6093750037252903, 0.6262499950826168, 0.6500000022351742, 0.6449999958276749, 0.6487500034272671, 0.6549999937415123, 0.6802500002086163, 0.6827500015497208, 0.6890000030398369, 0.6877499967813492, 0.7143749967217445, 0.7001250013709068, 0.7146250009536743, 0.7356250062584877, 0.7299999967217445, 0.7427500039339066, 0.7388749979436398, 0.7525000087916851, 0.7337500043213367, 0.7812500037252903, 0.7706250101327896, 0.7576250061392784, 0.7788750007748604, 0.7838749997317791, 0.7969999983906746, 0.8102499954402447, 0.7886250019073486, 0.8151249997317791, 0.8017499931156635, 0.8152500092983246, 0.8261249996721745, 0.8096250034868717, 0.8407499901950359, 0.8370000012218952, 0.8311249949038029, 0.8451250120997429, 0.8427499942481518, 0.8442499972879887, 0.8568750023841858, 0.859875001013279, 0.857124999165535, 0.881375003606081, 0.8540000021457672, 0.8741249963641167, 0.8813750073313713, 0.8606250025331974, 0.902999997138977, 0.8943750038743019, 0.8848750069737434, 0.8913750015199184, 0.8941250033676624, 0.8871250003576279, 0.914000004529953, 0.8981250040233135, 0.8881249949336052, 0.9127499982714653, 0.909500002861023], "val_f1_score": [0.31308276858138867, 0.4165103313384483, 0.551693921683342, 0.5565568284842543, 0.5375969424421488, 0.5635664441861176, 0.5041459632708154, 0.5699528005817052, 0.5287842738751726, 0.5713264382319895, 0.5169173879259833, 0.4996611419101583, 0.5736613605561902, 0.5258331053491868, 0.57283316396455, 0.568264730358467, 0.5691504751944187, 0.531225331425935, 0.5532319171976732, 0.5191622134323223, 0.5350580810159914, 0.583706222913633, 0.5572172313781134, 0.5568890117387004, 0.5407462649338963, 0.5753530767711497, 0.5854079553633728, 0.5680137015761849, 0.537211408713783, 0.5516785415667861, 0.48473870335963737, 0.4627590814904485, 0.5688908078946137, 0.5434153457509469, 0.5138796901466929, 0.5628352895868398, 0.5832770213156309, 0.5819508525845815, 0.5537776885352261, 0.5551107290141818, 0.5552624049778732, 0.49729924351043975, 0.5750080404708474, 0.5085205564721983, 0.5051220620048512, 0.528574600929727, 0.49237395807584555, 0.4923366908012507, 0.5147397540680632, 0.5147271634917832, 0.5656608084113652, 0.5647789756832389, 0.5390407510346461, 0.5702644012234954, 0.4839861424077592, 0.5435787493507979, 0.5541307565010832, 0.5533592558582785, 0.5620015285543852, 0.551011156563924, 0.5602955100132011], "val_loss": [1.1212904293473862, 0.837869623117065, 0.8142558299792655, 0.8347315363287657, 0.8721854316185468, 0.8095133919679416, 0.8011393727775742, 0.7823427253835543, 0.8195141414988969, 0.8219294167830501, 0.8556019703761661, 0.8606604505003544, 0.7778019999202929, 0.8002280156943802, 0.7758064859094675, 0.7819101516319941, 0.8077847790567928, 0.8225157796612635, 0.8378304094813506, 0.905205244128896, 0.8145243493866073, 0.8101873404798452, 0.8107327436521361, 0.8691377335178171, 0.9116778404016619, 0.8534860208771329, 0.8535675368918205, 0.8905164488145911, 1.0002112341152352, 0.9653739987650917, 1.0237431236070607, 1.0388301052169868, 0.9212868323049404, 0.9118682694660346, 1.0507514294985978, 0.9185842791495965, 0.9322847508386722, 0.9352482904521292, 0.9866715754360108, 1.0030959316378931, 1.1748683211828104, 1.062086655060772, 1.0028722471232034, 1.1343320732549993, 1.1737066513774528, 1.1592761146770207, 1.1232476744413697, 1.2539641811029363, 1.2196440158853432, 1.1407101887386766, 1.1514383319579315, 1.1171959074992508, 1.0976744757758246, 1.114299247836509, 1.320979371888113, 1.1572893472389225, 1.1381767398861684, 1.1836747578871019, 1.124220105746926, 1.2523171043160044, 1.1971537587452836],