{"val_f1_score": [0.5453868336700062, 0.6420668760935465, 0.6184655470139018, 0.6471108139389743, 0.6487863644383068, 0.6695310528935519, 0.6954152212035396, 0.6536883132963583, 0.6738003645079548, 0.6744494863360565, 0.6151348113263339, 0.6898760690233884, 0.6412881822245908, 0.6437701948696379, 0.6341339676767205, 0.6246567867792031, 0.6365774895086271, 0.6900793993344871, 0.6867939860621306, 0.6776706060649152, 0.6456422519565035, 0.6505122927583924, 0.6604790172644435, 0.6238969060619953, 0.6386860829308812, 0.6246212982237261, 0.6527032218140753, 0.6756441058869941, 0.6773590698287207, 0.6545562191707331, 0.6714258345599691, 0.6630995500878715, 0.6574975160548232, 0.668686077581001, 0.6607346704648356, 0.6687283500923499, 0.6448441369621704, 0.6727809771258406, 0.6632572630869258, 0.6542631474936881, 0.6052449862537439, 0.6225529168960837, 0.6585769529515229, 0.6466590719619448, 0.6211044676279478, 0.656228947117358, 0.6623708517758389, 0.6519274873555941, 0.6393047362183011, 0.643354056890074, 0.657465646171895, 0.6631713596004343, 0.5860908988764553, 0.6565095323951045, 0.6706413480199418, 0.6651504315199454, 0.5917711318273917, 0.6576120991454236, 0.5473245890816459, 0.6565542587795002], "val_f1_score_neu": [0.6653797098916877, 0.6867537907093427, 0.7063812765273527, 0.7240476174645933, 0.68205734989695, 0.6990528077926655, 0.7137711945713082, 0.72992917922673, 0.6365793207140067, 0.7340043754581388, 0.7165393282852554, 0.7125045244005325, 0.7224581125618559, 0.7279999439496867, 0.7187490758388149, 0.715240061455063, 0.7280249716164464, 0.736296477481633, 0.7272301866193471, 0.6963822739254981, 0.7225091304799062, 0.7284861020675457, 0.7258299400166768, 0.7216547803087182, 0.7237206973993275, 0.7190152531904466, 0.7274910047114943, 0.7223152632385672, 0.7143108198375737, 0.6292847950033963, 0.7300853666251268, 0.7009967122057933, 0.725205729491061, 0.6875049522815337, 0.6768556711181642, 0.7249540945003579, 0.7213572840536794, 0.7081534669776304, 0.6963380927055363, 0.7244219550491161, 0.709448881187434, 0.7146772649886569, 0.7205741338113334, 0.7225226304239093, 0.7180250786027976, 0.7202138559980215, 0.7219067542783676, 0.7225689337755669, 0.6174704040907013, 0.7215012212203551, 0.7216308626201938, 0.7254304727825192, 0.7060699765525276, 0.7208469904160019, 0.703148856176781, 0.7203719379737438, 0.7049725457904784, 0.7238381191122853, 0.684599282045612, 0.7199877131932556], "f1_score_pos": [0.590429849922657, 0.6776961907744408, 0.6588917002081871, 0.7236738055944443, 0.7373862117528915, 0.7170689627528191, 0.7389670759439468, 0.7455490007996559, 0.7723673284053802, 0.7804348543286324, 0.7825008109211922, 0.7898140400648117, 0.8044660165905952, 0.8010212332010269, 0.8377608209848404, 0.7744909673929214, 0.7993647381663322, 0.8073628544807434, 0.8632532060146332, 0.8020079210400581, 0.8633670955896378, 0.7938990890979767, 0.8604748919606209, 0.8747783228754997, 0.8586519956588745, 0.8627484738826752, 0.8442496284842491, 0.8908669054508209, 0.8906994536519051, 0.902318187057972, 0.8304499685764313, 0.9199571684002876, 0.9195467308163643, 0.9126554802060127, 0.8824646845459938, 0.9211215898394585, 0.9322125986218452, 0.8815111219882965, 0.9287806153297424, 0.931511253118515, 0.9364752322435379, 0.8990057483315468, 0.9307879507541656, 0.9444544538855553, 0.9576880782842636, 0.9448500573635101, 0.947692796587944, 0.9613117650151253, 0.9351831674575806, 0.8915928527712822, 0.9611848592758179, 0.9532982930541039, 0.9655705988407135, 0.9656581655144691, 0.9562973752617836, 0.960830383002758, 0.9594252929091454, 0.9515256062150002, 0.9154552295804024, 0.93867327272892], "f1_score_pos_neg": [0.4266785718500614, 0.5321560427546501, 0.5914213508367538, 0.6391828879714012, 0.6741319894790649, 0.6611087471246719, 0.6925854086875916, 0.7004957869648933, 0.7193231731653214, 0.7266261577606201, 0.7319713458418846, 0.7421719059348106, 0.7577375024557114, 0.7519745528697968, 0.790424644947052, 0.7539137825369835, 0.7891391739249229, 0.7663741186261177, 0.841055303812027, 0.7569613009691238, 0.8343059942126274, 0.8007408306002617, 0.8571761101484299, 0.8507294356822968, 0.826798640191555, 0.8463276326656342, 0.8438866436481476, 0.8831102475523949, 0.8865753710269928, 0.8838145062327385, 0.8531297370791435, 0.9055492952466011, 0.8872545138001442, 0.8849092423915863, 0.8917593732476234, 0.9237237870693207, 0.9133362621068954, 0.9054569005966187, 0.9233747124671936, 0.9306524321436882, 0.9342437162995338, 0.8824052661657333, 0.9324031472206116, 0.9382556900382042, 0.9345873445272446, 0.9332544133067131, 0.9440929442644119, 0.961803138256073, 0.9413909092545509, 0.8950915932655334, 0.9622165188193321, 0.9444652497768402, 0.9598977491259575, 0.9580620005726814, 0.9575193226337433, 0.9589561596512794, 0.9586847051978111, 0.927644670009613, 0.9276781752705574, 0.945899210870266], "val_acc": [0.6265407797548047, 0.6719118757195401, 0.6808287427395996, 0.6873852656233382, 0.6837136013564743, 0.6949908196566582, 0.7104642035108897, 0.685287186144657, 0.6834513482664815, 0.7010228093014969, 0.6624705050206078, 0.7081038588274504, 0.6708628362850226, 0.6915814349290551, 0.664568577918236, 0.6614214439045686, 0.6884343020721524, 0.7138735768271656, 0.701547334114773, 0.698400205541026, 0.6703383198973702, 0.6939417741725741, 0.6797797013979836, 0.67741935196243, 0.6763703089950905, 0.6690270081299232, 0.686598473917053, 0.7020718589280491, 0.7020718613041063, 0.669027022464426, 0.6991869913384322, 0.6797796959580632, 0.6789929083942461, 0.6876475073020039, 0.6847626528275973, 0.6897456072429143, 0.683713598370771, 0.6960398686735642, 0.6923682116130315, 0.6858116977020352, 0.6438499924519416, 0.6590611009875402, 0.6936795264443418, 0.678992919883733, 0.6692892611573882, 0.6792551867767422, 0.6884342888162545, 0.6852871813143828, 0.6580120676025892, 0.6810910072565517, 0.68187777979806, 0.6936795120316792, 0.6409651205791691, 0.6818777899900947, 0.6907946581669189, 0.6905324026227091, 0.6430632031217135, 0.6824022961857124, 0.5990034178458203, 0.6834513434362074], "val_loss": [0.8237698050955916, 0.7496421627413091, 0.7231150897600318, 0.7056845107198606, 0.6968303489585014, 0.6806198473899595, 0.671967958750576, 0.7098331882232698, 0.714199188106991, 0.6871233845895086, 0.7833639323601972, 0.662593230749721, 0.8058702893342179, 0.7139716273432105, 0.8524577843214376, 0.819539591423833, 0.7603434301129233, 0.684270588800784, 0.7518415869360923, 0.6979111710809017, 0.9444175585498654, 0.7530989145751141, 0.8557704019165089, 0.859534162956681, 0.8684243366001098, 0.9175550758041424, 0.8158436833545976, 0.7760857271454074, 0.7565003038390615, 0.8188529250629925, 0.7832184112387757, 0.8591624165562985, 0.9673857610744033, 0.8170076754503978, 0.8121689219753666, 0.8893542489041314, 0.9623549753932418, 0.8030682077971838, 0.8511608705225499, 0.9584552315067438, 1.3443123493612266, 1.124956436336056, 0.9093610214774389, 1.0178338752748333, 1.1659163257252223, 1.0511922124424475, 1.0114387912197498, 1.0949387080144795, 1.0231868646102973, 1.0635050241008632, 1.0445373133665115, 0.9945997365997309, 1.483388314495992, 1.1049206615150866, 0.9861254014432383, 1.0455624696434935, 1.478262701248391, 1.1505501738627564, 1.9461356929178286, 1.0594266101565537],