{"f1_score_pos": [0.01633986985931794, 0.0, 0.03267973909775416, 0.2543916230400403, 0.2173737809062004, 0.0, 0.0, 0.0, 0.0, 0.0, 0.0, 0.10711226612329483, 0.0, 0.0, 0.0, 0.0, 0.0, 0.0, 0.0, 0.0, 0.0, 0.0, 0.0, 0.0, 0.0, 0.0, 0.0, 0.0, 0.0, 0.0, 0.0, 0.0, 0.0, 0.0, 0.0, 0.0, 0.0, 0.0, 0.0, 0.0, 0.0, 0.0, 0.0, 0.0, 0.0, 0.0, 0.0, 0.0, 0.0, 0.0, 0.0, 0.0, 0.0, 0.0], "val_f1_score_pos": [0.0, 0.0, 0.23068435571239812, 0.23068435571239812, 0.0, 0.0, 0.0, 0.0, 0.0, 0.0, 0.23068435571239812, 0.0, 0.0, 0.0, 0.0, 0.0, 0.0, 0.0, 0.0, 0.0, 0.0, 0.0, 0.0, 0.0, 0.0, 0.0, 0.0, 0.0, 0.0, 0.0, 0.0, 0.0, 0.0, 0.0, 0.0, 0.0, 0.0, 0.0, 0.0, 0.0, 0.0, 0.0, 0.0, 0.0, 0.0, 0.0, 0.0, 0.0, 0.0, 0.0, 0.0, 0.0, 0.0, 0.0], "val_f1_score_neg": [0.0, 0.0, 0.0, 0.0, 0.0, 0.0, 0.0, 0.0, 0.0, 0.0, 0.0, 0.0, 0.0, 0.0, 0.0, 0.0, 0.0, 0.0, 0.0, 0.0, 0.0, 0.0, 0.0, 0.0, 0.0, 0.0, 0.0, 0.0, 0.0, 0.0, 0.0, 0.0, 0.0, 0.0, 0.0, 0.0, 0.0, 0.0, 0.0, 0.0, 0.0, 0.0, 0.0, 0.0, 0.0, 0.0, 0.0, 0.0, 0.0, 0.0, 0.0, 0.0, 0.0, 0.0], "val_f1_score": [0.2367351456263341, 0.2367351456263341, 0.07689478803045623, 0.07689478803045623, 0.2367351456263341, 0.2367351456263341, 0.2367351456263341, 0.2367351456263341, 0.2367351456263341, 0.2367351456263341, 0.07689478803045623, 0.2367351456263341, 0.2367351456263341, 0.2367351456263341, 0.2367351456263341, 0.2367351456263341, 0.2367351456263341, 0.2367351456263341, 0.2367351456263341, 0.2367351456263341, 0.2367351456263341, 0.2367351456263341, 0.2367351456263341, 0.2367351456263341, 0.2367351456263341, 0.2367351456263341, 0.2367351456263341, 0.2367351456263341, 0.2367351456263341, 0.2367351456263341, 0.2367351456263341, 0.2367351456263341, 0.2367351456263341, 0.2367351456263341, 0.2367351456263341, 0.2367351456263341, 0.2367351456263341, 0.2367351456263341, 0.2367351456263341, 0.2367351456263341, 0.2367351456263341, 0.2367351456263341, 0.2367351456263341, 0.2367351456263341, 0.2367351456263341, 0.2367351456263341, 0.2367351456263341, 0.2367351456263341, 0.2367351456263341, 0.2367351456263341, 0.2367351456263341, 0.2367351456263341, 0.2367351456263341, 0.2367351456263341], "val_f1_score_neu": [0.7102054234726495, 0.7102054234726495, 0.0, 0.0, 0.7102054234726495, 0.7102054234726495, 0.7102054234726495, 0.7102054234726495, 0.7102054234726495, 0.7102054234726495, 0.0, 0.7102054234726495, 0.7102054234726495, 0.7102054234726495, 0.7102054234726495, 0.7102054234726495, 0.7102054234726495, 0.7102054234726495, 0.7102054234726495, 0.7102054234726495, 0.7102054234726495, 0.7102054234726495, 0.7102054234726495, 0.7102054234726495, 0.7102054234726495, 0.7102054234726495, 0.7102054234726495, 0.7102054234726495, 0.7102054234726495, 0.7102054234726495, 0.7102054234726495, 0.7102054234726495, 0.7102054234726495, 0.7102054234726495, 0.7102054234726495, 0.7102054234726495, 0.7102054234726495, 0.7102054234726495, 0.7102054234726495, 0.7102054234726495, 0.7102054234726495, 0.7102054234726495, 0.7102054234726495, 0.7102054234726495, 0.7102054234726495, 0.7102054234726495, 0.7102054234726495, 0.7102054234726495, 0.7102054234726495, 0.7102054234726495, 0.7102054234726495, 0.7102054234726495, 0.7102054234726495, 0.7102054234726495], "f1_score_neg": [0.16393442948659262, 0.0, 0.0, 0.0, 0.0, 0.0, 0.0, 0.0, 0.0, 0.0, 0.0, 0.0, 0.0, 0.0, 0.0, 0.0, 0.0, 0.0, 0.0, 0.0, 0.0, 0.0, 0.0, 0.0, 0.0, 0.0, 0.0, 0.0, 0.0, 0.0, 0.0, 0.0, 0.0, 0.0, 0.0, 0.0, 0.0, 0.0, 0.0, 0.0, 0.0, 0.0, 0.0, 0.0, 0.0, 0.0, 0.0, 0.0, 0.0, 0.0, 0.0, 0.0, 0.0, 0.0], "f1_score_neu": [0.57312922924757, 0.7164121866226196, 0.7105053712924322, 0.0, 0.12034079432487488, 0.715712289015452, 0.7164765844742457, 0.7164376229047775, 0.7165125012397766, 0.7163757036129633, 0.7164979626735052, 0.6146629676222801, 0.7163637081782023, 0.7165231704711914, 0.7162792583306631, 0.7159427950779597, 0.7164773742357889, 0.716420312722524, 0.7165231704711914, 0.7165083984533945, 0.7165373613437017, 0.7165370980898539, 0.7165407538414001, 0.7164735347032547, 0.7160051912069321, 0.7162738591432571, 0.7164839605490366, 0.7165263195832571, 0.7164664765199026, 0.7165194153785706, 0.7162713507811228, 0.7164947936932246, 0.7162410517533621, 0.716169074177742, 0.7162463863690695, 0.7165479908386866, 0.7155171632766724, 0.7165371676286062, 0.7164635509252548, 0.7164296656847, 0.7165420899788538, 0.7165420899788538, 0.7164922654628754, 0.716444710890452, 0.7162435998519262, 0.7165188789367676, 0.7163906693458557, 0.7165653904279073, 0.71657728155454, 0.7164815614620844, 0.7164060324430466, 0.7162410517533621, 0.7165479908386866, 0.7164735347032547], "f1_score": [0.2511345272262891, 0.23880406593283018, 0.2477283775806427, 0.08479720974961917, 0.1125715250770251, 0.23857077459494272, 0.23882552981376648, 0.23881254096825918, 0.23883751034736633, 0.2387919028600057, 0.23883266001939774, 0.2405917545159658, 0.23878791059056917, 0.23884106054902077, 0.2387597585717837, 0.23864760249853134, 0.2388257992764314, 0.23880677670240402, 0.23884106054902077, 0.23883613695700964, 0.23884579290946326, 0.2388457035024961, 0.2388469216724237, 0.23882451529304186, 0.23866840079426765, 0.23875795677304268, 0.23882799098889032, 0.23884210735559464, 0.23882216090957323, 0.23883981133500734, 0.23875712479154268, 0.23883160576224327, 0.23874702552954355, 0.2387230284512043, 0.2387487975259622, 0.2388493319352468, 0.23850573102633157, 0.23884572461247444, 0.23882118860880533, 0.23880989849567413, 0.23884736622373262, 0.23884736622373262, 0.23883076012134552, 0.23881491273641586, 0.23874787241220474, 0.23883963252107301, 0.23879689474900564, 0.2388551359375318, 0.23885909964640936, 0.23882719626029333, 0.2388020157814026, 0.23874702552954355, 0.2388493319352468, 0.23882451529304186], "val_loss": [7.236104449977008, 7.236104449977008, 14.015420863502904, 14.015420863502904, 7.236104449977008, 7.236104449977008, 7.236104449977008, 7.236104449977008, 7.236104449977008, 7.236104449977008, 6.435362592775222, 7.236104449977008, 7.236104449977008, 7.236104449977008, 7.236104449977008, 7.236104449977008, 7.236104449977008, 7.236104449977008, 7.236104449977008, 7.236104449977008, 7.236104449977008, 7.236104449977008, 7.236104449977008, 7.236104449977008, 7.236104449977008, 7.236104449977008, 7.236104449977008, 7.236104449977008, 7.236104449977008, 7.236104449977008, 7.236104449977008, 7.236104449977008, 7.236104449977008, 7.236104449977008, 7.236104449977008, 7.236104449977008, 7.236104449977008, 7.236104449977008, 7.236104449977008, 7.236104449977008, 7.236104449977008, 7.236104449977008, 7.236104449977008, 7.236104449977008, 7.236104449977008, 7.236104449977008, 7.236104449977008, 7.236104449977008, 7.236104449977008, 7.236104449977008, 7.236104449977008, 7.236104449977008, 7.236104449977008, 7.236104449977008], "val_f1_score_pos_neg": [0.0, 0.0, 0.11534217785619906, 0.11534217785619906, 0.0, 0.0, 0.0, 0.0, 0.0, 0.0, 0.11534217785619906, 0.0, 0.0, 0.0, 0.0, 0.0, 0.0, 0.0, 0.0, 0.0, 0.0, 0.0, 0.0, 0.0, 0.0, 0.0, 0.0, 0.0, 0.0, 0.0, 0.0, 0.0, 0.0, 0.0, 0.0, 0.0, 0.0, 0.0, 0.0, 0.0, 0.0, 0.0, 0.0, 0.0, 0.0, 0.0, 0.0, 0.0, 0.0, 0.0, 0.0, 0.0, 0.0, 0.0],