{"loss": [1.0788919230302174, 0.9893507361412048, 0.930486743648847, 0.9228669653336207, 0.9250679910182953, 0.9223466068506241, 0.9174719303846359, 0.9243627488613129, 0.9274923205375671, 0.9223617017269135, 0.9278685400883356, 0.9165746122598648, 0.9216208259264628, 0.920632615685463, 0.9184522827466329, 0.9298245459794998, 0.9216502954562505, 0.9147932082414627, 0.9184187104304632, 0.9175265431404114, 0.9246900131305059, 0.9173086086908976, 0.9184701293706894, 0.9208464026451111, 0.9165230989456177, 0.9210604379574457, 0.9243587702512741, 0.9156322479248047, 0.9172909110784531, 0.915947437286377, 0.9154539406299591, 0.9175881495078405, 0.9132589201132456, 0.9165535469849905, 0.9132075905799866, 0.9137457112471262, 0.9112583994865417, 0.9135629485050837, 0.9137724091609319, 0.9114931225776672, 0.9085932771364847, 0.9133523354927698, 0.9141079584757487, 0.9149254957834879, 0.9054742703835169, 0.9067353705565134, 0.9094396084547043, 0.900563508272171, 0.9147530545790991, 0.8892054508129755, 0.9111775805552801, 0.8811540603637695], "val_f1_score_neg": [0.0, 0.0, 0.0, 0.0, 0.0, 0.0, 0.0, 0.0, 0.0, 0.0, 0.0, 0.0, 0.0, 0.0, 0.0, 0.0, 0.0, 0.0, 0.0, 0.0, 0.0, 0.0, 0.0, 0.0, 0.0, 0.0, 0.0, 0.0, 0.0, 0.0, 0.0, 0.0, 0.0, 0.0, 0.0, 0.0, 0.0, 0.0, 0.0, 0.0, 0.0, 0.0, 0.0, 0.0, 0.0, 0.0, 0.0, 0.0, 0.0, 0.0, 0.0, 0.0], "f1_score_pos": [0.08814103280504544, 0.0, 0.0, 0.0, 0.0, 0.0, 0.0, 0.0, 0.0, 0.0, 0.0, 0.0, 0.0, 0.0, 0.0, 0.0, 0.0, 0.0, 0.0, 0.0, 0.0, 0.0, 0.0, 0.0, 0.0, 0.0, 0.0, 0.0, 0.0, 0.0, 0.0, 0.0, 0.0, 0.0, 0.0, 0.0, 0.0, 0.0, 0.0, 0.0, 0.0, 0.0, 0.0, 0.0, 0.0, 0.0, 0.0, 0.0, 0.0, 0.0, 0.0, 0.0], "val_loss": [1.029541763967616, 0.9833196255198696, 0.9717671044281458, 0.9591992966130248, 0.9615434507663004, 0.9607842707226419, 0.9695698775743183, 0.9627513036607784, 0.9693663620594863, 0.9663431952785813, 0.9709078956175858, 0.9588356195566518, 0.9587928900780894, 0.9588562291428896, 0.9969214772084142, 0.9598300217295144, 0.966567297964229, 0.960430169663234, 0.9587273824820902, 0.9589166343078064, 0.9683422866942268, 0.962202604000385, 0.9646430022535268, 0.9674768467717378, 0.9586667479344761, 0.9635176928098064, 0.959946252636903, 0.9585148220763676, 0.9648640434644375, 0.9591436061942786, 0.9704404418874956, 0.96535191378291, 0.9588444955274965, 0.9586019045428226, 0.9615509111067222, 0.9592948602600458, 0.9643810525221488, 0.9669752701734885, 0.9579596629402308, 0.9602224389765641, 0.9594344856553501, 0.9899635874790701, 0.9772744811551827, 0.9593093796083104, 0.9651240701885626, 0.9551651485589405, 0.958146108843108, 0.985243774618697, 0.9540671969500416, 0.9990030748051563, 0.9516319761499327, 0.9602235371445516], "val_f1_score_pos_neg": [0.0, 0.0, 0.0, 0.0, 0.0, 0.0, 0.0, 0.0, 0.0, 0.0, 0.0, 0.0, 0.0, 0.0, 0.0, 0.0, 0.0, 0.0, 0.0, 0.0, 0.0, 0.0, 0.0, 0.0, 0.0, 0.0, 0.0, 0.0, 0.0, 0.0, 0.0, 0.0, 0.0, 0.0, 0.0, 0.0, 0.0, 0.0, 0.0, 0.0, 0.0, 0.0, 0.0, 0.0, 0.0, 0.0, 0.0, 0.0, 0.0, 0.0, 0.0, 0.0], "f1_score_neu": [0.5299512781202793, 0.7460345675547918, 0.746696467200915, 0.7464791188637415, 0.7462625702222189, 0.7466952502727509, 0.7466095437606176, 0.7467214812835058, 0.7462114095687866, 0.7458785722653071, 0.7464533944924673, 0.7465671648581823, 0.7464339435100555, 0.7464736749728521, 0.7458429634571075, 0.746601069966952, 0.7465947816769282, 0.7466784864664078, 0.7465283473332723, 0.7465429504712423, 0.7461126645406088, 0.7467181781927744, 0.7466410001118978, 0.746049682299296, 0.7463722974061966, 0.7457192093133926, 0.7466620703538259, 0.7462225357691447, 0.7466474225123724, 0.7466425746679306, 0.746612956126531, 0.7466833293437958, 0.7466660887002945, 0.7465374817450842, 0.7465975483258566, 0.7464957982301712, 0.7467263986666998, 0.7462620983521143, 0.7465935995181402, 0.7466849038998286, 0.7466039409240087, 0.7464547008275986, 0.7465865612030029, 0.7464291254679362, 0.7464211831490198, 0.7465923378864924, 0.7464158982038498, 0.7465005566676458, 0.74647785226504, 0.7461732774972916, 0.7466388841470083, 0.7466425746679306], "f1_score_neg": [0.0721153865257899, 0.0, 0.0, 0.0, 0.0, 0.0, 0.0, 0.0, 0.0, 0.0, 0.0, 0.0, 0.0, 0.0, 0.0, 0.0, 0.0, 0.0, 0.0, 0.0, 0.0, 0.0, 0.0, 0.0, 0.0, 0.0, 0.0, 0.0, 0.0, 0.0, 0.0, 0.0, 0.0, 0.0, 0.0, 0.0, 0.0, 0.0, 0.0, 0.0, 0.0, 0.0, 0.0, 0.0, 0.0, 0.0, 0.0, 0.0, 0.0, 0.0, 0.0, 0.0], "val_f1_score_neu": [0.7102054234726495, 0.7102054234726495, 0.7102054234726495, 0.7102054234726495, 0.7102054234726495, 0.7102054234726495, 0.7102054234726495, 0.7102054234726495, 0.7102054234726495, 0.7102054234726495, 0.7102054234726495, 0.7102054234726495, 0.7102054234726495, 0.7102054234726495, 0.7102054234726495, 0.7102054234726495, 0.7102054234726495, 0.7102054234726495, 0.7102054234726495, 0.7102054234726495, 0.7102054234726495, 0.7102054234726495, 0.7102054234726495, 0.7102054234726495, 0.7102054234726495, 0.7102054234726495, 0.7102054234726495, 0.7102054234726495, 0.7102054234726495, 0.7102054234726495, 0.7102054234726495, 0.7102054234726495, 0.7102054234726495, 0.7102054234726495, 0.7102054234726495, 0.7102054234726495, 0.7102054234726495, 0.7102054234726495, 0.7102054234726495, 0.7102054234726495, 0.7102054234726495, 0.7102054234726495, 0.7102054234726495, 0.7102054234726495, 0.7102054234726495, 0.7102054234726495, 0.7102054234726495, 0.7102054234726495, 0.7102054234726495, 0.7102054234726495, 0.7102054234726495, 0.7102054234726495], "f1_score": [0.23006924241781235, 0.24867819746335348, 0.24889883026480675, 0.24882637709379196, 0.2487541971107324, 0.24889842917521796, 0.24886986364920935, 0.24890716249744096, 0.24873714024821916, 0.24862619986136755, 0.24881780644257864, 0.24885573983192444, 0.24881132567922273, 0.2488245666027069, 0.24861433108647665, 0.24886703118681908, 0.2488649288813273, 0.24889283875624338, 0.24884278823932013, 0.24884765595197678, 0.2487042248249054, 0.24890606850385666, 0.24888034537434578, 0.24868323902289072, 0.2487907720108827, 0.24857307970523834, 0.24888736382126808, 0.24874084691206613, 0.2488824762403965, 0.24888086318969727, 0.24887098868687949, 0.24889445304870605, 0.24888870616753897, 0.24884583552678427, 0.2488658552368482, 0.24883193771044412, 0.24890880783398947, 0.24875404313206673, 0.24886453400055566, 0.2488949770728747, 0.24886799231171608, 0.24881824105978012, 0.24886219327648482, 0.24880971014499664, 0.24880706891417503, 0.24886411552627882, 0.24880530933539072, 0.24883352468411127, 0.24882595986127853, 0.2487244295577208, 0.24887963384389877, 0.24888086318969727], "val_acc": [0.5510571405418918, 0.5510571405418918, 0.5510571405418918, 0.5510571405418918, 0.5510571405418918, 0.5510571405418918, 0.5510571405418918, 0.5510571405418918, 0.5510571405418918, 0.5510571405418918, 0.5510571405418918, 0.5510571405418918, 0.5510571405418918, 0.5510571405418918, 0.5510571405418918, 0.5510571405418918, 0.5510571405418918, 0.5510571405418918, 0.5510571405418918, 0.5510571405418918, 0.5510571405418918, 0.5510571405418918, 0.5510571405418918, 0.5510571405418918, 0.5510571405418918, 0.5510571405418918, 0.5510571405418918, 0.5510571405418918, 0.5510571405418918, 0.5510571405418918, 0.5510571405418918, 0.5510571405418918, 0.5510571405418918, 0.5510571405418918, 0.5510571405418918, 0.5510571405418918, 0.5510571405418918, 0.5510571405418918, 0.5510571405418918, 0.5510571405418918, 0.5510571405418918, 0.5510571405418918, 0.5510571405418918, 0.5510571405418918, 0.5510571405418918, 0.5510571405418918, 0.5510571405418918, 0.5510571405418918, 0.5510571405418918, 0.5510571405418918, 0.5510571405418918, 0.5510571405418918],