{"loss": [1.0219905376434326, 1.4013442993164062, 1.2361317873001099, 1.010246992111206, 0.9023450613021851, 0.9209264516830444, 0.9890629053115845, 0.8400943875312805, 0.7922763824462891, 0.8855037689208984, 0.7857623100280762, 0.8377777338027954, 0.511006236076355, 0.4057840406894684, 1.4187158346176147, 1.3455665111541748, 0.6028141975402832, 0.3995739817619324, 0.2955889403820038, 0.3101714551448822, 0.8572548031806946, 0.31529444456100464, 0.1168321818113327, 0.06764023751020432, 0.05744623392820358, 0.025227278470993042, 0.046955835074186325, 0.041902534663677216, 0.03150242194533348, 0.020161887630820274, 0.014055785723030567, 0.021258408203721046, 0.0053812479600310326, 0.004890649113804102, 0.005722245667129755, 0.018812140449881554, 0.01257385779172182, 0.01139055285602808, 0.006003403104841709, 0.002428491599857807, 0.003988029435276985, 0.002286040922626853, 0.0033008293248713017, 0.007813897915184498, 0.003733582329005003, 0.002485932083800435, 0.0012097981525585055, 0.005756982136517763, 0.00291811628267169, 0.021556364372372627, 0.0030388012528419495, 0.0018997486913576722, 0.0042328122071921825, 0.009859833866357803, 0.0031176337506622076, 0.051148585975170135, 0.0017550427000969648, 0.001324362470768392, 0.005925072357058525, 0.0010774986585602164, 0.0015381837729364634, 0.00046241580275818706, 0.0021963852923363447, 0.0018575673457235098, 0.002550022443756461, 0.000901270192116499, 0.0007695074309594929, 0.0007138231885619462, 0.0017697960138320923, 0.001910757040604949, 0.0032634518574923277], "val_f1_score_neu": [0.710205417493416, 0.0, 0.710205417493416, 0.0, 0.710205417493416, 0.0, 0.710205417493416, 0.6765681806309932, 0.6987779295181724, 0.18430223428232415, 0.6784403992299823, 0.6727847263880586, 0.6831824492614547, 0.0, 0.6873372756464226, 0.705182285792539, 0.698455516089741, 0.6365379758423854, 0.7023644554577483, 0.0, 0.699022229437457, 0.6372393711268554, 0.6870748506330232, 0.6756145746601738, 0.6840602570270773, 0.6824657724507478, 0.6639154751023032, 0.6572376261463156, 0.6508612187392423, 0.6623795156644048, 0.6581254096595328, 0.6589926728191968, 0.6600618954987554, 0.6628731179762894, 0.6630864605354502, 0.670790579476659, 0.6674836551719456, 0.6598769937664123, 0.6634763163647242, 0.6640989532676624, 0.6634517961453598, 0.6641195186129358, 0.6619588914241439, 0.6641086413149249, 0.6630819416829073, 0.6645393385524638, 0.6645393385524638, 0.6638912754556482, 0.6638912754556482, 0.652419896582682, 0.6595831229458293, 0.6606908544623203, 0.6578557025029538, 0.6550466836276378, 0.6613000379024837, 0.6602800282550405, 0.6621008722888313, 0.6605595393165832, 0.6571540139947343, 0.656728013726542, 0.6583953183404079, 0.6605584031013664, 0.657173466612721, 0.6569502240250468, 0.6604016526990574, 0.6604351283621263, 0.6617172167905, 0.6616959945339369, 0.6617172167905, 0.6604351283621263, 0.654773421991102], "acc": [0.5, 0.5, 0.30000001192092896, 0.5, 0.5, 0.5, 0.5, 0.5, 0.800000011920929, 0.6000000238418579, 0.5, 0.699999988079071, 0.8999999761581421, 0.8999999761581421, 0.5, 0.699999988079071, 0.699999988079071, 0.800000011920929, 1.0, 0.800000011920929, 0.5, 0.699999988079071, 1.0, 1.0, 1.0, 1.0, 1.0, 1.0, 1.0, 1.0, 1.0, 1.0, 1.0, 1.0, 1.0, 1.0, 1.0, 1.0, 1.0, 1.0, 1.0, 1.0, 1.0, 1.0, 1.0, 1.0, 1.0, 1.0, 1.0, 1.0, 1.0, 1.0, 1.0, 1.0, 1.0, 1.0, 1.0, 1.0, 1.0, 1.0, 1.0, 1.0, 1.0, 1.0, 1.0, 1.0, 1.0, 1.0, 1.0, 1.0, 1.0], "f1_score_neg": [0.5454545617103577, 0.0, 0.46153849363327026, 0.0, 0.5454545617103577, 0.0, 0.5454545617103577, 0.0, 0.5, 0.0, 0.800000011920929, 0.800000011920929, 0.800000011920929, 1.0, 0.5454545617103577, 0.0, 0.0, 0.5, 1.0, 0.5, 0.5454545617103577, 0.0, 1.0, 1.0, 1.0, 1.0, 1.0, 1.0, 1.0, 1.0, 1.0, 1.0, 1.0, 1.0, 1.0, 1.0, 1.0, 1.0, 1.0, 1.0, 1.0, 1.0, 1.0, 1.0, 1.0, 1.0, 1.0, 1.0, 1.0, 1.0, 1.0, 1.0, 1.0, 1.0, 1.0, 1.0, 1.0, 1.0, 1.0, 1.0, 1.0, 1.0, 1.0, 1.0, 1.0, 1.0, 1.0, 1.0, 1.0, 1.0, 1.0], "val_f1_score_pos": [0.0, 0.0, 0.0, 0.0, 0.0, 0.055235940870861186, 0.0, 0.08307822775120838, 0.0, 0.2295149865246441, 0.0, 0.02521059668136512, 0.0251428703004532, 0.025800534859601303, 0.05883531577070715, 0.012582401337384428, 0.040103828436449954, 0.030224069909394136, 0.025169909657308018, 0.11248872400308803, 0.02990395343496732, 0.03011298361282546, 0.029948657337497388, 0.03019823293481064, 0.030340263188501977, 0.030340263188501977, 0.030275118787359452, 0.037471730692720175, 0.037829836581641366, 0.03757636643882491, 0.038783109126410614, 0.03428039657562851, 0.03326084218446703, 0.028680065697879335, 0.03326084218446703, 0.029272115795638074, 0.03787596323336774, 0.038370816016111406, 0.037968694138140816, 0.037968694138140816, 0.037968694138140816, 0.037968694138140816, 0.038467431411623045, 0.03827617219236591, 0.038370816016111406, 0.037968694138140816, 0.03827617219236591, 0.037968694138140816, 0.037968694138140816, 0.03860125362578137, 0.038533526825920934, 0.038467431411623045, 0.03860125362578137, 0.03830629501037645, 0.03781144222763279, 0.0549341944514284, 0.05594045225425288, 0.040877290368348265, 0.03613814337868654, 0.03560285619784732, 0.03586723617924477, 0.041141670349745724, 0.03630452124494934, 0.03630452124494934, 0.03695254747429465, 0.03695254747429465, 0.03695254747429465, 0.036582202004169055, 0.03695254747429465, 0.03695254747429465, 0.03703987897045699], "val_f1_score": [0.23673514413152574, 0.16090603361808659, 0.23673514413152574, 0.16090603361808659, 0.23673514413152574, 0.1793296871571942, 0.23673514413152574, 0.2550958585709642, 0.24928448279189247, 0.13793907906764594, 0.2617156475554486, 0.2767033084818119, 0.26040787263545057, 0.17002064586221985, 0.24872420118887897, 0.2392548969668201, 0.2461864501304901, 0.28880108602670096, 0.24346049404793155, 0.19651534881910332, 0.24297540406627371, 0.28608929290462604, 0.25673729835519693, 0.2654228225732461, 0.25876126305991554, 0.25979644129847923, 0.26933958584855816, 0.27787245387731774, 0.29157025131404907, 0.26686949374382957, 0.27234909075152697, 0.27343334168450445, 0.2667005820902843, 0.2641506004228927, 0.2646584741995778, 0.26155988286863935, 0.2628850140418226, 0.27043977413314774, 0.266015809027665, 0.26486170033158024, 0.265290545447957, 0.2642242215503404, 0.2665844538755584, 0.26484676664657436, 0.2665122194610305, 0.26504871895385124, 0.26511729915186033, 0.26472872606923975, 0.26398751228122735, 0.29046032678635875, 0.28009799853456596, 0.2757592210617357, 0.28061085448734835, 0.2832415023876427, 0.26967950991773415, 0.26832790491123004, 0.27418704375832453, 0.27007184503746634, 0.2785436028142904, 0.2775784057376088, 0.27325016094578636, 0.27403381066685906, 0.2778149675368405, 0.27841435216645427, 0.2737568516855673, 0.2718975581245491, 0.27184427728322624, 0.2697475236973353, 0.27184427728322624, 0.2718975581245491, 0.2799684010375688], "f1_score_neu": [0.5714285969734192, 0.6666666865348816, 0.0, 0.6666666865348816, 0.3333333134651184, 0.6666666865348816, 0.0, 0.6666666865348816, 0.8333333730697632, 0.7142857313156128, 0.2857142984867096, 0.7692307829856873, 0.9090909361839294, 0.9090909361839294, 0.0, 0.7692307829856873, 0.7692307829856873, 0.8333333730697632, 1.0, 0.8333333730697632, 0.0, 0.7692307829856873, 1.0, 1.0, 1.0, 1.0, 1.0, 1.0, 1.0, 1.0, 1.0, 1.0, 1.0, 1.0, 1.0, 1.0, 1.0, 1.0, 1.0, 1.0, 1.0, 1.0, 1.0, 1.0, 1.0, 1.0, 1.0, 1.0, 1.0, 1.0, 1.0, 1.0, 1.0, 1.0, 1.0, 1.0, 1.0, 1.0, 1.0, 1.0, 1.0, 1.0, 1.0, 1.0, 1.0, 1.0, 1.0, 1.0, 1.0, 1.0, 1.0], "f1_score_pos_neg": [0.27272728085517883, 0.0, 0.23076924681663513, 0.0, 0.6060606241226196, 0.0, 0.7727272510528564, 0.0, 0.75, 0.3333333432674408, 0.6499999761581421, 0.4000000059604645, 0.8999999761581421, 0.8333333730697632, 0.7727272510528564, 0.5, 0.5, 0.75, 1.0, 0.75, 0.7727272510528564, 0.5, 1.0, 1.0, 1.0, 1.0, 1.0, 1.0, 1.0, 1.0, 1.0, 1.0, 1.0, 1.0, 1.0, 1.0, 1.0, 1.0, 1.0, 1.0, 1.0, 1.0, 1.0, 1.0, 1.0, 1.0, 1.0, 1.0, 1.0, 1.0, 1.0, 1.0, 1.0, 1.0, 1.0, 1.0, 1.0, 1.0, 1.0, 1.0, 1.0, 1.0, 1.0, 1.0, 1.0, 1.0, 1.0, 1.0, 1.0, 1.0, 1.0],