{"val_f1_score_neg": [0.29807202170566094, 0.2856049712580269, 0.20815169203947323, 0.5503335034100052, 0.4380880760030424, 0.44413223429642856, 0.5769481551387696, 0.6400488495451554, 0.4493823210820419, 0.5317028703853398, 0.5343781743592363, 0.4332633473149066, 0.6055703409819224, 0.513498326486532, 0.5660766894161435, 0.3995380962407717, 0.6302943821970072, 0.5436803689942159, 0.6223818089216049, 0.5676929583206847, 0.5896580540818115, 0.5590354282493951, 0.48796090590744357, 0.5350635030780475, 0.5160821604269119, 0.5475683387045531, 0.3887409208845098, 0.47499546980001217, 0.5198809049071961, 0.6013903977706493, 0.5919761089336957, 0.34630040642691823, 0.5922443336806459, 0.5488177649373931, 0.5578687614166545, 0.5344302774945051, 0.369714773353116, 0.5569941361620143, 0.5536023979577185, 0.4609395478564612, 0.542811070672177, 0.5093165589010438, 0.5036639480211902, 0.4530341980918761, 0.5539402576403264, 0.5590451119485691, 0.43938143693991233, 0.5174403861223666, 0.5087868456621043, 0.5303467920124765, 0.5363000274142223, 0.5424489429420353, 0.5133425966510928, 0.524285394486373, 0.533546099411419, 0.5674428253732827, 0.5284940421252997, 0.5099148930854257, 0.5187083867444724], "val_f1_score": [0.5256937251389886, 0.5152510515104715, 0.49624081577743223, 0.6504760877435175, 0.6104346824042478, 0.6130704333267593, 0.6608883367727786, 0.6869661860224646, 0.598015336564542, 0.6505027508097873, 0.6489391764286401, 0.5617087341780553, 0.6646922132395523, 0.6414964928453187, 0.6519152661367817, 0.591951185688396, 0.5938299877763014, 0.6482394427225217, 0.67128609676171, 0.6515223374993289, 0.6590845211890937, 0.6262421908417368, 0.6241855411088094, 0.6311376812637494, 0.5945535475833191, 0.6197141639647945, 0.5643305996100233, 0.6113423021984575, 0.6270797880121707, 0.650866958480978, 0.6416391993081698, 0.5555999076275759, 0.6485117840197904, 0.6154874691086556, 0.6276243257922761, 0.6237496463232644, 0.5447308179621243, 0.6247008278586875, 0.6269566825516043, 0.5871177057003119, 0.6262961885230672, 0.5993743224185251, 0.5771242227261691, 0.5739581061259924, 0.6319236969997837, 0.6313676687478706, 0.5626381771351264, 0.6147729277829627, 0.6240400769971282, 0.6215618321222175, 0.6219493581684061, 0.6236274219265829, 0.6092442487626134, 0.6231950835358775, 0.6150610729243041, 0.5655998457237832, 0.6225006884863269, 0.6099667192724725, 0.593226723460866], "f1_score_pos_neg": [0.35243213176727295, 0.44981443136930466, 0.4970531577573103, 0.5156893795903992, 0.5455326240728883, 0.5698974272784065, 0.5812129707020872, 0.6081939532476313, 0.6100029954138924, 0.6401908686932396, 0.63782258068814, 0.6648759351057165, 0.6687671743771609, 0.6801583416321698, 0.6778883460689994, 0.7001300015870262, 0.7383525432909236, 0.7256621341494953, 0.7547809122239842, 0.7274453508503297, 0.7759353202932021, 0.7614352571613648, 0.7907438935602412, 0.8078316713080687, 0.7854597586042741, 0.8239354727899327, 0.8149218524203581, 0.8302312186535667, 0.8432281429276747, 0.8512744474060395, 0.8390944389735951, 0.8636580442681032, 0.8798459952368456, 0.8864042478449204, 0.8619783371686935, 0.8950158638112685, 0.8827714674613055, 0.9126630495576298, 0.9294430219075259, 0.9028967811780817, 0.9020121737438089, 0.9311630944995319, 0.9356892634840572, 0.9002017957322738, 0.9378198604373371, 0.9461992865099627, 0.9525661275667303, 0.8881991347845863, 0.9294846136780346, 0.9503563940525055, 0.9526081961743972, 0.9480871417943169, 0.9378194098963457, 0.9567577786305371, 0.9416884964003283, 0.9360430564950494, 0.9458847861079609, 0.9558110184529248, 0.9601486062302309], "f1_score": [0.414958399884841, 0.54388949099709, 0.5773160742486224, 0.5911709946744582, 0.6139203380135929, 0.632232120808433, 0.6422079100328333, 0.6625335961580276, 0.6617036628372529, 0.6897851903648937, 0.6831626138266396, 0.7039133932660607, 0.7127628922462463, 0.7183667088256163, 0.7169791424975676, 0.7377719081499997, 0.7699562372530208, 0.7511607671485228, 0.7854023304055718, 0.7583077734007555, 0.8030803773333045, 0.7879874355652753, 0.8158037978060105, 0.829801404300858, 0.8100176225690281, 0.8452114655691034, 0.8349934746237362, 0.8492826188311857, 0.8618333655245164, 0.8685418577755198, 0.8577702790498734, 0.8778542376616422, 0.8930163287064609, 0.9002494601642385, 0.8763788018156501, 0.9058510319275015, 0.8963529730544371, 0.9229611281086417, 0.9370332053479027, 0.9157627400229958, 0.9109269915258184, 0.9390824892941643, 0.9428756938261145, 0.9110828664372949, 0.944474426262519, 0.9527577109196607, 0.9580150246620178, 0.900826739914277, 0.9370524392408484, 0.9569225118440741, 0.9573959550436806, 0.9540273538407158, 0.9451269901850644, 0.9615494538755978, 0.9491830380523906, 0.9434672751847435, 0.9498367379693424, 0.9608437085852903, 0.9647506326436996], "val_f1_score_pos": [0.604065125206778, 0.5826548086887202, 0.5994307410676367, 0.7136706594028969, 0.6820994944607465, 0.6846744486299551, 0.6890821301058587, 0.721385420040918, 0.6385104184447078, 0.7039928472858071, 0.7314006539426574, 0.5586036762758531, 0.6681013740862944, 0.7128842719546022, 0.6857425921738007, 0.6717958475015872, 0.6948501583068601, 0.7022703148203824, 0.6935500275141419, 0.6704401385899825, 0.6852140262969172, 0.6132555647281533, 0.7042483594390685, 0.6515241434591009, 0.5707750836914367, 0.6097137555812182, 0.6106318113468089, 0.6579986627008731, 0.6869878224928861, 0.6910106419829162, 0.6994692853295581, 0.6277922136152694, 0.6666669746787098, 0.5969867699889726, 0.684443806932881, 0.6400605563006938, 0.5794290934464389, 0.6229580703945945, 0.6375106618593848, 0.6091158619678586, 0.6431072946924129, 0.5987493397055915, 0.5385741395428836, 0.5835052826665312, 0.6461707562278519, 0.6577576574240024, 0.5649081075438482, 0.6365278687434592, 0.6756167393827451, 0.6418265560590593, 0.6480457914366423, 0.6521067228368533, 0.6285177307306485, 0.6602931976036984, 0.6176719439645593, 0.6809217589845065, 0.6565645458408769, 0.6292296336480647, 0.5738576669690492], "f1_score_pos": [0.4612011970842586, 0.5339518833686324, 0.5663384321857902, 0.5763975666726336, 0.5965124671073521, 0.6142527688952053, 0.6227663356591674, 0.6366924117593205, 0.6637243181467056, 0.6835920083172181, 0.670409339315751, 0.6889558066340054, 0.6931746260208242, 0.7037092859254164, 0.7122858122867697, 0.7537824160912457, 0.7619384816464256, 0.7358047760584775, 0.7861543744802475, 0.732359519776176, 0.7980018968091291, 0.7836008904611363, 0.8447679570492577, 0.8160505978500142, 0.8123930745265063, 0.8412551914944368, 0.8104900787858402, 0.8695060873732847, 0.8797805563491934, 0.8691224543487325, 0.84544637010378, 0.8761056477532667, 0.9120840035817203, 0.9002534826012218, 0.8785260210142416, 0.9009975492954254, 0.9140024062465218, 0.9201985492425806, 0.9399125514661565, 0.9131921696312287, 0.9125151932239532, 0.931636846240829, 0.9362597325268913, 0.8962707142619526, 0.9314380629974253, 0.9477926676764208, 0.9558072914095486, 0.916360484326587, 0.9173549650346532, 0.9544261466054356, 0.9621118394767537, 0.9535934705944622, 0.9498510860344943, 0.958884167320588, 0.9604374932892182, 0.9192947727792403, 0.9505045282490113, 0.9543778501889285, 0.9607635087826673],