{"1": {"val_f1_score_pos": [0.26265279007585424, 0.35684841253228733, 0.33923193100492965, 0.27327619744376774, 0.37019740758958936, 0.37521378605471933, 0.3710938781781396, 0.3105134918139531, 0.4043978797627954, 0.32744536487518855, 0.4042853029043461, 0.3096713853871774, 0.35094075560489324, 0.3757341079249663, 0.34296075937397247, 0.3761786071100162, 0.3768814125283044, 0.3664027468422432, 0.3758294779842521, 0.40917158727435665, 0.403536624030063, 0.3952394629243361, 0.3822182917240982, 0.31853334198811006, 0.3563446324792897, 0.2675613558244126, 0.3846370820601245, 0.3794743987793221, 0.3860573077250106, 0.30105257455261236, 0.27211526361366567, 0.2907419431815531, 0.3476983220444249, 0.32613860016409685, 0.26120895151345513, 0.31903104880238997, 0.26752311775558874, 0.37328852727184736, 0.17007639943829433, 0.3401463177361791, 0.3234175566853675, 0.3060465890895768, 0.3677595437538286, 0.2650581565436296, 0.3506411311865604, 0.31970635563255806, 0.33806416475445744, 0.26862009397187964, 0.3181888729910351, 0.3299005282418555, 0.37666475764813856, 0.37163843495374965, 0.31347338672269853, 0.3299976820566072, 0.3362634404119585, 0.3380555838708453, 0.3622051461210564, 0.29676837226425373, 0.42339760628145556, 0.16331907810523497], "loss": [1.0352609418332577, 0.8941117702051997, 0.8656555246561766, 0.8658370422199368, 0.8487438024021685, 0.798986834473908, 0.7935416912660003, 0.7634939486160874, 0.7573958639986813, 0.7418786315247416, 0.7101103225722909, 0.7055242420174181, 0.6919889464043081, 0.6740836934186518, 0.6656684982590377, 0.632168591953814, 0.6256796466186643, 0.6164184049703181, 0.6110705845057964, 0.5925064233597368, 0.5750996517017484, 0.5892364457249641, 0.5678112145978957, 0.5661523076705635, 0.5308693363331258, 0.5492128159385175, 0.5297516589052975, 0.49398603895679116, 0.5126807978376746, 0.4887850640807301, 0.4772086017765105, 0.4849269895348698, 0.4959005464334041, 0.45016752230003476, 0.4462778605520725, 0.4329137932509184, 0.43784809671342373, 0.4100155383348465, 0.40502474177628756, 0.4530957576353103, 0.3999959898646921, 0.3874348246026784, 0.3772300258278847, 0.35784380813129246, 0.3838055969681591, 0.36651332466863096, 0.34855316777247936, 0.3533804116304964, 0.3543558322126046, 0.35762753000017256, 0.3034544213442132, 0.32897457072976977, 0.31390765961259604, 0.3568700527539477, 0.30050543835386634, 0.28541722369845957, 0.31285319884773344, 0.3059915982885286, 0.30298587086144835, 0.31967635464388877], "f1_score_pos": [0.4352317717857659, 0.49423161218874156, 0.5087341677863151, 0.5127414676826447, 0.5177722796797752, 0.5684730969369411, 0.56975920451805, 0.6015062173828483, 0.6019727324601263, 0.6373526323586702, 0.6344689703546464, 0.6510555068962276, 0.6608560970053077, 0.6670953079592437, 0.6709078177809715, 0.7124099982902408, 0.7196049462072551, 0.7173967603594065, 0.7270925296470523, 0.7249348326586187, 0.7556952806189656, 0.7440325855277479, 0.7430462501943111, 0.7468054620549083, 0.7709335032850504, 0.7753412164747715, 0.7672393643297255, 0.7938451739028096, 0.7809323598630726, 0.7987659834325314, 0.8029552376829088, 0.7901804656721652, 0.7896056356839836, 0.8256877665407956, 0.8194225495681167, 0.8315394823439419, 0.8219358082860708, 0.844953216612339, 0.8423497499898076, 0.8041454125195742, 0.8460831022821367, 0.8420078307390213, 0.8601758158765733, 0.8546858699992299, 0.8548028375953436, 0.8561614267528057, 0.8664532643742859, 0.8685965803451836, 0.8559562121517956, 0.8704510955139995, 0.8946589082479477, 0.8738803928717971, 0.8770438628271222, 0.8603746467269957, 0.8975822734646499, 0.876042993273586, 0.8812172575853765, 0.8886618055403233, 0.884250879753381, 0.8668841025792062], "acc": [0.49054687446914613, 0.5785937504842877, 0.5910156243480742, 0.5821093758568168, 0.6003125023562461, 0.6260156272910535, 0.6349218762479722, 0.6510156230069697, 0.6500781304202974, 0.6578124966472387, 0.6780468700453639, 0.6809375020675361, 0.6887499988079071, 0.697734375949949, 0.7034375020302832, 0.7169531253166497, 0.7210156205110252, 0.7314062472432852, 0.7340625016950071, 0.7439062502235174, 0.7478125025518239, 0.7450781217776239, 0.7516406239010394, 0.7562499986961484, 0.7748437537811697, 0.7626562509685755, 0.7739062495529652, 0.7945312443189323, 0.78882812615484, 0.7940625012852252, 0.803124999627471, 0.8018750082701445, 0.7939843768253922, 0.8160156290978193, 0.8200781252235174, 0.8250781213864684, 0.8232031282968819, 0.8323437506332994, 0.8396874973550439, 0.8156249984167516, 0.8389062504284084, 0.8426562584936619, 0.8536718646064401, 0.8608593763783574, 0.8474218752235174, 0.8557031177915633, 0.8653124985285103, 0.8636718676425517, 0.8650000020861626, 0.8639843724668026, 0.8873437540605664, 0.873984373640269, 0.8811718756332994, 0.8599999975413084, 0.8910937486216426, 0.8923437469638884, 0.8827343806624413, 0.8876562546938658, 0.8839062443003058, 0.8812499982304871], "val_f1_score": [0.4899250362780627, 0.5178663521750361, 0.5414760226448323, 0.4556308082374859, 0.5540448628831864, 0.5182164566665954, 0.5223893629394563, 0.5537343265985617, 0.5662118270490495, 0.5567084581960282, 0.5734244011781584, 0.5128518040122291, 0.5219548936904791, 0.5403892453382855, 0.5300982438440104, 0.5692165097673358, 0.5608712502336695, 0.5631371700865591, 0.5413161904437553, 0.5519093287672162, 0.5608326994348527, 0.4986675192362759, 0.5186712728445454, 0.5177347357885504, 0.5156850717757341, 0.5197924683880173, 0.541784552749191, 0.5239033503839147, 0.5104033636767962, 0.5153455258729595, 0.5272634582936737, 0.5290195883205223, 0.5364158316018932, 0.5424812987641177, 0.5001105927584464, 0.4803627346262329, 0.4874422276845881, 0.5103662163622467, 0.49697857003891943, 0.5409683226278865, 0.5014588457745471, 0.509306958276197, 0.5280375903220097, 0.5102865931100798, 0.5504636860515854, 0.5234725040945447, 0.5052558078564238, 0.5115101495627825, 0.5340672854737982, 0.5342243278396596, 0.535418130125594, 0.5310512277332449, 0.45570586552718606, 0.5392080763144586, 0.5327852801111868, 0.544699116810667, 0.546666870367082, 0.5165330876222989, 0.5432539947173427, 0.45713284068744675], "val_loss": [0.911855477231395, 0.9052186340187457, 0.8012656911074767, 0.8254235095126211, 0.8023093636380194, 0.809783102636985, 0.8787563459539649, 0.7704787496184101, 0.8162035022669958, 0.7887922564820561, 0.7946929975881589, 0.8173200867222173, 0.813418026234296, 0.8063176043442225, 0.8665655619434232, 0.8328010140911073, 0.799160811448494, 0.8078189697074718, 0.8268502222435248, 0.8281774203947843, 0.8773544280045321, 0.9419069793435619, 0.8855717791880352, 0.8643331554790794, 0.9296158173574395, 0.9324253735593778, 0.8701858422105183, 0.9737556589867047, 0.9433538823367988, 0.9819294035676037, 1.0000951243476508, 1.0250919839041328, 0.9286210013840899, 0.9943975324143819, 0.9890916425796763, 1.0524309480506666, 1.1160464589787773, 1.0131310968317537, 1.2336825298072516, 0.9546662714639013, 1.061044263882622, 1.059304277316654, 1.0069598998242653, 1.1586039930220076, 1.0060937058748665, 1.0805193456078348, 1.1374031247397667, 1.128559423683465, 1.0726147486291595, 1.0896807554547872, 1.1585918603799281, 1.1182110773460638, 1.3429109969227044, 1.0899432296426887, 1.2101226464832253, 1.2039939897102223, 1.158508066545453, 1.1628866193533693, 1.1566595720697832, 1.210488776446354],