{"val_f1_score_pos": [0.28231591986365756, 0.17704851930735618, 0.21917766855474105, 0.3382491593794194, 0.2679282681286684, 0.35990708813010924, 0.2838950111181737, 0.2531844548180572, 0.33000623839318727, 0.3660329626558924, 0.3325065271681727, 0.2641555505645098, 0.39638254353445607, 0.27165233390426724, 0.35370511755018796, 0.3602257768581217, 0.3726149270703972, 0.36061198310277187, 0.3854671083373955, 0.24375426235683748, 0.34464795677660826, 0.36684584791897334, 0.31802505544322707, 0.371632085879322, 0.37351108305206504, 0.3257347197346037, 0.2736024443517652, 0.35103074527247985, 0.35112769153007667, 0.3089727695681091, 0.36827079851885824, 0.37190682602207564, 0.3816221493404833, 0.35422782847273204, 0.32856154864133613, 0.3717400507647016, 0.36727030542429856, 0.34223101077935636, 0.3187355910852263, 0.2380512768936436, 0.3509394944893901, 0.3334055565870725, 0.34047718093409174, 0.3457356445085772, 0.35120867059351996, 0.3553470611920831, 0.3847598894941233, 0.38135739180937683, 0.36505645788364777, 0.39126716301455133, 0.38523222782887484, 0.3681994183236181, 0.37328823498654246, 0.302117971541696, 0.35297450515744494, 0.34427091028847995, 0.361895437517844, 0.3897419277607081, 0.37866450934006834, 0.34697615533222553, 0.3591615983590423, 0.3727765353719125, 0.3157199511268468, 0.3174756848484988], "loss": [1.1490069045261904, 0.928553348237818, 0.8637470006942749, 0.8288889689878984, 0.7710006074471907, 0.7993958064100959, 0.7815182385119525, 0.7029459300366315, 0.7161643545735966, 0.6921957406130704, 0.7206001742319628, 0.6798909198154103, 0.6032475531101227, 0.5969272716478868, 0.6138346940279007, 0.5694458891044963, 0.5829390206120231, 0.5491946522485126, 0.5156859748742797, 0.49465873769738455, 0.5165579264814203, 0.5016329274936155, 0.46636979485099966, 0.3862580325115811, 0.5275544029745188, 0.3774600685997443, 0.3387273258783601, 0.472638224336234, 0.3059047887271101, 0.488971470431848, 0.3146102421663024, 0.31711396913636813, 0.30806528336622496, 0.31406650759957055, 0.312169823795557, 0.2792800383811647, 0.3531756075945767, 0.3046312545510856, 0.27221106162125414, 0.2383656254546209, 0.3233846514062448, 0.19881233166564594, 0.21047603643753313, 0.19535195048559795, 0.17846942591396245, 0.32388096438212827, 0.2197094742547382, 0.20196769589727576, 0.2012263431467793, 0.1784715217284181, 0.17616571215066043, 0.24247588725252586, 0.1805830147456039, 0.15446641059084373, 0.21685040843757716, 0.17710204117677428, 0.17241269756447186, 0.2178688133982095, 0.17646693997085094, 0.2081231144680218, 0.16072866862470453, 0.1284764392132109, 0.11859796822748402, 0.17565979944034057], "val_f1_score_pos_neg": [0.3817018233222893, 0.24870516989904645, 0.2814430506900791, 0.39365207757490794, 0.3064701720985056, 0.4820293668578779, 0.39214039374405985, 0.25991729754507137, 0.47196797969584736, 0.48931321575466813, 0.46875660218636944, 0.4352510222378369, 0.5047300150948927, 0.3849968994141054, 0.4708259825335394, 0.40656010592729186, 0.4671692254036008, 0.4210680808186585, 0.47245085419055527, 0.32656421707762934, 0.4619052148969979, 0.47061324988299535, 0.3927975893959075, 0.4817888484417293, 0.48737076154121983, 0.40180157202082717, 0.30140827801975106, 0.4375231603995884, 0.4487403034895752, 0.44964098533530844, 0.45162197302656565, 0.4712766061159495, 0.3629193919712072, 0.33836021653392856, 0.45876155532913276, 0.45774556973256136, 0.437443094375806, 0.41666245443081995, 0.4316145413853915, 0.28237536797585705, 0.44234187333261005, 0.4364372126647496, 0.46862455069670206, 0.4684435034784925, 0.4516359448861926, 0.4785365487238978, 0.4493577917363265, 0.4657882208819868, 0.4549087196441046, 0.47129580991202735, 0.49455440639645143, 0.47684344130489026, 0.47236079332853187, 0.4165310287228909, 0.4655325946323088, 0.4588508256855603, 0.47955006320788635, 0.4989862299641134, 0.4948079022962233, 0.4637234984514577, 0.43504260410020545, 0.46121504528802415, 0.3968355627516825, 0.4389442691945622], "f1_score_pos": [0.3649614839391275, 0.4303050935268402, 0.42762413214553485, 0.48127103596925735, 0.5373473221605475, 0.5224726924842055, 0.5224857059392062, 0.5853206820108674, 0.5805884098464792, 0.6132450476288795, 0.5765028704296459, 0.6404796703295275, 0.661583811044693, 0.6827558089386333, 0.6948878250338815, 0.6975063789974559, 0.6904757998206399, 0.7413844032721086, 0.7757239206270738, 0.7613776529377158, 0.7313948585228487, 0.77422635121779, 0.8037533028559252, 0.8212265873497183, 0.7674168009649623, 0.8458502509377219, 0.8551188856363297, 0.8309418247504667, 0.8807992894541133, 0.8135455779053948, 0.8678275143558328, 0.8701312758705833, 0.851856143637137, 0.8500222766941244, 0.8820779391310432, 0.8916406943039461, 0.8697898577560078, 0.8623757971958681, 0.887040611017834, 0.8991297524083744, 0.8883214877410368, 0.9203850505026904, 0.9120007807558234, 0.9221465587615967, 0.924601829864762, 0.8852846785025164, 0.9209394766525789, 0.9124321869828484, 0.9117143736644224, 0.9106162095611746, 0.9325564530762759, 0.9075807197527452, 0.9368059784173965, 0.9396253106268969, 0.916395442052321, 0.9363152168013833, 0.9276550737294283, 0.9274191571907564, 0.933252131397074, 0.9205668297680941, 0.9341966983946887, 0.9414668909528039, 0.9462603032588959, 0.9334899336099625], "val_loss": [1.1079864156605475, 0.8939031189055363, 0.8792634022648786, 0.8964624669548632, 0.841985412642487, 0.893611405354816, 0.8318417041997785, 0.9187746857717345, 0.8399969567278726, 0.8470834928271045, 0.8313054829313044, 0.8271419809736543, 0.853820003773573, 0.8859427014396795, 0.8496826771299849, 0.9263063698698688, 0.8746398576626196, 0.9166737992753867, 0.8735503241439901, 1.0225216808267612, 0.905027191300034, 0.9015362631132406, 0.9825812056962295, 0.9189765143651872, 0.9260563301814874, 1.039958926240335, 1.2767481155562819, 0.9907872187785614, 1.010200986120007, 0.9542187082569072, 1.0141612777182287, 1.046996330603575, 1.3183418387397152, 1.3662571249595914, 1.031151139087308, 1.071340401270236, 0.9937967163348488, 1.1312763135925479, 1.0959133585991219, 1.73708311067848, 1.1127899812783306, 1.1578648620181613, 1.1201554029523066, 1.1712410759936567, 1.2033673014342652, 1.0829307366425638, 1.1663895598200062, 1.175439985603885, 1.1991045575285624, 1.1578899837537655, 1.1944403211865615, 1.1339139470740904, 1.1475349872218452, 1.3634433629970748, 1.199561210081913, 1.2255233801864474, 1.325928349243967, 1.2478651500102158, 1.3768032147334173, 1.2115743632687677, 1.3117143695975444, 1.2998093969372548, 1.5078753127850126, 1.359668612801916], "acc": [0.45499999584122136, 0.557727269150994, 0.6022727313366804, 0.6218181862072512, 0.6509090892293237, 0.6356818256053057, 0.6395454555749893, 0.6986363543705507, 0.6711363616314802, 0.6965909058397467, 0.676363626664335, 0.7081818106499586, 0.7381818091327493, 0.7434090944853696, 0.7368181835521351, 0.7634090821851384, 0.7534090903672305, 0.7684090855446729, 0.7759090932932767, 0.7997727272185412, 0.7899999903006987, 0.7906818064776334, 0.8170454420826652, 0.8500000035220926, 0.7852272689342499, 0.858181817965074, 0.8715909069234674, 0.8065909147262573, 0.8890909024260261, 0.8161363642324101, 0.8861363597891547, 0.8854545476761732, 0.8927272612398321, 0.8852272792295977, 0.881818176670508, 0.9004545496268705, 0.8795454502105713, 0.8920454559001055, 0.9018181765621359, 0.9152272777123884, 0.8840909085490487, 0.9325000034137205, 0.9240909110416066, 0.9322727241299369, 0.9402272728356448, 0.8806818208911202, 0.9202272770079699, 0.9261363568631086, 0.9286363666707819, 0.9379545531489633, 0.9384090900421143, 0.9113636369054968, 0.9388636350631714, 0.9452272734858773, 0.9240909015590494, 0.9395454593680121, 0.941136362877759, 0.9249999970197678, 0.9386363611979918, 0.9281818230043758, 0.9402272728356448, 0.9554545405236158, 0.9600000110539523, 0.9393181868574836],