{"val_f1_score_pos": [0.31618160579154153, 0.37582048187907946, 0.29818450373623, 0.22761287159121793, 0.3393081528508765, 0.39199787177215867, 0.40618096268557774, 0.07724647227301021, 0.20564560590163578, 0.39300379793868107, 0.39206703316237657, 0.41795221448373643, 0.4027650697886595, 0.36276438726372834, 0.38820565775123955, 0.38756716447106043, 0.35039875072184523, 0.25076704385497256, 0.39036445656822333, 0.3810583512712265, 0.39729096571229033, 0.388903341688018, 0.38412834640242094, 0.39322907471249247, 0.36637429498199725, 0.3819451504229856, 0.35197211148446067, 0.3790040268750004, 0.3302993660594127, 0.3671865196202287, 0.34672385019812024, 0.3646715522697258, 0.3750663050594922, 0.35986927190558415, 0.33469133439012544, 0.31977692340281544, 0.30236722549714323, 0.3922382047248219, 0.3425459253509142, 0.36308446290575597, 0.3294124276960856, 0.3900326138351396, 0.4107830232454215, 0.3601078010736904, 0.35166938370324125, 0.391971571658358, 0.27834501681540175, 0.3901022217105328, 0.38985138774937034, 0.3366968440569793, 0.3758738429708305, 0.3326982278251133, 0.29467622055644876, 0.35399576268161786, 0.3221825890132451, 0.35370807064796855, 0.36506454805452654, 0.29752249220068583, 0.32690736360502737, 0.38231106021358147, 0.35470265194311157, 0.369023206262936, 0.3345114503204957], "loss": [1.0321437492966652, 0.9052366614341736, 0.8620090981324514, 0.8353935504953066, 0.8183752596378326, 0.7984433695673943, 0.7804889033238093, 0.7675610259175301, 0.7604308947920799, 0.7186879614988962, 0.732620028158029, 0.7009773229559263, 0.6876290713747343, 0.6870471263925234, 0.6569266468286514, 0.6372465590635935, 0.6204145600398382, 0.6070612644155821, 0.5947107921044031, 0.5786703129609426, 0.5787169647713503, 0.5817640721797943, 0.5518858482440313, 0.5847564277549585, 0.5223700925707817, 0.49686361849308014, 0.5215131392081579, 0.49949317425489426, 0.481639285882314, 0.49327968060970306, 0.4919513327380021, 0.4865533250073592, 0.41823872178792953, 0.44686481977502507, 0.4490521711607774, 0.4055545578400294, 0.41430538271864253, 0.41509774327278137, 0.44057700658837956, 0.36902934188644093, 0.3755483975013097, 0.37412504851818085, 0.37395143260558444, 0.3732800893485546, 0.368017074962457, 0.3661595918238163, 0.36173918719093007, 0.347639836370945, 0.3510752047101657, 0.32247064759333927, 0.33179071235160035, 0.3180883377790451, 0.3218748612950246, 0.31716633836428326, 0.34351936417321366, 0.3150520157068968, 0.28990864505370456, 0.2780038168032964, 0.3167091055462758, 0.2808440352479617, 0.2502885020027558, 0.2736811675131321, 0.25233641018470127], "f1_score_pos": [0.42072225113709766, 0.4569689519703388, 0.5075864804287752, 0.5135127802689871, 0.528818010042111, 0.5450021351377169, 0.5653291170795759, 0.5856576524674892, 0.5790710287789503, 0.6241737020512422, 0.6222710584600767, 0.6362477069099745, 0.6570711483558019, 0.6523352389534315, 0.6848927736282349, 0.7042554467916489, 0.7022455260157585, 0.7283122191826502, 0.7027502655982971, 0.7256274869044622, 0.7459524795413017, 0.7419969663023949, 0.7558315222462019, 0.7163148820400238, 0.7738237654169401, 0.7888408005237579, 0.7686749945084254, 0.7987192223469416, 0.7968948061267535, 0.7831949989000956, 0.7890677576263746, 0.7936399132013321, 0.8290010392665863, 0.8266974364717802, 0.8231323485573133, 0.841786190867424, 0.8274977083007494, 0.8335236857334772, 0.8098360846439997, 0.8549037103851637, 0.8490041097005209, 0.8484526897470156, 0.8577872812747955, 0.842985488474369, 0.8456920658548673, 0.8523528973261515, 0.8674870729446411, 0.8545087526241938, 0.8632397924860319, 0.8608831812938055, 0.8679050753513972, 0.8762760957082113, 0.872339516878128, 0.8651950831214587, 0.8595945040384928, 0.8828097134828568, 0.8850203702847163, 0.9030073011914889, 0.8771447986364365, 0.8895492081840833, 0.8977694089214007, 0.8845059598485628, 0.8903421064217886], "acc": [0.4879166732231776, 0.5648333393037319, 0.5904166623950005, 0.6083333343267441, 0.6146666606267294, 0.6298333331942558, 0.6388333340485891, 0.6469166701038679, 0.6506666665275892, 0.6779166633884112, 0.671333335340023, 0.6846666683753332, 0.6942500000198683, 0.6860000093777975, 0.7058333332339922, 0.7129166622956594, 0.7242499987284342, 0.7324999968210856, 0.7386666710178057, 0.7510000020265579, 0.7504166662693024, 0.7428333312273026, 0.7603333269556364, 0.75, 0.7812500024835268, 0.7909166639049848, 0.7790000041325887, 0.7891666690508524, 0.8030833303928375, 0.7930833349625269, 0.7988333304723104, 0.7983333344260851, 0.8317500005165736, 0.818250002960364, 0.8165000081062317, 0.8380833367506663, 0.8358333309491476, 0.8362500021855036, 0.8220833341280619, 0.8559166664878527, 0.8530833298961321, 0.8529166678587595, 0.850833331545194, 0.8519999956091245, 0.8551666711767515, 0.856750006477038, 0.858833335340023, 0.8670833334326744, 0.8659166693687439, 0.8746666610240936, 0.8743333344658216, 0.8774166653553644, 0.8778333365917206, 0.8777500068147978, 0.86766666918993, 0.8796666736404101, 0.8927499999602636, 0.8994166702032089, 0.8841666678587595, 0.8973333338896433, 0.9089166695872942, 0.8968333378434181, 0.9064166620373726], "val_f1_score": [0.504076685446423, 0.5415088804627237, 0.42065756990198505, 0.5174418814108278, 0.552130722377518, 0.514855929392713, 0.5672101382462763, 0.47418884291500857, 0.5144125119930874, 0.566277882348188, 0.5709997056520473, 0.5729084500470678, 0.5317388059478378, 0.5380900419353635, 0.555859898400103, 0.5305700132667723, 0.48202653924356, 0.4943790394499449, 0.5571145349346835, 0.5450916124312555, 0.5625449165909665, 0.5608310175006367, 0.4689232433399959, 0.5547945479578764, 0.5400111186734954, 0.5451874920660131, 0.5264330617597497, 0.5526314393604226, 0.5368662130387581, 0.4901873773810995, 0.5455827638473374, 0.49005787866211026, 0.547502490941115, 0.5389124741706557, 0.5449038398893256, 0.5448484293952269, 0.4825536750535197, 0.549835060396765, 0.5213872109696075, 0.5473041680553075, 0.498880613898566, 0.5481435030202741, 0.5363814147860415, 0.5012021187024239, 0.5364086773821324, 0.5458754995520244, 0.5068131657639872, 0.5066421979781051, 0.5209335468397771, 0.5373976128733057, 0.54792816699007, 0.5086282312038832, 0.5209573205129767, 0.4708400055249961, 0.5064427641882748, 0.4624145802913139, 0.5223109638749937, 0.5170304248636497, 0.5321639125485491, 0.5222252767685561, 0.5284458743094111, 0.5353888093057754, 0.5051029522945577], "val_loss": [0.9101907545738375, 0.8738114377211409, 0.8470888329796356, 0.7986848822489441, 0.8027938061397568, 0.8146487181378655, 0.8092169972405582, 0.9160395741623584, 0.7765209541576058, 0.7831538575917174, 0.7798210289689587, 0.8043668668816017, 0.8448202110495162, 0.8117071617255595, 0.8200798922436655, 0.8375571571756364, 0.9034549104593597, 0.8852460687084344, 0.8483537944436771, 0.8671265803260735, 0.8459211510149037, 0.8476525411056711, 1.0355642056390073, 0.855077210681373, 0.8840645744733, 0.8908964136512334, 0.9127860708221679, 0.8947989257991823, 0.8943142911039705, 0.9978769473325976, 0.9484575624354401, 0.935634247740807, 0.9700449562480307, 0.9487015773088504, 0.9749959023536137, 1.06050182697315, 1.1147196315936123, 0.9719230147347598, 0.9817144624617419, 1.008733147927034, 1.0930113784911877, 0.9996233473368931, 1.0605356377950403, 1.145174783036562, 1.0406047951461923, 1.097381172338907, 1.0509730886887496, 1.1466073439671443, 1.0480992420267747, 1.1356495586644944, 1.1126544737783681, 1.1909952698877895, 1.111617281476603, 1.303926209313774, 1.1537918234214664, 1.3389360084761064, 1.0962796071280352, 1.178204337112334, 1.0835340345329494, 1.1380996437047013, 1.1455147631576992, 1.195789336353822, 1.1624793293129685],