{"f1_score_pos": [0.3992756220855211, 0.4456730716322598, 0.3637183018420872, 0.4432359010373291, 0.48436861808754894, 0.5316608167792621, 0.5832066794759349, 0.5906135439872742, 0.5837508749804998, 0.6304098873546249, 0.6408187052921245, 0.6320404465261259, 0.6169278947146315, 0.6560048892309791, 0.6267743330252799, 0.6356376346788908, 0.6779540212530839, 0.668959834465855, 0.6540515787507358, 0.6783286097802614, 0.6888982771258605, 0.6713513806462288, 0.6654933894935408, 0.7000237703323364, 0.715096934845573, 0.6951237297371814, 0.6970227576400104, 0.7042374689328043, 0.7099295940838362, 0.730257165275122, 0.7257794047656813, 0.7210074992556321, 0.7351263075282699, 0.7827573159807607, 0.7582975171114269, 0.7501853367215708, 0.7290817691307319, 0.8046612708192122, 0.7500924428826884, 0.7882570051833203, 0.7542834117224342, 0.8368561173740187, 0.7573270287952925, 0.7932102366497642, 0.7807863139008221, 0.790683380083034, 0.8095083397470022, 0.8230998680779809, 0.7804608525414216, 0.8207324876597053, 0.8234459436253497, 0.8278068633455979, 0.8260377614121688, 0.7863276922389081, 0.8433587707971272, 0.8195765920375523, 0.8417959346583015, 0.8136815973802617, 0.885360020555948, 0.8354671840604982, 0.8284596408668318, 0.8464330693608836, 0.8580604383819982, 0.8331763391432009, 0.8695280426426938, 0.8464951530883187, 0.8556869273122988, 0.8386128489908419, 0.8921478265210202], "val_f1_score_pos": [0.0, 0.5452018754550425, 0.5245850220256173, 0.5691316166388029, 0.6404223450518892, 0.5331566267100464, 0.46176808767671385, 0.6025826859718041, 0.6766404676024694, 0.6835828336273752, 0.577621376251818, 0.679044596501107, 0.6378902021337299, 0.642751874384091, 0.687249488993764, 0.6630872341550431, 0.6068376506403491, 0.6958560141996858, 0.6863995268061628, 0.6461373338104076, 0.5878271578554403, 0.6829918421630999, 0.69593654545217, 0.6484610443661728, 0.5998660865462798, 0.6901058687208332, 0.5569885365299562, 0.664320567383905, 0.6441542398357466, 0.4883868135619345, 0.5485793652416933, 0.6879267076354249, 0.6367010784499326, 0.6867018767988904, 0.6126248859652628, 0.6266045226939482, 0.6859190671768458, 0.6924477776548164, 0.6029179720249571, 0.6108537624115522, 0.6244034029791558, 0.6276735547737534, 0.6851054780163729, 0.6575929614742878, 0.640546430323401, 0.6316539743832644, 0.675641739474736, 0.6716049850502884, 0.6626123160694392, 0.5700354419947609, 0.6308529744178267, 0.6318046970221116, 0.5563774104822411, 0.6045700297123049, 0.6710666981451223, 0.5812527617068857, 0.6744169565032481, 0.6664452712866631, 0.6195439718040369, 0.5783671547726887, 0.5632964778284122, 0.6723402251010487, 0.6745057678303943, 0.6003541581717621, 0.6652318641109601, 0.6732077595445386, 0.4781344263002749, 0.6459758385347626, 0.662678127303825], "val_f1_score_neg": [0.27201800419219424, 0.0, 0.0, 0.0, 0.0032835037293879343, 0.03352047725163699, 0.005928498350617269, 0.08297404840123519, 0.4692689115736011, 0.4003873354270019, 0.2684160835890516, 0.08133546479872884, 0.19814290944169333, 0.06623513034649668, 0.3733773943229263, 0.41978159866525594, 0.2221388486178566, 0.5222216639936423, 0.118333412139412, 0.00650662007511303, 0.03336392193563711, 0.4831836366322045, 0.2371499839141367, 0.07265348426085146, 0.22226252369709662, 0.17533824957248703, 0.4261401198587485, 0.5372631705685798, 0.39894236879432543, 0.45780540320806357, 0.3927953261466843, 0.2842066404843249, 0.3252553076779095, 0.08733674088566752, 0.46875742308398793, 0.23593472892800998, 0.4408914765409994, 0.39328367340261466, 0.2745533848243406, 0.4929743657392246, 0.4360891169148607, 0.4673140142616124, 0.4559774397084196, 0.5089291430132425, 0.15054619200908698, 0.37656977891515564, 0.4987295461144936, 0.348484166918106, 0.5133347884895231, 0.407011993985585, 0.18127892985685962, 0.4461692264628417, 0.3616334777896935, 0.4530108293429029, 0.3387348254443528, 0.32684217459443293, 0.24658858300490297, 0.3482288099745268, 0.31501586203762094, 0.26079626288777913, 0.3639395410171057, 0.46130890863291274, 0.47654795419222534, 0.4440183608184297, 0.24847513864023493, 0.37681710059612156, 0.15488684856020932, 0.4338498264902882, 0.3961748568101283], "val_f1_score": [0.0906726696923934, 0.31969457992943384, 0.38360157816890905, 0.40400663647412816, 0.4174009817121162, 0.41381893373992606, 0.3763974638332884, 0.45897790992038007, 0.5505781817429966, 0.5701434739205645, 0.5130625906310743, 0.4856578963277473, 0.5135626966266097, 0.3887798822351306, 0.5787026698339839, 0.598635221040377, 0.5096375319140495, 0.6333501212965182, 0.4991702237624432, 0.4506616661109669, 0.43568347476143365, 0.6251605218425373, 0.5404080057469309, 0.47454421968244986, 0.5049453140586935, 0.5074672424946437, 0.5593824809753704, 0.6247849829891614, 0.583043223098917, 0.5448446955356953, 0.5447441698558806, 0.5605244553373644, 0.5537087270633898, 0.4825905770211904, 0.5935469812962942, 0.3900534193596438, 0.5985016814061046, 0.5839436075801835, 0.5247987129855213, 0.585233662686822, 0.5876354890922658, 0.5969187188204773, 0.6052372740098506, 0.6097068762860522, 0.49622828764081345, 0.5708090283725007, 0.6181527154826443, 0.5562552145513499, 0.5669670523291587, 0.5573476102137672, 0.500258197926362, 0.5923199893107041, 0.5337415937360678, 0.5827640586408329, 0.567678597040324, 0.5314106770678515, 0.512097277698822, 0.5729640880313847, 0.5405842367195252, 0.5075324089108819, 0.5372625900915593, 0.5928468434572407, 0.6060320309632224, 0.5800583932676748, 0.528830351203938, 0.5488194341019261, 0.4312730140646017, 0.5890367354366244, 0.5377632294025066], "val_f1_score_neu": [0.0, 0.4138818447933152, 0.6262196694932333, 0.6428882761668133, 0.6084970749803269, 0.6747796744022224, 0.6614958145097583, 0.6913769461650283, 0.5058251157258397, 0.6264601950722981, 0.6931502245993806, 0.6965936366072984, 0.7046549282235296, 0.4573525927478236, 0.6754810685502429, 0.7130367208771464, 0.6999360366409105, 0.6819725996892095, 0.6927776953350551, 0.69934100828676, 0.6858593154197411, 0.7093060144188834, 0.6881374592953644, 0.7025180967061062, 0.6927073100811848, 0.6569575664411215, 0.6950187288867561, 0.6727711328239601, 0.7060329653820965, 0.6883418268492114, 0.6928577834841401, 0.7094399597492863, 0.6991697442584734, 0.6737330840730055, 0.6992586270236544, 0.3076209634690969, 0.668694461420581, 0.6660993032776837, 0.696924714194237, 0.6518727309147955, 0.7024138916861251, 0.6957685072966645, 0.674628896488782, 0.6625984276244561, 0.6975922183574044, 0.7042032981087709, 0.6800868129780246, 0.6486764521133609, 0.5249540094406374, 0.6949953673050343, 0.6886426418777404, 0.6989859789961628, 0.6832137918053354, 0.6907112934193584, 0.6932341996340998, 0.6861370304047889, 0.615286239591634, 0.7042181022267876, 0.687192790579552, 0.6834337426363687, 0.6845516605606049, 0.6448913590194608, 0.66704229416886, 0.6958026075625776, 0.6727840259510983, 0.5964334006388294, 0.6607977435278073, 0.6872844684946233, 0.55443663324173],