{"val_f1_score_neg": [0.2555640899873042, 0.4448342637701349, 0.554892043854873, 0.5668743438336439, 0.5945193613987412, 0.5998693869809674, 0.5546028616955283, 0.5293210049834153, 0.589069825025123, 0.5855206625947731, 0.6146966515152155, 0.6179953690559145, 0.6163218352529738, 0.5732751265259162, 0.5796386777845204, 0.5325699692389613, 0.5964578171061654, 0.6207342665274065, 0.5292229391861893, 0.6200076065802894, 0.6065722196675628, 0.6187594039536222, 0.5860166318250664, 0.6345837043464111, 0.5865791980017964, 0.6236067793453715, 0.6074804285215953, 0.5660499474795602, 0.6227097063710838, 0.5969352694512579, 0.5947650767799116, 0.5928665903170612, 0.6287703966774201, 0.6232151298878102, 0.4322511750263172, 0.6117566043786222, 0.6373679525104052, 0.6073046842628638, 0.6115625862382416, 0.6090471450516883, 0.5993916756940849, 0.6047975318335788, 0.6150950197771792, 0.5815139221475529, 0.6061618404510694, 0.4494696842809009, 0.5744428780926016, 0.6181436580616039, 0.5642680873655429, 0.6206684430585822, 0.6429667411706387, 0.6291473119977921, 0.6138583512678834, 0.5986702430524814, 0.5500983830918905, 0.6268694510681143, 0.6420147868739816, 0.5980959127091954, 0.531458893611172, 0.6281975875261794, 0.6138583512678834, 0.5506985807593489], "val_f1_score_pos": [0.6243047907821133, 0.6652369378396152, 0.6691037946277194, 0.6861622040961688, 0.7025906298768971, 0.6926805753265399, 0.64895737913502, 0.6749949220918182, 0.7323352443429577, 0.6509414767171, 0.7399589490686727, 0.7186755434642926, 0.7303490421128651, 0.6648483670092619, 0.7111612113695296, 0.5983051682420993, 0.7151163251699837, 0.6211179165176419, 0.5397099220854604, 0.6889400790753674, 0.7091038499996339, 0.7119036606525473, 0.6714463341658223, 0.71477291602937, 0.6455331080853575, 0.6941407656203842, 0.6657042897082365, 0.6181195927772475, 0.712071391252371, 0.7039743712824634, 0.6906822252477336, 0.5430563805449722, 0.6622006638437254, 0.6941979794566302, 0.5842412504229936, 0.7074374010711363, 0.661415073388371, 0.7101299273662078, 0.6409537383197137, 0.6694564440165975, 0.7126834429664053, 0.6634766409248659, 0.6643482102433695, 0.671276811132792, 0.6711825879065545, 0.4745232623720926, 0.6130020598061064, 0.6673703472401779, 0.590329199046879, 0.6757619266690498, 0.6961181901022337, 0.6638492557592007, 0.6970711215802893, 0.6530360666095701, 0.6013841812427227, 0.6784252354076931, 0.6733247589715671, 0.6922910348108545, 0.6944634428973309, 0.6841498482358325, 0.618547553107852, 0.48613317541878154], "loss": [1.1417539880344179, 0.6040692891226939, 0.5757105507789476, 0.5563108424224282, 0.490198392236677, 0.47546211524059223, 0.46856082339583915, 0.4066959420718576, 0.3979602757210985, 0.4108533498967065, 0.40741789186226574, 0.3451181224154203, 0.3167837447485111, 0.333157678730399, 0.3565915443035037, 0.2889374402068924, 0.33369730730645164, 0.2736087494422258, 0.27609641503180826, 0.33022515697856464, 0.2709385219986437, 0.2852578081040391, 0.22807798228325024, 0.20497818536050594, 0.2076782250939598, 0.2185341367906525, 0.17445492288399267, 0.22515539048500155, 0.15728328932729813, 0.21324379947867128, 0.16216818669727828, 0.18197156180313032, 0.15299666322034966, 0.13003019678133904, 0.1749031666982589, 0.18882211315500788, 0.13372781608770298, 0.23599935075860964, 0.15196032445279287, 0.10192721434934297, 0.16496281234789856, 0.11974654133928281, 0.10899726836216762, 0.09491414869421491, 0.11314466151436728, 0.11634606001904335, 0.11139066437704212, 0.08109256048517834, 0.09325339870667342, 0.08313324895932606, 0.09350792876124454, 0.0752968979850366, 0.06835580605355865, 0.07876642403365201, 0.06153665937679019, 0.10277395601689852, 0.08458324690521783, 0.057638534822056914, 0.10471627791170383, 0.09940918193186793, 0.06352964691503717, 0.0793040735634566], "val_f1_score": [0.578175638767098, 0.6608545960669698, 0.7001211981633644, 0.7136010838370038, 0.7281619431189419, 0.7267620056976766, 0.6949179942500169, 0.6961265982143463, 0.7346328924135993, 0.7067340529445327, 0.7505082985857031, 0.744384984975915, 0.7476392841018891, 0.7083708020211431, 0.7199774132688985, 0.6695442959502503, 0.7324875600463159, 0.7092435373054756, 0.6463939719293289, 0.7329730472285232, 0.7255468764439025, 0.7413053011865115, 0.7144553723207178, 0.7452160002838852, 0.7050234652846433, 0.7365221118461227, 0.7180623179244762, 0.687958917774997, 0.7385304300194113, 0.7234432524086064, 0.7252634049771907, 0.6699482461617252, 0.7256975401743282, 0.7342782073696309, 0.6278180712890858, 0.7310669176162236, 0.7277704505693345, 0.7296687783047975, 0.7102965046634604, 0.719614923291445, 0.7277606085252122, 0.7158387078470363, 0.7177339212943928, 0.7115228903890384, 0.7191593909001612, 0.5943545002640386, 0.6883824190377316, 0.7222543090254396, 0.6759604538753355, 0.725764983448499, 0.7412733514958103, 0.7245842407620142, 0.7300395457590311, 0.7105993753678924, 0.6748938528463808, 0.7290966349207001, 0.7339816856879163, 0.7244624168736011, 0.6846803227332631, 0.7304322279998816, 0.7049822048972086, 0.635033860020294], "f1_score_pos": [0.4363525944216337, 0.6109237209936432, 0.5856124197992524, 0.609461199785779, 0.6742180642298102, 0.681661523874023, 0.6944530242889045, 0.7408215390813009, 0.7425170055452323, 0.7245321415806224, 0.7286504115283525, 0.788660519940138, 0.8220644314695439, 0.7816469999224803, 0.7556243979064299, 0.8427000193240516, 0.7839873229212053, 0.8480112221303624, 0.8385135046068167, 0.7765183894096822, 0.8389243960890307, 0.8342699923745437, 0.8702893306659939, 0.8897089243809042, 0.8869764477870198, 0.8628339036325164, 0.9150820991653601, 0.8658063230750469, 0.917750164584263, 0.8735790436560597, 0.9067218721313454, 0.8813828334039351, 0.9061567902419359, 0.9256315174158127, 0.8993807822083583, 0.904656629228854, 0.9239952674564532, 0.8727752063503044, 0.908781868842002, 0.9400550010150427, 0.9146618191687597, 0.9495995072380536, 0.9540812906216906, 0.9398158622647322, 0.9350972187613742, 0.9305885269573424, 0.9344597301908434, 0.9608289754529078, 0.9504291264473409, 0.9531311286464288, 0.9547456813863523, 0.9621431423384166, 0.9613441849308328, 0.9542401676579955, 0.9653572019965604, 0.9419800856525605, 0.9530742776852668, 0.9715300389885829, 0.9529463523178473, 0.9517390373354652, 0.9652612137226485, 0.9517890028496231], "val_loss": [0.6242164533507985, 0.5173140860302544, 0.5012373052382789, 0.48083425237727834, 0.46764941297025764, 0.46025932639364214, 0.49269897531677076, 0.4973329276537866, 0.4607001981164655, 0.5001133951075348, 0.44549853290102565, 0.4535110497867668, 0.44927282684160824, 0.5198039211633004, 0.4941406071695507, 0.6052185489144517, 0.4561750015860221, 0.527223416154929, 0.6701455443042248, 0.4895333589506091, 0.5247819957133469, 0.4697626318978157, 0.5194545459543538, 0.48244897153351335, 0.5742326863519438, 0.5443043130221384, 0.5717960107748616, 0.6190404851212461, 0.5342081719702416, 0.5410276001480764, 0.5593521263864305, 0.7753545280195709, 0.5839811160305335, 0.5694172664730831, 0.8749572682002235, 0.5618826901956355, 0.5995809699298407, 0.56434208081901, 0.6249760438816597, 0.6145701564129746, 0.6226900498654525, 0.6221237341271798, 0.643254553805923, 0.6114269861080417, 0.6384596088139274, 1.1246620793627877, 0.687243087460561, 0.633079564833379, 0.7202056059033879, 0.6341144300642467, 0.6463419778297527, 0.6753275975202903, 0.6433469385308952, 0.6953965531746256, 0.8401997330278995, 0.6706565169478802, 0.6978379092810355, 0.6850602717044444, 0.9048471594177032, 0.6708344339742183, 0.7865585391483609, 1.1496730060367795],