{"1": {"val_f1_score_pos_neg": [0.2860264781555827, 0.39838225038213554, 0.4503822013755881, 0.38857951146281094, 0.2672310783433528, 0.2586302773350807, 0.18436165694926593, 0.12763910376296297, 0.4544949773807972, 0.467527955824118, 0.4623472674226525, 0.36840395001318343, 0.45513632857365166, 0.2707252306976782, 0.46404544202744075, 0.43393349575127665, 0.492155903344534, 0.5010713093515672, 0.39450872968672845, 0.4547737301656163, 0.49423423778136677, 0.48279875980751286, 0.4851211270018306, 0.32668929226324467, 0.4020732988578695, 0.40788754964271645, 0.3707439468430336, 0.4672141072989261, 0.49390028923200263, 0.4760792752241048, 0.4376650475136503, 0.32165038751901615, 0.4697319984543286, 0.3232211045220367, 0.45689227907602925, 0.4186298142024326, 0.4069840664188979, 0.35151712764666204, 0.4703910909844474, 0.4842720355099512, 0.47224374171103434, 0.45972842275694153, 0.383457558210294, 0.3759086579821746, 0.4384084260120512, 0.39720821463734624, 0.2406299720395539, 0.4518162111709421, 0.4860724921275837, 0.4718098126442326, 0.4558897497843795, 0.44923431494994254, 0.3436425236287119, 0.416860189635744, 0.4246360614419895, 0.4448940813192847, 0.43844316940665834, 0.33810407325484654, 0.41807590818490953, 0.46176718689544854, 0.44431002701503225, 0.4589902793186718, 0.4605852157963432, 0.43443595738331586, 0.46035678036514294, 0.45768027726830635, 0.38400968637114646, 0.43445669682348736, 0.4687187662813184], "loss": [1.3633705079555511, 1.0120402127504349, 0.9651347398757935, 0.9503554105758667, 1.0277796536684036, 0.9394432008266449, 0.8566870391368866, 1.0360878556966782, 0.802546352148056, 0.8184179812669754, 0.7969106584787369, 0.9122934192419052, 0.7248852998018265, 0.7138505280017853, 0.7207574546337128, 0.724106565117836, 0.633502408862114, 0.6770823746919632, 0.6815972924232483, 0.5836400836706161, 0.5468895137310028, 0.6045777499675751, 0.5894044786691666, 0.5433055460453033, 0.6150206327438354, 0.6107254028320312, 0.5378003567457199, 0.5484000593423843, 0.43586641550064087, 0.45998547971248627, 0.5135921090841293, 0.4482421576976776, 0.5024265125393867, 0.3574911504983902, 0.5184019431471825, 0.4566804766654968, 0.35060229152441025, 0.4410390183329582, 0.37375205755233765, 0.29187164455652237, 0.37724217027425766, 0.39490605890750885, 0.31917448341846466, 0.3667309284210205, 0.2615204229950905, 0.2606048360466957, 0.39254871010780334, 0.3632545508444309, 0.22031040489673615, 0.2521151565015316, 0.34776731953024864, 0.20008155331015587, 0.21398744359612465, 0.3624495267868042, 0.21623942255973816, 0.16804062761366367, 0.12993212044239044, 0.21721751615405083, 0.26252175122499466, 0.1632227748632431, 0.3262508250772953, 0.17996379733085632, 0.1541737299412489, 0.10876569151878357, 0.12437460944056511, 0.14142624475061893, 0.19241450726985931, 0.20466725528240204, 0.16582633182406425], "f1_score_neu": [0.23986006644554436, 0.5590271204710007, 0.5611695423722267, 0.6047337427735329, 0.5211744313128293, 0.5591126158833504, 0.6223612576723099, 0.3939815517514944, 0.7137958407402039, 0.6981562823057175, 0.6808208227157593, 0.556816540658474, 0.734552875161171, 0.7052745521068573, 0.7129060626029968, 0.6864141821861267, 0.7651356905698776, 0.757824033498764, 0.7267581224441528, 0.7900632321834564, 0.7929664701223373, 0.7569348514080048, 0.7720610797405243, 0.8086033165454865, 0.7150205299258232, 0.7753231674432755, 0.7871013730764389, 0.8016414642333984, 0.8429517447948456, 0.8131938576698303, 0.8291415274143219, 0.810022234916687, 0.8012007921934128, 0.8797799646854401, 0.7876061648130417, 0.8345397114753723, 0.8843813091516495, 0.8168015480041504, 0.8652364015579224, 0.9057830274105072, 0.8623595982789993, 0.8623065650463104, 0.8926325142383575, 0.8730715215206146, 0.9196528345346451, 0.9165059030056, 0.8436020016670227, 0.9044688493013382, 0.9222396314144135, 0.9246893227100372, 0.9012428224086761, 0.939287856221199, 0.9305068999528885, 0.8576510697603226, 0.930623471736908, 0.9508342742919922, 0.9620477557182312, 0.9227702021598816, 0.9123686105012894, 0.9480233937501907, 0.8805086016654968, 0.9480932205915451, 0.9572170674800873, 0.9676488786935806, 0.9603805094957352, 0.9582180976867676, 0.9339971542358398, 0.9415660053491592, 0.9451005309820175], "f1_score_neg": [0.37952447310090065, 0.34155965596437454, 0.4262043610215187, 0.34797734022140503, 0.41789489425718784, 0.4531615376472473, 0.47161173075437546, 0.29783319565467536, 0.41999048739671707, 0.5687541738152504, 0.5981817692518234, 0.4178357422351837, 0.6403558403253555, 0.6400997042655945, 0.5366110429167747, 0.6842505484819412, 0.6721014529466629, 0.6247905269265175, 0.5883208066225052, 0.7172551900148392, 0.6954686492681503, 0.6886413991451263, 0.7517335563898087, 0.7117017507553101, 0.6339090391993523, 0.6291957125067711, 0.722522184252739, 0.6557147204875946, 0.7725227922201157, 0.7264565378427505, 0.7949715554714203, 0.7934411466121674, 0.6368201524019241, 0.8418166786432266, 0.6437489166855812, 0.7373621910810471, 0.8151709139347076, 0.7529583722352982, 0.7571541666984558, 0.869943305850029, 0.7854307442903519, 0.7637353986501694, 0.8506652116775513, 0.7685026377439499, 0.87241992354393, 0.8940514773130417, 0.8156061470508575, 0.7576997205615044, 0.8811129927635193, 0.8885038644075394, 0.8790891915559769, 0.9094005525112152, 0.9047465175390244, 0.778534859418869, 0.8790952861309052, 0.9184757322072983, 0.9464817643165588, 0.8807462900876999, 0.85980524122715, 0.928406298160553, 0.7837736904621124, 0.9240648299455643, 0.9456979781389236, 0.9545156508684158, 0.9483355283737183, 0.9428657442331314, 0.9103057831525803, 0.9380946904420853, 0.9313547909259796], "val_f1_score_neg": [0.2848112483551199, 0.5141831203671763, 0.5795152344737995, 0.5101377113252623, 0.2611934111507637, 0.17654254183246915, 0.09781669290066838, 0.0, 0.5542518501875908, 0.5981037864479137, 0.5710014854526391, 0.39331696239131236, 0.579183701668781, 0.22589086415769816, 0.584790362842009, 0.49447396810506306, 0.6019065543385813, 0.6112391659390857, 0.6283567846759825, 0.6081357531541112, 0.611539319861434, 0.6078768433936802, 0.5881223252534974, 0.3495103292941404, 0.444869112375884, 0.47396319725199215, 0.3680605520965599, 0.58911661990741, 0.6121999235556461, 0.6243736225637401, 0.5936846865548028, 0.25871643172665004, 0.5896853180120402, 0.3089431313327771, 0.5744613475805995, 0.49959202387608553, 0.5304778800507253, 0.3349309508469638, 0.5895702283740634, 0.6131057757758579, 0.5993450007028962, 0.6138772051236783, 0.44039792597990984, 0.44471397068229174, 0.5757813187558213, 0.4654914798953219, 0.12818302842065712, 0.6019017353982363, 0.6117762536333319, 0.6200455163064649, 0.5880380183310858, 0.5593070258066776, 0.4215214709896683, 0.48528189570368596, 0.532518659780758, 0.5482791067510374, 0.5494105865088766, 0.3206904599232766, 0.5672005852009872, 0.5942173568021591, 0.6011339703284027, 0.5904315959694039, 0.576145374528256, 0.5817619457847623, 0.5788934800038186, 0.5629668025030942, 0.49304125465040427, 0.5775039148555915, 0.595603746333961],