{"f1_score_pos_neg": [0.42014027391070147, 0.5458016317313297, 0.6173167220293505, 0.6462216627676064, 0.6718839276541244, 0.7012045502720625, 0.7189334065932124, 0.7422442649247262, 0.7512232145050451, 0.7697217946588167, 0.7877446671138563, 0.7793794022897952, 0.8055384199230334, 0.8088134162448603, 0.838197878495116, 0.8473556944699638, 0.8610040610386686, 0.8572874285431057, 0.8658815565811814, 0.8803200814488042, 0.8802766405750648, 0.8922388323055345, 0.915626069344716, 0.912480423927539, 0.9045633725693357, 0.9113550860893979, 0.9221918843478262, 0.9310040470894717, 0.9432422790740662, 0.9256807044275248, 0.9347118565759721, 0.9391593231414027, 0.9485878220967878, 0.9462175641707947, 0.9451567743226267, 0.9588719852469769, 0.9408619317613087, 0.95506934281425, 0.9535107397841851, 0.9580468038500529, 0.9543080989270497, 0.9657772103568628, 0.9494957076990196, 0.9605376123512513, 0.9688022591874688, 0.95731865362677, 0.9600937688492697, 0.9374168365215577, 0.9680471107845552, 0.9703923260646814, 0.9640350149346186, 0.9772726548520893, 0.9556082409140607, 0.9731834385188107, 0.9755311908149209, 0.9742347968050722, 0.9656402014364386, 0.9717779821529894], "val_f1_score": [0.5566044253156218, 0.6117438801373517, 0.6098167167196367, 0.677066961908603, 0.6744377358579398, 0.6736643264182997, 0.6453507007528345, 0.6305753423290368, 0.6716452931876324, 0.6756639049774138, 0.6621098298273654, 0.6761081896364736, 0.6360759281624404, 0.6644060448996201, 0.661677639002316, 0.6547305399496788, 0.6594418231314823, 0.5963433558253707, 0.669686060063707, 0.6475656727871618, 0.6502526190973097, 0.6533200471788262, 0.6458526041574626, 0.6600081145278807, 0.6683190584557906, 0.6513224608967568, 0.6436511115580132, 0.6645745118865497, 0.6358190133225846, 0.6427623786671156, 0.6432026196989274, 0.6495953248987165, 0.6531836586676337, 0.6371778828122939, 0.6444384446770632, 0.652667565199449, 0.6594725651219546, 0.6528993457000837, 0.6574277205477228, 0.6402812260922378, 0.6332018488572083, 0.6401123225516983, 0.65473400385024, 0.6433063299362659, 0.648750464027709, 0.643098677264528, 0.5910569737972377, 0.638267792368573, 0.6395213611789367, 0.6440940272173418, 0.6481128427383939, 0.6296292574049887, 0.6429532780254603, 0.6371018820286672, 0.6402599716667987, 0.6313869143107604, 0.6214928535410903, 0.6172171212105559], "val_f1_score_neg": [0.3219348145084621, 0.44066548959464186, 0.41498499084825813, 0.5974345281466142, 0.6016464495858963, 0.5989512292819169, 0.6317146459402389, 0.49017835920200303, 0.6193087077847372, 0.5950377310726107, 0.5957134824051745, 0.5903687188545925, 0.4830525998849741, 0.6051983037646474, 0.5766953910675819, 0.5370163756219727, 0.589585869558646, 0.5841756297508438, 0.5883863082777444, 0.5894446085201547, 0.6101909134289801, 0.6138615308081794, 0.5498871214740582, 0.5992548050700351, 0.6126534125481632, 0.5638746834945528, 0.5207467193041391, 0.6054568818445253, 0.5540792064156521, 0.5869685458661752, 0.5654633343219757, 0.5942423547030183, 0.582737859671678, 0.577873421690766, 0.5830115259959884, 0.5873871073146333, 0.5776794947978864, 0.5926056958826826, 0.5979691139988282, 0.5811066755215515, 0.5710776129201613, 0.565394046829968, 0.5984795895143035, 0.569772000844917, 0.5723458136781883, 0.5542905116422014, 0.5539976365448076, 0.5819302496871328, 0.5788635106621969, 0.5653419411623225, 0.5849460495634402, 0.584324030841144, 0.5754258566380422, 0.581028540444568, 0.5596614900518208, 0.5592371109602429, 0.575820715556206, 0.5617530029682296], "f1_score": [0.4562810039305786, 0.6039559635662726, 0.6592914202831796, 0.6800537814399549, 0.7022545923144459, 0.726770815726414, 0.7424792427956377, 0.7594454100959178, 0.7697035715929528, 0.7860431241026883, 0.8010115074670839, 0.7903793438229282, 0.8176481913917406, 0.8197358598565349, 0.8451972523948267, 0.8555250978081469, 0.8705271726798872, 0.8662049920634867, 0.8717545618432414, 0.884046375084874, 0.8901342772492636, 0.8967942429261285, 0.9203314959147885, 0.9169055362730864, 0.9104652283633969, 0.9141054974545999, 0.9278404317921222, 0.9349504946329111, 0.9473575535494134, 0.9286920372482752, 0.9391240345541938, 0.9451296182696673, 0.9518506301744936, 0.9500608873460057, 0.9483603173701571, 0.96243356157039, 0.9409827320151974, 0.9584608257121191, 0.9568253300817755, 0.9614642905748415, 0.957543959937593, 0.9682592108334875, 0.952637911813844, 0.9635139029303694, 0.9700093578022818, 0.9608601105349388, 0.9636666813297861, 0.9436084295084318, 0.9699138092235321, 0.9723721178030695, 0.9662861300592958, 0.9792240719101941, 0.9572740215586248, 0.9760473739367577, 0.9770956159855309, 0.9765631488254695, 0.9682768351574348, 0.9748821431866476], "val_f1_score_pos_neg": [0.5004213821565952, 0.5804224424933687, 0.5677303747026557, 0.6610134533312638, 0.6677316596368589, 0.6451962118288866, 0.6779992215563987, 0.5824791463441246, 0.6441777519063001, 0.6591656081263174, 0.6306296219639411, 0.6568338154589696, 0.5955146662744362, 0.665854753533155, 0.6290626220743143, 0.6218116020799902, 0.6527733349156073, 0.6370967338318403, 0.6446148760200578, 0.6113377864236379, 0.6607593168213147, 0.6219219099871918, 0.612284441867151, 0.6318752578541015, 0.6424946234415686, 0.6184880922949286, 0.6081478425345332, 0.653135884927384, 0.5971298653904985, 0.6422709554254055, 0.6071044019973719, 0.6433175260739911, 0.630716313082122, 0.6378900688400488, 0.6426664689004249, 0.6385942534327413, 0.6310527725479842, 0.6401434909819056, 0.6458530312537397, 0.6338382395990183, 0.6298550374077088, 0.6311186983177051, 0.63717608307404, 0.6335421157514771, 0.6310345294311107, 0.6139065217008873, 0.619099824331015, 0.6061660448084846, 0.6360350645435723, 0.6156724056420976, 0.635340658567285, 0.6341719851073648, 0.6238012271636495, 0.6340033398692514, 0.6245705393584357, 0.5903357742903834, 0.6280730859582392, 0.6165595930641228], "f1_score_pos": [0.618118561563369, 0.6762137224197156, 0.7142343371852946, 0.7181110241365004, 0.7405529616379315, 0.7567337626614421, 0.7701181414322699, 0.7741951155830641, 0.7868886584352177, 0.7992879411120963, 0.8201986643597357, 0.7936978824753672, 0.8438609489089174, 0.8302719237275173, 0.8469537954651581, 0.8646944893441176, 0.8796343189679356, 0.8809848178803935, 0.8763805757524206, 0.8788518129895269, 0.8998197134527127, 0.897932474743036, 0.9274323977984682, 0.9150144456802654, 0.9214897028813824, 0.9053664739306408, 0.9370951489784293, 0.9370735902262233, 0.9526434582339972, 0.9350291924873119, 0.9417364240098457, 0.9560562315834661, 0.956529412613337, 0.9498697591616294, 0.9522275538476981, 0.9682708872863043, 0.9332627371196297, 0.9628240545387834, 0.9618679904282716, 0.9669362741782663, 0.9616683956309012, 0.9704682455861653, 0.949176847557937, 0.9688735404299785, 0.9707338112768048, 0.9632813945727832, 0.9735089310062445, 0.9645919743721543, 0.9705784393869813, 0.975912383792176, 0.9690867182462429, 0.9803281769160079, 0.950246693732644, 0.9807652763835769, 0.9770913113215646, 0.9775618254602202, 0.9717000710422211, 0.9772667837293658],