{"1": {"val_f1_score": [0.20035252584705757, 0.20035252584705757, 0.20035252584705757, 0.20035252584705757, 0.20035252584705757, 0.20035252584705757, 0.20035252584705757, 0.20035252584705757, 0.20035252584705757, 0.20035252584705757, 0.20035252584705757, 0.20035252584705757, 0.20035252584705757, 0.20035252584705757, 0.20035252584705757, 0.20035252584705757, 0.20035252584705757, 0.20035252584705757, 0.20035252584705757, 0.20035252584705757, 0.20035252584705757, 0.20035252584705757, 0.20035252584705757, 0.20035252584705757, 0.20035252584705757, 0.20035252584705757, 0.20035252584705757, 0.20035252584705757, 0.20035252584705757, 0.20035252584705757, 0.20035252584705757, 0.20035252584705757, 0.20035252584705757, 0.20035252584705757, 0.20035252584705757, 0.20035252584705757, 0.20035252584705757, 0.20035252584705757, 0.20035252584705757, 0.20035252584705757, 0.20035252584705757, 0.20035252584705757, 0.20035252584705757, 0.20035252584705757, 0.20035252584705757, 0.20035252584705757, 0.20035252584705757, 0.20035252584705757, 0.20035252584705757, 0.20035252584705757, 0.20035252584705757, 0.20035252584705757], "loss": [7.598607237522419, 8.316317613308247, 8.316317943426279, 8.316317934256334, 8.3163177050077, 8.316318016785841, 8.316317897576551, 8.316317879236662, 8.316317750857426, 8.316317695837755, 8.31631798010606, 8.316317925086388, 8.316317805877098, 8.316317778367262, 8.316317796707153, 8.31631809931535, 8.316318035125732, 8.316508109752949, 8.31631809931535, 8.316505734737103, 8.316317760027372, 8.316317897576551, 8.316318053465624, 8.316318035125732, 8.316318126825186, 8.316317842556881, 8.316317897576551, 8.31631798010606, 8.316317906746498, 8.3163177050077, 8.316317952596224, 8.316317833386934, 8.316317723347591, 8.316317934256334, 8.316317943426279, 8.316318016785841, 8.316317925086388, 8.316317879236662, 8.316317943426279, 8.316318108485294, 8.316317787537209, 8.316317833386934, 8.316318016785841, 8.316317842556881, 8.31631798010606, 8.3163177050077, 8.316317833386934, 8.316317787537209, 8.316317659157972, 8.316317833386934, 8.316317778367262, 8.316318016785841], "val_loss": [9.185581788534009, 9.185581788534009, 9.185581788534009, 9.185581788534009, 9.185581788534009, 9.185581788534009, 9.185581788534009, 9.185581788534009, 9.185581788534009, 9.185581788534009, 9.185581788534009, 9.185581788534009, 9.185581788534009, 9.185581788534009, 9.185581788534009, 9.185581788534009, 9.185581788534009, 9.185581788534009, 9.185581788534009, 9.185581788534009, 9.185581788534009, 9.185581788534009, 9.185581788534009, 9.185581788534009, 9.185581788534009, 9.185581788534009, 9.185581788534009, 9.185581788534009, 9.185581788534009, 9.185581788534009, 9.185581788534009, 9.185581788534009, 9.185581788534009, 9.185581788534009, 9.185581788534009, 9.185581788534009, 9.185581788534009, 9.185581788534009, 9.185581788534009, 9.185581788534009, 9.185581788534009, 9.185581788534009, 9.185581788534009, 9.185581788534009, 9.185581788534009, 9.185581788534009, 9.185581788534009, 9.185581788534009, 9.185581788534009, 9.185581788534009, 9.185581788534009, 9.185581788534009], "val_f1_score_neg": [0.0, 0.0, 0.0, 0.0, 0.0, 0.0, 0.0, 0.0, 0.0, 0.0, 0.0, 0.0, 0.0, 0.0, 0.0, 0.0, 0.0, 0.0, 0.0, 0.0, 0.0, 0.0, 0.0, 0.0, 0.0, 0.0, 0.0, 0.0, 0.0, 0.0, 0.0, 0.0, 0.0, 0.0, 0.0, 0.0, 0.0, 0.0, 0.0, 0.0, 0.0, 0.0, 0.0, 0.0, 0.0, 0.0, 0.0, 0.0, 0.0, 0.0, 0.0, 0.0], "f1_score": [0.22068674432543608, 0.21738076124053735, 0.2173509167937132, 0.21736487717582628, 0.21741210783903414, 0.2173103655760105, 0.2173172951890872, 0.2173731837135095, 0.21735658238713557, 0.21736047359613273, 0.21729660779237747, 0.21735668956087187, 0.21735458534497482, 0.21728758571239618, 0.21735794784931037, 0.21726955874608114, 0.21737306851607102, 0.21728617382737306, 0.2172549097583844, 0.21734516179332367, 0.21733947642720663, 0.21733780004657233, 0.21728533764298147, 0.21730810174575219, 0.21740879118442535, 0.21735473693563387, 0.21736675988023096, 0.2173072205713162, 0.21734431930459464, 0.21735734349259964, 0.21732507617427752, 0.21740821863596255, 0.2173317768252813, 0.21729252172204164, 0.21727444718663508, 0.2174052415558925, 0.2171518223790022, 0.21731230702537757, 0.21742138667748526, 0.21724679206426328, 0.2173485036652822, 0.21732534267581427, 0.21740365830751565, 0.21735712226766807, 0.21740591955872682, 0.21729843060557658, 0.2173445580097345, 0.21729113046939558, 0.21739553029720599, 0.2172808455160031, 0.2173674198297354, 0.21734397056011054], "val_f1_score_neu": [0.6010575536008335, 0.6010575536008335, 0.6010575536008335, 0.6010575536008335, 0.6010575536008335, 0.6010575536008335, 0.6010575536008335, 0.6010575536008335, 0.6010575536008335, 0.6010575536008335, 0.6010575536008335, 0.6010575536008335, 0.6010575536008335, 0.6010575536008335, 0.6010575536008335, 0.6010575536008335, 0.6010575536008335, 0.6010575536008335, 0.6010575536008335, 0.6010575536008335, 0.6010575536008335, 0.6010575536008335, 0.6010575536008335, 0.6010575536008335, 0.6010575536008335, 0.6010575536008335, 0.6010575536008335, 0.6010575536008335, 0.6010575536008335, 0.6010575536008335, 0.6010575536008335, 0.6010575536008335, 0.6010575536008335, 0.6010575536008335, 0.6010575536008335, 0.6010575536008335, 0.6010575536008335, 0.6010575536008335, 0.6010575536008335, 0.6010575536008335, 0.6010575536008335, 0.6010575536008335, 0.6010575536008335, 0.6010575536008335, 0.6010575536008335, 0.6010575536008335, 0.6010575536008335, 0.6010575536008335, 0.6010575536008335, 0.6010575536008335, 0.6010575536008335, 0.6010575536008335], "f1_score_neg": [0.026409760690652408, 0.0, 0.0, 0.0, 0.0, 0.0, 0.0, 0.0, 0.0, 0.0, 0.0, 0.0, 0.0, 0.0, 0.0, 0.0, 0.0, 0.0, 0.0, 0.0, 0.0, 0.0, 0.0, 0.0, 0.0, 0.0, 0.0, 0.0, 0.0, 0.0, 0.0, 0.0, 0.0, 0.0, 0.0, 0.0, 0.0, 0.0, 0.0, 0.0, 0.0, 0.0, 0.0, 0.0, 0.0, 0.0, 0.0, 0.0, 0.0, 0.0, 0.0, 0.0], "f1_score_pos": [0.06431892514228821, 0.0, 0.0, 0.0, 0.0, 0.0, 0.0, 0.0, 0.0, 0.0, 0.0, 0.0, 0.0, 0.0, 0.0, 0.0, 0.0, 0.0, 0.0, 0.0, 0.0, 0.0, 0.0, 0.0, 0.0, 0.0, 0.0, 0.0, 0.0, 0.0, 0.0, 0.0, 0.0, 0.0, 0.0, 0.0, 0.0, 0.0, 0.0, 0.0, 0.0, 0.0, 0.0, 0.0, 0.0, 0.0, 0.0, 0.0, 0.0, 0.0, 0.0, 0.0], "acc": [0.45519230944605976, 0.4840384630056528, 0.4840384584206801, 0.48403846415189594, 0.48403846014004487, 0.484038461286288, 0.4840384607131665, 0.48403846185940963, 0.48403846816374707, 0.484038461286288, 0.48403846472501755, 0.48403845440882903, 0.4840384664443823, 0.48403845670131534, 0.4840384532625859, 0.4840384584206801, 0.4840384635787744, 0.4840384589938017, 0.48403846185940963, 0.4840384630056528, 0.48403846243253124, 0.484038461286288, 0.4840384607131665, 0.48403846415189594, 0.48403845956692326, 0.48403845670131534, 0.48403846243253124, 0.4840384589938017, 0.48403846014004487, 0.484038461286288, 0.48403846816374707, 0.4840384589938017, 0.48403846415189594, 0.48403846185940963, 0.48403846243253124, 0.48403845727443695, 0.4840384693099902, 0.48403845956692326, 0.4840384561281938, 0.48403846415189594, 0.4840384561281938, 0.48403845956692326, 0.4840384630056528, 0.48403846472501755, 0.48403846185940963, 0.48403846759062547, 0.4840384630056528, 0.4840384630056528, 0.48403846185940963, 0.4840384584206801, 0.4840384630056528, 0.484038461286288], "val_f1_score_pos_neg": [0.0, 0.0, 0.0, 0.0, 0.0, 0.0, 0.0, 0.0, 0.0, 0.0, 0.0, 0.0, 0.0, 0.0, 0.0, 0.0, 0.0, 0.0, 0.0, 0.0, 0.0, 0.0, 0.0, 0.0, 0.0, 0.0, 0.0, 0.0, 0.0, 0.0, 0.0, 0.0, 0.0, 0.0, 0.0, 0.0, 0.0, 0.0, 0.0, 0.0, 0.0, 0.0, 0.0, 0.0, 0.0, 0.0, 0.0, 0.0, 0.0, 0.0, 0.0, 0.0], "val_f1_score_pos": [0.0, 0.0, 0.0, 0.0, 0.0, 0.0, 0.0, 0.0, 0.0, 0.0, 0.0, 0.0, 0.0, 0.0, 0.0, 0.0, 0.0, 0.0, 0.0, 0.0, 0.0, 0.0, 0.0, 0.0, 0.0, 0.0, 0.0, 0.0, 0.0, 0.0, 0.0, 0.0, 0.0, 0.0, 0.0, 0.0, 0.0, 0.0, 0.0, 0.0, 0.0, 0.0, 0.0, 0.0, 0.0, 0.0, 0.0, 0.0, 0.0, 0.0, 0.0, 0.0],