{"loss": [2.024936690430209, 1.1340056360420043, 0.9188289253664748, 0.9172564114557401, 0.8390710245018135, 0.814607716348668, 0.735085441731143, 0.7510881792910628, 0.6761085235982691, 0.6540418895758071, 0.6855276413651357, 0.658512800402981, 0.6071878375361907, 0.6355660369498811, 0.6137549245325632, 0.5966980819092914, 0.5777327502089755, 0.5016276824801849, 0.5212056360307356, 0.5064807892381898, 0.49397764546779016, 0.5223703298463226, 0.433647460088862, 0.48280027944213305, 0.42421283201379495, 0.4683442412647574, 0.38639400526609496, 0.3804533934972885, 0.3545409826402852, 0.3435596613561675, 0.44191632131981845, 0.32004097116390573, 0.3410519556917473, 0.4033763821314003, 0.3066391452310035, 0.2666674965769306, 0.32087876069670374, 0.30760167879313993, 0.2815532139797962, 0.2559795609623042, 0.2713052817477004, 0.2311287723026976, 0.27201012931193513, 0.20893612146783333, 0.24281957954958122, 0.29633936007006045, 0.1646349938672852, 0.20209089770764582, 0.22883785476714713, 0.17403982942183466, 0.14570801588644403, 0.1699160936682757, 0.16748490256460918, 0.17966946770015668, 0.17588757983334824, 0.1495291646701299, 0.19088240200778211, 0.15442190316763638, 0.1427581025400273, 0.16064573645432326, 0.12679411074721317, 0.12541903169549876, 0.2066846759163374, 0.13846470568480354, 0.18625682492398762, 0.119461211898728, 0.10876569284840334, 0.12696900869043326, 0.10602973210617425, 0.13392022704950599], "val_loss": [0.9005053277844804, 0.7746733561638863, 0.7418080551431087, 0.6941573753964704, 1.1520940613440256, 0.6717889269224278, 1.245000497174957, 0.7203160757440736, 0.6868204774113736, 0.6473243761306481, 0.6538846363022107, 0.7610374083989191, 0.6716543815594285, 1.068711676233058, 0.6466782083668923, 0.6630806835998927, 0.7877918113068961, 0.8221049137919586, 0.6981291238198029, 0.7280918942984714, 0.7207660993315433, 0.7108046638037069, 0.7315967097515013, 0.8185832722587846, 0.86333122226531, 0.6975946065918717, 0.7050739068107095, 0.7599462132081253, 0.7337544228409708, 0.988289908133496, 0.8394145178350914, 0.8387889947723661, 0.8230294403897287, 0.8915042110137229, 0.7556611338282019, 0.8214328164288981, 0.7590842080528956, 0.8652076352902545, 0.7779492368980746, 0.8168782314665199, 0.8232016375519428, 0.8890928663264539, 0.8441091985362363, 0.9931409164204111, 1.2060404949665946, 0.9186453409717679, 0.8788536411553519, 1.3331020246988952, 1.0470044724027723, 0.9271269832856693, 1.014670204028288, 0.9702630732555324, 1.0757416754671822, 1.343308259394736, 0.9560263489226234, 1.2033822758754906, 0.9897668739331853, 0.9769421881995363, 1.308738414615338, 1.0410933739989565, 1.0030769279176346, 1.0447316434856728, 1.0228882573296822, 1.2594336790892198, 1.0577784232851903, 1.0232643707824636, 1.0554615394230624, 1.0866472284343027, 1.2597831468272016, 1.218100435834465], "val_f1_score_neu": [0.6274658325710792, 0.6089743473477918, 0.692996670575771, 0.6421151376758508, 0.014371039707837941, 0.7242483165893785, 0.0024101692756235897, 0.7261034285274979, 0.7212412690603605, 0.7089121938846007, 0.7105117739106676, 0.4899582743425867, 0.6684012388951691, 0.08524886962859736, 0.728033127901656, 0.6805043124852455, 0.4313527514169825, 0.3661672384164291, 0.6583551053077944, 0.6127653378624944, 0.6539625842334278, 0.7259834897571307, 0.6885145413509792, 0.7242414574906985, 0.7213486091470956, 0.7336121509933672, 0.7023983555549154, 0.7279191702143151, 0.7032213698151291, 0.3988289226939789, 0.7271307215989495, 0.5606034109513027, 0.725363748579428, 0.7156573885261872, 0.7137604982653472, 0.7253385551826803, 0.7065066839183625, 0.6284663155733554, 0.6977783561753313, 0.6849186707912328, 0.6618657796801215, 0.7210778911189397, 0.6953752054150198, 0.7043668898797054, 0.7021603591167611, 0.7196391312869053, 0.6823580404951164, 0.7015230283004357, 0.4845678749795414, 0.6856134553578405, 0.7148010856111688, 0.7112016903581877, 0.7093072795442731, 0.36327182683862164, 0.7117079937048482, 0.7020449678071865, 0.6610034982300855, 0.6816806588590598, 0.4858255007355788, 0.716548911455326, 0.6338732135349017, 0.6723511115697435, 0.6532766929049209, 0.5091368871866296, 0.6462849717642921, 0.6911917971776846, 0.6823268859148213, 0.6975317965990723, 0.7057591419097416, 0.7023704350229139], "f1_score_pos": [0.4948729499178213, 0.52331851197802, 0.6023160058188954, 0.6264457039493382, 0.642835004788201, 0.6567129846793615, 0.684183484166607, 0.6839692613054243, 0.7092188691791467, 0.7297276178329147, 0.7032843243748261, 0.7133017227129724, 0.7467491850347493, 0.7449726928564396, 0.7355334958889871, 0.7545204866897617, 0.7706420393921064, 0.7937140893449234, 0.7779203865350148, 0.7810466936142985, 0.8007223613645339, 0.7612131570569796, 0.830654449469267, 0.7853925334923232, 0.817863887804951, 0.7875330436412302, 0.8467971686026547, 0.8289502461171632, 0.8578773524649324, 0.8585751638225821, 0.8171076045371366, 0.8682990091982591, 0.8527653519469052, 0.8289198985999442, 0.8811889253565786, 0.8801077341123303, 0.8598752018166609, 0.8999039836385492, 0.8836314286914383, 0.897350683790212, 0.8783584196231906, 0.9128144386763588, 0.8795558423303845, 0.9192902357393362, 0.9168518117794062, 0.8685246039677385, 0.9418497348307056, 0.9199480625100881, 0.9195202099213251, 0.9334127527213056, 0.9493304004699332, 0.9364488487866218, 0.9323241780223331, 0.9234383023338772, 0.9283060505678263, 0.9423940219265858, 0.9307990683246754, 0.9408199895248487, 0.9455640863508544, 0.9373145998611144, 0.9543251731579477, 0.9512625567645827, 0.9299853248605466, 0.9462322493611592, 0.923983553190345, 0.9568475924528286, 0.9622871311743301, 0.9521842598190512, 0.9602703605143368, 0.9517998340615037], "val_f1_score_pos": [0.528762053464799, 0.6623386693632325, 0.6754453414354992, 0.7090789544560482, 0.6449050895348015, 0.7044141252397896, 0.6502176659362947, 0.6653369572917339, 0.6899894482971269, 0.717889728178479, 0.7140507632248551, 0.7066827306839978, 0.7330148172228473, 0.6719581839639998, 0.7124231965905127, 0.7314414891426313, 0.6867881423996216, 0.6789015639400408, 0.7299447590179904, 0.7296736208341454, 0.728038789858319, 0.6918167659938101, 0.7250919694541603, 0.6317481392173356, 0.5888987397103368, 0.7077768478779977, 0.7263331397793408, 0.6693901932680354, 0.7248658576006656, 0.672059778478744, 0.63263397283389, 0.7083465719110472, 0.6696578843713026, 0.6976289590481164, 0.7138124414388195, 0.6770937713056044, 0.7175364138540432, 0.7218374428460206, 0.7065846346633314, 0.7217447782575755, 0.7180742387724085, 0.676478320833832, 0.7054485029946654, 0.7087328106813658, 0.5396172068983809, 0.6884075325679003, 0.7198464014915978, 0.6309187748974275, 0.681864391200473, 0.6999695538505306, 0.6758669191165887, 0.6911572879329304, 0.6403854786020985, 0.675330577999033, 0.6950297515254117, 0.5911025981436618, 0.7122888558029097, 0.7103077155099964, 0.6952774238623942, 0.6764774235908735, 0.6968634934554161, 0.7024437181911474, 0.7142923126500828, 0.68615305275233, 0.7045860165315383, 0.6980342162646492, 0.6826150806563562, 0.6866104006767273, 0.6398446373416782, 0.636137449097327],