{"1": {"val_f1_score_pos_neg": [0.46411332904651603, 0.5332229120225503, 0.6382284301677277, 0.5778453393992933, 0.6022598498954943, 0.5920825393188041, 0.5817700976184932, 0.6369601499212092, 0.599552480592335, 0.5917284926998, 0.5519162377065603, 0.6172555170126734, 0.6129695893334429, 0.6475123186890547, 0.6511844566823177, 0.6358996507785716, 0.6239330581158063, 0.6140739363446, 0.6250919556323856, 0.5770332352120264, 0.6493940844862223, 0.5444177202186714, 0.587649165818049, 0.6013339149367299, 0.5463517641352131, 0.541852950596478, 0.6228095443737091, 0.6389869514206967, 0.6269524320354306, 0.6030054615139805, 0.5623383951287179, 0.637932301239801, 0.48600485816953565, 0.5770826539185426, 0.5777844185595309, 0.5769987897925448, 0.5850772349314836, 0.6152310278545112, 0.6264002877459762, 0.5534425210114886, 0.5653597489448785, 0.5851761826435913, 0.5948200762318777, 0.5741667702321208, 0.6015789495688738, 0.4831691902045843, 0.5811505509023118, 0.6041361096022231, 0.5798532295627229, 0.5730084521921169, 0.6157551679653726, 0.5467392365950597, 0.5910589172713187, 0.586926224004744, 0.5948368832410367, 0.5880583230197945, 0.561277004605105, 0.6068761529742405, 0.5939912088987179, 0.5413649897859255, 0.6084057411402191, 0.6063260130609642, 0.5774818495787444, 0.5835035891161483, 0.6051383159337568, 0.6007506279003705], "loss": [1.0143363502095728, 0.8938459745224785, 0.8046218656441745, 0.7250630873091081, 0.726232153527877, 0.6868047240902396, 0.6819705226842094, 0.6623021206435036, 0.627046615761869, 0.629845892681795, 0.5907081654843163, 0.586453947074273, 0.569869719007436, 0.5470405111418051, 0.5681266924914192, 0.4960436597466469, 0.4832987312008353, 0.5296112632050234, 0.48317501343348446, 0.4634690289111698, 0.47720509723705407, 0.466199843760799, 0.4326005468473715, 0.4516373920966597, 0.4044107251307544, 0.38717808267649484, 0.4591916847754927, 0.34260524984668284, 0.3439948256401455, 0.379008651656263, 0.3570549220723264, 0.3829266205430031, 0.3206443889614414, 0.30037035902633386, 0.39244965485790195, 0.27492474808412437, 0.32879751219468956, 0.26628124363282146, 0.28569726492552194, 0.2730279393932399, 0.2926501879358993, 0.28323381591369123, 0.2651107642142212, 0.3091098506222753, 0.21684653640669935, 0.23871251129928758, 0.2592695298440316, 0.2608851282035603, 0.20916542608071775, 0.2072972685975187, 0.26963920255794244, 0.2504279815098819, 0.20330321372431867, 0.2472722788943964, 0.22260895820663257, 0.2059948610908845, 0.22040387418340235, 0.24332179435912302, 0.214376888511812, 0.19444985205636306, 0.21239235799978762, 0.19518308462027242, 0.17619789840982242, 0.16565684711231904, 0.20702310366665616, 0.27985750445548224], "f1_score_neu": [0.44601956645355506, 0.5612753910176894, 0.6447559555663782, 0.7100650790859672, 0.7183346248724881, 0.7404186515247121, 0.7314941514940823, 0.7285983132965425, 0.7633053555208094, 0.7624379992485046, 0.7846044538652196, 0.7720657332855112, 0.7862060674849678, 0.796338767689817, 0.7769377275424845, 0.8132724051966387, 0.8160843928070629, 0.7961535997250501, 0.8175440746195176, 0.8260237048653996, 0.8197570311672547, 0.819767060525277, 0.8392803406014162, 0.836465917965945, 0.8562302554354948, 0.8437206740765011, 0.8135537128238117, 0.8807952228714439, 0.8804170690915164, 0.8588297594996059, 0.8692513651707593, 0.8584795716930839, 0.8889287605005152, 0.8977315311922747, 0.8423534631729126, 0.9118777557330973, 0.8815969342694563, 0.9132741435485727, 0.903914691770778, 0.9078379930818782, 0.9035492434221155, 0.9032323763651007, 0.9127756155589047, 0.8924042889300514, 0.9286233563633526, 0.9227744156823439, 0.90980465008932, 0.9110728213015724, 0.9308509169255986, 0.9331034956609502, 0.9089401855188257, 0.911526571301853, 0.9327311331734938, 0.9119234286686954, 0.9252031603280235, 0.9315909454051186, 0.9278432025628931, 0.9229278880007127, 0.9296199907274807, 0.9358469852629829, 0.9311189686550814, 0.9380994684555951, 0.9463692307472229, 0.9447438795776928, 0.9313902854919434, 0.9039609896786073], "f1_score_neg": [0.23796491779606133, 0.3581271086107282, 0.42507291125024066, 0.49580926448106766, 0.5127440660315401, 0.5621992844869109, 0.529127295841189, 0.5881119348547038, 0.6106751710176468, 0.5937457242432762, 0.6094434002743048, 0.6528924129465047, 0.666520456180853, 0.6963164148961797, 0.6854052166728413, 0.726921401479665, 0.7429489239173777, 0.7139086653204525, 0.7556071728467941, 0.7453521498862434, 0.7397754490375519, 0.7616402349051308, 0.7773037324933445, 0.7673848245073768, 0.8056061662295285, 0.803210891344968, 0.763080383924877, 0.8452947507886326, 0.8172201295109356, 0.8060806104365517, 0.81919985045405, 0.8340713329174939, 0.8409024433178061, 0.8416513528893975, 0.8152242083759869, 0.8612452114329618, 0.8535897214623058, 0.8852992347058128, 0.8554472502540139, 0.8813274809542824, 0.8296524426516365, 0.8812656446414835, 0.8893096578471801, 0.8598973540698781, 0.8984845412128112, 0.8885730548816568, 0.8781483629170586, 0.8956042773583356, 0.898605458000127, 0.8865315081442103, 0.8997571915388107, 0.9000633823520997, 0.9059559816823286, 0.9045771667185951, 0.8718688076033312, 0.9001998357913074, 0.8980407898916918, 0.8800688333371106, 0.9012836358126473, 0.9014175744617686, 0.9062414370915469, 0.9160399331766016, 0.9073363516260596, 0.9251972840112799, 0.8947405920309179, 0.8876606804483077], "val_f1_score_neg": [0.25885411191105434, 0.426953229165096, 0.5770711313699631, 0.44840539032444376, 0.4891145122104388, 0.4636304305664611, 0.454576869422671, 0.552807816379251, 0.5191909277217144, 0.4770537291319077, 0.4109648291501291, 0.5445948297696698, 0.5540723141615953, 0.5840988757570929, 0.584581686072921, 0.5757790546451002, 0.5305226798167605, 0.5579149010548465, 0.5354223283700921, 0.44800815379372616, 0.5866722431109078, 0.40509860582186613, 0.49243799985283604, 0.4854838157963196, 0.38633171095174035, 0.5140027072355874, 0.561415867623525, 0.5734013931944463, 0.5522239404793271, 0.4993157082581939, 0.46589830257496806, 0.5695462369509267, 0.2767551105196883, 0.5381099170050907, 0.4832876455024131, 0.5094468016231151, 0.48247636291507406, 0.5416873069438539, 0.5536623711102033, 0.4137102768407417, 0.5077446483265157, 0.5430237595612316, 0.5345965347560785, 0.48781265538413476, 0.5227787404619363, 0.3611782503790847, 0.4769365811344835, 0.5183289483123147, 0.49518125796768253, 0.4911271866900446, 0.537641335082373, 0.4126533251358335, 0.5011898258790362, 0.49948062600971926, 0.4931916067083145, 0.506514575751535, 0.45115673869512163, 0.549539242317881, 0.5196671359360202, 0.4131922598370348, 0.5230197527966348, 0.5296203882604205, 0.4872005471572331, 0.48356222738251736, 0.5396075230897833, 0.5075366252712337],