{"1": {"f1_score_neg": [0.015873015961713262, 0.0, 0.0, 0.0, 0.0, 0.013308168078462282, 0.055069261903150216, 0.12988705071620643, 0.12531842363791335, 0.2188616089729799, 0.19410304652733934, 0.27556170657691026, 0.3293741364549432, 0.3172250028906597, 0.3730080575785703, 0.23865766316238377, 0.41187726457913715, 0.48025944870379234, 0.49185089197837645, 0.426832171363963, 0.5133889843192365, 0.5266587886338433, 0.507826534513798, 0.5190764284796185, 0.5614319253298972, 0.5716596193249441, 0.519230112950835, 0.5849186264806323, 0.5560234398063686, 0.5990443498724036, 0.5287877619007809, 0.6966087222099304, 0.6714348826143477, 0.6569872374335924, 0.6355918231937621, 0.7057484454578824, 0.6299647556410896, 0.6864913670967022, 0.715522375371721, 0.6855943496856425, 0.7053129933774471, 0.7631239924165938, 0.6776125638021363, 0.7672668161491553, 0.7172766471436868, 0.7614780718253719, 0.7506895181205537, 0.7008447856124904, 0.8046434563067224, 0.7836462193065219, 0.7777717138330141, 0.7671017551587688, 0.8237202763557434, 0.7522070527904563, 0.7684243131015036, 0.8027588278055191, 0.838031573428048, 0.768525679078367, 0.8426021420293384, 0.7816204114092721, 0.8296245063344637, 0.8260040394961834, 0.8783667989903026, 0.8362575574881501, 0.8292354328764809, 0.80025129351351, 0.8900701155265173, 0.8409411083492968, 0.8487916874388853, 0.8817816649874052, 0.8429353998767005], "val_acc": [0.41227379853944907, 0.41227379853944907, 0.41227379853944907, 0.41227379853944907, 0.4301075302894866, 0.5079989451734281, 0.5609756148677468, 0.5053763501512201, 0.5691056889622286, 0.5129818969938407, 0.6039863639136733, 0.5594020552939079, 0.6055599173597861, 0.5974298403421288, 0.4033569406250034, 0.5712037871367281, 0.6464726000266097, 0.5858903719376555, 0.6073957460463719, 0.642276433784756, 0.6380802516920998, 0.6498819859109773, 0.6304746869977865, 0.63204826035901, 0.5667453388388689, 0.6118541859186074, 0.5625491742071066, 0.6333595541184448, 0.6435877316084991, 0.6414896460802512, 0.6344085989928827, 0.641751888368563, 0.6367689465213379, 0.6068712296587196, 0.630736943698761, 0.6367689514922996, 0.6451612983105097, 0.5950694859356134, 0.6354576516832982, 0.6388670297516884, 0.6176239128754328, 0.5698924782142969, 0.6228691282123523, 0.563335954033106, 0.623393657308784, 0.6328350381997512, 0.5266194490976231, 0.601888267427425, 0.6207710408395336, 0.6226068613193431, 0.6302124375031434, 0.6268030395196424, 0.6357199035539984, 0.615525827347185, 0.6354576408034573, 0.6260162681974265, 0.6304746893738438, 0.6249672191805206, 0.6302124283897136, 0.6396538160180533, 0.5266194575232469, 0.6212955789087077, 0.603461836036534, 0.612116437320349, 0.5418305780172911, 0.6317859892610049, 0.6396538155490946, 0.6228691329644667, 0.5651717973512018, 0.6052976670991771, 0.6005769695255221], "acc": [0.46763888870676357, 0.29430555510852074, 0.29430555717812645, 0.2943055575920476, 0.34430555461181533, 0.5322222229507234, 0.5952777800460657, 0.6173611159125963, 0.6236111103660531, 0.658611111342907, 0.6572222179836698, 0.705416664481163, 0.6847222207321061, 0.6934722231494056, 0.7091666642162535, 0.6638888828456402, 0.7258333381679323, 0.7269444523586167, 0.7437500084439913, 0.7124999985098839, 0.7508333399891853, 0.7404166658719381, 0.746527775294251, 0.7618055550588502, 0.7572222227851549, 0.7601388899816407, 0.756527778175142, 0.7609722200367186, 0.772222225036886, 0.7740277830097411, 0.7577777786387337, 0.8108333332671059, 0.8050000013576614, 0.8029166675276227, 0.8156944397423003, 0.8183333252867063, 0.793472225467364, 0.8255555621451802, 0.8101388845178816, 0.8243055600259039, 0.8381944406363699, 0.8329166687197156, 0.8194444436166022, 0.859166664381822, 0.840416664050685, 0.8551388871338632, 0.865138880080647, 0.8311111115747027, 0.862916665772597, 0.8672222213612663, 0.8658333329690827, 0.8704166718655162, 0.8801388914386431, 0.8602777727776103, 0.856111105117533, 0.892777773241202, 0.8886111097203361, 0.8613888861404525, 0.9083333363135656, 0.869583343466123, 0.8962499979469511, 0.8912499994039536, 0.8991666634877523, 0.9156944420602586, 0.9047222203678555, 0.8619444361991353, 0.9113888922664855, 0.9181944454709688, 0.919027776353889, 0.9223611147867309, 0.8834722174538506], "f1_score_pos": [0.16723772635062537, 0.4545409335858292, 0.4542662083274788, 0.45444970081249875, 0.3849736758921709, 0.17394155839509848, 0.3575197146144799, 0.4343781340867281, 0.4821750165687667, 0.5403218993710147, 0.5440244118993481, 0.6312112791670693, 0.5793000919123491, 0.5833382503026061, 0.6365403839283519, 0.5745439540284375, 0.6643925756216049, 0.6403594279868735, 0.6863757636811998, 0.6312235167456998, 0.6870448179543018, 0.660525542166498, 0.6765517027427753, 0.6981038360132111, 0.6933836879001724, 0.6854588488737742, 0.707919240825706, 0.7032724548545148, 0.7242137276464038, 0.7194434876243273, 0.6858030588676532, 0.7477934112151464, 0.7597964016927613, 0.7389371486173736, 0.7710202982028326, 0.754676479432318, 0.7358287783960501, 0.7977239191532135, 0.737685321105851, 0.7744071707129478, 0.8021237932973437, 0.7796280309557915, 0.7603806116514735, 0.8169815565148989, 0.7918825733164946, 0.8141535520553589, 0.8456036398808161, 0.7733985943098863, 0.8195498651928372, 0.8230871516797278, 0.8296958208084106, 0.8234132503469785, 0.8393455321590105, 0.835142688618766, 0.8078782202468978, 0.8645970208777322, 0.85406018462446, 0.8203708421852853, 0.8902022987604141, 0.8233154689272245, 0.8745027805368105, 0.8569943896598287, 0.8588575356536441, 0.9007874354720116, 0.8815955958432622, 0.8128530964669254, 0.8781979497936037, 0.9039723641342587, 0.906040166815122, 0.9008604362607002, 0.8377543042103449], "f1_score_pos_neg": [0.09155537063876788, 0.2272704667929146, 0.2271331041637394, 0.22722485040624937, 0.19248683794608545, 0.09362486271937895, 0.20629448580115828, 0.282132591948741, 0.303746718292435, 0.37959175515506005, 0.36906372259060544, 0.4533864843348662, 0.4543371140542958, 0.4502816241648462, 0.5047742260826958, 0.40660081278636223, 0.538134914305475, 0.560309430791272, 0.5891133178439405, 0.5290278357764086, 0.6002168928583463, 0.5935921635892656, 0.5921891178521845, 0.6085901351438628, 0.6274078057871925, 0.6285592309302754, 0.6135746786991755, 0.6440955325961113, 0.6401185803115368, 0.6592439189553261, 0.6072954067753421, 0.7222010667125384, 0.7156156400839487, 0.6979621938533254, 0.7033060515920321, 0.7302124583058887, 0.6828967680533727, 0.7421076500581371, 0.7266038482387861, 0.73000075833665, 0.7537183985114098, 0.7713760087887446, 0.7189965918660164, 0.7921241861250665, 0.7545796061555544, 0.7878158117334048, 0.7981465881069502, 0.737121696687407, 0.8120966661307547, 0.8033666784564654, 0.8037337619397376, 0.7952575128939416, 0.8315328972207175, 0.7936748696698083, 0.7881512625349892, 0.8336779202024142, 0.8460458781984117, 0.794448266012801, 0.8664022245340877, 0.802467942237854, 0.8520636351572143, 0.8414992143710455, 0.8686121569739448, 0.8685224933756722, 0.8554155081510544, 0.8065521944728162, 0.8841340326600604, 0.8724567277563943, 0.8774159343706237, 0.8913210464848412, 0.840344847076469],