{"1": {"val_f1_score": [0.5680126374767672, 0.6422165382918241, 0.6229820646953308, 0.6703409275732233, 0.6584335589952867, 0.67738491295205, 0.6835736511512094, 0.6807240684952225, 0.6675967160029077, 0.6776507544042306, 0.6804152302875814, 0.6874952196699723, 0.6581045640537253, 0.6889378297619704, 0.6626856024109595, 0.660657652150356, 0.687345329041935, 0.6804890060812477, 0.6537225401185799, 0.6415653129184211, 0.6381401154677948, 0.6572738650774912, 0.6779700407918094, 0.6773104488834008, 0.614640271041514, 0.66911765514882, 0.6750254425325951, 0.6644725915862293, 0.5263033492371944, 0.6618287005575817, 0.6818720245811528, 0.6724575637301653, 0.6228761189633581, 0.582675911421667, 0.6420668691216945, 0.64833144890865, 0.6567804534198292, 0.6445511077102513, 0.6603002250585348, 0.6473251905711405, 0.6533095088650352, 0.646033671969602, 0.6276201906711949, 0.6635487406328223, 0.6431383467427145, 0.5897652725675679, 0.6429814610648836, 0.6476169122569116, 0.6458744933184382, 0.6315251503158297, 0.6166361359014243, 0.6496906969886798, 0.6386314775729286, 0.6320961508387004, 0.6374265326154285, 0.5794112403155811, 0.6473252476277765, 0.5046006162554894, 0.6487837380822674, 0.6355917866762123, 0.6520581558999382, 0.6458832669564504, 0.6300034144716941, 0.6405765310441794, 0.6068823946732221, 0.6426898574316373, 0.642448944586517], "val_f1_score_neu": [0.6863771949951147, 0.7141187698110145, 0.7191587491608217, 0.7210372586341596, 0.7281499472528563, 0.724802442260405, 0.7075878132712081, 0.7361461597573185, 0.7391268328015898, 0.7305343991310116, 0.6821216963546156, 0.7274958888377038, 0.7330169546269633, 0.7133097350206583, 0.7343760577675054, 0.6212040614400234, 0.7017378397041689, 0.7298478820084463, 0.7308230331930125, 0.723361549041667, 0.7256071143909417, 0.7323817369383275, 0.7107696765806617, 0.7005239806555401, 0.7149860955679038, 0.6892630304215994, 0.7311369229138382, 0.6560098226071029, 0.6867780140963808, 0.7174812341780604, 0.7240311157944131, 0.7199738190738729, 0.7116125929615111, 0.7022329063169168, 0.69811543790243, 0.642509398390357, 0.7239063286481178, 0.6783624373956706, 0.7171822862146159, 0.7191826440266915, 0.7159159702014147, 0.7111791977099537, 0.7154905355698851, 0.7132334444205841, 0.7060246338470383, 0.7036067369788955, 0.7105663568211327, 0.7132837782999114, 0.6446912504074113, 0.709152237874393, 0.7053461277888198, 0.7054643651771946, 0.7113591302357225, 0.6947791412718928, 0.7111307318179964, 0.6972152705959157, 0.7121212031783127, 0.6748565435722185, 0.6705080123514195, 0.7135343788303542, 0.7099669041078359, 0.6980600004555076, 0.7122587514867815, 0.7129558107685986, 0.7060429633773596, 0.7089993252767968, 0.7037780389459372], "f1_score_pos": [0.5972271058708429, 0.6935857832431793, 0.7161367386579514, 0.7261206917464733, 0.7285309582948685, 0.7303583547472954, 0.7533067502081394, 0.7618865594267845, 0.7736873142421246, 0.7784821689128876, 0.7848727777600288, 0.7909447401762009, 0.7795892804861069, 0.7972510494291782, 0.807233415544033, 0.8034545630216599, 0.8374590836465359, 0.8424139358103275, 0.8304086700081825, 0.8304774090647697, 0.8594204299151897, 0.8529498018324375, 0.8786872588098049, 0.8673587217926979, 0.8735613264143467, 0.8963412493467331, 0.8349286913871765, 0.8932336680591106, 0.8921545781195164, 0.8767809346318245, 0.8904909789562225, 0.91460395231843, 0.9237804859876633, 0.8767792843282223, 0.8969443775713444, 0.9078844040632248, 0.9161130599677563, 0.9312999807298183, 0.9160679653286934, 0.9279653541743755, 0.9414567984640598, 0.9411393776535988, 0.8895432166755199, 0.9466675743460655, 0.9348550625145435, 0.940244548022747, 0.9171125181019306, 0.957174327224493, 0.9503114372491837, 0.9500172659754753, 0.9569546319544315, 0.939564760774374, 0.9574928283691406, 0.952037051320076, 0.9590685628354549, 0.9528773315250874, 0.9356478154659271, 0.9599866755306721, 0.9341561645269394, 0.9650611951947212, 0.9604157730937004, 0.9447590410709381, 0.9690046235918999, 0.9666287712752819, 0.956330668181181, 0.9644603244960308, 0.9593408554792404], "f1_score_pos_neg": [0.466883048415184, 0.6035464555025101, 0.6340829357504845, 0.6610885001718998, 0.667671974748373, 0.6740458644926548, 0.6917970478534698, 0.7026323862373829, 0.7219916582107544, 0.729889776557684, 0.7480522505939007, 0.7524158544838428, 0.735748678445816, 0.7661677412688732, 0.7675257362425327, 0.7762613892555237, 0.8013500012457371, 0.8037308193743229, 0.7962128408253193, 0.8061847276985645, 0.8299651145935059, 0.8336972743272781, 0.862600676715374, 0.8458491787314415, 0.8473556712269783, 0.8820824809372425, 0.824468482285738, 0.8879243023693562, 0.8761967793107033, 0.8714404888451099, 0.8804124221205711, 0.9091639965772629, 0.9042302258312702, 0.89481370896101, 0.897397056221962, 0.9054271802306175, 0.9137740023434162, 0.9134316109120846, 0.918303906917572, 0.925547007471323, 0.9307990670204163, 0.9269597306847572, 0.9014350548386574, 0.9352758824825287, 0.9329391606152058, 0.9269398972392082, 0.9210386238992214, 0.9428853876888752, 0.9427818022668362, 0.9368155896663666, 0.9502942115068436, 0.9336022846400738, 0.95711550116539, 0.9511695094406605, 0.9567201845347881, 0.9567465670406818, 0.940198864787817, 0.9508004784584045, 0.9383448176085949, 0.9634898751974106, 0.9559272155165672, 0.9444653689861298, 0.9624492600560188, 0.9586037136614323, 0.9531834796071053, 0.9617356210947037, 0.9607265926897526], "val_acc": [0.6386047710654557, 0.6821400466910692, 0.6708628267026342, 0.6984002061506722, 0.6955153391081738, 0.7015473323483621, 0.7041699366403195, 0.7010228093014969, 0.6960398699710164, 0.7049567236726503, 0.6947285569061171, 0.7073170682779297, 0.6923682062512709, 0.7054812622733108, 0.6918436736220173, 0.6713873664600594, 0.7004982963685067, 0.6970889063416708, 0.6965643803091022, 0.6779438750874549, 0.6753212671845159, 0.690270129758293, 0.6955153414060711, 0.6952530858618613, 0.6582743262106623, 0.683713614002726, 0.6997115131660049, 0.6782061274896417, 0.6042486187700772, 0.680304216019225, 0.7004982935234908, 0.69918699004098, 0.6569630149121738, 0.6323105139961213, 0.6619459717035481, 0.6648308344628909, 0.6871229920711163, 0.6619459740796053, 0.681877795430015, 0.6776816153226173, 0.6795174417113057, 0.6716496231610338, 0.6687647531953597, 0.6858116911053501, 0.664306312713478, 0.6428009410589784, 0.6692892725687154, 0.6737476937451327, 0.6632572791096797, 0.6590611088035178, 0.650406494873451, 0.6761080521534285, 0.6703383084078833, 0.6548649401074471, 0.6669289225235155, 0.6228691347308776, 0.6750590078886369, 0.5830055000648828, 0.6677157063356635, 0.6713873532823212, 0.6782061364623839, 0.6685024963536976, 0.6664044018527076, 0.6713873599415341, 0.6553894554164945, 0.6682402288510423, 0.6666666681985982],