{"1": {"val_f1_score": [0.4489133706700947, 0.4321557079624926, 0.4965423576423192, 0.4401269157593496, 0.5238763144088124, 0.5502518560239661, 0.5596599772445157, 0.5363069844578389, 0.5355532539357379, 0.5485168285215432, 0.526355324057486, 0.5138345025463036, 0.5217443971793715, 0.5644025211928398, 0.5109330166367545, 0.5570180655812766, 0.456756589061979, 0.566121647795524, 0.5338322535003031, 0.5199619119252056, 0.45782566173785555, 0.5508653923192112, 0.5465766607079482, 0.5429964825691964, 0.5484342882078722, 0.5124660615737622, 0.5390636326759397, 0.5024768898629735, 0.5500327888180745, 0.5144603024234763, 0.5004814843631681, 0.5218950958869718, 0.5424684548077688, 0.4959145615458006, 0.560343342539538, 0.5685598439211466, 0.45533400885274805, 0.5218391391108071, 0.5135722995287011, 0.5434151349226419, 0.5048385789627113, 0.5366337282723046, 0.5345079092039914, 0.5326991909750399, 0.5506802746373364, 0.5558862314533125, 0.5416368573997882, 0.45535332699160935, 0.5448724249703789, 0.5250397688946743, 0.5466304190031216, 0.5347157966109262, 0.5327350573662, 0.5384443730745989, 0.5276923198931613, 0.46899028731743814, 0.5078881899354911, 0.5395668956325015, 0.5694241094203131, 0.5390265835227057, 0.4933269538431086, 0.4774944855723894, 0.5017906225215621, 0.5501003090830145, 0.5383424538242565, 0.5412342381595332, 0.5313111879886725, 0.5489053192623445, 0.5233668890612865], "val_f1_score_neu": [0.7145009562339646, 0.7213419464811033, 0.7178012113339505, 0.7222300158177631, 0.6095993000807871, 0.6540397726036222, 0.6959030902498325, 0.6713045561201015, 0.7050265760181511, 0.6990076857700682, 0.7179381519730328, 0.732985766390879, 0.7274866605255446, 0.7045015137151615, 0.7199707017039266, 0.7241027873215566, 0.7173108274315694, 0.6462667554120893, 0.7266839327063584, 0.7051399986431827, 0.728922869217487, 0.7233850322110772, 0.6231414059556608, 0.7289325287092178, 0.6497986416424173, 0.724601548156704, 0.7165531728431763, 0.6126486367595877, 0.6340784139585989, 0.729503212482394, 0.7052356294828441, 0.7276426680818421, 0.7253668255168899, 0.7299024982330127, 0.7160455465745775, 0.723034307809762, 0.7264780584241805, 0.5642511378362057, 0.6871986425357309, 0.7131927250957789, 0.7215915872500493, 0.7236208015071665, 0.7263602095308789, 0.5738774139335228, 0.7080157301043049, 0.7031550942055019, 0.7057296239841752, 0.7253312346530937, 0.7176811532345754, 0.696560779671062, 0.7134629363848506, 0.6981430596668228, 0.7217235711851047, 0.7234859493901694, 0.7193254505896214, 0.71042371890162, 0.7225236977428345, 0.7173251396248698, 0.6893721216978708, 0.7019501090103369, 0.714827582555154, 0.7220314376749973, 0.7211234791290637, 0.709714166334069, 0.7057042991959507, 0.7236080653378946, 0.7102905701958162, 0.7133607928998503, 0.7172645323189647], "f1_score_pos": [0.425767900629176, 0.4813791314760844, 0.4783206851118141, 0.5273282805250751, 0.5559982988569472, 0.5649362297521697, 0.5811262412203683, 0.5933007047408156, 0.6155201834109094, 0.6469880359040366, 0.6474765713016192, 0.6572426135341326, 0.6908247321844101, 0.6664462122652266, 0.6984324695335494, 0.6922121743361155, 0.7373711094260216, 0.7184826537138886, 0.7550129584140248, 0.7616384244627423, 0.760897220008903, 0.795754370590051, 0.7661581238110861, 0.7657731245789263, 0.8263861561814944, 0.8087249944607416, 0.8469494465324614, 0.7960849677522978, 0.8628234639763832, 0.8888825443055894, 0.7928324908845954, 0.8935180074638791, 0.8855408521162139, 0.8308092811041408, 0.9005562878317304, 0.884181398484442, 0.9096479349666171, 0.9185614345802201, 0.8947454020380974, 0.9074202436539862, 0.9169016770190663, 0.9337825659248564, 0.9332532791627778, 0.9091291113032235, 0.9165412038564682, 0.9431284036901262, 0.9081582998236021, 0.925572980609205, 0.9418159325917562, 0.9368030437164836, 0.9499872492419349, 0.9548746686842706, 0.9496585751573244, 0.8871343640817536, 0.94613599528869, 0.9408168916900953, 0.9437317310108079, 0.9606961988740497, 0.9554298081331782, 0.9636088303393788, 0.9556566899021467, 0.9545915549000105, 0.948688787718614, 0.9552723980612225, 0.9366510618064139, 0.9706257830063502, 0.961567742129167, 0.9521404248144891, 0.9661848652693961], "f1_score_pos_neg": [0.33374114313887226, 0.425844783998198, 0.47202091332938934, 0.5085617192089558, 0.5419435136848025, 0.5487281067503823, 0.5784248759349188, 0.5797425218754344, 0.6040224747525321, 0.6239644313851992, 0.6376209275590049, 0.6397831762830416, 0.6624357278148333, 0.6613021327389611, 0.6847322450743781, 0.6735389025674926, 0.7107539806101058, 0.7079450827505853, 0.7150812745094299, 0.7434020729528533, 0.7324503834048907, 0.7489573127693601, 0.7591322925355699, 0.7615042676528295, 0.7747786152693961, 0.7800786520044009, 0.8009311945901977, 0.788153861131933, 0.8296912767820888, 0.8289500756396188, 0.7976873459087478, 0.8700856367746989, 0.848591653837098, 0.8341432735323906, 0.8718839304314719, 0.8474139240052965, 0.8861507748564085, 0.8812411684128973, 0.8798285755846236, 0.879314598109987, 0.8937695026397705, 0.9149795323610306, 0.9045558091666963, 0.9030435822076268, 0.8980864576167531, 0.9312898251745436, 0.9103109613060951, 0.9280019957158301, 0.9270253462923898, 0.9064462780952454, 0.9434232463439306, 0.9336544945836067, 0.9445962624417411, 0.9129073156250848, 0.9474926160441505, 0.9310570499963231, 0.9378815955585904, 0.9509998485445976, 0.9478873221410645, 0.9578637621468968, 0.9572814794050323, 0.9434958373506864, 0.9498572713798947, 0.9464390079180399, 0.9411356945832571, 0.9670473568969302, 0.9575507673952315, 0.9570551613966624, 0.9673988281024827], "val_acc": [0.6167341438543137, 0.6203328805145679, 0.6293297389901762, 0.6162843143838084, 0.5798470565342871, 0.606387776401844, 0.6306792564934779, 0.6198830487113571, 0.6126855617699942, 0.6140350867004154, 0.6441745470892563, 0.6365272064118894, 0.6428250136323946, 0.6455240707862929, 0.643724710325695, 0.6432748552758684, 0.6365272076452738, 0.6162843008970174, 0.6468735896034172, 0.6419253414190947, 0.6378767398687509, 0.6486729744635774, 0.6000899593410758, 0.6504723385707033, 0.6140350781739751, 0.6491228149541047, 0.6459739039837644, 0.5861448454685271, 0.6032388666648882, 0.6293297243504389, 0.6365272185044196, 0.6396761088557893, 0.6509221741008802, 0.6234817781589935, 0.6441745434427283, 0.6491228051138418, 0.6113360358206903, 0.5627530351770498, 0.6261808267864514, 0.6347278423047634, 0.6252811569058568, 0.6378767532751037, 0.6311291080576528, 0.5663517901235693, 0.6351776961212056, 0.6320287973238335, 0.6306792516940036, 0.6257309901033282, 0.6324786340069567, 0.6297795879267059, 0.6342779957813772, 0.6207827271183922, 0.6450742376692596, 0.6446243740929927, 0.6329284720843406, 0.5910931205459935, 0.6293297389901762, 0.6387764291349317, 0.630679262687213, 0.6315789447407759, 0.6288798911529675, 0.622132247249339, 0.6248313079693272, 0.6360773611218876, 0.6167341425404911, 0.6410256409988283, 0.6288798888202621, 0.6392262841847584, 0.6365272185044196],