{"val_f1_score_pos_neg": [0.38134268935714494, 0.4073517944192865, 0.40720920935708876, 0.4411710472966013, 0.4500994465397223, 0.4660450919651524, 0.4663257616841466, 0.5227832101885392, 0.537618088711504, 0.5012160324052921, 0.48277808967818564, 0.5096384636518175, 0.5196290389675307, 0.5367483100910418, 0.48028824628874145, 0.5073384863269581, 0.4652157600431146, 0.49874264641329347, 0.39632428762240285, 0.514121103919523, 0.5179937608972413, 0.535811568400477, 0.4510328794753718, 0.4802448375639055, 0.5246964167272299, 0.4433036274031589, 0.504050982934207, 0.4722458173228018, 0.5162728569071088, 0.5265080526611905, 0.5292476055003263, 0.48669365984171936, 0.4714686818960493, 0.5229165079193613, 0.47755384339280244, 0.5123009678752263, 0.49350129588734604, 0.51344443936097, 0.3723937564881814, 0.4820054035115982, 0.3526712717556278, 0.47601523441717103, 0.502692441601395, 0.309335104125714, 0.5001635541531936, 0.494147888803289, 0.39760260444152906, 0.46513978424396163, 0.5070454646915774, 0.3674172531148093, 0.5040791288346682, 0.5175753579555843, 0.3948095762080777, 0.45634429321008063, 0.4601191468352516, 0.46038404288079576, 0.3600553357944368, 0.4460891729746109, 0.5238114312271036, 0.39340518851351], "loss": [1.1291410773992538, 0.9521315582096577, 0.8515745997428894, 0.8360456228256226, 0.8343426361680031, 0.7893449701368809, 0.769566111266613, 0.7874277047812939, 0.7557903751730919, 0.7188961803913116, 0.703590627759695, 0.7144735343754292, 0.683435145765543, 0.6744379289448261, 0.6935082972049713, 0.6318545676767826, 0.6396675892174244, 0.6110928691923618, 0.5972233265638351, 0.6031738594174385, 0.5761332232505083, 0.5718317218124866, 0.5735903717577457, 0.583601076155901, 0.5327992886304855, 0.5106010735034943, 0.5349126923829317, 0.5197146367281675, 0.4654887616634369, 0.49386946111917496, 0.47006373666226864, 0.48890719935297966, 0.43105464801192284, 0.43468107655644417, 0.4420522414147854, 0.41926082968711853, 0.45678772777318954, 0.40613472275435925, 0.4191160947084427, 0.3658679183572531, 0.3705592751502991, 0.39625988341867924, 0.4012980991974473, 0.35569819901138544, 0.41336632519960403, 0.3164467876777053, 0.3082112539559603, 0.3214301411062479, 0.3271327158436179, 0.3580854181200266, 0.32080956920981407, 0.28677093610167503, 0.29970529582351446, 0.2822347655892372, 0.2892346056178212, 0.2743466841056943, 0.3046803828328848, 0.25978584215044975, 0.2546984329819679, 0.3264400688931346], "f1_score_neu": [0.4710348358785268, 0.6143243163824081, 0.6896389089524746, 0.6822923347353935, 0.6922139544039965, 0.7034842111170292, 0.7162386737763882, 0.7187684513628483, 0.7085248455405235, 0.7263745106756687, 0.7372601814568043, 0.737799659371376, 0.7432200238108635, 0.7529184818267822, 0.7304320782423019, 0.7710143364965916, 0.7695403061807156, 0.7714873850345612, 0.778928317129612, 0.776367474347353, 0.7912705801427364, 0.7962160594761372, 0.7836757712066174, 0.791989304125309, 0.811070166528225, 0.8140012063086033, 0.8077825307846069, 0.8204564899206161, 0.8381907567381859, 0.8284160420298576, 0.8367718905210495, 0.8313077203929424, 0.8494522161781788, 0.8580002672970295, 0.8489223718643188, 0.8576426431536674, 0.8431797623634338, 0.866044893860817, 0.8602644614875317, 0.8812541291117668, 0.8751009441912174, 0.8681363128125668, 0.8546183295547962, 0.889959778636694, 0.8629043065011501, 0.9016579017043114, 0.8998586647212505, 0.8943406902253628, 0.9009504802525043, 0.8792146295309067, 0.9052973315119743, 0.9085343703627586, 0.9092296101152897, 0.9091695621609688, 0.9092469736933708, 0.9139882884919643, 0.9061836339533329, 0.9168704859912395, 0.9231225550174713, 0.9054065831005573], "f1_score_neg": [0.30286269821226597, 0.4043917376548052, 0.5194773655384779, 0.5171242030337453, 0.5258029922842979, 0.5726349800825119, 0.577970726415515, 0.5409056562930346, 0.567641343921423, 0.566582728177309, 0.6304704248905182, 0.6038732342422009, 0.606266587972641, 0.6136933444067836, 0.6281991731375456, 0.6543765589594841, 0.64524145424366, 0.6437586173415184, 0.6721424758434296, 0.6604563221335411, 0.6818088218569756, 0.6748807709664106, 0.6947522200644016, 0.6813113559037447, 0.7320124544203281, 0.6977155283093452, 0.7016747780144215, 0.7102241683751345, 0.7598537392914295, 0.7253235504031181, 0.7506166994571686, 0.7380321938544512, 0.7696591652929783, 0.7804107405245304, 0.7673978619277477, 0.7579326294362545, 0.7662561945617199, 0.8049087598919868, 0.7727699428796768, 0.7986469082534313, 0.8105601370334625, 0.7872067838907242, 0.7754848450422287, 0.8367761895060539, 0.8148507289588451, 0.8432637229561806, 0.8477336280047894, 0.8278894685208797, 0.8368356637656689, 0.8317436948418617, 0.8481748774647713, 0.8560599572956562, 0.8581988587975502, 0.8461807258427143, 0.8621633760631084, 0.8652241080999374, 0.8448567874729633, 0.8724870383739471, 0.8825083300471306, 0.8477654345333576], "val_f1_score_neg": [0.4965074508242708, 0.6144323185709646, 0.4469373083924368, 0.5056296812887402, 0.5256946295218268, 0.5574928025270549, 0.5395172562783653, 0.6302225049744304, 0.6468001797399808, 0.6344278518862945, 0.6419460318188275, 0.6173004190287931, 0.6160096858623486, 0.6392350892628091, 0.5524786740635302, 0.6449742244805402, 0.5775232216660847, 0.5895408594388443, 0.5262128802848409, 0.6095941274004159, 0.6143278421124413, 0.647391942026805, 0.4881698701947968, 0.6046143435059074, 0.6612750155347669, 0.6477659365587067, 0.5822762916391624, 0.5633547984958499, 0.6356116309393326, 0.6225599233920758, 0.6166804499632594, 0.5589730374940708, 0.5291138492320177, 0.6524033659061118, 0.5210551893153386, 0.6121078393934442, 0.5912555349178803, 0.625730343354054, 0.31983721063204623, 0.5388908596308017, 0.3564696775140175, 0.5623972507087271, 0.6110700880735778, 0.5427271947499283, 0.6209205904631158, 0.6142203438619853, 0.5054072670796086, 0.6222427074457684, 0.6283004786643261, 0.6270719523157453, 0.61414776315466, 0.6343048186490946, 0.5026467377625764, 0.505594894618426, 0.6430499621248438, 0.564472794613214, 0.3590088170348552, 0.49808640010551025, 0.6126207530739819, 0.5366856374024165], "val_f1_score_neu": [0.6630298854314793, 0.714611683002314, 0.6934408106570087, 0.7295914814915144, 0.697474432297242, 0.7056865554589492, 0.731140725820707, 0.6990670398232961, 0.671552183013535, 0.7316832789900707, 0.7292285751127414, 0.663837502118547, 0.7247553458366103, 0.7005280993352642, 0.7122284635948374, 0.7169246128749804, 0.7403063109421912, 0.6862862398374526, 0.7404944517834466, 0.7198137263430168, 0.7396964770794129, 0.66334642140757, 0.7287389623169636, 0.5535427114205268, 0.7230163904873037, 0.7081132532774839, 0.7133777130577835, 0.7404045750844924, 0.7080393566561882, 0.6590077117440725, 0.7089002195961884, 0.7192516872810985, 0.7113803630469353, 0.6631980264878627, 0.7234252559886662, 0.6804296215589766, 0.6762473266295255, 0.6194333432496157, 0.706895598864373, 0.7111286251490254, 0.7350260359287476, 0.7198602929610795, 0.6800004942053565, 0.7341173285039437, 0.6764871146139453, 0.6853607818182663, 0.7296833858208993, 0.7171622295396799, 0.6680074894798268, 0.7001247835813532, 0.7094000126936926, 0.6610716224467491, 0.7214931538927625, 0.6956492213585116, 0.7213259668860733, 0.7085198052177223, 0.7122049739218166, 0.7138732429350811, 0.6431342583757985, 0.7272173526369662],