{"val_f1_score_neg": [0.0, 0.0, 0.0, 0.0, 0.0, 0.0, 0.0, 0.0, 0.0, 0.0, 0.0, 0.0, 0.0, 0.0, 0.0, 0.0, 0.0, 0.0, 0.0, 0.0, 0.0, 0.0, 0.0, 0.0, 0.0, 0.0, 0.0, 0.0, 0.0, 0.0, 0.0, 0.0, 0.0, 0.0, 0.0, 0.0, 0.0, 0.0, 0.0, 0.0, 0.0, 0.0, 0.0, 0.0, 0.0, 0.0, 0.0, 0.0, 0.0, 0.0, 0.0, 0.0], "f1_score": [0.2970047891139984, 0.24934792518615723, 0.24934792518615723, 0.24934792518615723, 0.24934792518615723, 0.24934792518615723, 0.24934792518615723, 0.24934792518615723, 0.24934792518615723, 0.24934792518615723, 0.24934792518615723, 0.24934792518615723, 0.24934792518615723, 0.24934792518615723, 0.24934792518615723, 0.24934792518615723, 0.24934792518615723, 0.24934792518615723, 0.24934792518615723, 0.24934792518615723, 0.24934792518615723, 0.24934792518615723, 0.24934792518615723, 0.24934792518615723, 0.24934792518615723, 0.24934792518615723, 0.24934792518615723, 0.24934792518615723, 0.24934792518615723, 0.24934792518615723, 0.24934792518615723, 0.24934792518615723, 0.24934792518615723, 0.24934792518615723, 0.24934792518615723, 0.24934792518615723, 0.24934792518615723, 0.24934792518615723, 0.24934792518615723, 0.24934792518615723, 0.24934792518615723, 0.24934792518615723, 0.24934792518615723, 0.24934792518615723, 0.24934792518615723, 0.24934792518615723, 0.24934792518615723, 0.24934792518615723, 0.24934792518615723, 0.24934792518615723, 0.24934792518615723, 0.24934792518615723], "val_f1_score_pos_neg": [0.0, 0.0, 0.0, 0.0, 0.0, 0.0, 0.0, 0.0, 0.0, 0.0, 0.0, 0.0, 0.0, 0.0, 0.0, 0.0, 0.0, 0.0, 0.0, 0.0, 0.0, 0.0, 0.0, 0.0, 0.0, 0.0, 0.0, 0.0, 0.0, 0.0, 0.0, 0.0, 0.0, 0.0, 0.0, 0.0, 0.0, 0.0, 0.0, 0.0, 0.0, 0.0, 0.0, 0.0, 0.0, 0.0, 0.0, 0.0, 0.0, 0.0, 0.0, 0.0], "f1_score_pos": [0.1190476268529892, 0.0, 0.0, 0.0, 0.0, 0.0, 0.0, 0.0, 0.0, 0.0, 0.0, 0.0, 0.0, 0.0, 0.0, 0.0, 0.0, 0.0, 0.0, 0.0, 0.0, 0.0, 0.0, 0.0, 0.0, 0.0, 0.0, 0.0, 0.0, 0.0, 0.0, 0.0, 0.0, 0.0, 0.0, 0.0, 0.0, 0.0, 0.0, 0.0, 0.0, 0.0, 0.0, 0.0, 0.0, 0.0, 0.0, 0.0, 0.0, 0.0, 0.0, 0.0], "loss": [1.0972752571105957, 1.0716665983200073, 1.043362021446228, 1.0147433280944824, 0.9806538820266724, 0.9611793160438538, 0.9431087374687195, 0.9443654417991638, 0.9429240226745605, 0.9415502548217773, 0.9373594522476196, 0.9448806047439575, 0.93759685754776, 0.9386637806892395, 0.9435139298439026, 0.943496584892273, 0.9384204149246216, 0.9402654767036438, 0.9394965767860413, 0.9471681118011475, 0.9426186680793762, 0.943220317363739, 0.9413726329803467, 0.9436212778091431, 0.9340022802352905, 0.940577507019043, 0.9458354115486145, 0.9403417706489563, 0.936346173286438, 0.9358657598495483, 0.9362188577651978, 0.9341521859169006, 0.9385021924972534, 0.9398651719093323, 0.9402853846549988, 0.938737154006958, 0.9354144334793091, 0.9418580532073975, 0.938567042350769, 0.936463475227356, 0.9342790246009827, 0.9355708360671997, 0.9346179962158203, 0.9362368583679199, 0.9361552000045776, 0.9328799247741699, 0.9340959191322327, 0.9382365345954895, 0.9359005689620972, 0.940834641456604, 0.9366961717605591, 0.9382278323173523], "val_f1_score_pos": [0.0, 0.0, 0.0, 0.0, 0.0, 0.0, 0.0, 0.0, 0.0, 0.0, 0.0, 0.0, 0.0, 0.0, 0.0, 0.0, 0.0, 0.0, 0.0, 0.0, 0.0, 0.0, 0.0, 0.0, 0.0, 0.0, 0.0, 0.0, 0.0, 0.0, 0.0, 0.0, 0.0, 0.0, 0.0, 0.0, 0.0, 0.0, 0.0, 0.0, 0.0, 0.0, 0.0, 0.0, 0.0, 0.0, 0.0, 0.0, 0.0, 0.0, 0.0, 0.0], "val_loss": [1.0763109025255926, 1.054864833926597, 1.0291829826163645, 1.0065975336678865, 0.9907773983033455, 0.9854302227738415, 0.9808584998654611, 0.9759993546726572, 0.973684704040977, 0.9730164871739204, 0.972947980710852, 0.9708511065750363, 0.9714991691892232, 0.9712172605623494, 0.9715989842588603, 0.9698633148066375, 0.9711919060388343, 0.9691219946526215, 0.9701565675139159, 0.9702174070446651, 0.9709358478096547, 0.969645442374912, 0.9752715199689741, 0.9681973494874214, 0.9735872428051481, 0.9679241072632845, 0.9736762584140587, 0.9683822523727108, 0.9715921883640984, 0.9716123150535065, 0.9683667175200305, 0.9718958253641682, 0.9682894815371158, 0.977851391482128, 0.9682133457331416, 0.9719772362998622, 0.9744372463312119, 0.9681764946721773, 0.972764600733621, 0.9721753939389646, 0.9683367618825915, 0.9707053683118353, 0.9753608233318424, 0.9673800090385674, 0.9727445036990654, 0.9719856995695408, 0.9673394829745342, 0.975620711702406, 0.9714160922728731, 0.9773896807654721, 0.9673189396693049, 0.97527652086034], "val_f1_score": [0.2367351456263341, 0.2367351456263341, 0.2367351456263341, 0.2367351456263341, 0.2367351456263341, 0.2367351456263341, 0.2367351456263341, 0.2367351456263341, 0.2367351456263341, 0.2367351456263341, 0.2367351456263341, 0.2367351456263341, 0.2367351456263341, 0.2367351456263341, 0.2367351456263341, 0.2367351456263341, 0.2367351456263341, 0.2367351456263341, 0.2367351456263341, 0.2367351456263341, 0.2367351456263341, 0.2367351456263341, 0.2367351456263341, 0.2367351456263341, 0.2367351456263341, 0.2367351456263341, 0.2367351456263341, 0.2367351456263341, 0.2367351456263341, 0.2367351456263341, 0.2367351456263341, 0.2367351456263341, 0.2367351456263341, 0.2367351456263341, 0.2367351456263341, 0.2367351456263341, 0.2367351456263341, 0.2367351456263341, 0.2367351456263341, 0.2367351456263341, 0.2367351456263341, 0.2367351456263341, 0.2367351456263341, 0.2367351456263341, 0.2367351456263341, 0.2367351456263341, 0.2367351456263341, 0.2367351456263341, 0.2367351456263341, 0.2367351456263341, 0.2367351456263341, 0.2367351456263341], "val_f1_score_neu": [0.7102054234726495, 0.7102054234726495, 0.7102054234726495, 0.7102054234726495, 0.7102054234726495, 0.7102054234726495, 0.7102054234726495, 0.7102054234726495, 0.7102054234726495, 0.7102054234726495, 0.7102054234726495, 0.7102054234726495, 0.7102054234726495, 0.7102054234726495, 0.7102054234726495, 0.7102054234726495, 0.7102054234726495, 0.7102054234726495, 0.7102054234726495, 0.7102054234726495, 0.7102054234726495, 0.7102054234726495, 0.7102054234726495, 0.7102054234726495, 0.7102054234726495, 0.7102054234726495, 0.7102054234726495, 0.7102054234726495, 0.7102054234726495, 0.7102054234726495, 0.7102054234726495, 0.7102054234726495, 0.7102054234726495, 0.7102054234726495, 0.7102054234726495, 0.7102054234726495, 0.7102054234726495, 0.7102054234726495, 0.7102054234726495, 0.7102054234726495, 0.7102054234726495, 0.7102054234726495, 0.7102054234726495, 0.7102054234726495, 0.7102054234726495, 0.7102054234726495, 0.7102054234726495, 0.7102054234726495, 0.7102054234726495, 0.7102054234726495, 0.7102054234726495, 0.7102054234726495], "val_acc": [0.5510571405418918, 0.5510571405418918, 0.5510571405418918, 0.5510571405418918, 0.5510571405418918, 0.5510571405418918, 0.5510571405418918, 0.5510571405418918, 0.5510571405418918, 0.5510571405418918, 0.5510571405418918, 0.5510571405418918, 0.5510571405418918, 0.5510571405418918, 0.5510571405418918, 0.5510571405418918, 0.5510571405418918, 0.5510571405418918, 0.5510571405418918, 0.5510571405418918, 0.5510571405418918, 0.5510571405418918, 0.5510571405418918, 0.5510571405418918, 0.5510571405418918, 0.5510571405418918, 0.5510571405418918, 0.5510571405418918, 0.5510571405418918, 0.5510571405418918, 0.5510571405418918, 0.5510571405418918, 0.5510571405418918, 0.5510571405418918, 0.5510571405418918, 0.5510571405418918, 0.5510571405418918, 0.5510571405418918, 0.5510571405418918, 0.5510571405418918, 0.5510571405418918, 0.5510571405418918, 0.5510571405418918, 0.5510571405418918, 0.5510571405418918, 0.5510571405418918, 0.5510571405418918, 0.5510571405418918, 0.5510571405418918, 0.5510571405418918, 0.5510571405418918, 0.5510571405418918],