{"val_acc": [0.5355363258485747, 0.5940204563023317, 0.5963807948580446, 0.6312614752494098, 0.630212428608561, 0.6052976599710056, 0.6383425151304469, 0.6302124358148923, 0.6414896371856688, 0.6220823599539996, 0.6063467066118544, 0.6081825216517435, 0.6349331310124902, 0.6121164432292281, 0.6105428819671379, 0.631261476546862, 0.637293476915222, 0.6231313891964824, 0.6370312124764297, 0.6254917325824695, 0.6160503552243243, 0.6262785268054996, 0.5971675915352916, 0.6289011203739358, 0.5845790727383003, 0.6194597297598926, 0.6244426985878723, 0.5990034076537856, 0.579858380463878, 0.624704955898493, 0.6254917440719564, 0.5877262104254772, 0.6189352169050621, 0.5990034076537856, 0.6121164439170341, 0.6113296719070123, 0.5948072408022856, 0.6118541817761393, 0.5798583774000148, 0.6184106878711582, 0.6194597381855164, 0.5932336650650051, 0.593233675866686, 0.603724100553486, 0.5908733396088705, 0.5916601157613605, 0.6013637625292596, 0.6047731478039812, 0.600839235808885, 0.6092315787034743, 0.6113296509132965, 0.6037241089009501, 0.5948072449447538, 0.5992656769228519, 0.5819564660702857, 0.5997901946079566, 0.6081825355954474, 0.6042486157843737, 0.5932336662842975, 0.6018882700223295, 0.5963808057378853, 0.5903487967875821, 0.6071334913306558, 0.6037241029295433], "loss": [1.1126727691063514, 0.9716464579105377, 0.8796791159189664, 0.8184308260679245, 0.8056931954163772, 0.7557712036829728, 0.7790890691372064, 0.7378544062376022, 0.6871862973158176, 0.6967044392457376, 0.660876541183545, 0.6968791565069785, 0.6239511462358328, 0.6179750332465539, 0.598647039097089, 0.6068458075706775, 0.5822817488358571, 0.5347274450155405, 0.5568266849105175, 0.48113041714980054, 0.4817761079623149, 0.5122729711807691, 0.46506208124069065, 0.4845132856414868, 0.4112942786170886, 0.44052559997026736, 0.36533384254345524, 0.4165560064407495, 0.40684836415144116, 0.4355241507291794, 0.38798380356568557, 0.2948474224943381, 0.37252794435391057, 0.2878108345545255, 0.35780022694514346, 0.33082358367167986, 0.2899892536493448, 0.407224485793939, 0.24910947279288218, 0.2868933333800389, 0.26778747198673397, 0.25774537313442963, 0.2636460790840479, 0.22173959819170144, 0.20159417963944948, 0.24023526104596946, 0.23050436463493568, 0.21304025644293198, 0.23647931246803358, 0.2773510871025232, 0.18847981123970106, 0.30207946266119295, 0.17483559222175524, 0.17836005369631144, 0.2198399338298119, 0.19419624799719223, 0.16627569940800851, 0.1602504084316584, 0.1657564425124572, 0.26856693224265027, 0.1561561905993865, 0.15990001192459694, 0.33275383639221007, 0.15469058918265197], "val_loss": [0.9806593243543663, 0.859171007378596, 0.8643443078904711, 0.8129880536643658, 0.8079967919904167, 0.8309519888690035, 0.8042316826941177, 0.8031956602387187, 0.8109584940001935, 0.8314276530052963, 0.8553481960809359, 0.8884299965533815, 0.8213926244526124, 0.8647626145536932, 0.8979332387025294, 0.910870403168616, 0.885169583013481, 0.940073678195242, 0.9118144719768877, 0.9054336666498102, 1.0473748740329538, 0.9212608249863395, 1.104837048625871, 1.0075238380036953, 1.0154771256127946, 1.0342753169544718, 1.034012881533355, 1.3178543211311422, 1.4703206155921043, 1.093498319739155, 1.0049751755323992, 1.459380389510444, 1.147386751179929, 1.3549400657735846, 1.1055708871624335, 1.2024633757185816, 1.1944568105923232, 1.0762831005498614, 1.3152415724586008, 1.219798683870067, 1.2693140342608857, 1.1822818407635973, 1.4269007387168757, 1.3405269936817448, 1.2940057022128242, 1.5339893903627253, 1.3979180090201673, 1.4512283595378024, 1.3447209578188204, 1.361221471703212, 1.2931969596306045, 1.3474177802106135, 1.4787194111389093, 1.5821982960422114, 1.8097919714347666, 1.3343914961395944, 1.4739641262232523, 1.371310200336065, 1.3089573518078752, 1.4407407045677019, 1.677188689365432, 1.6744443767188948, 1.2480417179867505, 1.4643607268394712], "val_f1_score_pos": [0.43865854293694184, 0.6659626123037921, 0.5905510814459406, 0.6638659891918391, 0.6499194191754599, 0.6902451602736702, 0.6548908022548656, 0.6739311419288662, 0.6960775048877197, 0.6674835604537106, 0.685771444276534, 0.6354330393732173, 0.6815793370750362, 0.6819848366337687, 0.6790826503542068, 0.6484382150994178, 0.6554550326561447, 0.6160153464760769, 0.6701190115084275, 0.6857037039650978, 0.6281967323157158, 0.6624452798128315, 0.5587223266292175, 0.6582615482128733, 0.6723063680996209, 0.6469516725231274, 0.6510148215662799, 0.5682028943617576, 0.48817832733963906, 0.6269783600871719, 0.6596115454269337, 0.5649043370850155, 0.6086882471319199, 0.5826043763906037, 0.6356620507667986, 0.601769909641732, 0.6318408444019681, 0.6521538380809947, 0.6608728697973382, 0.6229899940358163, 0.6165995134508206, 0.6095865053702864, 0.5784262320109311, 0.6394881629862561, 0.6323282199833857, 0.5897951179872558, 0.6107898801916889, 0.6149660887725704, 0.6027446224593817, 0.628246476870336, 0.6272164143635599, 0.5916392349240163, 0.5707349003596222, 0.5811073529792213, 0.5484913221157163, 0.655476559515297, 0.6192732434118947, 0.6255564841109875, 0.6462816205388631, 0.5891333549566041, 0.5716753568888149, 0.5543707351562016, 0.6114801791844141, 0.5872203693782567], "val_f1_score_neu": [0.6426193157487925, 0.5781056163209709, 0.6596495510710839, 0.6690642867005782, 0.6709327716355933, 0.5239350163276947, 0.6732079024987679, 0.6627204148062189, 0.6495951011429113, 0.660224125840487, 0.5545196930567423, 0.6653442214612664, 0.6279061320038752, 0.5902745780624682, 0.5941953040970113, 0.675843964434658, 0.6753244485687528, 0.6680640182937814, 0.6715072459071569, 0.6019201472366447, 0.6657071931919275, 0.6459100801520169, 0.6695465440203628, 0.6653831495627186, 0.5010970292083866, 0.6449021080676384, 0.6468434419151744, 0.6666608168295354, 0.6621511954352076, 0.6699302415819015, 0.6417367509772638, 0.6606451979216209, 0.6636818755714092, 0.6641321342791155, 0.6329612850892772, 0.6615753368289646, 0.6239986125015381, 0.6241024433863059, 0.5062394820108771, 0.6605550212838848, 0.6648508938722588, 0.624975900152303, 0.6585721218332731, 0.6410943486232192, 0.5862567412424925, 0.6533343786021527, 0.6531284894494288, 0.6540471680702702, 0.6476494313661989, 0.6500319658443742, 0.6493822891443944, 0.6645389958813595, 0.6574703438088801, 0.6671944348292497, 0.6591329153147452, 0.6142962508522992, 0.6603356521179005, 0.6360705748274669, 0.5940074903771785, 0.6637133530922646, 0.6647580744180347, 0.6604382143288249, 0.6598252615152055, 0.663992363184792], "val_f1_score_pos_neg": [0.21932927146847092, 0.5257043378296219, 0.4119090310879464, 0.4964439772477839, 0.5110593537880372, 0.5920370571137475, 0.5432939753581182, 0.47685080867503965, 0.5436304793594204, 0.4372755665886036, 0.5565208645902404, 0.37929173573996183, 0.6000734306588562, 0.5337272925918383, 0.5164520383631498, 0.500756895967334, 0.5270306245567228, 0.5498876031727544, 0.5025738183435354, 0.5995522990897044, 0.4699250958017749, 0.5417218426847721, 0.43242205202251227, 0.5000612659933309, 0.5868632041529473, 0.5503669513700642, 0.5718822072035616, 0.4473733878451447, 0.4467297677774302, 0.5271874427982993, 0.5647112132838289, 0.3906888995557015, 0.5481247755914044, 0.43890616887828166, 0.5601464757417839, 0.5228685859210717, 0.46893937915071177, 0.5459921788487758, 0.5479582708994297, 0.52007350606178, 0.5308978157877579, 0.531786288109596, 0.43016329606217785, 0.45335624133105545, 0.5627514243032123, 0.42263520407983085, 0.46015877036513103, 0.4732359477284384, 0.5042335812013168, 0.4946968101342144, 0.517366448225326, 0.4684317538565049, 0.4758413727127784, 0.4434451957465531, 0.3778520346844631, 0.4760761299284618, 0.4780210387259683, 0.5415066229274759, 0.5242091802015036, 0.46767026954299973, 0.4478202697535434, 0.4580488883226586, 0.4789223767408636, 0.4780533921834274],