{"f1_score_pos": [0.0, 0.0, 0.0, 0.0, 0.0, 0.0, 0.0, 0.0, 0.0, 0.0, 0.0, 0.0, 0.0, 0.0, 0.0, 0.0, 0.0, 0.0, 0.0, 0.0, 0.0, 0.0, 0.0, 0.0, 0.0, 0.0, 0.0, 0.0, 0.0, 0.0, 0.0, 0.0, 0.0, 0.0, 0.0, 0.0, 0.0, 0.0, 0.0, 0.0, 0.0, 0.0, 0.0, 0.0, 0.0, 0.0, 0.0, 0.0, 0.0, 0.0, 0.0, 0.0], "f1_score_neu": [1.0, 1.0, 1.0, 1.0, 1.0, 1.0, 1.0, 1.0, 1.0, 1.0, 1.0, 1.0, 1.0, 1.0, 1.0, 1.0, 1.0, 1.0, 1.0, 1.0, 1.0, 1.0, 1.0, 1.0, 1.0, 1.0, 1.0, 1.0, 1.0, 1.0, 1.0, 1.0, 1.0, 1.0, 1.0, 1.0, 1.0, 1.0, 1.0, 1.0, 1.0, 1.0, 1.0, 1.0, 1.0, 1.0, 1.0, 1.0, 1.0, 1.0, 1.0, 1.0], "f1_score_pos_neg": [0.0, 0.0, 0.0, 0.0, 0.0, 0.0, 0.0, 0.0, 0.0, 0.0, 0.0, 0.0, 0.0, 0.0, 0.0, 0.0, 0.0, 0.0, 0.0, 0.0, 0.0, 0.0, 0.0, 0.0, 0.0, 0.0, 0.0, 0.0, 0.0, 0.0, 0.0, 0.0, 0.0, 0.0, 0.0, 0.0, 0.0, 0.0, 0.0, 0.0, 0.0, 0.0, 0.0, 0.0, 0.0, 0.0, 0.0, 0.0, 0.0, 0.0, 0.0, 0.0], "val_f1_score_neu": [0.6010575330760765, 0.6010575330760765, 0.6010575330760765, 0.6010575330760765, 0.6010575330760765, 0.6010575330760765, 0.6010575330760765, 0.6010575330760765, 0.6010575330760765, 0.6010575330760765, 0.6010575330760765, 0.6010575330760765, 0.6010575330760765, 0.6010575330760765, 0.6010575330760765, 0.6010575330760765, 0.6010575330760765, 0.6010575330760765, 0.6010575330760765, 0.6010575330760765, 0.6010575330760765, 0.6010575330760765, 0.6010575330760765, 0.6010575330760765, 0.6010575330760765, 0.6010575330760765, 0.6010575330760765, 0.6010575330760765, 0.6010575330760765, 0.6010575330760765, 0.6010575330760765, 0.6010575330760765, 0.6010575330760765, 0.6010575330760765, 0.6010575330760765, 0.6010575330760765, 0.6010575330760765, 0.6010575330760765, 0.6010575330760765, 0.6010575330760765, 0.6010575330760765, 0.6010575330760765, 0.6010575330760765, 0.6010575330760765, 0.6010575330760765, 0.6010575330760765, 0.6010575330760765, 0.6010575330760765, 0.6010575330760765, 0.6010575330760765, 0.6010575330760765, 0.6010575330760765], "acc": [1.0, 1.0, 1.0, 1.0, 1.0, 1.0, 1.0, 1.0, 1.0, 1.0, 1.0, 1.0, 1.0, 1.0, 1.0, 1.0, 1.0, 1.0, 1.0, 1.0, 1.0, 1.0, 1.0, 1.0, 1.0, 1.0, 1.0, 1.0, 1.0, 1.0, 1.0, 1.0, 1.0, 1.0, 1.0, 1.0, 1.0, 1.0, 1.0, 1.0, 1.0, 1.0, 1.0, 1.0, 1.0, 1.0, 1.0, 1.0, 1.0, 1.0, 1.0, 1.0], "val_f1_score_neg": [0.0, 0.0, 0.0, 0.0, 0.0, 0.0, 0.0, 0.0, 0.0, 0.0, 0.0, 0.0, 0.0, 0.0, 0.0, 0.0, 0.0, 0.0, 0.0, 0.0, 0.0, 0.0, 0.0, 0.0, 0.0, 0.0, 0.0, 0.0, 0.0, 0.0, 0.0, 0.0, 0.0, 0.0, 0.0, 0.0, 0.0, 0.0, 0.0, 0.0, 0.0, 0.0, 0.0, 0.0, 0.0, 0.0, 0.0, 0.0, 0.0, 0.0, 0.0, 0.0], "val_f1_score_pos": [0.0, 0.0, 0.0, 0.0, 0.0, 0.0, 0.0, 0.0, 0.0, 0.0, 0.0, 0.0, 0.0, 0.0, 0.0, 0.0, 0.0, 0.0, 0.0, 0.0, 0.0, 0.0, 0.0, 0.0, 0.0, 0.0, 0.0, 0.0, 0.0, 0.0, 0.0, 0.0, 0.0, 0.0, 0.0, 0.0, 0.0, 0.0, 0.0, 0.0, 0.0, 0.0, 0.0, 0.0, 0.0, 0.0, 0.0, 0.0, 0.0, 0.0, 0.0, 0.0], "val_acc": [0.4301075302894866, 0.4301075302894866, 0.4301075302894866, 0.4301075302894866, 0.4301075302894866, 0.4301075302894866, 0.4301075302894866, 0.4301075302894866, 0.4301075302894866, 0.4301075302894866, 0.4301075302894866, 0.4301075302894866, 0.4301075302894866, 0.4301075302894866, 0.4301075302894866, 0.4301075302894866, 0.4301075302894866, 0.4301075302894866, 0.4301075302894866, 0.4301075302894866, 0.4301075302894866, 0.4301075302894866, 0.4301075302894866, 0.4301075302894866, 0.4301075302894866, 0.4301075302894866, 0.4301075302894866, 0.4301075302894866, 0.4301075302894866, 0.4301075302894866, 0.4301075302894866, 0.4301075302894866, 0.4301075302894866, 0.4301075302894866, 0.4301075302894866, 0.4301075302894866, 0.4301075302894866, 0.4301075302894866, 0.4301075302894866, 0.4301075302894866, 0.4301075302894866, 0.4301075302894866, 0.4301075302894866, 0.4301075302894866, 0.4301075302894866, 0.4301075302894866, 0.4301075302894866, 0.4301075302894866, 0.4301075302894866, 0.4301075302894866, 0.4301075302894866, 0.4301075302894866], "f1_score": [0.3333333432674408, 0.3333333432674408, 0.3333333432674408, 0.3333333432674408, 0.3333333432674408, 0.3333333432674408, 0.3333333432674408, 0.3333333432674408, 0.3333333432674408, 0.3333333432674408, 0.3333333432674408, 0.3333333432674408, 0.3333333432674408, 0.3333333432674408, 0.3333333432674408, 0.3333333432674408, 0.3333333432674408, 0.3333333432674408, 0.3333333432674408, 0.3333333432674408, 0.3333333432674408, 0.3333333432674408, 0.3333333432674408, 0.3333333432674408, 0.3333333432674408, 0.3333333432674408, 0.3333333432674408, 0.3333333432674408, 0.3333333432674408, 0.3333333432674408, 0.3333333432674408, 0.3333333432674408, 0.3333333432674408, 0.3333333432674408, 0.3333333432674408, 0.3333333432674408, 0.3333333432674408, 0.3333333432674408, 0.3333333432674408, 0.3333333432674408, 0.3333333432674408, 0.3333333432674408, 0.3333333432674408, 0.3333333432674408, 0.3333333432674408, 0.3333333432674408, 0.3333333432674408, 0.3333333432674408, 0.3333333432674408, 0.3333333432674408, 0.3333333432674408, 0.3333333432674408], "val_f1_score": [0.20035251558467906, 0.20035251558467906, 0.20035251558467906, 0.20035251558467906, 0.20035251558467906, 0.20035251558467906, 0.20035251558467906, 0.20035251558467906, 0.20035251558467906, 0.20035251558467906, 0.20035251558467906, 0.20035251558467906, 0.20035251558467906, 0.20035251558467906, 0.20035251558467906, 0.20035251558467906, 0.20035251558467906, 0.20035251558467906, 0.20035251558467906, 0.20035251558467906, 0.20035251558467906, 0.20035251558467906, 0.20035251558467906, 0.20035251558467906, 0.20035251558467906, 0.20035251558467906, 0.20035251558467906, 0.20035251558467906, 0.20035251558467906, 0.20035251558467906, 0.20035251558467906, 0.20035251558467906, 0.20035251558467906, 0.20035251558467906, 0.20035251558467906, 0.20035251558467906, 0.20035251558467906, 0.20035251558467906, 0.20035251558467906, 0.20035251558467906, 0.20035251558467906, 0.20035251558467906, 0.20035251558467906, 0.20035251558467906, 0.20035251558467906, 0.20035251558467906, 0.20035251558467906, 0.20035251558467906, 0.20035251558467906, 0.20035251558467906, 0.20035251558467906, 0.20035251558467906], "loss": [0.994516134262085, 0.012382984161376953, 0.003793631447479129, 0.0019418365554884076, 0.0027492251247167587, 0.0004133244219701737, 7.140891102608293e-05, 0.00013328486238606274, 0.0008841488161124289, 0.0009610501001589, 8.321154746226966e-05, 1.961012094398029e-05, 0.00028626248240470886, 1.531851194158662e-05, 0.00015146686928346753, 3.6836347135249525e-05, 0.00033873095526359975, 2.938552097475622e-05, 4.1485694964649156e-05, 2.7776150091085583e-05, 1.4901272152201273e-05, 7.891966379247606e-05, 2.3305687136598863e-05, 3.421365181566216e-05, 8.839759539114311e-05, 2.3126869564293884e-05, 4.0293551137438044e-05, 8.327115210704505e-05, 2.4557415599701926e-05, 3.5823031794279814e-05, 9.340484393760562e-05, 2.157711423933506e-05, 5.376483386498876e-05, 0.00023838737979531288, 5.2930325182387605e-05, 0.000244468537857756, 0.00021835564984939992, 8.869564771885052e-05, 0.0003215591423213482, 2.628599395393394e-05, 9.775209946383256e-06, 0.0003520869940984994, 0.00015534176782239228, 0.0004618041857611388, 8.225474630307872e-06, 9.000342288345564e-06, 2.801457594614476e-05, 9.984276402974501e-05, 9.89442014542874e-06, 3.218656047465629e-06, 4.0293551137438044e-05, 0.0007535673794336617], "f1_score_neg": [0.0, 0.0, 0.0, 0.0, 0.0, 0.0, 0.0, 0.0, 0.0, 0.0, 0.0, 0.0, 0.0, 0.0, 0.0, 0.0, 0.0, 0.0, 0.0, 0.0, 0.0, 0.0, 0.0, 0.0, 0.0, 0.0, 0.0, 0.0, 0.0, 0.0, 0.0, 0.0, 0.0, 0.0, 0.0, 0.0, 0.0, 0.0, 0.0, 0.0, 0.0, 0.0, 0.0, 0.0, 0.0, 0.0, 0.0, 0.0, 0.0, 0.0, 0.0, 0.0],