{"val_acc": [0.6115919328911424, 0.6650931057953753, 0.6816155188920896, 0.6808287458034629, 0.6616837174567907, 0.6810910042708482, 0.6868607252562668, 0.6643063284235928, 0.6913191609078744, 0.6863362149181811, 0.6755835262615475, 0.6768948399360931, 0.6755835364535823, 0.6850249162659444, 0.6747967428401984, 0.6753212707173377, 0.6595856241125652, 0.674009964389811, 0.6698137866584704, 0.660896938396757, 0.6627327485438441, 0.6716496108117893, 0.6462103505319665, 0.6608969330349964, 0.648570686101976, 0.6614214524083522, 0.6611591902674573, 0.6538158918565069, 0.6530291042926898, 0.6619459730791601, 0.6548649354334926, 0.6572252735202468, 0.6315237445184761, 0.658012062850475, 0.63021243451744, 0.6603724105196177, 0.6587988449743718, 0.6441122378041167, 0.6535536356244911, 0.6559139694280897, 0.6569630264016608, 0.6556517205430928, 0.6574875445557241, 0.6548649397166483, 0.6386047676107935, 0.6430632079519877, 0.6344086074185065, 0.6441122463079003, 0.6459480811222126, 0.6467348604010935, 0.6454235586849936, 0.6351953835709965, 0.6338840746485652, 0.649619723629395, 0.6443745161866129, 0.6417519027030659], "loss": [0.9828002601861954, 0.8371302957336108, 0.7936030079921087, 0.7667980045080185, 0.7685946151614189, 0.7334980443120003, 0.7086405580242475, 0.6808350558082262, 0.6727553432186445, 0.6541867107152939, 0.6608583455284437, 0.6538358901937803, 0.6161643142501513, 0.5890589853127798, 0.6264374603827795, 0.5812827174862226, 0.5587784598271052, 0.5584133304655552, 0.5265460262695948, 0.5331892843047777, 0.5144372570017973, 0.5474610005815824, 0.49681107078989345, 0.4852619382242362, 0.46926669031381607, 0.4608723024527232, 0.45135680586099625, 0.46280062943696976, 0.43149785945812863, 0.4328431710600853, 0.4225219674408436, 0.39947182933489483, 0.4118170191844304, 0.3892637826502323, 0.3897403764228026, 0.40196936080853146, 0.3309784916539987, 0.35061387345194817, 0.3240274091561635, 0.36255267821252346, 0.3196570885678132, 0.3471028506755829, 0.32211920619010925, 0.3092448686559995, 0.3340002161761125, 0.3370850911984841, 0.3207827638834715, 0.2896099593490362, 0.28587078613539535, 0.26745903429885703, 0.3122378960251808, 0.30699020499984425, 0.2634691273172696, 0.2533485144376755, 0.2795828767120838, 0.24794766679406166], "val_loss": [0.8160795765600898, 0.752345606235266, 0.7398893812057261, 0.7353554316746291, 0.7454198969807989, 0.7259468649617337, 0.7139291428469186, 0.7547810764691663, 0.7141197503097658, 0.7046064282382782, 0.7599124241119103, 0.7450295369549433, 0.7180436670139272, 0.7324443553771492, 0.7500208256096469, 0.7573857741533475, 0.8648724045898544, 0.7865564917255005, 0.8045755298063256, 0.8767405951895365, 0.8688748403387122, 0.8081306688997523, 0.955020388186275, 0.8420972045000038, 0.8993522558129744, 0.8314565181919761, 0.8337986753770381, 0.8640119983022556, 0.9531856279438198, 0.9355161463904812, 1.0038126422262805, 0.9565232119909147, 1.0434581665676346, 0.8847238130216801, 0.87677532678322, 0.8899376778786432, 0.951026874485211, 0.9386348737027118, 0.9176195867568716, 0.9965162706475167, 0.9704200697795569, 0.9638039528495084, 1.0536943951398408, 0.9326861705049705, 0.9700807788664044, 1.091594999211059, 0.9751749523443216, 1.1446028005848585, 1.0320110190674416, 1.1316769894358056, 0.9590448913316604, 1.1649308755208336, 1.0527717191779704, 1.0497103865428636, 1.1371131602654205, 1.205652478764822], "val_f1_score_pos": [0.6971237147507816, 0.6743892082353917, 0.7103932974940674, 0.725271743284321, 0.7175822997230762, 0.6895300825374382, 0.7170933248363328, 0.6835312251496934, 0.722142452115685, 0.7244203192744392, 0.6811584917823067, 0.706415183207134, 0.71412772049655, 0.7107560259602435, 0.700199797870667, 0.690817045283824, 0.6437763436366466, 0.6944732115458166, 0.7022861390016287, 0.6573318143763819, 0.6694686160667843, 0.6906395138732536, 0.6380304921308028, 0.7111670121632627, 0.6621579971020847, 0.707776010911858, 0.7061416775480581, 0.6891516857406081, 0.6665228707816011, 0.6634080079700451, 0.6594794006789103, 0.6876863400016342, 0.6037475129859579, 0.6878088394269335, 0.6875500500030227, 0.6974095400787231, 0.6768698934304442, 0.6935968369034498, 0.694539898794966, 0.6833402509299158, 0.6765868575623615, 0.6871405812251483, 0.6664039109780536, 0.6897423335988785, 0.6956107854186597, 0.673795825816689, 0.6901259274111312, 0.6376873494257553, 0.6654321847392166, 0.6484681856216422, 0.6911257622187574, 0.6269753275973072, 0.694668525024377, 0.6873632262080103, 0.6449783045477108, 0.6682278501402822], "val_f1_score_neu": [0.5882172492305157, 0.702045443159309, 0.7079309470660412, 0.6719642795198332, 0.6276212845328847, 0.718157603488705, 0.7185811454343758, 0.7104585761946391, 0.7173537781568078, 0.706167015290279, 0.715445159021213, 0.7085281773686503, 0.6903910037729016, 0.7000283748810291, 0.691143347761808, 0.7026209288652632, 0.7069344128206775, 0.6911383020168147, 0.6982154572475873, 0.7035930790114584, 0.7031898750365952, 0.7060557659642139, 0.6974559422712329, 0.6682257665100918, 0.6916283727661381, 0.67635220198565, 0.6588715422569283, 0.6570367589260755, 0.6934025051898292, 0.7022217036606664, 0.7031169329107261, 0.6919727983232123, 0.6924127152420673, 0.6774605827915553, 0.6209346143679765, 0.6667384953752703, 0.6829766172328522, 0.6327787048073226, 0.6566317267628001, 0.6867449731768006, 0.6832045487866075, 0.6745830008497771, 0.6950853509350208, 0.6613119933475762, 0.6141513278251116, 0.6816935159858055, 0.6198075989585144, 0.6889438090785858, 0.6811378208195916, 0.6870927978087185, 0.646932816008336, 0.6851501164553893, 0.5965748586712188, 0.6664318230531674, 0.6883456724664841, 0.6852786786094164], "val_f1_score_pos_neg": [0.48697654241312527, 0.5794994091693729, 0.6018540098102518, 0.6450528443688144, 0.6487944295892183, 0.5943759045136935, 0.582711523219478, 0.5172297406815619, 0.6033355241962346, 0.5982203213773998, 0.582582428750484, 0.5796287463713655, 0.6002694430577608, 0.6377604586728564, 0.6205321591012346, 0.610181323443377, 0.5672907900097425, 0.6328093702637427, 0.5628290614867942, 0.5706744825561747, 0.5616461203350285, 0.5723738311595752, 0.5305799729565202, 0.5673068941905685, 0.5296856849455565, 0.5642398190317022, 0.6151856720338117, 0.6232483123126006, 0.5453613419061316, 0.5868694957647617, 0.5271646675790291, 0.5316028302496824, 0.5089017071343769, 0.5934657974253168, 0.5633674165629166, 0.6097636627238033, 0.601456943613133, 0.6152040386743943, 0.6080579353135431, 0.5551806246862304, 0.5965763077534562, 0.5859112555887516, 0.574790724753208, 0.6156993336231102, 0.6117397659474585, 0.5098407244763599, 0.5949088042719671, 0.5664321105216952, 0.5506643043504186, 0.5703576881992451, 0.599807017108383, 0.5299131916462203, 0.6160477431558918, 0.5789285468329853, 0.5613026110918979, 0.4918036098058787], "acc": [0.5345000065863132, 0.6132499997814497, 0.6446666618188223, 0.6583333387970924, 0.652916669845581, 0.6760833313067754, 0.6891666650772095, 0.7054166719317436, 0.7079166620969772, 0.7191666687528292, 0.7131666640440623, 0.7174999987085661, 0.7349999994039536, 0.7494166667262713, 0.7310000061988831, 0.7551666672031084, 0.7621666664878527, 0.767166664203008, 0.7825833360354105, 0.7796666671832403, 0.7883333340287209, 0.7785833328962326, 0.7987499982118607, 0.807833343744278, 0.8110000044107437, 0.8166666676600774, 0.8215000033378601, 0.8146666660904884, 0.8305833339691162, 0.8321666692694029, 0.8373333339889845, 0.8440000042319298, 0.8393333330750465, 0.8506666645407677, 0.8564999972780546, 0.8479999974370003, 0.8752499967813492, 0.866916668911775, 0.8792499974370003, 0.8614999974767367, 0.8815000032385191, 0.8724166651566824, 0.8821666638056437, 0.883083331088225, 0.8771666710575422, 0.8743333319822947, 0.8831666683157285, 0.8964999988675117, 0.8954166620969772, 0.903333326180776, 0.8880000015099844, 0.8907500033577284, 0.9059166659911474, 0.9087499926487604, 0.9017499958475431, 0.9113333274920782],