{"1": {"loss": [1.0938647091388702, 1.0500267148017883, 0.9912947118282318, 0.9432291761040688, 0.9269567206501961, 0.923532024025917, 0.9250485599040985, 0.9262549951672554, 0.9202389270067215, 0.9242511838674545, 0.9231087565422058, 0.9226179793477058, 0.924334280192852, 0.9253329560160637, 0.9312528222799301, 0.9281695932149887, 0.9295198395848274, 0.9267918691039085, 0.9213952049612999, 0.9253714680671692, 0.9218768700957298, 0.9200841188430786, 0.9214999452233315, 0.9225925207138062, 0.9219722673296928, 0.9233584478497505, 0.925864651799202, 0.934176079928875, 0.9248390272259712, 0.9262901321053505, 0.9213461577892303, 0.9246672615408897, 0.9264757856726646, 0.9292042106389999, 0.9189008995890617, 0.9203494787216187, 0.9180188402533531, 0.9185795783996582, 0.9208964332938194, 0.9180207028985023, 0.9172125905752182, 0.9136043637990952, 0.9234891980886459, 0.914987362921238, 0.9231235235929489, 0.9135532975196838, 0.9158689975738525, 0.91185462474823, 0.9242686256766319, 0.9145621284842491, 0.908491238951683, 0.921929381787777], "val_f1_score_neg": [0.0, 0.0, 0.0, 0.0, 0.0, 0.0, 0.0, 0.0, 0.0, 0.0, 0.0, 0.0, 0.0, 0.0, 0.0, 0.0, 0.0, 0.0, 0.0, 0.0, 0.0, 0.0, 0.0, 0.0, 0.0, 0.0, 0.0, 0.0, 0.0, 0.0, 0.0, 0.0, 0.0, 0.0, 0.0, 0.0, 0.0, 0.0, 0.0, 0.0, 0.0, 0.0, 0.0, 0.0, 0.0, 0.0, 0.0, 0.0, 0.0, 0.0, 0.0, 0.0], "f1_score_pos": [0.040322584100067616, 0.0, 0.0, 0.0, 0.0, 0.0, 0.0, 0.0, 0.0, 0.0, 0.0, 0.0, 0.0, 0.0, 0.0, 0.0, 0.0, 0.0, 0.0, 0.0, 0.0, 0.0, 0.0, 0.0, 0.0, 0.0, 0.0, 0.0, 0.0, 0.0, 0.0, 0.0, 0.0, 0.0, 0.0, 0.0, 0.0, 0.0, 0.0, 0.0, 0.0, 0.0, 0.0, 0.0, 0.0, 0.0, 0.0, 0.0, 0.0, 0.0, 0.0, 0.0], "val_loss": [1.0655713273338836, 1.0198312537711964, 0.9739071717950818, 0.9644108093701876, 0.9727206362082086, 0.9596052613818211, 0.9600799031693068, 0.9676132452042855, 0.9605147407980476, 0.9656143057094304, 0.9625302300064938, 0.9590700862646854, 0.9620874395683656, 0.9639508910560951, 0.9669440986870969, 0.967143521188778, 0.9674436752720025, 0.9631897974700687, 0.9625738319704997, 0.9672182385469952, 0.9618913779857188, 0.9588727921823955, 0.9656520538162767, 0.9675386789624776, 0.9590485122790489, 0.9590520437537042, 0.9601676597071831, 0.9586955918098858, 0.9679264012511335, 0.9593277398498542, 0.9651133920285169, 0.9675738887641004, 0.9692473781039144, 0.970091694815975, 0.9613528711217725, 0.9603145567350864, 0.9650093914955198, 0.9654286493871108, 0.9662784761638187, 0.9627113731605643, 0.9634708997316314, 0.961767437862374, 0.9579301138906612, 0.9876158981777986, 0.9645363683910773, 0.96717975931129, 0.9579402012863623, 0.9828676829400279, 0.9691948119016365, 0.9583321268956403, 0.9715718937199018, 0.9810118962664138], "val_f1_score_pos_neg": [0.0, 0.0, 0.0, 0.0, 0.0, 0.0, 0.0, 0.0, 0.0, 0.0, 0.0, 0.0, 0.0, 0.0, 0.0, 0.0, 0.0, 0.0, 0.0, 0.0, 0.0, 0.0, 0.0, 0.0, 0.0, 0.0, 0.0, 0.0, 0.0, 0.0, 0.0, 0.0, 0.0, 0.0, 0.0, 0.0, 0.0, 0.0, 0.0, 0.0, 0.0, 0.0, 0.0, 0.0, 0.0, 0.0, 0.0, 0.0, 0.0, 0.0, 0.0, 0.0], "f1_score_neu": [0.2732892173808068, 0.7450418546795845, 0.7450864687561989, 0.7450939193367958, 0.7447793781757355, 0.7450418546795845, 0.7447574138641357, 0.7449432387948036, 0.7450657486915588, 0.7449432387948036, 0.7450708448886871, 0.7450418546795845, 0.7450864687561989, 0.7445240989327431, 0.7449432387948036, 0.7449432387948036, 0.7449432387948036, 0.7450864687561989, 0.7450657486915588, 0.7450708448886871, 0.7450954839587212, 0.744973860681057, 0.7449849173426628, 0.7449432387948036, 0.7448216825723648, 0.7450111657381058, 0.7447574138641357, 0.7449298426508904, 0.7448950782418251, 0.7450111657381058, 0.7450200989842415, 0.7449432387948036, 0.7448405250906944, 0.7447119280695915, 0.744973860681057, 0.7450939193367958, 0.7450708448886871, 0.7450487464666367, 0.7450200989842415, 0.7450954839587212, 0.7450864687561989, 0.7450954839587212, 0.7448216825723648, 0.7443778365850449, 0.7450708448886871, 0.7450200989842415, 0.7448790967464447, 0.7446380406618118, 0.7450487464666367, 0.7449298426508904, 0.7448950782418251, 0.7447119280695915], "f1_score_neg": [0.2797619253396988, 0.0, 0.0, 0.0, 0.0, 0.0, 0.0, 0.0, 0.0, 0.0, 0.0, 0.0, 0.0, 0.0, 0.0, 0.0, 0.0, 0.0, 0.0, 0.0, 0.0, 0.0, 0.0, 0.0, 0.0, 0.0, 0.0, 0.0, 0.0, 0.0, 0.0, 0.0, 0.0, 0.0, 0.0, 0.0, 0.0, 0.0, 0.0, 0.0, 0.0, 0.0, 0.0, 0.0, 0.0, 0.0, 0.0, 0.0, 0.0, 0.0, 0.0, 0.0], "val_f1_score_neu": [0.7102054234726495, 0.7102054234726495, 0.7102054234726495, 0.7102054234726495, 0.7102054234726495, 0.7102054234726495, 0.7102054234726495, 0.7102054234726495, 0.7102054234726495, 0.7102054234726495, 0.7102054234726495, 0.7102054234726495, 0.7102054234726495, 0.7102054234726495, 0.7102054234726495, 0.7102054234726495, 0.7102054234726495, 0.7102054234726495, 0.7102054234726495, 0.7102054234726495, 0.7102054234726495, 0.7102054234726495, 0.7102054234726495, 0.7102054234726495, 0.7102054234726495, 0.7102054234726495, 0.7102054234726495, 0.7102054234726495, 0.7102054234726495, 0.7102054234726495, 0.7102054234726495, 0.7102054234726495, 0.7102054234726495, 0.7102054234726495, 0.7102054234726495, 0.7102054234726495, 0.7102054234726495, 0.7102054234726495, 0.7102054234726495, 0.7102054234726495, 0.7102054234726495, 0.7102054234726495, 0.7102054234726495, 0.7102054234726495, 0.7102054234726495, 0.7102054234726495, 0.7102054234726495, 0.7102054234726495, 0.7102054234726495, 0.7102054234726495, 0.7102054234726495, 0.7102054234726495], "f1_score": [0.19779124483466148, 0.2483472991734743, 0.24836216121912003, 0.24836464785039425, 0.24825979955494404, 0.2483472991734743, 0.2482524812221527, 0.2483144160360098, 0.24835525453090668, 0.2483144160360098, 0.24835695512592793, 0.2483472991734743, 0.24836216121912003, 0.24817471392452717, 0.2483144160360098, 0.2483144160360098, 0.2483144160360098, 0.24836216121912003, 0.24835525453090668, 0.24835695512592793, 0.24836517125368118, 0.24832463264465332, 0.2483283057808876, 0.2483144160360098, 0.24827389605343342, 0.24833706952631474, 0.2482524812221527, 0.24830995127558708, 0.24829837307333946, 0.24833706952631474, 0.24834003672003746, 0.2483144160360098, 0.24828018248081207, 0.24823732301592827, 0.24832463264465332, 0.24836464785039425, 0.24835695512592793, 0.24834958836436272, 0.24834003672003746, 0.24836517125368118, 0.24836216121912003, 0.24836517125368118, 0.24827389605343342, 0.24812595173716545, 0.24835695512592793, 0.24834003672003746, 0.24829303845763206, 0.24821268394589424, 0.24834958836436272, 0.24830995127558708, 0.24829837307333946, 0.24823732301592827], "val_acc": [0.5510571405418918, 0.5510571405418918, 0.5510571405418918, 0.5510571405418918, 0.5510571405418918, 0.5510571405418918, 0.5510571405418918, 0.5510571405418918, 0.5510571405418918, 0.5510571405418918, 0.5510571405418918, 0.5510571405418918, 0.5510571405418918, 0.5510571405418918, 0.5510571405418918, 0.5510571405418918, 0.5510571405418918, 0.5510571405418918, 0.5510571405418918, 0.5510571405418918, 0.5510571405418918, 0.5510571405418918, 0.5510571405418918, 0.5510571405418918, 0.5510571405418918, 0.5510571405418918, 0.5510571405418918, 0.5510571405418918, 0.5510571405418918, 0.5510571405418918, 0.5510571405418918, 0.5510571405418918, 0.5510571405418918, 0.5510571405418918, 0.5510571405418918, 0.5510571405418918, 0.5510571405418918, 0.5510571405418918, 0.5510571405418918, 0.5510571405418918, 0.5510571405418918, 0.5510571405418918, 0.5510571405418918, 0.5510571405418918, 0.5510571405418918, 0.5510571405418918, 0.5510571405418918, 0.5510571405418918, 0.5510571405418918, 0.5510571405418918, 0.5510571405418918, 0.5510571405418918],