{"val_f1_score": [0.4995195937225458, 0.5439040221287577, 0.5982138546720566, 0.6049041494652883, 0.6518000450591981, 0.6045498756983447, 0.658690173951716, 0.5716969811194155, 0.624677698692874, 0.5969825809845423, 0.6660571263713722, 0.6568206502732848, 0.6534230033150189, 0.6723376401384266, 0.516400497821945, 0.6184469209610244, 0.6511105571460949, 0.6387618644763378, 0.6566394979235322, 0.5980948349512252, 0.6196854466564099, 0.6223570623955575, 0.5524334265371023, 0.6589261254331367, 0.6637169201012018, 0.6683317568087684, 0.6552586047129777, 0.630738142247654, 0.6426811740681658, 0.6590087191814079, 0.6070143585907891, 0.6133289697631088, 0.6567527943322766, 0.6336031218948184, 0.624461418557536, 0.622112167966419, 0.6512848124115166, 0.6546631355845893, 0.652058928431159, 0.6078725040287225, 0.6121190051659805, 0.647358224096806, 0.5929437544037593, 0.6249010222120107, 0.6545053873198444, 0.6455901109606395, 0.6525166832240835, 0.6334059635485497, 0.6250233733056881, 0.6334896199883921, 0.6570613405349965, 0.6476304822477055, 0.6508162546870654, 0.6437424456951283, 0.639222659371889, 0.6150598612133049, 0.6401559912780124, 0.6206978942320599, 0.6244432235870842, 0.646408233356826, 0.6321094264954118, 0.6384527134263793, 0.641017786902516, 0.6286625407856967, 0.60154345640197], "val_f1_score_neu": [0.5746898186541342, 0.6428556235762616, 0.6896088117068752, 0.6650213539647268, 0.6909831243958212, 0.7003556557787143, 0.7029770776852203, 0.4604102297230027, 0.7078542437198247, 0.7079472587141752, 0.71628525449071, 0.707682079931835, 0.700590517009427, 0.7019547509953259, 0.6844645605261107, 0.7122230708458402, 0.7166821246005843, 0.6125577282255289, 0.660235130924457, 0.7092982985171126, 0.7128444389974292, 0.7171003775367767, 0.45471967332731417, 0.6705744900854748, 0.7183892214170067, 0.7128912217186218, 0.6980500616115627, 0.715242991868261, 0.7095122935888869, 0.7099631281934509, 0.7089357625897276, 0.706299821629538, 0.6920988252554983, 0.6140443188857132, 0.7099901872640391, 0.7098631494757449, 0.7070931365975801, 0.7041681767479191, 0.7030384056592531, 0.702154063284319, 0.7049404232326281, 0.7057590543707931, 0.7003861248039868, 0.64650756874142, 0.6985562708851174, 0.6981651627607869, 0.6726815644255968, 0.7022500824903273, 0.594715426842309, 0.6238889848813903, 0.6933569812318205, 0.6911983094032812, 0.7073840346512693, 0.7022482098290028, 0.7032760139559624, 0.6977208808060553, 0.655144778537275, 0.7038875775577326, 0.7000546216058068, 0.6842301501835109, 0.6981008695455602, 0.6954259823977462, 0.672960861411396, 0.6956429811027961, 0.6971485959304902], "f1_score_pos": [0.577300064265728, 0.6591555327177048, 0.6636463552713394, 0.7119133174419403, 0.713458051905036, 0.7196945510804653, 0.7090575136244297, 0.768072422593832, 0.7667490243911743, 0.7890148460865021, 0.7575944438576698, 0.818929061293602, 0.8281382210552692, 0.854543648660183, 0.7727581337094307, 0.7657855525612831, 0.8077749125659466, 0.8529266156256199, 0.8158267214894295, 0.884393747895956, 0.881107036024332, 0.8716988600790501, 0.9026275724172592, 0.692719429731369, 0.8829137273132801, 0.9106299206614494, 0.9162641651928425, 0.9218655228614807, 0.9151453487575054, 0.923553578555584, 0.9346486367285252, 0.8954983726143837, 0.9272849783301353, 0.9275998622179031, 0.943487886339426, 0.8514613583683968, 0.9356777928769588, 0.9473401978611946, 0.9670116044580936, 0.9673205949366093, 0.9708957672119141, 0.953817680478096, 0.9703469499945641, 0.9037631414830685, 0.9632296413183212, 0.9591803513467312, 0.9717903397977352, 0.9685488604009151, 0.9527171775698662, 0.9264000579714775, 0.9526275545358658, 0.9635927379131317, 0.9792526476085186, 0.9697921574115753, 0.9713146574795246, 0.961593896150589, 0.9580165520310402, 0.9777572564780712, 0.9728337861597538, 0.985047671943903, 0.9789929203689098, 0.982696246355772, 0.9775960594415665, 0.9792330823838711, 0.9760984629392624], "f1_score_pos_neg": [0.4578073341399431, 0.4679872393608093, 0.5195263829082251, 0.6160474494099617, 0.6149749737232924, 0.6595306731760502, 0.6456085816025734, 0.7022299282252789, 0.7068533264100552, 0.719289056956768, 0.6885374747216702, 0.7636541239917278, 0.7833056710660458, 0.8027470670640469, 0.7359977290034294, 0.720924373716116, 0.7848468348383904, 0.8292009271681309, 0.7576323002576828, 0.864459753036499, 0.8177716620266438, 0.8407851234078407, 0.8786140754818916, 0.7483476847410202, 0.8653726577758789, 0.9014131128787994, 0.9109558947384357, 0.913634717464447, 0.891587357968092, 0.9197045043110847, 0.9295200519263744, 0.8031098544597626, 0.9284565709531307, 0.9234184958040714, 0.9310610331594944, 0.8864309452474117, 0.9324738569557667, 0.9414169006049633, 0.9580713100731373, 0.9513752311468124, 0.9495590850710869, 0.9547996819019318, 0.9688564129173756, 0.9277692772448063, 0.9545669220387936, 0.9445944353938103, 0.9675907529890537, 0.9696614854037762, 0.9521330259740353, 0.9385585971176624, 0.9230350404977798, 0.9610696472227573, 0.9777605757117271, 0.9671012125909328, 0.9560306817293167, 0.9560746848583221, 0.9594822712242603, 0.9784332104027271, 0.9570407643914223, 0.9805039539933205, 0.98328797519207, 0.9805321805179119, 0.9723150134086609, 0.9775260835886002, 0.9656552411615849], "val_acc": [0.5680566583441338, 0.6178861892726707, 0.6511932830469145, 0.6551271872260331, 0.6747967464355481, 0.6454235525572672, 0.6837136157691369, 0.5979543643269113, 0.6661421451517331, 0.6619459795195257, 0.6907946575572727, 0.6863362291745242, 0.6855494314186722, 0.6868607377461989, 0.6079202739235112, 0.65827432491321, 0.675321258071086, 0.6530291137187587, 0.67164962377068, 0.668502495884739, 0.6695515353192565, 0.6758457889339288, 0.5843168098470717, 0.6721741354062181, 0.6860739526365986, 0.6863362075711622, 0.6829268258292626, 0.6687647597920447, 0.6682402162829504, 0.6831890783877689, 0.6664044079022742, 0.6472593724274304, 0.6810910012069851, 0.6480461599130878, 0.6622082398940096, 0.6635195336534444, 0.674534475337543, 0.679255184400685, 0.6810910042708482, 0.6637818113481345, 0.6546026895341991, 0.671387361707945, 0.6454235484147991, 0.6548649340578805, 0.6740099738940397, 0.6779438780731584, 0.6685024904448187, 0.6648308345410506, 0.6407028577504682, 0.6493574506086595, 0.6784684046528454, 0.6685024814095486, 0.6729609272531909, 0.6690270122723914, 0.6632572691364924, 0.6650931063268618, 0.6585365852095341, 0.6635195366391478, 0.6632572793285271, 0.6648308412002636, 0.6645685826703503, 0.6574875427111534, 0.6593233715540588, 0.6614214499541352, 0.6378179878629539], "val_loss": [0.9050514446197768, 0.8302319068124593, 0.8028691147150969, 0.7609263941149308, 0.7559881787927889, 0.802705576030282, 0.7271192061629097, 0.8501886095770569, 0.749881262154583, 0.77831092818403, 0.7258663243144445, 0.720470919607194, 0.7282745460184609, 0.7609581333459784, 0.9981255662306819, 0.8157949305537364, 0.8020531090888456, 0.807121441428692, 0.7717788235240179, 0.8712007484972524, 0.8521093013966268, 0.868379081464833, 1.069080980156089, 0.7838207723867415, 0.8067620749114662, 0.8280822254996771, 0.8132749472019587, 0.9601249152551696, 0.9381582262226518, 0.8982050561886149, 1.0252407553500464, 1.1735354114510461, 0.8586308285379047, 0.9262094388100659, 1.0343048444358252, 0.9347758993932402, 0.9073697948061885, 0.9151900677645953, 0.9390809636650015, 1.0698156451228533, 1.1598429869642541, 1.0364301609549034, 1.273670308301682, 0.9659166575072163, 0.9831817630485947, 0.9995227855332968, 0.9924773387229884, 1.0842072085198724, 1.0438251752506988, 1.0246839242878156, 0.9835962260954342, 1.0133398700785894, 1.1344564983358916, 1.1324447627584047, 1.1585349973155357, 1.1281776894367557, 1.0434244934761583, 1.203816792078916, 1.2037919293292827, 1.117577894009726, 1.1900293067656507, 1.2638882061580394, 1.1176550899188473, 1.2098256760058739, 1.468909021659439],