{"f1_score": [0.5407980934845353, 0.5939128968894122, 0.6213120631094258, 0.6580584775786353, 0.6764882630051595, 0.6681583382428274, 0.6922849256844922, 0.7053396470155454, 0.7412133419973692, 0.7331760781468596, 0.7569455246435438, 0.7509742080472559, 0.7800932844147356, 0.8019963194469362, 0.7880412006256249, 0.7878614007900172, 0.8290794852831816, 0.8461418334742803, 0.7792675588808188, 0.8464262910578652, 0.8777500959342716, 0.8764377842942597, 0.8550230890637163, 0.8778762609279195, 0.8805669443876674, 0.8835190567289714, 0.9072303497364553, 0.8663530183470233, 0.9171993726356148, 0.8969069567462667, 0.914095196403608, 0.9329125992035877, 0.9442535913417307, 0.9195092777660535, 0.9345535992578482, 0.9402324575038912, 0.9572229233524069, 0.9432731274392426, 0.9464114332465114, 0.9310588757972947, 0.9440226099591984, 0.9543662658961415, 0.9589891090109314, 0.9597465195028464, 0.968436187225849, 0.9700056022679956, 0.9642235477100356, 0.9627912144836078, 0.9672069046620378, 0.9692426732061963, 0.9393542388160525, 0.9612424929493364], "loss": [0.8421585121746675, 0.7460024479598236, 0.7048698854911942, 0.662242898465533, 0.6429507288751022, 0.6148957108021448, 0.6117910230398067, 0.5579282523365366, 0.5421358260760358, 0.5256328445321069, 0.4966121336046012, 0.48000591278408694, 0.4542144118547994, 0.4105819810384487, 0.435388848899077, 0.45894869808705113, 0.37951497716274113, 0.3519463729215522, 0.4652664928533819, 0.34377248283875705, 0.2860376421017516, 0.26950223654550154, 0.32209592432074635, 0.26897161289433, 0.27739570964940036, 0.2638438306315895, 0.23698233999744897, 0.2910854726101509, 0.1942038759900935, 0.22684257335160732, 0.20314479947630498, 0.16917847480706313, 0.1563841570870148, 0.17788427688531241, 0.17689694678268006, 0.14518724842605785, 0.12036650681540002, 0.1387480658495055, 0.12835582392485073, 0.16591219761270748, 0.14565638759312438, 0.12498142781547478, 0.10472364492648593, 0.10969577161296475, 0.08801296514752076, 0.08642949848009342, 0.09076885275650114, 0.09754933283834444, 0.09714816328482759, 0.08840544683913307, 0.16292243729021205, 0.09155150282970421], "val_loss": [0.6195938653231111, 0.6613331329445156, 0.606223608972418, 0.577805788878844, 0.5659055222568121, 0.5624175291487624, 0.5737954000187986, 0.6237884191050432, 0.5654438352784631, 0.5674236964025089, 0.672605507977626, 0.647955968615285, 0.6372150215467706, 0.6081583335634938, 0.9532598129419864, 0.6036004828119189, 0.7097082018741239, 0.6603311577766745, 0.691478962782819, 0.6271412907587971, 0.6457935534487002, 1.0534786887231042, 0.6352356634548478, 0.8268490580207143, 0.7222113533836947, 0.7286543557541775, 0.7278519355495993, 0.6999612110953092, 0.8406636084480215, 0.7498497926323108, 0.6906369291870288, 0.7641404694574061, 0.7670038187637009, 0.8329142832667246, 0.7556630829193073, 0.8376881484656804, 0.927530582390684, 0.8083380753767557, 0.8248498112351756, 1.0682795316369396, 0.8141918326667346, 0.8434835844421742, 0.8523263268630598, 0.9027528947070103, 0.8903784388936432, 0.8864650136931649, 0.9607465755562099, 0.9036997997338989, 0.9047719834015134, 1.2273283294459294, 0.8629244405020104, 0.87904445075012], "f1_score_neu": [0.2543688114994019, 0.3041809048280224, 0.3695456663130162, 0.44037999266083994, 0.4733038029799291, 0.43937838725963896, 0.4899602471701437, 0.5062377189603422, 0.5777505942135841, 0.5624731154510555, 0.6134982446025882, 0.5853468127330477, 0.6359071340299329, 0.6696434009080707, 0.6946112299065211, 0.671197848644771, 0.7151099025288719, 0.7574464150884993, 0.6346511357554387, 0.7537725399062557, 0.786435224909053, 0.7996130084392915, 0.789073145816294, 0.8213739711315008, 0.78934252334162, 0.8036933229281037, 0.8636004254741483, 0.8065750810890517, 0.8673743255356754, 0.8284678584694696, 0.8663568860539056, 0.9068217724492416, 0.926306057064991, 0.8649480540992935, 0.9030923632786253, 0.9118709918068265, 0.9466593986830009, 0.9136944571133272, 0.9257782990297346, 0.9019393266383463, 0.9211089346421036, 0.933905637303046, 0.9422080458069557, 0.9421968845254818, 0.95185621288531, 0.9619843429157979, 0.950305048835272, 0.960111540148614, 0.962554508034765, 0.958468288418749, 0.9159512979825781, 0.9400540636285191], "acc": [0.640632263869255, 0.6899116745886277, 0.7015341651378705, 0.7243142755626801, 0.7377963831179755, 0.7387261945998486, 0.753138075784881, 0.7656903807255679, 0.7870757736920313, 0.7824267766909065, 0.7963737638148526, 0.7973035786773703, 0.819153891475408, 0.8363551839126204, 0.8140399946217646, 0.8182240909390647, 0.8582054809158428, 0.8688981947872263, 0.8242677897699818, 0.8702928793812729, 0.9033007954287562, 0.8981868861886525, 0.8726173885086979, 0.8921431970008857, 0.9051603855282027, 0.9037656890187691, 0.9177126995024155, 0.8814504892534569, 0.930264986403761, 0.915388195362827, 0.9251510934018358, 0.9400278982978707, 0.9483960798483901, 0.934449080642796, 0.942817291344448, 0.9479311857873038, 0.9595536992251734, 0.9511854857802114, 0.9521152901682728, 0.937703401252094, 0.9488609877645775, 0.9595536972854593, 0.9637378026362853, 0.9642026881626294, 0.9725708996678774, 0.9721059970720487, 0.9679219099268255, 0.9637377854005396, 0.9683867986675531, 0.9721060051357175, 0.9442119897935957, 0.966527192302218], "f1_score_pos_neg": [0.6840127181696481, 0.7387788721374554, 0.7471952466064694, 0.7668976756596443, 0.7780804521036614, 0.7825482912198825, 0.7934472413464293, 0.8048905833329449, 0.8229447041262808, 0.8185275352483348, 0.8286691535522305, 0.8337878641390568, 0.852186322877264, 0.8681727745321284, 0.8347561513474241, 0.846193147060318, 0.8860642496013242, 0.8904895011018676, 0.8515757739072841, 0.8927531735612203, 0.9234074739343563, 0.9148501583666426, 0.8879979782080107, 0.9061273739316862, 0.9261791181808181, 0.9234318772286717, 0.9290453055912481, 0.8962419433185855, 0.9421118456006106, 0.9311264511154508, 0.9379643307958077, 0.9459579897059889, 0.9532272940400255, 0.9467898688167818, 0.9502841618270554, 0.9544131349320192, 0.9625046697398886, 0.9580624439116691, 0.9567279573486661, 0.9456185991406053, 0.9554794503610559, 0.9645965850281194, 0.9673795990476161, 0.9685212912419849, 0.9767261584488972, 0.9740162277598539, 0.9711827977986072, 0.9641310176645418, 0.9695330849363326, 0.974629812271636, 0.9510556538123854, 0.9718366646035114], "f1_score_neg": [0.6824757821168638, 0.7569743650062646, 0.7601496692260217, 0.7748285080598488, 0.784872870204727, 0.7930174078679761, 0.8023910932571929, 0.8162970349213402, 0.8285308326471135, 0.8243465506714591, 0.8313353001544886, 0.8383188098322675, 0.8505740248286852, 0.869610461480448, 0.8383923952715833, 0.8395831703252983, 0.8767757800111988, 0.890089531490161, 0.8301846161935009, 0.8925752313621429, 0.9244942086788179, 0.9182006946168684, 0.8731552476053845, 0.9031885175968757, 0.9267179541452604, 0.923451096609214, 0.9270665134623238, 0.8925986163896608, 0.9452994477466227, 0.9289296003121766, 0.9312534776469931, 0.9504611053504483, 0.9527045123968386, 0.9495332598797059, 0.9541415668043742, 0.9585809505634229, 0.9597991564450071, 0.9611350435093357, 0.9616230057871991, 0.9381397825127588, 0.950326936403467, 0.9666407146546964, 0.9686836360887503, 0.9704747505655736, 0.9777168825247963, 0.9766771938289835, 0.9723676797513461, 0.9654379527494554, 0.9715899973899916, 0.9742010092524693, 0.9443996034351297, 0.9691116945902063],