{"val_f1_score": [0.26864584852884427, 0.26829869110003374, 0.2743106094708506, 0.2741494648981182, 0.2950790611474557, 0.3334534009969863, 0.3579260450068528, 0.3740952182810293, 0.37846626960759144, 0.3847535852916341, 0.4058657832621528, 0.4088795857732139, 0.40819945442936034, 0.40782703401033815, 0.4078309341831342, 0.40483933985780424, 0.40373123110262954, 0.403856585305912, 0.4074207672821453, 0.40724128508173885, 0.4059574053320646, 0.4054512987604549, 0.4066824431482526, 0.4072778780348433, 0.40882470664501563, 0.4086368965205326, 0.4086719605668211, 0.4086719605668211, 0.408697874440379, 0.4087699164782738, 0.4093301436452768, 0.40954720945830986, 0.40918640439478454, 0.40898624111778803, 0.4092152179960125, 0.4100415231423087, 0.40983814359055143, 0.4098469404732809, 0.41110269999272736, 0.4107213975280844, 0.41130140168192253, 0.4116837280396242, 0.4116917198766663, 0.41208838786536117, 0.4117236826290398, 0.4121302082849368, 0.4121302082849368, 0.4125053165873736, 0.41192902893085914, 0.41192902893085914, 0.41142154758351074, 0.4110158592689203, 0.41124305335393013, 0.41163452049737337], "val_f1_score_neu": [0.0, 0.0, 0.004705175308477931, 0.01749269820265169, 0.07475706328604435, 0.19402007483104192, 0.2882913583545212, 0.3449978530328792, 0.3681005862420105, 0.38861557906955174, 0.48378238298434645, 0.4902573439304578, 0.49206410108074067, 0.4926315900334029, 0.49274948233073695, 0.49196165578120843, 0.4924818257037467, 0.4932388079594728, 0.5029023217929807, 0.5027452401842247, 0.5031317118550422, 0.5029271450875595, 0.5073448325388393, 0.5100138630261735, 0.5137932995955149, 0.5136379257778529, 0.5167221747028087, 0.5167221747028087, 0.5176049072990072, 0.5184870415899405, 0.5210606679339875, 0.5217984827787833, 0.5214924247299878, 0.5213384343403517, 0.5219487136832192, 0.5240616029855807, 0.5241396767853003, 0.524667052054324, 0.52835310215935, 0.5281319139027514, 0.5297584657262011, 0.5304238320788217, 0.5307223867891718, 0.5318171261740644, 0.5320851360441599, 0.5331156690180724, 0.5331156690180724, 0.5339154858164609, 0.5338978881430132, 0.5338978881430132, 0.5350825926574734, 0.5362768271308291, 0.5379689374433988, 0.5396885775594363], "f1_score_pos": [0.0, 0.0, 0.0, 0.0, 0.0, 0.0, 0.0, 0.0, 0.0, 0.0, 0.0, 0.0, 0.0, 0.0, 0.0, 0.0, 0.0, 0.0, 0.0, 0.0, 0.0, 0.0, 0.0, 0.0, 0.0, 0.0, 0.0, 0.0, 0.0, 0.0, 0.0, 0.0, 0.0, 0.0, 0.0, 0.0, 0.0, 0.0, 0.0, 0.0, 0.0, 0.0, 0.0, 0.0, 0.0, 0.0, 0.0, 0.0, 0.0, 0.0, 0.0, 0.0, 0.0, 0.0], "f1_score_pos_neg": [0.0, 0.0, 0.0, 0.0, 0.0, 0.0, 0.0, 0.0, 0.0, 0.0, 0.0, 0.0, 0.0, 0.0, 0.0, 0.0, 0.0, 0.0, 0.0, 0.0, 0.0, 0.0, 0.0, 0.0, 0.0, 0.0, 0.0, 0.0, 0.0, 0.0, 0.0, 0.0, 0.0, 0.0, 0.0, 0.0, 0.0, 0.0, 0.0, 0.0, 0.0, 0.0, 0.0, 0.0, 0.0, 0.0, 0.0, 0.0, 0.0, 0.0, 0.0, 0.0, 0.0, 0.0], "val_acc": [0.42827170636283113, 0.42827170459642017, 0.42958300678147876, 0.4293207455628693, 0.4350904830243686, 0.45554681294645316, 0.47075793151776685, 0.48124835681421313, 0.48439548783436115, 0.48964070255381836, 0.5017046842820807, 0.5051140726128495, 0.5048518189053944, 0.5040650430655436, 0.5040650430655436, 0.5017046942396362, 0.49986886570936984, 0.49986887322052426, 0.504065035249566, 0.5038027779389453, 0.5030159886087172, 0.5022292202800207, 0.5035405122730446, 0.5040650445974751, 0.5061631304383621, 0.5059008731277415, 0.5056386137458867, 0.5056386137458867, 0.5056386176538755, 0.5056386134410636, 0.5061631302038828, 0.506425381464937, 0.5059008668436955, 0.5056386095330748, 0.5059008707516843, 0.5069499117181334, 0.5066876504995239, 0.5066876544075127, 0.5082612223288158, 0.5077366881676305, 0.5085234757314477, 0.5090479981686666, 0.5090479942606779, 0.509572512485085, 0.509047990047866, 0.5095725127899081, 0.5095725127899081, 0.510097035227127, 0.5093102515712986, 0.5093102515712986, 0.5085234718234589, 0.5090479864447004, 0.5093102572456983, 0.5098347640509622], "val_loss": [1.2724051536802166, 1.2019837603555275, 1.1300139010437136, 1.0915098035551263, 1.0348084943050042, 1.004250812461737, 0.9859090889028573, 0.9745132516851708, 0.971672461472438, 0.969719490712939, 0.9640898034699533, 0.9653209430352928, 0.9655689508965595, 0.9657202830409678, 0.9658001607057775, 0.9660988178366975, 0.9662385220418851, 0.9664707969343634, 0.9671228846445692, 0.9672114449850443, 0.9673063971381659, 0.9673934440865405, 0.968100453936269, 0.9684497124561637, 0.968938575965227, 0.9690013463935482, 0.9695738185711993, 0.9696056616453246, 0.9699100650204094, 0.970243313385688, 0.9710429610463224, 0.9713388434739492, 0.9714318652056723, 0.971480256830211, 0.9715518572184785, 0.9717499605476966, 0.9718378539351756, 0.9720084846035377, 0.9728969408088302, 0.9731773667031625, 0.9734133682693673, 0.9735833103501075, 0.9736547866206515, 0.9737728171982604, 0.9739459020523084, 0.9742660562478742, 0.9743241861114782, 0.9743622893146602, 0.9753402682261113, 0.9753668795662417, 0.9762254040478222, 0.9765871260818333, 0.9772687811192459, 0.9779064874776605], "val_f1_score_pos": [0.5897837650297572, 0.5900393894673519, 0.5911894221647249, 0.5912726249495985, 0.5933892069418162, 0.5995469851472576, 0.6004256544668406, 0.6007431064444891, 0.5991450083746611, 0.5997151170944937, 0.5749276279934179, 0.5768537926229942, 0.575635569445142, 0.5736374341844418, 0.5735312619454399, 0.5704066374781499, 0.566562146659664, 0.5661812304449995, 0.5672102302914681, 0.5668288731149823, 0.565373801228383, 0.5640600697906067, 0.5633357910699742, 0.5624530710887634, 0.5633141223195653, 0.5629060657637781, 0.5599270143472646, 0.5599270143472646, 0.5591220155557622, 0.5584560088401012, 0.5575630679050518, 0.5574764451297787, 0.5567000840800096, 0.5562535807306673, 0.5563302320224733, 0.5566962933308991, 0.5560080965078631, 0.5555071001630614, 0.5555883198155839, 0.5546655811383097, 0.554779084764251, 0.5552606818527804, 0.5549860831136125, 0.5550813696811495, 0.553719224562146, 0.5539082661095236, 0.5539082661095236, 0.5542337546785016, 0.5525224854744172, 0.5525224854744172, 0.5496735819643512, 0.5500081136193514, 0.5489975752994328, 0.5484523952335565], "f1_score_neu": [0.0, 0.0, 0.0, 1.0, 1.0, 1.0, 1.0, 1.0, 1.0, 1.0, 1.0, 1.0, 1.0, 1.0, 1.0, 1.0, 1.0, 1.0, 1.0, 1.0, 1.0, 1.0, 1.0, 1.0, 1.0, 1.0, 1.0, 1.0, 1.0, 1.0, 1.0, 1.0, 1.0, 1.0, 1.0, 1.0, 1.0, 1.0, 1.0, 1.0, 1.0, 1.0, 1.0, 1.0, 1.0, 1.0, 1.0, 1.0, 1.0, 1.0, 1.0, 1.0, 1.0, 1.0], "val_f1_score_neg": [0.2161537749409957, 0.21485664303725452, 0.22703722009516875, 0.21368303102065722, 0.21709089916724092, 0.20679311784911963, 0.1850610967894536, 0.17654465750903242, 0.1681531846499837, 0.16593004187870425, 0.15888732634611777, 0.15952758191687336, 0.15689866614488676, 0.15721203799467215, 0.15721203799467215, 0.15214970652009133, 0.15214970652009133, 0.15214970652009133, 0.15214970652009133, 0.15214970652009133, 0.14936666553285596, 0.14936666553285596, 0.14936666553285596, 0.14936666553285596, 0.14936666553285596, 0.14936666553285596, 0.14936666553285596, 0.14936666553285596, 0.14936666553285596, 0.14936666553285596, 0.14936666553285596, 0.14936666553285596, 0.14936666553285596, 0.14936666553285596, 0.14936666553285596, 0.14936666553285596, 0.14936666553285596, 0.14936666553285596, 0.14936666553285596, 0.14936666553285596, 0.14936666553285596, 0.14936666553285596, 0.14936666553285596, 0.14936666553285596, 0.14936666553285596, 0.14936666553285596, 0.14936666553285596, 0.14936666553285596, 0.14936666553285596, 0.14936666553285596, 0.14950842880261653, 0.14676259186850613, 0.14676259186850613, 0.14676259186850613],