{"1": {"val_loss": [1.079327117261879, 1.0588311972719398, 0.9330504449089775, 0.8801416843199461, 0.8515098622831309, 0.8078823520103653, 0.7941254293890472, 0.7726182451468266, 0.7359747739092058, 0.7726016209846465, 0.7714557802617753, 0.9579859407842862, 0.7454011103252147, 0.9041784791348645, 0.7378618216189443, 0.7227710415583535, 0.7735563675593805, 0.6976634479869609, 0.7227792803490222, 0.8705383574684367, 0.7893074372137997, 0.756155828588002, 0.7596266855413195, 0.7994819152645949, 0.6796996429183494, 0.8597247895530412, 0.8699667802514788, 0.8306298429278792, 0.7453790653761747, 0.749183466889056, 0.7151219622531714, 0.9377106583371676, 0.8401016139496413, 0.843897745361048, 0.8133120125996419, 0.7881149265542919, 0.9232607183261334, 0.7926488706767325, 0.7539103230778513, 0.8039277650976694, 0.8944493326933216, 0.8003047865862112, 0.8511411799022666, 0.9895464802488642, 0.7831372589287157, 0.9303771462022805, 0.8485835619307928, 1.387382490879402, 1.1937005908164708, 0.9844366393156825, 1.0880740826566984, 1.0029636013392167, 0.8767214810601252, 1.0080525936681455, 0.9017691045272641, 0.9496173626351725, 0.9048492190502085, 1.0913354988770945, 0.9510084644190571, 1.0602894524967705, 0.8672481696498759, 1.0624047896069801, 1.0616574195186015, 0.9806929596008793, 1.0576320696840003, 1.3286533534542457, 1.1932036567478395, 1.1402476522636764, 1.0635566574802493, 0.9687578548854835], "val_f1_score_neu": [0.603318587238633, 0.6086230658184285, 0.6237651815634526, 0.6652932527838746, 0.5823414024486336, 0.6712000429427064, 0.6980067268150734, 0.7064269556794115, 0.6918734277667193, 0.7149340284486596, 0.7116447977590773, 0.6648355414321533, 0.7241391870345839, 0.6789869925590003, 0.7446311016643012, 0.7333053043593329, 0.7138102031616973, 0.741210942736705, 0.6837683377414746, 0.7106495605282918, 0.7113810871143276, 0.7379020384187746, 0.729522392470287, 0.7183367472885476, 0.7120593499862207, 0.710826502661051, 0.7068242520414373, 0.7147651072752748, 0.7230075119581555, 0.7239803923980289, 0.7091522879435451, 0.7067627298716264, 0.7102532401004864, 0.7096618787841537, 0.7136464187738122, 0.7188859603519425, 0.7067549183179224, 0.5632161024265204, 0.7119885003694923, 0.7019347044041612, 0.7119808534828034, 0.6966887939141987, 0.6974420949695556, 0.7042599309000355, 0.652454659643681, 0.7095716650048923, 0.6540248037916514, 0.6749395829875294, 0.6805652680279481, 0.7027557032833004, 0.6932180598124162, 0.6923410675983994, 0.6857945944204313, 0.6877748810210129, 0.6291660840918378, 0.6922075288707804, 0.6883192641698186, 0.6900953728165365, 0.6365559450478933, 0.6929403716986992, 0.6877447138487933, 0.6971212311301243, 0.6945229577730561, 0.6368452847207152, 0.6682266756333362, 0.6871633217492943, 0.6918925227157219, 0.697362344361277, 0.7099322097807333, 0.664455366985022], "f1_score_pos_neg": [0.06323631282430142, 0.20728371308983437, 0.27232060400170405, 0.3491708034915583, 0.3744110761742507, 0.431724720501474, 0.4656847957521677, 0.49244011007249355, 0.5359524775828634, 0.521128182166389, 0.53787136955985, 0.5569591567452464, 0.5639296570526702, 0.5864281215305839, 0.6018763157938208, 0.5792468248733452, 0.5988486813647407, 0.6095776432859046, 0.6182307994791439, 0.6284077784844807, 0.6347690812711205, 0.6654986930744988, 0.6516068636306694, 0.6526910880846637, 0.6782230665641171, 0.6665796669466155, 0.6695185633642333, 0.7003040148743561, 0.6865853300052029, 0.7113745425428663, 0.7180309215826648, 0.7244264808084283, 0.7139884592699153, 0.743660959814276, 0.7424095571041107, 0.747321164767657, 0.7679972547505584, 0.7815353519150189, 0.7722469153148788, 0.7895941941865853, 0.8062961218612534, 0.8043712340295315, 0.8106683976948261, 0.812720064073801, 0.8209567059363637, 0.8244196772575378, 0.8322655675666673, 0.8312020147485393, 0.8420345602290971, 0.8512715473771095, 0.8517345983002867, 0.8757243512996605, 0.8591515570878983, 0.8755616316837924, 0.8744386083313397, 0.855382793716022, 0.8853006527892181, 0.8969248762088162, 0.8929459766617843, 0.8769927855048861, 0.9035186991095543, 0.920278051601989, 0.9010131949824947, 0.8882717378437519, 0.9133377245494297, 0.8983632278229509, 0.9014256064380918, 0.9061333643538612, 0.9051080319498267, 0.9131872691214085], "f1_score_neg": [0.013469827494450979, 0.02978640309135829, 0.14394653578554945, 0.21210716912589436, 0.23004307875609292, 0.32058174124852357, 0.36330909581322757, 0.3832559375025864, 0.4518988470413855, 0.4397191813082567, 0.4430510607947196, 0.470716211080019, 0.504600643579449, 0.5078297853469849, 0.5374683403809156, 0.5056363429341998, 0.5344993307122162, 0.562649163084903, 0.566606287711433, 0.5808800312557391, 0.5737703993384328, 0.6365073144968066, 0.6128170862793922, 0.6036565740193639, 0.6446572129747697, 0.6153066953910249, 0.6186277025512287, 0.6624539776572159, 0.6535695048847369, 0.6841699749763522, 0.6921049870018449, 0.7043339519628457, 0.6941005004835981, 0.712770335908447, 0.7404586941535983, 0.7222815095114389, 0.7626769877970219, 0.77188987684037, 0.7576433465416942, 0.77282157620149, 0.8088389608476844, 0.7966840634388583, 0.8049411608704499, 0.8108527686979089, 0.8371299169957638, 0.8097703999706677, 0.8205697754664081, 0.825040189815419, 0.8394677019012826, 0.8602771503584725, 0.832804734153407, 0.8946529334144933, 0.8760202926184449, 0.8721963268305574, 0.8702171040432793, 0.8489105658871787, 0.8971624528723103, 0.9142871131854398, 0.882771546287196, 0.8730826702501092, 0.9171285906008312, 0.92110989349229, 0.8954126574099064, 0.8898546317858356, 0.9117645184908595, 0.9030901209584304, 0.9006631794784751, 0.9019295700958797, 0.9024369541023459, 0.9066728933581284], "f1_score_pos": [0.11300279748892146, 0.3847810223399262, 0.40069467088739785, 0.4862344396699752, 0.5187790701165795, 0.5428677001701934, 0.5680604938949857, 0.6016242873987981, 0.6200060993432999, 0.6025371793657541, 0.632691680852856, 0.6432021047387805, 0.6232586545603616, 0.6650264550532613, 0.6662842902754035, 0.6528573254389423, 0.6631980506437165, 0.6565061259482589, 0.6698553168347904, 0.6759355307689735, 0.6957677751779556, 0.6944900772401265, 0.6903966463037899, 0.701725611197097, 0.7117889214839254, 0.7178526398326669, 0.7204094172588417, 0.7381540520914963, 0.7196011697607381, 0.7385791125042098, 0.7439568548330239, 0.7445189936884812, 0.7338764196527856, 0.7745515810591834, 0.7443604224494526, 0.7723608261772564, 0.7733175243650164, 0.7911808373672622, 0.7868504851524319, 0.8063668108412197, 0.8037532828748226, 0.8120583966374397, 0.8163956478238106, 0.8145873530634812, 0.8047835001988071, 0.8390689476260117, 0.8439613559416362, 0.8373638354241848, 0.8446014236126628, 0.8422659268336636, 0.8706644794770649, 0.8567957622664315, 0.8422828284757478, 0.878926939197949, 0.8786600982504231, 0.8618550215448652, 0.8734388500452042, 0.8795626472149577, 0.9031204150191375, 0.8809029034205845, 0.8899087996355125, 0.9194462176944528, 0.9066137362803731, 0.8866888396441936, 0.9149109162390232, 0.8936363570392132, 0.9021880504276071, 0.9103371639336858, 0.907779120440994, 0.9197016369019236],