{"f1_score": [0.46030415747103653, 0.6068350517804855, 0.6549995894012386, 0.6694592148348156, 0.6818685227868738, 0.6993693756471723, 0.6999196505534977, 0.7158597814987502, 0.7343537048820507, 0.7404201157244342, 0.730043576171211, 0.7494369835538236, 0.7583477454929783, 0.7688244245593171, 0.7737489779326506, 0.7854123252341848, 0.7861424904944339, 0.7775770894750145, 0.8135595887993595, 0.8071216044853762, 0.8015268632103688, 0.8157144234819828, 0.8280391070838685, 0.8435469776239819, 0.8229895926524681, 0.8377103990167126, 0.8647324794288856, 0.8526121519094774, 0.8545923491275546, 0.8715998761096837, 0.877891198637536, 0.8579848754907391, 0.8940335855471256, 0.9035837652183002, 0.8792923658455836, 0.8889444164919094, 0.9004924013873767, 0.8853601932293766, 0.9166226647875763, 0.9172421060511586, 0.8920137534430217, 0.9182111550183184, 0.9058910302080553, 0.9266866642919271, 0.9123240505840376, 0.9367431639581593, 0.9301361600586947, 0.9300579539534821, 0.9317897902391787, 0.9428680180170054, 0.9378526072098685, 0.9320553490172446, 0.9261466300809236, 0.9425753935131748, 0.9353574380340177, 0.9483127360821582, 0.9524431499923606, 0.9158211450289265, 0.9414111678396847, 0.9598243300450449, 0.9528326922427585], "loss": [0.9294746377854749, 0.7519770011889103, 0.7027853169697438, 0.6732489136689601, 0.6538254176645768, 0.6303300101218535, 0.6388660188779731, 0.5998888219356421, 0.5682347806706325, 0.5576686329166877, 0.5781925445689269, 0.5440315537982516, 0.529015615462909, 0.49703573041550003, 0.49861663371259324, 0.48780040212886744, 0.47808643908156345, 0.4889474012629701, 0.43593862287586055, 0.44443552232617567, 0.44588336522434857, 0.43630606884536677, 0.4012091280102237, 0.383795177019225, 0.40025025166330214, 0.39541771236980106, 0.3404339970955152, 0.3570676440091832, 0.33481056782093876, 0.3116968545257509, 0.302026917689217, 0.3387830808755113, 0.2704395435020462, 0.2570668233736513, 0.2977317974330038, 0.2911590212037202, 0.25890158108484707, 0.2826519974052486, 0.21860936779683737, 0.21226329991714873, 0.26677969923397354, 0.2120950032897799, 0.2514131824929089, 0.19739200155969203, 0.23080403920930578, 0.1805340321342817, 0.1887320556288185, 0.17700003379892035, 0.19292764814917895, 0.1584107402703955, 0.1564761100098248, 0.17433361368380176, 0.1999955044272692, 0.15036470637381177, 0.18912171093493868, 0.13898022079044614, 0.12484510125555669, 0.2131591607387878, 0.16318234181407013, 0.11993431717831231, 0.12655320317241475], "val_loss": [0.7623288218599275, 0.714319620221861, 0.7221310715521535, 0.6645996382847378, 0.6907317495990106, 0.6617632696017673, 0.6765507731323882, 0.6471611822398666, 0.6736277222883473, 0.6418092399327548, 0.660475488991491, 0.6537676717770434, 0.6421376739216076, 0.6745069757271963, 0.6572062969207764, 0.6424879080005559, 0.7455119185175072, 0.668532440114015, 0.6593901080438668, 0.7895324874230641, 0.771999920396207, 0.6926458678219283, 0.8145767780635853, 0.8723055855545696, 0.7258365018112028, 0.7667046454113485, 0.8931247542888012, 0.8243224906727551, 0.7408622031820874, 0.9167197477214142, 0.8333414437231228, 0.8733601928726444, 0.8745046369272238, 1.1400270819382625, 0.8783049403667575, 0.8505012465061055, 0.7944889038746481, 0.8139451512695141, 0.8908632794390693, 1.1129181291561192, 0.9770229043780491, 0.8955618728811022, 1.0511363770059485, 1.218273379250583, 0.841029380911015, 1.0493194640792638, 0.9665339212701479, 1.0303076684803216, 1.2054484838142565, 1.0012987117394667, 1.2896929509115131, 1.0878554811135008, 1.0840498289660523, 1.206229904083764, 1.086169898244236, 1.2105217367340315, 1.1639785785985186, 1.201882664781526, 1.0009490000491938, 1.3211202740575458, 1.0365177538962056], "f1_score_neu": [0.5334566193842233, 0.7159338649421199, 0.733933357739721, 0.7396219142764959, 0.7541884647620266, 0.7609117626564189, 0.7574536263754326, 0.7790130627378478, 0.7854246272386903, 0.7864293228701724, 0.7802760355698056, 0.7880920394041403, 0.8007314818026577, 0.8135770628001897, 0.8055829848218307, 0.82376264502699, 0.8246846458873058, 0.8157972099570616, 0.8420982325190093, 0.8315482323777783, 0.8293848564350602, 0.8369101212316263, 0.850083213840237, 0.8616899249619183, 0.8526531687595535, 0.8475663040259909, 0.8861282408136015, 0.8649805318749852, 0.878104546036478, 0.8850941312246418, 0.8897703809660483, 0.8803639156726222, 0.9114640129908083, 0.9151025153904856, 0.8900119592724361, 0.9046269521323718, 0.9105292899371527, 0.8982612894539587, 0.9271200475917661, 0.9268351715033634, 0.9082393274961119, 0.9281406589386789, 0.9114868070648559, 0.93678103681901, 0.9187929987646558, 0.9413068992448729, 0.9369020307408961, 0.9386138683132902, 0.9353310054391369, 0.9514481843662702, 0.9510857036245324, 0.947175215448801, 0.9323871677558903, 0.9493627347506777, 0.9375145014492288, 0.958124253035693, 0.9599020369088247, 0.93225481341768, 0.9472252735249932, 0.963125315788973, 0.9607616177939626], "acc": [0.5662533422470557, 0.6726233906158124, 0.6985168873234848, 0.709457814939811, 0.7214928230983104, 0.7315827931564799, 0.7302455655594623, 0.7500607768404725, 0.7625820599215587, 0.764648668339384, 0.7563822099596168, 0.77036226550767, 0.7810600525759561, 0.7949185531532971, 0.7926087965647611, 0.8065888650684556, 0.8058594661474285, 0.8000243161097368, 0.8288353942706004, 0.8198395362017423, 0.8170435294280689, 0.8267687818820303, 0.8415998016544539, 0.8521760209702878, 0.840384146809549, 0.8405057130838408, 0.8739362953354372, 0.8598346679482528, 0.8687089616992077, 0.8783126718192793, 0.8830537344456995, 0.8717481147306783, 0.9025042559756811, 0.9079747131031388, 0.8869438352533828, 0.8960612691755918, 0.9048140007824089, 0.893751521108216, 0.9211038216140593, 0.9224410467329843, 0.9018964330094474, 0.921833209274982, 0.9071237540088545, 0.9324094248954148, 0.9146608230466539, 0.9383661541195644, 0.9327741299062757, 0.9336250894353131, 0.931436900005067, 0.9463894965003478, 0.9452954037995805, 0.9387308507396912, 0.9287624666211439, 0.9456601023760962, 0.9354485790862267, 0.9531971779786668, 0.9566010058056604, 0.9260880107025204, 0.9427425305889148, 0.9607342567114595, 0.9563578894153987], "f1_score_pos_neg": [0.4237279083471996, 0.5522856119483049, 0.6155326690025756, 0.6343778391084965, 0.6457085249750335, 0.66859815613707, 0.6711526283984807, 0.68428312919159, 0.7088182139014085, 0.717415467857474, 0.7049273092498056, 0.7301094274639127, 0.7371558575858578, 0.7464480782668144, 0.7578319618077629, 0.766237141788658, 0.7668713801915182, 0.758467008489024, 0.7992902236381297, 0.7949082462450839, 0.7875978376144857, 0.8051165476089958, 0.8170170067813372, 0.8344755019696415, 0.8081577920925289, 0.8327823997616275, 0.8540345705717751, 0.8464279276826739, 0.8428362174217294, 0.8648527259957666, 0.8719515666282296, 0.8467953201630618, 0.885318346464689, 0.8978243613225713, 0.8739325357068927, 0.8811031368101655, 0.895473918252811, 0.878909610699135, 0.9113739625166548, 0.9124455352841634, 0.8839009412297825, 0.9132463597567332, 0.903093121853473, 0.9216394320967248, 0.9090895275840092, 0.934461285445976, 0.9267532113924126, 0.9257799651597847, 0.9300191564598195, 0.938577915090092, 0.9312360426992968, 0.9244953805647307, 0.9230263485631426, 0.939181675796175, 0.9342788730750489, 0.9434069449989111, 0.9487136767318062, 0.9076042828436985, 0.9385040904552201, 0.9581737955092456, 0.948868179738652],