{"val_acc": [0.5510571405418918, 0.5510571405418918, 0.5510571405418918, 0.5510571405418918, 0.5510571405418918, 0.5510571405418918, 0.5510571405418918, 0.5510571405418918, 0.5510571405418918, 0.5510571405418918, 0.5510571405418918, 0.5510571405418918, 0.5510571405418918, 0.5510571405418918, 0.5510571405418918, 0.5510571405418918, 0.5510571405418918, 0.5510571405418918, 0.5510571405418918, 0.5510571405418918, 0.5510571405418918, 0.5510571405418918, 0.5510571405418918, 0.5510571405418918, 0.5510571405418918, 0.5510571405418918, 0.5510571405418918, 0.5510571405418918, 0.5510571405418918, 0.5510571405418918, 0.5510571405418918, 0.5510571405418918, 0.5510571405418918, 0.5510571405418918, 0.5510571405418918, 0.5510571405418918, 0.5510571405418918, 0.5510571405418918, 0.5510571405418918, 0.5510571405418918, 0.5510571405418918, 0.5510571405418918, 0.5510571405418918, 0.5510571405418918, 0.5510571405418918, 0.5510571405418918, 0.5510571405418918, 0.5510571405418918, 0.5510571405418918, 0.5510571405418918, 0.5510571405418918, 0.5510571405418918], "f1_score": [0.22929046861827374, 0.24285438148812813, 0.24270848388021643, 0.24279672584750436, 0.24283473803238434, 0.2428080900148912, 0.24282607334581288, 0.24284151636741377, 0.24282866072925655, 0.2428807087919929, 0.2428124760362235, 0.24284542148763483, 0.2428578267043287, 0.24283406849611888, 0.24285126612945038, 0.2428055012767965, 0.24277522922916847, 0.2428168427537788, 0.24281093275005167, 0.2428707978264852, 0.24275304851206866, 0.24273497916080736, 0.24283198233355174, 0.242847895080393, 0.2428696318106218, 0.24282564426010306, 0.2428638135845011, 0.24282499910755592, 0.24277885630726814, 0.242844184352593, 0.24281306666406718, 0.24279134856028992, 0.24286593598398296, 0.24286403913389554, 0.2428000301799991, 0.24284128777005456, 0.2428586371243, 0.24282193996689536, 0.24280665103684773, 0.24283124133944511, 0.24285500157963147, 0.24286941201849419, 0.2428583844818852, 0.24277937479994513, 0.24280645291913638, 0.24281119521368633, 0.24284668402238327, 0.24284019388935782, 0.24273106760599397, 0.24281660907647826, 0.2428596392273903, 0.2660742195492441], "acc": [0.5318181833082979, 0.5731818228960037, 0.5731818242506548, 0.5731818228960037, 0.5731818323785608, 0.5731818201867017, 0.5731818296692588, 0.5731818107041445, 0.5731818134134467, 0.5731818120587956, 0.5731818215413527, 0.5731818107041445, 0.5731818242506548, 0.5731818310239098, 0.5731818201867017, 0.5731818201867017, 0.5731818215413527, 0.5731818134134467, 0.5731818134134467, 0.5731818256053057, 0.5731818093494936, 0.5731818188320507, 0.5731818147680976, 0.5731818215413527, 0.5731818188320507, 0.5731818093494936, 0.5731818188320507, 0.5731818174773996, 0.5731818134134467, 0.5731818147680976, 0.5731818147680976, 0.5731818188320507, 0.5731818228960037, 0.5731818120587956, 0.5731818174773996, 0.5731818228960037, 0.5731818120587956, 0.5731818134134467, 0.5731818215413527, 0.5731818147680976, 0.5731818215413527, 0.5731818147680976, 0.5731818215413527, 0.5731818161227487, 0.5731818120587956, 0.5731818093494936, 0.5731818228960037, 0.5731818161227487, 0.5731818161227487, 0.5731818256053057, 0.5731818242506548, 0.5575000101869757], "val_loss": [0.9857023021309321, 0.9847052500583651, 1.008020531257101, 0.9882570057370027, 0.9827669735594049, 0.9810208479027142, 0.9879468376444526, 0.98553552109542, 0.9882504341573368, 0.9842007309265411, 0.9858002793504695, 0.9871789544110249, 0.9852259937192854, 0.9876237645430228, 0.9857806959937297, 0.9842019768593497, 0.986743804199761, 0.9856928389618325, 0.9884148006014496, 0.9905689526290653, 0.9864653213786693, 0.9921599547175529, 0.9852267055429964, 0.9850071783919513, 0.9883367780410005, 0.981264002302773, 0.9846098961403281, 0.9811991949742086, 0.9807294236610883, 0.9826756004701581, 0.9942689610664447, 0.9892019792231578, 0.9850994674568503, 0.9947232372633145, 0.9854804174459254, 0.9777408509012069, 0.9877424614417676, 0.9946394893321914, 1.028140250380598, 1.0496799060475757, 0.9825942499166772, 1.0577774026937652, 1.0240094810255036, 1.0026680326547592, 1.021237439096805, 1.0128689272898144, 1.0616529990679715, 0.9946041098597669, 0.9774766346918159, 1.064946983668164, 1.037627914173883, 1.0785112431389332], "loss": [1.0180422907525843, 0.9785426028750159, 0.9802545661276038, 0.9800407493656332, 0.9788111055439169, 0.9793676449493929, 0.976855756206946, 0.9781848219307986, 0.9782941422679208, 0.9769208498976447, 0.9781428575515747, 0.9779736955057491, 0.9775298847393556, 0.9777556007558649, 0.9762725193392147, 0.9786674068732695, 0.9802354235540737, 0.9769828698851846, 0.9772709879008207, 0.9759272025390104, 0.9780462682247162, 0.9744284762577577, 0.977650681679899, 0.9752448417923667, 0.9741654653440822, 0.9789640239693902, 0.9741489670493386, 0.9743259887803685, 0.9753648300062526, 0.9712525633248416, 0.9710977104577151, 0.9732335182753477, 0.9644760489463806, 0.969936956058849, 0.9748875309120525, 0.9631294093348763, 0.9597450819882479, 0.9597651592709802, 0.9501474282958291, 0.9713581624356183, 0.9567484706640244, 0.9373596269976009, 0.9285563745281913, 0.9593471722169356, 0.9265692870725285, 0.9143133596940474, 0.9088449586521495, 0.9105654982003298, 0.8948770382187583, 0.8722167258912866, 0.8627822588790547, 0.8465593132105741], "val_f1_score_neg": [0.0, 0.0, 0.0, 0.0, 0.0, 0.0, 0.0, 0.0, 0.0, 0.0, 0.0, 0.0, 0.0, 0.0, 0.0, 0.0, 0.0, 0.0, 0.0, 0.0, 0.0, 0.0, 0.0, 0.0, 0.0, 0.0, 0.0, 0.0, 0.0, 0.0, 0.0, 0.0, 0.0, 0.0, 0.0, 0.0, 0.0, 0.0, 0.0, 0.0, 0.0, 0.0, 0.0, 0.0, 0.0, 0.0, 0.0, 0.0, 0.0, 0.0, 0.0, 0.0], "val_f1_score": [0.2367351456263341, 0.2367351456263341, 0.2367351456263341, 0.2367351456263341, 0.2367351456263341, 0.2367351456263341, 0.2367351456263341, 0.2367351456263341, 0.2367351456263341, 0.2367351456263341, 0.2367351456263341, 0.2367351456263341, 0.2367351456263341, 0.2367351456263341, 0.2367351456263341, 0.2367351456263341, 0.2367351456263341, 0.2367351456263341, 0.2367351456263341, 0.2367351456263341, 0.2367351456263341, 0.2367351456263341, 0.2367351456263341, 0.2367351456263341, 0.2367351456263341, 0.2367351456263341, 0.2367351456263341, 0.2367351456263341, 0.2367351456263341, 0.2367351456263341, 0.2367351456263341, 0.2367351456263341, 0.2367351456263341, 0.2367351456263341, 0.2367351456263341, 0.2367351456263341, 0.2367351456263341, 0.2367351456263341, 0.2367351456263341, 0.2367351456263341, 0.2367351456263341, 0.2367351456263341, 0.2367351456263341, 0.2367351456263341, 0.2367351456263341, 0.2367351456263341, 0.2367351456263341, 0.2367351456263341, 0.2367351456263341, 0.2367351456263341, 0.2367351456263341, 0.2367351456263341], "val_f1_score_pos": [0.0, 0.0, 0.0, 0.0, 0.0, 0.0, 0.0, 0.0, 0.0, 0.0, 0.0, 0.0, 0.0, 0.0, 0.0, 0.0, 0.0, 0.0, 0.0, 0.0, 0.0, 0.0, 0.0, 0.0, 0.0, 0.0, 0.0, 0.0, 0.0, 0.0, 0.0, 0.0, 0.0, 0.0, 0.0, 0.0, 0.0, 0.0, 0.0, 0.0, 0.0, 0.0, 0.0, 0.0, 0.0, 0.0, 0.0, 0.0, 0.0, 0.0, 0.0, 0.0], "f1_score_neu": [0.6468960632337257, 0.7285631231286309, 0.7281254448673942, 0.7283901558680967, 0.7285041958093643, 0.7284242483702573, 0.7284782014109872, 0.7285245345397429, 0.7284859689799222, 0.7286421128294684, 0.7284374182874506, 0.7285362495617433, 0.7285734550519423, 0.7285021855072542, 0.7285537814552133, 0.7284164808013223, 0.7283256744796579, 0.7284505218267441, 0.7284327799623663, 0.7286123782396317, 0.7282591326670214, 0.7282049208879471, 0.7284959337928079, 0.7285436716946688, 0.7286088818853552, 0.7284769280390306, 0.728591425852342, 0.7284749841148203, 0.7283365577459335, 0.728532536463304, 0.7284391752698205, 0.7283740287477319, 0.7285977900028229, 0.728592105887153, 0.7284000692042437, 0.7285238450223749, 0.7285759015516802, 0.72846581177278, 0.7284199378707192, 0.728493718938394, 0.7285649884830822, 0.7286082181063566, 0.7285751334645532, 0.7283381210132078, 0.7284193472428755, 0.7284335710785605, 0.7285400317473845, 0.7285205735401674, 0.7281931828368794, 0.7284498092803088, 0.7285789061676372, 0.7116588313471187],