{"1": {"val_f1_score_pos_neg": [0.2553162598841277, 0.5113220607674781, 0.42849458073681806, 0.49687181158763605, 0.5636033671376839, 0.6116769553606447, 0.5514198833020878, 0.622726656775946, 0.5288639892720188, 0.6216867227051598, 0.5744646744499237, 0.6142014894402937, 0.5980152604525526, 0.6162824888351924, 0.6094526314779182, 0.6166682205048878, 0.6179861269877585, 0.3892508491955809, 0.6127183800790368, 0.5147645725623661, 0.6074231718895224, 0.5366083475007118, 0.616027616216478, 0.5906553492594854, 0.6083882134354024, 0.6105538999318388, 0.5428462343956272, 0.5893408916861311, 0.593716222018105, 0.6131303591925799, 0.602210565920799, 0.4119913300097286, 0.6189809779685655, 0.6164918082172465, 0.5518951012711184, 0.4661025663795291, 0.5514935419342507, 0.5605242399290231, 0.6133563241213287, 0.6091237942315199, 0.6008328237841206, 0.6140413417486015, 0.5617915388951925, 0.6071044316511907, 0.594938940711763, 0.5892859528516804, 0.5974652392483433, 0.5953038748311709, 0.6175732627303901, 0.5866193453564658, 0.5523250583992084, 0.5950012178581092, 0.5880089771269251, 0.604267384259994, 0.5700069751259288, 0.5759271595254833, 0.5961292792329506, 0.5085867197845603, 0.5702548718283629], "loss": [1.1308595495564597, 0.9123665562697819, 0.7954003385135106, 0.8449881779296058, 0.843062454036304, 0.7535889851195472, 0.6626732583556857, 0.6906188172953469, 0.5870332547596523, 0.6183534094265529, 0.6372671914952142, 0.5470050254038402, 0.5333670633179801, 0.49341639557055067, 0.538858199758189, 0.44014514344079153, 0.48064967883484705, 0.532812591109957, 0.5183945670723915, 0.3679430122886385, 0.4065282621553966, 0.3783955456955092, 0.4362461247614452, 0.32665630855730604, 0.3276682496070862, 0.4426716033901487, 0.32448602680649075, 0.32365126269204275, 0.3052872823817389, 0.3171785090650831, 0.28498908983809607, 0.27201668971351217, 0.36051925644278526, 0.22035610037190573, 0.2491053662129811, 0.29470720354999813, 0.23806346952915192, 0.21683373781187193, 0.18523665304694856, 0.22877679552350724, 0.2614233185138021, 0.1707069490637098, 0.18432085561965192, 0.15869831985660962, 0.18390279795442308, 0.29623863473534584, 0.15696694595473154, 0.1258971845465047, 0.29014449034418377, 0.25493271223136355, 0.1514724644699267, 0.13271944198225225, 0.11816581258816379, 0.16871176473796368, 0.11453964042344264, 0.1497184785881213, 0.1650785274271454, 0.19642702197389944, 0.17297061213425227], "f1_score_neu": [0.2840814771396773, 0.5751308277249336, 0.6786906846932003, 0.5906017789883273, 0.6049899445580584, 0.6520654090813228, 0.7480987118823188, 0.6998313984700612, 0.7702772723776954, 0.7564346087830407, 0.7396264682923045, 0.7984342809234347, 0.7954680025577545, 0.8217647267239434, 0.7833120226860046, 0.8407944802727018, 0.8213913717440197, 0.7808431195361274, 0.8006679947887149, 0.8680656382015773, 0.8568171603339059, 0.8653552979230881, 0.8350252445255008, 0.8877538910933903, 0.8886617060218539, 0.8098583774907249, 0.891437000461987, 0.8831978163548878, 0.8969652461154121, 0.8913618837084089, 0.8961714846747262, 0.9087384279285159, 0.8652084342070988, 0.9293760721172605, 0.9216974718230111, 0.8973517694643566, 0.9248545233692441, 0.9310622087546757, 0.9426332541874477, 0.9268101794379098, 0.9054354833705085, 0.948941530925887, 0.9431996196508408, 0.9439336402075631, 0.9394496445144925, 0.8994893836123603, 0.9535498597792217, 0.9581720211676189, 0.8911194247858865, 0.9050290137529373, 0.9514150449207851, 0.9582530387810299, 0.9683877740587506, 0.9406451114586422, 0.9581347427197865, 0.9511046026434217, 0.9515642502478191, 0.9348026556628091, 0.9452197062117713], "f1_score_neg": [0.24803846116576875, 0.27581080155713217, 0.3576163202524185, 0.436791581766946, 0.40361992535846575, 0.4450248197785446, 0.5490631280200822, 0.5442346004503114, 0.615353850381715, 0.6014592445322445, 0.6101868131331035, 0.6515440429959979, 0.6945188279662814, 0.6749626036201205, 0.6779794033084597, 0.7523256476436343, 0.688935039298875, 0.6737639307975769, 0.7072296227727618, 0.8052664931331363, 0.8138046967131751, 0.7602249660662243, 0.7274134776421955, 0.8192892989942006, 0.8590686768293381, 0.8184620652879987, 0.8480815653290067, 0.8348730717386518, 0.8669611492327282, 0.8586845142500741, 0.8616109426532473, 0.8605556998934064, 0.855577888233321, 0.9042730735880988, 0.9113842674664089, 0.8649838417768478, 0.8758807395185743, 0.9023641007287162, 0.9061666045870099, 0.8980763916458402, 0.8958917324032102, 0.9157556337969643, 0.9136780606848853, 0.9382427568946566, 0.9134511798620224, 0.8205913241420474, 0.9243317182574954, 0.9418931241546359, 0.9088175637381417, 0.8877206380878176, 0.9580596025500979, 0.9453486289296832, 0.9531336043562207, 0.923602357506752, 0.959316971046584, 0.944108356322561, 0.9280606167657035, 0.9194056966475078, 0.9110658977712903], "val_f1_score_neg": [0.01707005832581704, 0.3517016187962853, 0.29837068784840304, 0.32048554799389783, 0.4880621706348312, 0.5278238296008566, 0.4255107857019233, 0.5421968026014878, 0.3666810352846671, 0.5397743278840318, 0.48271742304447535, 0.5330046162560266, 0.5160488247902663, 0.5350244314127196, 0.5270889465214229, 0.5359899965040396, 0.5578575942293102, 0.2581653908235083, 0.5440659326516578, 0.44488226789800384, 0.5230820385014764, 0.4279173546705914, 0.540213199666001, 0.5255889011717455, 0.5459873065559563, 0.5315867809370187, 0.49458963715307924, 0.5216880695669163, 0.5017932533373709, 0.5326465256971353, 0.5442511161074625, 0.34359072573598276, 0.5454962170877514, 0.5405166713609303, 0.514995463510964, 0.3012686069911151, 0.40469474995539567, 0.42273745472244223, 0.5270394819507503, 0.5193780848994332, 0.5276893528777722, 0.5222274237594484, 0.4839322843202731, 0.5290838268808015, 0.5083823122129083, 0.4959923189642421, 0.5379436318248456, 0.5066576538641184, 0.5477310761891416, 0.5089713854018141, 0.4313153305330084, 0.5265433212730974, 0.49602309618914125, 0.5209229374038182, 0.4710707316366106, 0.4964796918256996, 0.5081411160698658, 0.4305501740231403, 0.4722485666727726], "val_f1_score_neu": [0.6366671006760196, 0.5368845908075313, 0.6794519141031131, 0.6539156786763322, 0.2901686393789441, 0.6711817536334056, 0.6966422830327051, 0.6539012027043168, 0.6779491371474428, 0.6253896172578773, 0.7015813736661726, 0.6898753623026986, 0.7099572994594588, 0.6953322409708107, 0.6725569627837125, 0.6237264009026008, 0.43760884091074376, 0.67729375251722, 0.6928085887210125, 0.6987845338675847, 0.6842279717142489, 0.7075332932168343, 0.5524997916741851, 0.6903237480364414, 0.4287434997300354, 0.6858820900997089, 0.6967987705333759, 0.6941635818141294, 0.6183031633586168, 0.6496370786167398, 0.686276012116644, 0.6731768831036206, 0.6874744470213894, 0.6943025301048645, 0.6972130733839396, 0.6881191279204724, 0.6681467392236393, 0.6857194497208254, 0.6707909199593106, 0.6317326018980973, 0.6768407305644436, 0.6573206704181228, 0.691822862112394, 0.6564242615025718, 0.6420112497188148, 0.6426810469803709, 0.6907508641973806, 0.6422622432991366, 0.5479506588094728, 0.6910451378623488, 0.6827247957372928, 0.6754612651610356, 0.6692664362363168, 0.6371079650007768, 0.6733306593979996, 0.6831690338756542, 0.6296101316454027, 0.6848685908530161, 0.6765887415255895],