{"f1_score_pos": [0.313278391957283, 0.5532532383998235, 0.5538141280412674, 0.554069941242536, 0.5537440826495489, 0.5536393225193024, 0.5538321187098821, 0.5537865112225214, 0.5541555136442184, 0.5541798323392868, 0.5537339051564535, 0.5540623317162195, 0.5538481225570043, 0.5538099010785421, 0.5540249993403753, 0.5541234960158666, 0.5532573759555817, 0.554043173789978, 0.5541906803846359, 0.553604265054067, 0.5533742854992548, 0.554063101609548, 0.5541749646266302, 0.5537464469671249, 0.5539385577042898, 0.5540651629368464, 0.5540437251329422, 0.5539396305878957, 0.5540623317162195, 0.5541555136442184, 0.5539535780747732, 0.5538008113702139, 0.5535835971434911, 0.5540343473354975, 0.5538732707500458, 0.5539769679307938, 0.5541654179493586, 0.5541654278834661, 0.5541697939236959, 0.5541497568289439, 0.554180641969045, 0.5542006889979044, 0.5536214460929235, 0.554063101609548, 0.4674249142408371, 0.0, 0.0, 0.0, 0.0, 0.0, 0.0, 0.0], "val_f1_score_pos": [0.5833714594998574, 0.5833714594998574, 0.5833714594998574, 0.5833714594998574, 0.5833714594998574, 0.5833714594998574, 0.5833714594998574, 0.5833714594998574, 0.5833714594998574, 0.5833714594998574, 0.5833714594998574, 0.5833714594998574, 0.5833714594998574, 0.5833714594998574, 0.5833714594998574, 0.5833714594998574, 0.5833714594998574, 0.5833714594998574, 0.5833714594998574, 0.5833714594998574, 0.5833714594998574, 0.5833714594998574, 0.5833714594998574, 0.5833714594998574, 0.5833714594998574, 0.5833714594998574, 0.5833714594998574, 0.5833714594998574, 0.5833714594998574, 0.5833714594998574, 0.5833714594998574, 0.5833714594998574, 0.5833714594998574, 0.5833714594998574, 0.5833714594998574, 0.5833714594998574, 0.5833714594998574, 0.5833714594998574, 0.5833714594998574, 0.5833714594998574, 0.5833714594998574, 0.5833714594998574, 0.5833714594998574, 0.5833714594998574, 0.0, 0.0, 0.0, 0.0, 0.0, 0.0, 0.0, 0.0], "val_f1_score_neg": [0.0, 0.0, 0.0, 0.0, 0.0, 0.0, 0.0, 0.0, 0.0, 0.0, 0.0, 0.0, 0.0, 0.0, 0.0, 0.0, 0.0, 0.0, 0.0, 0.0, 0.0, 0.0, 0.0, 0.0, 0.0, 0.0, 0.0, 0.0, 0.0, 0.0, 0.0, 0.0, 0.0, 0.0, 0.0, 0.0, 0.0, 0.0, 0.0, 0.0, 0.0, 0.0, 0.0, 0.0, 0.0, 0.0, 0.0, 0.0, 0.0, 0.0, 0.0, 0.0], "val_f1_score": [0.1944571611467322, 0.1944571611467322, 0.1944571611467322, 0.1944571611467322, 0.1944571611467322, 0.1944571611467322, 0.1944571611467322, 0.1944571611467322, 0.1944571611467322, 0.1944571611467322, 0.1944571611467322, 0.1944571611467322, 0.1944571611467322, 0.1944571611467322, 0.1944571611467322, 0.1944571611467322, 0.1944571611467322, 0.1944571611467322, 0.1944571611467322, 0.1944571611467322, 0.1944571611467322, 0.1944571611467322, 0.1944571611467322, 0.1944571611467322, 0.1944571611467322, 0.1944571611467322, 0.1944571611467322, 0.1944571611467322, 0.1944571611467322, 0.1944571611467322, 0.1944571611467322, 0.1944571611467322, 0.1944571611467322, 0.1944571611467322, 0.1944571611467322, 0.1944571611467322, 0.1944571611467322, 0.1944571611467322, 0.1944571611467322, 0.1944571611467322, 0.1944571611467322, 0.1944571611467322, 0.1944571611467322, 0.1944571611467322, 0.20035252584705757, 0.20035252584705757, 0.20035252584705757, 0.20035252584705757, 0.20035252584705757, 0.20035252584705757, 0.20035252584705757, 0.20035252584705757], "val_f1_score_neu": [0.0, 0.0, 0.0, 0.0, 0.0, 0.0, 0.0, 0.0, 0.0, 0.0, 0.0, 0.0, 0.0, 0.0, 0.0, 0.0, 0.0, 0.0, 0.0, 0.0, 0.0, 0.0, 0.0, 0.0, 0.0, 0.0, 0.0, 0.0, 0.0, 0.0, 0.0, 0.0, 0.0, 0.0, 0.0, 0.0, 0.0, 0.0, 0.0, 0.0, 0.0, 0.0, 0.0, 0.0, 0.6010575536008335, 0.6010575536008335, 0.6010575536008335, 0.6010575536008335, 0.6010575536008335, 0.6010575536008335, 0.6010575536008335, 0.6010575536008335], "f1_score_neg": [0.059055120994647346, 0.0, 0.0, 0.0, 0.0, 0.0, 0.0, 0.0, 0.0, 0.0, 0.0, 0.0, 0.0, 0.0, 0.0, 0.0, 0.0, 0.0, 0.0, 0.0, 0.0, 0.0, 0.0, 0.0, 0.0, 0.0, 0.0, 0.0, 0.0, 0.0, 0.0, 0.0, 0.0, 0.0, 0.0, 0.0, 0.0, 0.0, 0.0, 0.0, 0.0, 0.0, 0.0, 0.0, 0.0, 0.0, 0.0, 0.0, 0.0, 0.0, 0.0, 0.0], "f1_score_neu": [0.2537313600381215, 0.0, 0.0, 0.0, 0.0, 0.0, 0.0, 0.0, 0.0, 0.0, 0.0, 0.0, 0.0, 0.0, 0.0, 0.0, 0.0, 0.0, 0.0, 0.0, 0.0, 0.0, 0.0, 0.0, 0.0, 0.0, 0.0, 0.0, 0.0, 0.0, 0.0, 0.0, 0.0, 0.0, 0.0, 0.0, 0.0, 0.0, 0.0, 0.0, 0.0, 0.0, 0.0, 0.0, 0.11824084096588194, 0.6516560167074203, 0.6514062732458115, 0.6511282920837402, 0.6516718020041784, 0.6513911187648773, 0.6516615698734919, 0.6513868570327759], "f1_score": [0.208688293894132, 0.18441775192817053, 0.18460471431414285, 0.18468998620907465, 0.1845813679198424, 0.1845464458068212, 0.18461070706446966, 0.18459550788005194, 0.18471850951512656, 0.18472661450505257, 0.1845779741803805, 0.18468744804461798, 0.18461604292194048, 0.18460330863793692, 0.18467500805854797, 0.18470783407489458, 0.18441912904381752, 0.18468106289704642, 0.18473023176193237, 0.18453475708762804, 0.1844580980638663, 0.18468770136435828, 0.18472499400377274, 0.1845821551978588, 0.18464619169632593, 0.18468839675188065, 0.1846812479197979, 0.18464654932419458, 0.18468744804461798, 0.18471850951512656, 0.1846511997282505, 0.18460027873516083, 0.18452787150939307, 0.18467812364300093, 0.18462442855040231, 0.18465899303555489, 0.184721810122331, 0.1847218150893847, 0.184723270436128, 0.1847165934741497, 0.18472688272595406, 0.1847335658967495, 0.18454048285881677, 0.18468770136435828, 0.1952219232916832, 0.2172186772028605, 0.21713542938232422, 0.21704276899496713, 0.21722393979628882, 0.21713037664691606, 0.21722053115566572, 0.21712895731131235], "val_loss": [9.473027796061245, 9.473027796061245, 9.473027796061245, 9.473027796061245, 9.473027796061245, 9.473027796061245, 9.473027796061245, 9.473027796061245, 9.473027796061245, 9.473027796061245, 9.473027796061245, 9.473027796061245, 9.473027796061245, 9.473027796061245, 9.473027796061245, 9.473027796061245, 9.473027796061245, 9.473027796061245, 9.473027796061245, 9.473027796061245, 9.473027796061245, 9.473027796061245, 9.473027796061245, 9.473027796061245, 9.473027796061245, 9.473027796061245, 9.473027796061245, 9.473027796061245, 9.473027796061245, 9.473027796061245, 9.473027796061245, 9.473027796061245, 9.473027796061245, 9.473027796061245, 9.473027796061245, 9.473027796061245, 9.473027796061245, 9.473027796061245, 9.473027796061245, 9.473027796061245, 9.473027796061245, 9.473027796061245, 9.473027796061245, 9.473027796061245, 9.185581788534009, 9.185581788534009, 9.185581788534009, 9.185581788534009, 9.185581788534009, 9.185581788534009, 9.185581788534009, 9.185581788534009], "val_f1_score_pos_neg": [0.2916857297499287, 0.2916857297499287, 0.2916857297499287, 0.2916857297499287, 0.2916857297499287, 0.2916857297499287, 0.2916857297499287, 0.2916857297499287, 0.2916857297499287, 0.2916857297499287, 0.2916857297499287, 0.2916857297499287, 0.2916857297499287, 0.2916857297499287, 0.2916857297499287, 0.2916857297499287, 0.2916857297499287, 0.2916857297499287, 0.2916857297499287, 0.2916857297499287, 0.2916857297499287, 0.2916857297499287, 0.2916857297499287, 0.2916857297499287, 0.2916857297499287, 0.2916857297499287, 0.2916857297499287, 0.2916857297499287, 0.2916857297499287, 0.2916857297499287, 0.2916857297499287, 0.2916857297499287, 0.2916857297499287, 0.2916857297499287, 0.2916857297499287, 0.2916857297499287, 0.2916857297499287, 0.2916857297499287, 0.2916857297499287, 0.2916857297499287, 0.2916857297499287, 0.2916857297499287, 0.2916857297499287, 0.2916857297499287, 0.0, 0.0, 0.0, 0.0, 0.0, 0.0, 0.0, 0.0],