{"val_loss": [0.8090645612896255, 0.7754893517075265, 0.7366799513029983, 0.7337741227310035, 0.7289245371552174, 0.6968354181045314, 0.6847449614562108, 0.7661913674614919, 0.7022880108344596, 0.6841067435733296, 0.7065064175967435, 0.7571032244390682, 0.6835824120960741, 0.7074033169336217, 0.729849812007782, 0.7012230943826875, 0.7081063053691102, 0.6969758730499944, 0.6909271694842893, 0.8577185159526157, 0.7362378194767941, 0.7557996359829386, 0.9495090545083543, 0.7484533659842206, 0.8400597382711045, 0.8628442613371332, 0.8928255030497959, 0.9158863708193209, 0.8296346081513105, 1.263822353358285, 1.0809103641927695, 1.0495748609312243, 0.9220704126789474, 0.9919690333293112, 0.832333925309345, 0.8477593751176273, 0.969301143594217, 1.0856986856823232, 1.0993736158228908, 0.9488165844246499, 1.3824127357899596, 1.1693195109913863, 1.1641770704130847, 1.1042724527963779, 0.9813706041038928, 1.2192400420959497, 0.9908944752752202, 1.2598409634576893, 1.1324967194066222, 1.1397434064105774, 1.372271549879895, 1.3283765366657057, 1.1259435686326045, 1.125305890505501, 1.2036017479310035, 1.3580292880988452, 1.1915432820944156, 1.224385051473432, 1.2137951647050418, 1.3138901790295752, 1.221730294078784, 1.4096580818510418, 1.1878996809229836, 1.1859127429724052], "acc": [0.5282500013709068, 0.6345000006258488, 0.6448750011622906, 0.6481250002980232, 0.6589999943971634, 0.6736250035464764, 0.6834999956190586, 0.6901250034570694, 0.6979999989271164, 0.7061249949038029, 0.7197500020265579, 0.7193749994039536, 0.7319999933242798, 0.7414999976754189, 0.7446249946951866, 0.752374991774559, 0.7575000002980232, 0.7774999961256981, 0.7772500030696392, 0.7828750051558018, 0.794000007212162, 0.7921249978244305, 0.8118749968707561, 0.8121250011026859, 0.8226250000298023, 0.820250004529953, 0.8233749978244305, 0.8516249991953373, 0.8348750062286854, 0.8605000041425228, 0.8536249957978725, 0.8697500042617321, 0.8788750022649765, 0.86387500166893, 0.877750001847744, 0.8927499987185001, 0.9052499942481518, 0.9112499989569187, 0.8859999999403954, 0.9164999946951866, 0.9016249999403954, 0.9157499931752682, 0.9230000041425228, 0.9273749999701977, 0.9240000024437904, 0.930125005543232, 0.9214999973773956, 0.9358750022947788, 0.9327500015497208, 0.9328749999403954, 0.9508750028908253, 0.9486249946057796, 0.9188749976456165, 0.9488749988377094, 0.9410000033676624, 0.9532499983906746, 0.9514999985694885, 0.953999999910593, 0.9562499932944775, 0.9499999955296516, 0.9533749967813492, 0.95762500166893, 0.9569999948143959, 0.9491249993443489], "val_f1_score_pos_neg": [0.44943672963368, 0.4674588623961032, 0.5275686845171649, 0.49264291196928667, 0.5207676597070482, 0.5794250646226524, 0.609596220864857, 0.47077223179442285, 0.5885785522812343, 0.6138282464208985, 0.5646556410425578, 0.5305537786769516, 0.6696356200434047, 0.6060249618023298, 0.614765501822695, 0.6468373329783874, 0.6110755483090581, 0.6619352671908106, 0.6544549545527693, 0.5340904624575303, 0.6207072174896132, 0.6129163880533288, 0.5212116558392967, 0.6566838253022741, 0.5647319574978856, 0.6129264458564521, 0.5286028378127974, 0.5519038387836823, 0.621988124557283, 0.4650177594841918, 0.5278038208546553, 0.5108753354834534, 0.5900402331708643, 0.5532994847925448, 0.6378565643704722, 0.6354913272602553, 0.5969033496072841, 0.5491507838568348, 0.576703867823503, 0.642795215527154, 0.4807336256474671, 0.5414014112095866, 0.565673410048361, 0.5930337722051997, 0.6363153902839682, 0.5609525735066252, 0.6316220242927746, 0.5662866507556974, 0.6110870973225375, 0.5731008738130839, 0.5604387391685908, 0.5627149276273193, 0.6032892966908231, 0.6110723069137455, 0.5675049822317344, 0.5307473649729777, 0.586314312216806, 0.6096001886614908, 0.5945132534053111, 0.555492314037425, 0.6031434636493695, 0.6154067949019422, 0.603271116773944, 0.6032146954830319], "val_f1_score_neu": [0.6663403213258619, 0.6869639495586493, 0.6900949820801869, 0.7019162064864196, 0.7064109053663028, 0.718232339819116, 0.7200278018423181, 0.7020733493724396, 0.7202786525309383, 0.7238848552189878, 0.7064340830537049, 0.714291543933059, 0.6899074109057695, 0.7213188527044961, 0.7252715881059028, 0.7282764533201979, 0.7126479849488974, 0.7024543704931547, 0.7154283812750739, 0.7085883701032083, 0.7041192562474436, 0.7213123841858461, 0.7062211633353855, 0.6728778901045134, 0.6956442778047351, 0.7100506115547478, 0.700657502375592, 0.701912691500629, 0.7098563108549261, 0.6941574254656225, 0.7055221037573305, 0.6936589124913669, 0.6918341875263877, 0.7107974949422047, 0.6970987994152512, 0.678801319197723, 0.6961433123391725, 0.6426869514199214, 0.7079224504888011, 0.662518711297055, 0.6882750182179307, 0.702192120513921, 0.7044724155341487, 0.6986641676883012, 0.6385645237833129, 0.7055727375200843, 0.6725719467630044, 0.7050816910397559, 0.7036902232961707, 0.6990169708478053, 0.7057500497393805, 0.6999101011014629, 0.6952067596562853, 0.6927449726195527, 0.7010410219673219, 0.6961993479272246, 0.6972490119365079, 0.6933173363114353, 0.6968265624925467, 0.6960668229944212, 0.6651383580231085, 0.5223190544347516, 0.6957038100891904, 0.6856653777564444], "val_f1_score": [0.5217379411936994, 0.5406272602837885, 0.5817441463532986, 0.5624007087287832, 0.5826487510403779, 0.6256941781718056, 0.6464067582786474, 0.5478726147417318, 0.6324786062225594, 0.6505138067914031, 0.6119151389758293, 0.5917997281131799, 0.676392899296148, 0.6444562916645628, 0.6516008847597043, 0.6739837425823697, 0.6449330574785228, 0.6754416512467559, 0.6747794526004116, 0.5922564593569488, 0.6485112476717791, 0.6490484111864924, 0.5828815073032815, 0.6620818719818872, 0.608369412257732, 0.6453011814390553, 0.5859544056936915, 0.6019068036903523, 0.65127753301646, 0.5413976637766238, 0.5870432621720517, 0.5718032065383287, 0.6239715512893721, 0.6057988345357274, 0.6576039864733686, 0.6499280189236036, 0.6299833638943808, 0.5803295304823385, 0.6204434136158833, 0.6493697408269217, 0.5499141009154671, 0.5949983315739206, 0.6119397478156161, 0.6282439291117669, 0.6370651082920021, 0.6091593173179857, 0.6452720277646443, 0.6125516876316496, 0.6419548294283479, 0.6150729217899461, 0.6088758746126397, 0.6084466736178494, 0.6339284682755328, 0.638296551289222, 0.6120170085035594, 0.58589803637903, 0.6232925662993134, 0.6375059227820866, 0.6286177216881753, 0.6023504999782543, 0.6238084414672451, 0.5843775780407925, 0.6340820265979301, 0.6306982708983992], "val_acc": [0.6278520813302171, 0.6333595510545816, 0.6619459728603128, 0.6556517168695833, 0.6616837198328478, 0.6902701333536427, 0.6947285677859578, 0.6451612887281212, 0.6824023046894959, 0.6957776048444182, 0.6889588221333142, 0.665355372141266, 0.7002360229569722, 0.6881720436829267, 0.6868607342915368, 0.6994492511032698, 0.6955153432506418, 0.7002360325393606, 0.7010228171174745, 0.6493574537506824, 0.6855494403914145, 0.6894833441015744, 0.64568582027877, 0.6842381208079898, 0.6768948230066857, 0.6666666719502675, 0.6682402338220039, 0.670338312691039, 0.6792551820246279, 0.6296879018881864, 0.654340415981977, 0.6580120652265321, 0.6763702975837633, 0.6677157083209219, 0.6808287258883521, 0.6753212700295317, 0.6792551863077836, 0.6488329451790076, 0.65617622129879, 0.6753212676534746, 0.6170993928924309, 0.6661421445420869, 0.665093109390725, 0.6614214589268774, 0.6587988442865658, 0.6632572726693142, 0.6698137937866419, 0.6559139856696911, 0.6774193586216428, 0.6747967434498446, 0.6551271770339984, 0.6543404021164329, 0.6787306445651, 0.6771571007013759, 0.6543404142155661, 0.6425386704924598, 0.6666666688864042, 0.6624705061773725, 0.6664043983198856, 0.6640440554810171, 0.6648308436544805, 0.6123787005398488, 0.6763703059312274, 0.6708628386610798],