{"val_f1_score": [0.5116644459323498, 0.5937267246597744, 0.6570283501535271, 0.6653330516477536, 0.626760509581257, 0.6365573627255328, 0.6902806262722361, 0.6168570573518134, 0.6494998997382657, 0.6676163803771384, 0.6525340286290399, 0.6938757165942079, 0.641160399401685, 0.6578912859728353, 0.6603399206420865, 0.633151136981575, 0.5929050208888841, 0.6252322730635396, 0.6074169174504974, 0.6318481018810237, 0.6069452636610202, 0.6471809280096875, 0.641731663995173, 0.6757304920882589, 0.584652260442184, 0.48564743576730107, 0.6517650041247552, 0.6781664970600789, 0.6618009183214869, 0.650135431582303, 0.6520013877203106, 0.5989027410049999, 0.6538143698199352, 0.6709114795996703, 0.6556137211517246, 0.6473171122268588, 0.6640312279611943, 0.5805227869675599, 0.6473025425100088, 0.631438689581403, 0.6611834975355665, 0.594658895924496, 0.6310852501231669, 0.6231947517319986, 0.6191952902596046, 0.6408539884771352, 0.6260852179375965, 0.6408743646055453, 0.6189956993935398, 0.6444479350245846, 0.6720068029396934, 0.6360615307097356, 0.6165951490402222, 0.6298520772312683, 0.6246183754545542, 0.6284581687454786, 0.6279472744811904, 0.5909477830902348, 0.6254050399948848, 0.630378271037126, 0.6571527489551621, 0.6344696280995661, 0.645955766838678], "val_f1_score_neu": [0.6714641313805468, 0.6995501942500773, 0.7006575271835047, 0.6781568353706978, 0.718643756385491, 0.7212357463218895, 0.7206721406516958, 0.7142560944731017, 0.7284246080821498, 0.7305306460861768, 0.72699812297711, 0.7114128271738688, 0.7243191550917867, 0.6183589039873083, 0.7271748916107996, 0.7199553193115606, 0.7092313118691274, 0.7168023857956572, 0.7129415359329496, 0.7189078068376806, 0.7133138692976139, 0.7245234931793983, 0.7233523818535533, 0.729981892868005, 0.708224627373258, 0.6701130101507553, 0.7214930116301785, 0.7233734608415603, 0.7124108777032447, 0.7198843620531896, 0.7149684754938646, 0.7106707889265255, 0.71821815719637, 0.7188993387418627, 0.7171055200748359, 0.7151756181418036, 0.7168423363989243, 0.702010529984835, 0.635501728825703, 0.7138702587102174, 0.7009638416901555, 0.7070569313951218, 0.712643874588833, 0.7132324327829782, 0.7119002835412305, 0.7129444510737273, 0.7137063300550187, 0.7125707675614696, 0.7108001776514421, 0.7087241814513547, 0.702292210609307, 0.7079647659880265, 0.7085598268566436, 0.7105134568782169, 0.7103193251285658, 0.7108374614900659, 0.7052199154302826, 0.6998647031526443, 0.7124304774080772, 0.7149222106124484, 0.7047043532453557, 0.6085522341159207, 0.7175402144043895], "f1_score_pos": [0.5682824701070786, 0.6605332891146342, 0.7116614331801733, 0.7092081507047018, 0.7236827164888382, 0.721292108297348, 0.7319900989532471, 0.7531694521506628, 0.7347784688075384, 0.7757264276345571, 0.7538740833600363, 0.7842074284950892, 0.7918802400430044, 0.8067112416028976, 0.8199096868435541, 0.7955284317334493, 0.8025696575641632, 0.8454310248295466, 0.8638094415267309, 0.8333856612443924, 0.8101721853017807, 0.8528911471366882, 0.8416529099146525, 0.8857491264740626, 0.8547039031982422, 0.8532669991254807, 0.8691619286934534, 0.9032367120186487, 0.860052247842153, 0.9085572212934494, 0.9099848469098409, 0.9366337358951569, 0.891295333703359, 0.9127388149499893, 0.9254502306381861, 0.9332379698753357, 0.8911212335030237, 0.9397193739811579, 0.9161402434110641, 0.9243793189525604, 0.9403255581855774, 0.9059895972410837, 0.9479320297638575, 0.920094221830368, 0.9540377656618754, 0.9489703377087911, 0.926733394463857, 0.9370543112357458, 0.9555678764979044, 0.9540211459000906, 0.9530223309993744, 0.9120531578858694, 0.9517535120248795, 0.9530480702718099, 0.9640109141667684, 0.961056133111318, 0.9483481844266256, 0.9621187994877497, 0.9530842304229736, 0.9621570656696955, 0.9552735586961111, 0.9622403929630915, 0.9170751372973124], "f1_score_pos_neg": [0.4443220521012942, 0.5757556358973185, 0.6362492392460505, 0.6531384537617365, 0.6646608908971151, 0.6710515568653742, 0.6909881830215454, 0.7099893490473429, 0.707496702671051, 0.7284431954224905, 0.7245554824670156, 0.7384879191716512, 0.7588522185881933, 0.7697138885656992, 0.7822316835323969, 0.7607382337252299, 0.785904531677564, 0.7949012964963913, 0.8255025893449783, 0.8353375196456909, 0.8231694996356964, 0.8165384183327357, 0.8397672524054846, 0.8394505232572556, 0.8615817675987879, 0.848071446021398, 0.8757453411817551, 0.8974111924568812, 0.8542311688264211, 0.8880334496498108, 0.9046623359123865, 0.9118221004803976, 0.8975750704606374, 0.908025806148847, 0.9167387833197912, 0.9202755242586136, 0.8895508348941803, 0.93253925939401, 0.9102115631103516, 0.9229836612939835, 0.9359360039234161, 0.9137053738037745, 0.9454505145549774, 0.8979166646798452, 0.9462181031703949, 0.9489370584487915, 0.9282114058732986, 0.9433012952407202, 0.9561013678709666, 0.9524691750605901, 0.9535836776097616, 0.9079319636027018, 0.9503231197595596, 0.9521756966908773, 0.9568023482958475, 0.9563812216122946, 0.9497242867946625, 0.9520062605539957, 0.9503377576669058, 0.9584418535232544, 0.9160017321507136, 0.9577608009179434, 0.9289229164520899], "val_acc": [0.5921846394178719, 0.6608969388657157, 0.6834513651177291, 0.6847626486069694, 0.6782061330077218, 0.6703383259469369, 0.7078415846655821, 0.6587988425983146, 0.6902701334318025, 0.702071866275068, 0.6860739569197544, 0.7083660992868235, 0.6842381334542416, 0.6687647525075536, 0.6923682129104838, 0.6734854467047064, 0.6483084233514349, 0.6601101434859209, 0.6564384918653087, 0.6648308423570283, 0.6572252794291259, 0.6863362220463526, 0.6766325698385331, 0.6965643826851593, 0.6456858129317511, 0.5735641088411935, 0.6858116996091337, 0.6994492510251101, 0.6782061268799955, 0.6915814427450326, 0.684238134673534, 0.6530291167826219, 0.6774193501960191, 0.694466296609793, 0.6884342996960952, 0.6653553636374825, 0.6860739526365986, 0.6354576388963589, 0.660372417038143, 0.6611591973956289, 0.688172043604767, 0.6506687619071478, 0.6635195371081064, 0.6661421410092649, 0.6561762405260948, 0.6776816189961267, 0.6658798800251349, 0.6716496135786453, 0.6546026780447121, 0.6789929083942461, 0.6886965593827731, 0.6664044163278979, 0.6511932812805036, 0.6611591804662215, 0.6572252793509661, 0.6624704887008467, 0.6587988544786004, 0.6336218125076705, 0.6629950129044766, 0.6690270170245057, 0.6789929133652077, 0.6504065076603903, 0.6740099643116513], "val_loss": [0.8914714011657029, 0.7492728770764019, 0.7015288002279028, 0.693167528517128, 0.7203939989611698, 0.7620958328841084, 0.670404089410068, 0.8172104702107149, 0.7239090525475569, 0.6915425650878995, 0.739157786136095, 0.6676363562024424, 0.744784275518763, 0.7234210082467322, 0.7399634633700803, 0.7992976849203562, 0.8761858138986813, 0.9308642651538914, 0.9423668746900721, 0.9094391876151172, 0.9405549876557977, 0.8005526728933952, 0.8586314291019875, 0.8123242080821286, 1.0263859095174497, 1.4793819330697169, 0.8426412294269264, 0.8122837713250581, 0.8492500213322413, 0.85085521429316, 0.872296780386904, 1.1507085808111932, 0.9591571663171952, 0.8562432127520383, 0.8947183451501209, 1.0740501187837501, 0.8769844270208955, 1.3897082978835607, 0.9147326470421832, 1.089454901584202, 0.8999724538658286, 1.1826850652632175, 1.110894878892926, 1.117891752622961, 1.2385493369356342, 1.0592374347996405, 1.127406007468841, 1.05275514794559, 1.2744250137162527, 1.029856686200678, 0.9919111818239316, 1.0587704365502935, 1.3010374495528547, 1.2038482768061027, 1.2858843902824997, 1.2435532124562116, 1.1984893375577308, 1.5646582113424061, 1.2637654664226945, 1.2403080508116815, 1.0388237462248853, 1.1215741028786956, 1.1248277894412004],