{"1": {"f1_score_neg": [0.01992527903480963, 0.0, 0.0, 0.0, 0.0, 0.0, 0.0, 0.0, 0.0, 0.0, 0.0, 0.0, 0.0, 0.0, 0.0, 0.0, 0.0, 0.0, 0.0, 0.0, 0.0, 0.0, 0.0, 0.0, 0.0, 0.0, 0.0, 0.0, 0.0, 0.0, 0.0, 0.0, 0.0, 0.0, 0.0, 0.0, 0.0, 0.0, 0.0, 0.0, 0.0, 0.0, 0.0, 0.0, 0.0, 0.0, 0.0, 0.0, 0.0, 0.0, 0.0, 0.0], "val_acc": [0.4301075302894866, 0.4301075302894866, 0.4301075302894866, 0.4301075302894866, 0.4301075302894866, 0.4301075302894866, 0.4301075302894866, 0.4301075302894866, 0.4301075302894866, 0.4301075302894866, 0.4301075302894866, 0.4301075302894866, 0.4301075302894866, 0.4301075302894866, 0.4301075302894866, 0.4301075302894866, 0.4301075302894866, 0.4301075302894866, 0.4301075302894866, 0.4301075302894866, 0.4301075302894866, 0.4301075302894866, 0.4301075302894866, 0.4301075302894866, 0.4301075302894866, 0.4301075302894866, 0.4301075302894866, 0.4301075302894866, 0.4301075302894866, 0.4301075302894866, 0.4301075302894866, 0.4301075302894866, 0.4301075302894866, 0.4301075302894866, 0.4301075302894866, 0.4301075302894866, 0.4301075302894866, 0.4301075302894866, 0.4301075302894866, 0.4301075302894866, 0.4301075302894866, 0.4301075302894866, 0.4301075302894866, 0.4301075302894866, 0.4301075302894866, 0.4301075302894866, 0.4301075302894866, 0.4301075302894866, 0.4301075302894866, 0.4301075302894866, 0.4301075302894866, 0.4301075302894866], "acc": [0.45477271554144943, 0.49977271868423984, 0.4997727241028439, 0.4997727247801694, 0.49977272071621637, 0.4997727227481929, 0.4997727247801694, 0.49977272748947144, 0.4997727301987735, 0.49977272207086737, 0.49977272071621637, 0.49977272613482043, 0.49977273561737756, 0.4997727254574949, 0.4997727166522633, 0.4997727234255184, 0.4997727234255184, 0.4997727234255184, 0.49977272071621637, 0.4997727227481929, 0.4997727268121459, 0.4997727247801694, 0.4997727268121459, 0.4997727268121459, 0.4997727241028439, 0.49977272884412244, 0.49977272139354184, 0.49977272884412244, 0.49977272207086737, 0.49977273087609897, 0.49977272816679696, 0.49977272884412244, 0.49977273358540103, 0.49977271868423984, 0.49977272613482043, 0.49977272816679696, 0.49977272884412244, 0.49977272884412244, 0.4997727241028439, 0.49977271868423984, 0.49977273358540103, 0.49977272071621637, 0.4997727254574949, 0.4997727247801694, 0.49977272071621637, 0.4997727241028439, 0.49977272816679696, 0.49977272816679696, 0.4997727268121459, 0.4997727247801694, 0.49977272003889084, 0.49977272884412244], "f1_score_pos": [0.05881943485953591, 0.0, 0.0, 0.0, 0.0, 0.0, 0.0, 0.0, 0.0, 0.0, 0.0, 0.0, 0.0, 0.0, 0.0, 0.0, 0.0, 0.0, 0.0, 0.0, 0.0, 0.0, 0.0, 0.0, 0.0, 0.0, 0.0, 0.0, 0.0, 0.0, 0.0, 0.0, 0.0, 0.0, 0.0, 0.0, 0.0, 0.0, 0.0, 0.0, 0.0, 0.0, 0.0, 0.0, 0.0, 0.0, 0.0, 0.0, 0.0, 0.0, 0.0, 0.0], "f1_score_pos_neg": [0.039372356947172775, 0.0, 0.0, 0.0, 0.0, 0.0, 0.0, 0.0, 0.0, 0.0, 0.0, 0.0, 0.0, 0.0, 0.0, 0.0, 0.0, 0.0, 0.0, 0.0, 0.0, 0.0, 0.0, 0.0, 0.0, 0.0, 0.0, 0.0, 0.0, 0.0, 0.0, 0.0, 0.0, 0.0, 0.0, 0.0, 0.0, 0.0, 0.0, 0.0, 0.0, 0.0, 0.0, 0.0, 0.0, 0.0, 0.0, 0.0, 0.0, 0.0, 0.0, 0.0], "val_f1_score_neg": [0.0, 0.0, 0.0, 0.0, 0.0, 0.0, 0.0, 0.0, 0.0, 0.0, 0.0, 0.0, 0.0, 0.0, 0.0, 0.0, 0.0, 0.0, 0.0, 0.0, 0.0, 0.0, 0.0, 0.0, 0.0, 0.0, 0.0, 0.0, 0.0, 0.0, 0.0, 0.0, 0.0, 0.0, 0.0, 0.0, 0.0, 0.0, 0.0, 0.0, 0.0, 0.0, 0.0, 0.0, 0.0, 0.0, 0.0, 0.0, 0.0, 0.0, 0.0, 0.0], "val_f1_score_neu": [0.6010575536008335, 0.6010575536008335, 0.6010575536008335, 0.6010575536008335, 0.6010575536008335, 0.6010575536008335, 0.6010575536008335, 0.6010575536008335, 0.6010575536008335, 0.6010575536008335, 0.6010575536008335, 0.6010575536008335, 0.6010575536008335, 0.6010575536008335, 0.6010575536008335, 0.6010575536008335, 0.6010575536008335, 0.6010575536008335, 0.6010575536008335, 0.6010575536008335, 0.6010575536008335, 0.6010575536008335, 0.6010575536008335, 0.6010575536008335, 0.6010575536008335, 0.6010575536008335, 0.6010575536008335, 0.6010575536008335, 0.6010575536008335, 0.6010575536008335, 0.6010575536008335, 0.6010575536008335, 0.6010575536008335, 0.6010575536008335, 0.6010575536008335, 0.6010575536008335, 0.6010575536008335, 0.6010575536008335, 0.6010575536008335, 0.6010575536008335, 0.6010575536008335, 0.6010575536008335, 0.6010575536008335, 0.6010575536008335, 0.6010575536008335, 0.6010575536008335, 0.6010575536008335, 0.6010575536008335, 0.6010575536008335, 0.6010575536008335, 0.6010575536008335, 0.6010575536008335], "val_f1_score": [0.20035252584705757, 0.20035252584705757, 0.20035252584705757, 0.20035252584705757, 0.20035252584705757, 0.20035252584705757, 0.20035252584705757, 0.20035252584705757, 0.20035252584705757, 0.20035252584705757, 0.20035252584705757, 0.20035252584705757, 0.20035252584705757, 0.20035252584705757, 0.20035252584705757, 0.20035252584705757, 0.20035252584705757, 0.20035252584705757, 0.20035252584705757, 0.20035252584705757, 0.20035252584705757, 0.20035252584705757, 0.20035252584705757, 0.20035252584705757, 0.20035252584705757, 0.20035252584705757, 0.20035252584705757, 0.20035252584705757, 0.20035252584705757, 0.20035252584705757, 0.20035252584705757, 0.20035252584705757, 0.20035252584705757, 0.20035252584705757, 0.20035252584705757, 0.20035252584705757, 0.20035252584705757, 0.20035252584705757, 0.20035252584705757, 0.20035252584705757, 0.20035252584705757, 0.20035252584705757, 0.20035252584705757, 0.20035252584705757, 0.20035252584705757, 0.20035252584705757, 0.20035252584705757, 0.20035252584705757, 0.20035252584705757, 0.20035252584705757, 0.20035252584705757, 0.20035252584705757], "f1_score_neu": [0.5743013296953656, 0.6661316576329145, 0.6664113470099189, 0.6664073399522088, 0.6663645302707498, 0.6661661538210782, 0.6662344661625949, 0.6663166663863442, 0.6661356430162083, 0.6661906865510073, 0.6661997003988787, 0.6662548211487856, 0.6661178767681122, 0.6661729501052336, 0.66622640598904, 0.6660666086456992, 0.6660620515996759, 0.6661703898148104, 0.6659564863551747, 0.6663901724598624, 0.666131542487578, 0.6662434569813989, 0.6662545867941596, 0.6663284775885668, 0.6661864437840201, 0.666128392923962, 0.6660030877048319, 0.6660613417625427, 0.6663542891090567, 0.6663103401660919, 0.666087502782995, 0.6663218519904397, 0.6661958504806865, 0.6661922552368857, 0.66636623442173, 0.666078740900213, 0.6663942933082581, 0.6660603217103265, 0.6663604839281603, 0.6663807373155247, 0.6659841442650015, 0.6661432913758538, 0.666211178356951, 0.6661924733356996, 0.6662405837665905, 0.6660413958809592, 0.6657767973162911, 0.6662240732799877, 0.6660599329254844, 0.6661935448646545, 0.6657292693853378, 0.6662911881100048], "loss": [7.569276435808702, 8.062711282209916, 8.062745939601552, 8.062711574814536, 8.062711585651744, 8.062711412256414, 8.062711433930831, 8.062711466442455, 8.062711433930831, 8.062711466442455, 8.06271149895408, 8.062711574814536, 8.062711260535501, 8.059326616200535, 8.062711358070374, 8.062711607326161, 8.05932518568906, 8.062711260535501, 8.062711401419206, 8.06293324990706, 8.062933271581477, 8.062711390581997, 8.062711347233165, 8.062711759047074, 8.062712571837686, 8.059330387548966, 8.05932162024758, 8.059323798526417, 8.062712290070273, 8.06271137974479, 8.062711336395957, 8.062711423093623, 8.062711358070374, 8.062711531465704, 8.062712929465555, 8.062631021846425, 8.062711509791287, 8.062711390581997, 8.06161461093209, 8.062713558023626, 8.062719496813687, 8.062945355068553, 8.059318835085088, 8.062711390581997, 8.062711488116872, 8.062711184675043, 8.062711488116872, 8.062711401419206, 8.062711358070374, 8.062711390581997, 8.062711303884333, 8.06271155314012],