{"f1_score_pos": [0.5494751109865346, 0.6121135524255116, 0.6269218311141095, 0.6390306875267313, 0.6503896857277304, 0.6645137684477411, 0.6688961891829046, 0.6797907870032585, 0.694335922308295, 0.7011700960785099, 0.7122315269542359, 0.7255175880635958, 0.7188552762066602, 0.7378673885763516, 0.7454296923941737, 0.7551661050027478, 0.7641107897530938, 0.7622014202374211, 0.7819110559441647, 0.7862745029208196, 0.7967623259316454, 0.8003063865624649, 0.8178174520686697, 0.8180218112507135, 0.8239524022163325, 0.8331955558934492, 0.8351862964746228, 0.837795302968857, 0.8421871522795288, 0.8489633705780448, 0.8537901659185061, 0.8611230369478902, 0.8648723856723967, 0.8703148399362154, 0.8736231881525014, 0.8778689556869809, 0.8789759576369153, 0.8808622110604363, 0.8862374775895755, 0.8850399605743836, 0.8947047014836513, 0.8946607908615551, 0.8875894882084433, 0.9062135883876384, 0.9091941464331842, 0.9026087260153923, 0.9027344549657979, 0.9131055660908399, 0.9125336489094285, 0.9036112292169659, 0.9135302014347942, 0.914593359743888, 0.919250360719433, 0.9116377753033497, 0.9214621395661353, 0.918713213218104, 0.9198707952454688, 0.9267578651897997, 0.9185777438897212, 0.9249587618397811], "val_f1_score_pos": [0.6281611019241796, 0.640493426071823, 0.6698397769389124, 0.6450036890943478, 0.6750659651005738, 0.6628002952650924, 0.6877302748199987, 0.6318982500394268, 0.6716425527649115, 0.6618499856196318, 0.6830043865513513, 0.6757460043402703, 0.6603440434466177, 0.612492138753411, 0.6682227973810103, 0.6285605153958634, 0.6624999589604056, 0.6377160987992443, 0.6721138030100483, 0.6716202049652062, 0.6222799930732676, 0.6621861949499006, 0.6689562974241838, 0.6651942229894839, 0.5920689331260669, 0.6127593871858371, 0.603320311070606, 0.6610504048687921, 0.6307626978181765, 0.5799815984943109, 0.5399720360720286, 0.6213520624615565, 0.6224536033537127, 0.6496682499647296, 0.6145374738072809, 0.646048632089925, 0.6127791607415609, 0.5888298078605151, 0.63053503297701, 0.6232501181940318, 0.6369550876157418, 0.6348001181016194, 0.6259768665449924, 0.6246241872283633, 0.6223155284064493, 0.6260277373671858, 0.6395185418759701, 0.6359202928754784, 0.6081315833614946, 0.6425921240366308, 0.6072686043680839, 0.5855565637353962, 0.6045677980909806, 0.6167637975696101, 0.5819894448184607, 0.6458176636258197, 0.6373524267666353, 0.6277623026418494, 0.6470554490571158, 0.6375356116202983], "val_loss": [0.741556798941517, 0.7045775740240688, 0.7082725496531743, 0.681572704494597, 0.6835174836415268, 0.6687863469744642, 0.6883056516557944, 0.6841817366985306, 0.6916310672352765, 0.6652769506668271, 0.6789670232574295, 0.6708176189560922, 0.669234628719893, 0.7214796823956138, 0.7118910607176047, 0.7269661030706026, 0.6947941499798733, 0.7638452694512581, 0.7110062040414774, 0.7244501575457059, 0.7942132325070613, 0.7427273543143921, 0.8217279103612112, 0.7960195943428008, 0.9152730223707599, 0.8269533571624582, 0.8504726595904054, 0.8330950113560225, 0.862067567938986, 0.9574418108439386, 1.0084751792569253, 0.8950181701828641, 0.9003443558798716, 0.9060951708629873, 0.9662220428859392, 0.8893163715345043, 0.9883491551561011, 1.0066176625825887, 0.9989510809687676, 1.010259000914526, 0.9559149179758465, 0.975725620926831, 1.0725710605088195, 1.0087695661706704, 1.059696512736934, 0.9974419527137021, 1.0351843014931774, 1.2799830506546643, 1.0960293511459098, 1.0427987908280278, 1.100515770657642, 1.2666506614555932, 1.1868094029393672, 1.0762482645952085, 1.1363892690416209, 1.0745311574131355, 1.148177654416343, 1.154974528936464, 1.1049057409766752, 1.119095978102419], "acc": [0.6131310826233249, 0.66664496335716, 0.675173333045006, 0.6879984365031572, 0.6934344563465256, 0.703720583655647, 0.7136811953337373, 0.7148530295959096, 0.7284593628931354, 0.73383028114887, 0.739852218249437, 0.7514078313339455, 0.7515705846191124, 0.7640050812095238, 0.7689853847009364, 0.7759838542304643, 0.7839914066480871, 0.7851632431123775, 0.7965235486692106, 0.8023827360933683, 0.8085348840523642, 0.8153705947477756, 0.826014776486507, 0.8287165164656481, 0.8370495732514864, 0.8448292691859489, 0.8443084571542445, 0.8496142675264216, 0.8545945758780156, 0.8605188622802485, 0.8657270234577404, 0.8732137612146984, 0.8727905969807407, 0.8774453951144396, 0.8817095812776934, 0.8854854947995799, 0.8896520337277428, 0.8894567264716943, 0.8956739684903782, 0.8962273391591266, 0.899384786895172, 0.9063181525670412, 0.9026724400959119, 0.9108752991875254, 0.914521011377327, 0.9116565200629122, 0.9137723410968874, 0.920608054256343, 0.9197291785403119, 0.9145210102811183, 0.9211288682573425, 0.9233423398538383, 0.9277041743774944, 0.9199895833677963, 0.9285504982665563, 0.9292015214477184, 0.9313824398203064, 0.9316428499348147, 0.9319683545843581, 0.9337586651482133], "val_f1_score_neu": [0.7239650786737806, 0.7552802203580312, 0.7559682097523152, 0.760126233015531, 0.7553860304132444, 0.7651809432779403, 0.7556184907317115, 0.7650472397156144, 0.7325993957517669, 0.7672161014420557, 0.7611633339612345, 0.7604004696327764, 0.7656440647019956, 0.7672044322944187, 0.7329748032956271, 0.7511182882375758, 0.7588291028610292, 0.7663789766248572, 0.7440182400190525, 0.7462457877213625, 0.7380938537883472, 0.7378838029461531, 0.6999734146041557, 0.7382922693087927, 0.7479608431875574, 0.74876460941675, 0.7593641151923746, 0.7064248804483636, 0.7588010431888, 0.7533307825505555, 0.7504970411927793, 0.7552684172881238, 0.7567638339451275, 0.7264742789410036, 0.73270728691778, 0.7500875902709792, 0.7539410073144751, 0.7564341750496952, 0.7530295426857035, 0.7273951800458367, 0.7200747106848494, 0.707877941420885, 0.7594948012278487, 0.7464137487370526, 0.7496016621822461, 0.7320107552878264, 0.7289114841848685, 0.6286555001037597, 0.7437609862635617, 0.7437219648307817, 0.7463862037165154, 0.7122079894701309, 0.743125704129123, 0.7143245208249429, 0.7465961726673133, 0.715369707702147, 0.7446962491157014, 0.7380686393474449, 0.7385095181820247, 0.7483947381906841], "val_f1_score_neg": [0.5778569673796585, 0.5154436119070526, 0.47316341424357716, 0.5740449097361079, 0.5719042826468645, 0.5392630122676676, 0.5916311748635256, 0.487244562174004, 0.6362757815884482, 0.6013874875010806, 0.5051516589204589, 0.5560643248237711, 0.6139724853836207, 0.5360511551764992, 0.6321591057592406, 0.6219464844363599, 0.5982733515460205, 0.5209042240812543, 0.6105327566625116, 0.6251717717786301, 0.6208892470612964, 0.6249890631646046, 0.6151062650476299, 0.5564707211336266, 0.6120165626280414, 0.6118165845284935, 0.5631547632231065, 0.6068999838307568, 0.574769963348708, 0.5864116150394515, 0.534398354507489, 0.5761087411332451, 0.5530758377335807, 0.5409513107579662, 0.6108356268591223, 0.5062622600600615, 0.5690250126524932, 0.5331259176625884, 0.5226801790664662, 0.5952075798364685, 0.5969518505724561, 0.5839748586191049, 0.5584835042991981, 0.5699364840635144, 0.522572036165695, 0.6054749000415471, 0.5691160735340886, 0.5667733157725559, 0.5602406271577052, 0.5161332656995438, 0.5454864706972616, 0.5823209716649497, 0.5750729289779345, 0.590016322456569, 0.5516937128688314, 0.5926335687563454, 0.5821348415922178, 0.5817556361127157, 0.5830680531242399, 0.5526903512313052],