{"1": {"val_f1_score_neg": [0.042531110525735584, 0.5681322384696497, 0.49566052047623127, 0.4014223625904707, 0.4384803926083525, 0.27137796431591, 0.6315854710015658, 0.6454457159429147, 0.594206631561347, 0.6363551798731051, 0.569650280384963, 0.6528196417937865, 0.7063771728024888, 0.528023213563612, 0.6214014159560355, 0.37929635718748145, 0.6213140420436255, 0.38396335460236164, 0.42502836771639885, 0.6542460772625545, 0.5842767672091533, 0.6140946053129034, 0.6357199317753239, 0.5663502181588621, 0.5986717897827332, 0.4077098890855738, 0.5660794582808123, 0.41215252921608464, 0.5849758068569411, 0.2457020181515673, 0.6213218698936723, 0.5374590749976299, 0.6637877707850042, 0.6538396720197264, 0.2767460771915426, 0.4827733061763875, 0.5619805162850442, 0.5443370622524895, 0.27029019031385654, 0.5953942777539387, 0.6318415340664117, 0.39199548861524147, 0.5750991845614406, 0.5442982194390436, 0.6122605540755433, 0.6298055272591885, 0.5828881340032899, 0.45688111556951233, 0.6066010952449117, 0.5383261702813124, 0.6143025372871428, 0.5050865032524815, 0.5881189272582003, 0.5940797466440043, 0.4220300045605697, 0.6504767463838798, 0.6108562117595938, 0.49048445901641075, 0.5664359671836873, 0.5798275713231626, 0.6459581434197903, 0.5160877643429281, 0.49529443652910876, 0.5261296958524465], "val_f1_score_pos": [0.5828125771460878, 0.637483693725407, 0.6498575526347481, 0.6603257940144895, 0.7152336247369213, 0.633493794612256, 0.703371339500026, 0.6997170587305183, 0.6228735365341824, 0.6999567442671579, 0.6689954760410033, 0.6187640890875696, 0.708061532602564, 0.6537921017718104, 0.6717540006069478, 0.5812939869284781, 0.6534397048339795, 0.6631981419217602, 0.6227099699816927, 0.6734015273050663, 0.6755107230257776, 0.6680209177377409, 0.6850353626697235, 0.6587133225530424, 0.6681314412178648, 0.5620575451276753, 0.6556895958455645, 0.6330791550141928, 0.6815866497835128, 0.5461413944930934, 0.6764359261901962, 0.6550743887330793, 0.5903685350532919, 0.6696030103963893, 0.6007631847160397, 0.594955293171306, 0.6028967204353807, 0.6437129487858375, 0.6034307458705926, 0.6323633815701319, 0.5806340698355806, 0.5535108697127329, 0.6701059839269206, 0.6172909631626385, 0.6659809397049579, 0.6308004998133361, 0.6625602896524775, 0.588075079996474, 0.6213910224622042, 0.6455701037353738, 0.502637440185281, 0.6568412909942888, 0.544276549562302, 0.6713667402400414, 0.5602956426309844, 0.6418700404795706, 0.6426743089170661, 0.6009739433404611, 0.6366172895232081, 0.6398883230785907, 0.6458297594720722, 0.6051139150131187, 0.6300385562639272, 0.5804471325209537], "loss": [1.1118534855516238, 0.7557380572622417, 0.7206570914036421, 0.6834196146903383, 0.6167600365645985, 0.5898845296999952, 0.5932510087245317, 0.5516194740100203, 0.5381726775936905, 0.49212049943110486, 0.47410866493507936, 0.5137608687762827, 0.4264938853614986, 0.4547579050517354, 0.5005503730855514, 0.422397885485747, 0.3686064221106555, 0.4093806459574343, 0.40895559926752206, 0.31097065480791874, 0.36780660026275913, 0.30993177500967745, 0.3610236318581307, 0.28388458363834596, 0.2585734846436328, 0.40259395889154104, 0.28018375704270354, 0.2070782798211384, 0.23153310885749692, 0.24065638699005765, 0.2741526932430811, 0.1598630633644278, 0.18089931982325058, 0.15808315374929793, 0.27331427132524316, 0.1646303594376802, 0.14624958679892114, 0.18598596179439994, 0.12039423750002877, 0.1214255837225491, 0.11739207305609047, 0.13754419924830605, 0.2495355128071003, 0.13377034604662724, 0.10869621559127655, 0.21150041524561639, 0.11934983188284062, 0.09846580894463265, 0.09925780241839181, 0.11533160858016805, 0.09033808213185297, 0.1573516128983712, 0.10606650502452832, 0.08641176003636969, 0.09876410915257813, 0.10427327411596313, 0.09660403581078816, 0.08931671416785932, 0.081513633949184, 0.06489854502870555, 0.07575452187970866, 0.08364138911337755, 0.08371722085828714, 0.056122239603553586], "val_f1_score": [0.44642656701599237, 0.6171607139445983, 0.6330743544606353, 0.6033251553736108, 0.6379286984527066, 0.5494091284139074, 0.6990480467544914, 0.7036945334858767, 0.659699249781281, 0.7011804100225181, 0.6673175230981128, 0.6769228672799955, 0.7210719036965316, 0.6459430734165419, 0.683291538208912, 0.5685272662509682, 0.6787488342691284, 0.5992878685281606, 0.5972807479146467, 0.6878533138974992, 0.6716166466512306, 0.6804355429756929, 0.6869983982828332, 0.6617471397451877, 0.6647138690767179, 0.5718615086057491, 0.6566469967742987, 0.5974767936348764, 0.6685659604380793, 0.5087912637169067, 0.6813415823780539, 0.6517868480150539, 0.6663670810305422, 0.6902994864038339, 0.5362756284772972, 0.6088142416172003, 0.6420002182324728, 0.650024742681264, 0.5389460847253884, 0.6620034508227698, 0.6588240763684794, 0.5631036280225892, 0.6665029959382516, 0.6402028990184702, 0.6729475320971964, 0.6679284012060807, 0.6667458514750231, 0.5998284307571721, 0.662232151502892, 0.6471461663530202, 0.624723866185308, 0.6392319648891347, 0.6283565986292444, 0.670475464054538, 0.5761139639127995, 0.6800612922101571, 0.6665364220568436, 0.6142702321740309, 0.6533442143402777, 0.6590440710687818, 0.6811183840602977, 0.6277240851683913, 0.6281494156791533, 0.6252756608303055], "f1_score_pos": [0.531210275430643, 0.6317111457708671, 0.653669925621405, 0.6751247512976933, 0.6972867038917783, 0.7153304220001356, 0.6946617301426007, 0.7433942709736648, 0.7522720807103301, 0.7750521486551891, 0.773446082842214, 0.7594499387819655, 0.8143962250009689, 0.7964282863040387, 0.7425049658963889, 0.811922566745671, 0.8467093158433041, 0.8076402544219835, 0.8164857829176125, 0.8613253794846577, 0.8514386703306278, 0.8735624778406702, 0.8216307085427645, 0.8738524573837396, 0.8898841987242415, 0.804293193064715, 0.9045387852478994, 0.9257805963130656, 0.8922012834343469, 0.9060481904577393, 0.8843950546890762, 0.9381816459699276, 0.9306413225348005, 0.9356422818658923, 0.9047040021464852, 0.9335180269448022, 0.9405619754386341, 0.9304752085447614, 0.9524260190503225, 0.9540651811544131, 0.9584670543519566, 0.9453075154199346, 0.8858084275242041, 0.9424809512076723, 0.9579473315385207, 0.9093477188860962, 0.9551020601554213, 0.9603269433340645, 0.9545246253902014, 0.9517220621326578, 0.9639482731601584, 0.9253915731897826, 0.9551626455194596, 0.9665451484185812, 0.9616916925281627, 0.9547119448846737, 0.9722689356187451, 0.9625418877420316, 0.9669159009429439, 0.9716898013279314, 0.9708030806294865, 0.9605680926973225, 0.9614670026589407, 0.9753550419487125], "val_loss": [0.8349601306087315, 0.8123260697182292, 0.6870325694217125, 0.6793776753586357, 0.6787027703794085, 0.741542299135254, 0.653584333124874, 0.6408101248499407, 0.6588024614881653, 0.6500726342956679, 0.6611960795442414, 0.6628455275667333, 0.6881654604759506, 0.6864208209650599, 0.6581709863115173, 0.8280911781035448, 0.6873957497387634, 0.792633274888811, 0.807704270037106, 0.723635763572045, 0.7141196896972463, 0.7296344452786657, 0.7326135650484885, 0.7621422697836002, 0.8217342992245924, 0.9434966203982084, 0.7859641957192367, 0.9687380370682788, 0.7957203665462586, 1.278665874847441, 0.7974537024026588, 0.9226248642035462, 0.8744300797260608, 0.8629039144485774, 1.1577084052396516, 0.9890269306222749, 0.9685034609868348, 0.9469120857531278, 1.2845001985213904, 0.939469849730928, 1.0211500631992354, 1.2872836774141918, 0.930583301908012, 1.0237889113081726, 0.9347901999270508, 0.9007598849152733, 0.92414971245559, 1.1864961270899224, 1.00587039664671, 1.0531734240976727, 1.155042396449922, 1.1314026636315841, 1.1452995547776894, 0.9911609470315457, 1.351261807183047, 0.9979647493936565, 1.0339336924075475, 1.1918758951665784, 1.1215421853561063, 1.0973622863887984, 1.0416354542298312, 1.240853541704185, 1.230901447841272, 1.3490948929381763],