{"val_f1_score": [0.42431981828745774, 0.45912228339006916, 0.4627638259719097, 0.45648104015417695, 0.3188875203351421, 0.4632417919986483, 0.5116124306505884, 0.4806239007562868, 0.5412927490336049, 0.4756831802256838, 0.43160756033549047, 0.36356575299746485, 0.4951003174013883, 0.5215372454728621, 0.5026757425946584, 0.4284453845431662, 0.47847409667702767, 0.5255786652936091, 0.5194469430239631, 0.4874918771471143, 0.4675696373146716, 0.47654900293976565, 0.5285475690033432, 0.4145530652903352, 0.5243282226952035, 0.5052349570898982, 0.3949472347171361, 0.5159359023987148, 0.536671688923469, 0.4944769531769952, 0.5361102256375929, 0.5497759655821822, 0.4873294563803971, 0.5063799589242262, 0.5281579170310706, 0.5429453953423587, 0.5021626748885327, 0.45801174940957823, 0.5026617812858312, 0.4623821621213579, 0.5505369670531581, 0.5361912693732824, 0.42976896387738145, 0.5109507595693749, 0.5637903340325074, 0.5380375447489901, 0.4936468098354511, 0.48094250001030037, 0.491658093596277, 0.4230843483463258, 0.5250723469219817, 0.51794407491581, 0.5247534825037151, 0.5243848658230087, 0.5431644647871112, 0.5494431639865235, 0.4548984208570318, 0.5297245378972602, 0.5063373121226419, 0.4264094866828987, 0.508881167897865, 0.5089402580604433, 0.4681682100957758, 0.514791236179024, 0.4385084903191941, 0.5137428862524097, 0.48811338166905266, 0.5275589746770374, 0.5402825202321985, 0.5286669448534219], "val_f1_score_neu": [0.7016456198756672, 0.7068641245016578, 0.6977919117320083, 0.7113133251693835, 0.7135608720715069, 0.7079173010102382, 0.6931842507621054, 0.7085594144749094, 0.684277446780503, 0.7227022820531491, 0.7249646047402544, 0.7171629058097431, 0.7233457360190418, 0.6802151524103605, 0.7218952621900976, 0.718328609559861, 0.7265875502529308, 0.7245470255921673, 0.5672033023469576, 0.7241502451135187, 0.7287918657694537, 0.7320446222417267, 0.725073393647112, 0.7225613311449258, 0.7049383598568737, 0.7209821458716571, 0.7186651273563108, 0.7270590419228743, 0.7159515449821654, 0.7227520097551504, 0.6689378103317573, 0.6947048869263842, 0.728775597160269, 0.6956506772348058, 0.7223936038354041, 0.7128049358557969, 0.7114231354258267, 0.6122463255705085, 0.7250785940786337, 0.7286933794838858, 0.6992971369719323, 0.6883355552046566, 0.7260946660389301, 0.6557702633694277, 0.7020792701841742, 0.7189001804850308, 0.6357303502803121, 0.7189573439670156, 0.7224594419516265, 0.733871758198663, 0.7258587538311195, 0.7182106198194164, 0.7245391982930552, 0.7281165316037321, 0.7165567836298151, 0.6759313722478341, 0.7157993439184456, 0.7197846838927087, 0.7256097974564865, 0.7326185154421502, 0.7173068835506877, 0.7260991039439144, 0.7295780736907773, 0.7067286874922986, 0.7321830922507296, 0.7017826276001392, 0.704510662210347, 0.7114139185046163, 0.6961877867277817, 0.7267149589483233], "f1_score_pos": [0.4453135344542955, 0.4952839993332562, 0.524593170144056, 0.5490444380986063, 0.560220363893007, 0.56097212433815, 0.5851232425162667, 0.5951677874514931, 0.618063966694631, 0.6137037437997366, 0.633852589287256, 0.6493155548447057, 0.6473326486976523, 0.6373216364728777, 0.6763575382922825, 0.687236645504048, 0.6875331060666787, 0.7202072708230269, 0.6983128488063812, 0.7255668671507585, 0.7470511574494211, 0.763343159305422, 0.7575886139744207, 0.7722491841567191, 0.786068848089168, 0.8037315724711669, 0.7664741371807299, 0.8051450613297915, 0.8445866319694018, 0.8266726253848327, 0.8301902868245777, 0.8354487317173105, 0.8641850564040636, 0.8258068459598642, 0.8352329456492474, 0.8887872162618136, 0.8561734659107108, 0.8709709346294403, 0.9105002127195659, 0.8858941079754579, 0.9072979853341454, 0.8823169250237314, 0.9218398403180273, 0.9137217292660161, 0.9193475058204249, 0.9338534317518535, 0.8761313926232489, 0.9248482083019457, 0.9281190586717505, 0.9369900673627853, 0.9254747660536515, 0.9398731291294098, 0.9455325995620928, 0.9351468133298975, 0.9346014308302026, 0.9305247625238017, 0.9447603108067262, 0.9463982315439927, 0.9328048056677768, 0.9130955620815879, 0.9454608920373415, 0.94759433206759, 0.9589484326149288, 0.9182931169083244, 0.9506009966135025, 0.9463800411475333, 0.9560529079876448, 0.9561273071326708, 0.9617341231358679, 0.9348091043924031], "f1_score_pos_neg": [0.32800332064691345, 0.4142352813168576, 0.47758456515638453, 0.5241192100863707, 0.5220202078160486, 0.5332203346647715, 0.5616291306520763, 0.5653091684768075, 0.5769315087481549, 0.5990217908432609, 0.6081400105827733, 0.6267772458101574, 0.6238873483319032, 0.6408947039591638, 0.6370215666921515, 0.6669537111332542, 0.6645682116872386, 0.6821494039736296, 0.6878397096144525, 0.7077855389369162, 0.7165964269324353, 0.7402521058132774, 0.7179611458590156, 0.7580055476803529, 0.7408028684164348, 0.7829910171659369, 0.7583776720260319, 0.7890457205082241, 0.7949277225293612, 0.8080809869264302, 0.7944492697715759, 0.8302886031175915, 0.8157237093699606, 0.8229612747305318, 0.8086458028931367, 0.8550173585352144, 0.8525139595332899, 0.8691711112072593, 0.8872054062391582, 0.8782515219951931, 0.8740810775443127, 0.8790708372467443, 0.8855174834790983, 0.9010930233880093, 0.8999132388516476, 0.9198694660475379, 0.8824055814429334, 0.9031987825506612, 0.9287440557228891, 0.9245561298571134, 0.8951231092214584, 0.9318620374328211, 0.9405754153665743, 0.9321076156277406, 0.9022150659247449, 0.9286919400880211, 0.9420644264472159, 0.9335181799374128, 0.9373108156417546, 0.9173834292512191, 0.9418830565716091, 0.9443520652620416, 0.9576557984477595, 0.9279182851314545, 0.9388886580341741, 0.9355475839815641, 0.9540989979317314, 0.9505168787742916, 0.9521400073641225, 0.9276188047308671], "val_acc": [0.5843454862413137, 0.6095366776123596, 0.6104363354808621, 0.6027890371943828, 0.5713000410159751, 0.5937921656073615, 0.6126855716102573, 0.5933423203173598, 0.6144849320708552, 0.6108861842565154, 0.6054880859022789, 0.5807467239481128, 0.6257309887895056, 0.6194332069874453, 0.6194331863684747, 0.5928924737135355, 0.6153846104778903, 0.6374269055183331, 0.548358078427643, 0.6297795831272316, 0.625281149693239, 0.6279802104936653, 0.6410256423126509, 0.5906432837824321, 0.6324786255609544, 0.6257309887895056, 0.585695005138876, 0.6311291030973022, 0.6410256459591789, 0.6252811630191537, 0.585695001492348, 0.6162842925314532, 0.6234817781589935, 0.6221322508154289, 0.6270805173664548, 0.6338281711907844, 0.626630675722981, 0.5713000592218023, 0.6212325675284814, 0.6180836725117009, 0.6279802055333147, 0.6032388874447351, 0.6153846153578026, 0.6018893417344671, 0.6270805089204525, 0.6320287973238335, 0.5838956335241924, 0.620332876948478, 0.6077372844402606, 0.6099865035972132, 0.6324786303604287, 0.6315789519533938, 0.6374269017913671, 0.6338281711103463, 0.6347278471846759, 0.6068376058723495, 0.5865947054787043, 0.6248313067359427, 0.6248313128492395, 0.6144849248582374, 0.6230319304558484, 0.6239316246823797, 0.623481779392378, 0.6284300422164378, 0.6090868203102657, 0.5946918499131917, 0.6158344642138942, 0.6194331912483871, 0.6041385474850667, 0.6374268932649266],