{"val_f1_score_neg": [0.2845371725551106, 0.5141130068500368, 0.6442939488399445, 0.5817544222847233, 0.6244035012103615, 0.6580323268196072, 0.5968470872620913, 0.4687948872997415, 0.5904744051742704, 0.43789421136442397, 0.617137409713429, 0.6699436543777549, 0.5498747002287484, 0.6332314493241599, 0.6138199862926113, 0.4605672901660915, 0.638741118902301, 0.6290627758145927, 0.5767310711457727, 0.5192733837680932, 0.6149180490077089, 0.5335864837389119, 0.5882262129687338, 0.5308783558326039, 0.6115307589074992, 0.4954515517054972, 0.588695351342157, 0.6055715754530482, 0.554926817619735, 0.6383677845610242, 0.5253604025062913, 0.5442794587491473, 0.5866866075332916, 0.5050587330063341, 0.41966533712474124, 0.5381765286659212, 0.5939479536063522, 0.49923742039448127, 0.37123373246180424, 0.5555176522017088, 0.552388399894113, 0.5561829393472129, 0.5749202036588735, 0.522946945613618, 0.44875969229143436, 0.5898685301034868, 0.5220382152158946, 0.29067493429216473, 0.5767828587500279, 0.4870764515217352, 0.5532082836989997, 0.5983387533367196, 0.5993843035938043, 0.4664125439222172, 0.5603219031693584, 0.47890860600450236, 0.5182440284509656, 0.5564009059047624, 0.47067871306813547, 0.5620708222811909, 0.438989764462923, 0.5112711416121202, 0.4685266605987969], "val_f1_score": [0.5339103379713529, 0.6220638010247374, 0.6834546452802903, 0.678529921711007, 0.6890707506209323, 0.6540827513397631, 0.6753889451244514, 0.6399898229857114, 0.6825430844044579, 0.6316573470088399, 0.6758276629472948, 0.7102379542837736, 0.6673827260584148, 0.688602289720811, 0.6806561295797967, 0.5874451910639698, 0.6246666150426977, 0.6892761660785209, 0.6827736616509811, 0.6541357642235545, 0.6564619028752725, 0.6198628781631553, 0.6518730726293338, 0.652951128395905, 0.6741373513803499, 0.5925005058775791, 0.6475980387501851, 0.686295995961141, 0.6530373671565692, 0.6796655894701418, 0.6115862733574324, 0.6351299695445896, 0.6423661501552063, 0.550328103304222, 0.6126434417212382, 0.6375364925865735, 0.6544659137413191, 0.6317634818562053, 0.5336154505645638, 0.6508277557417066, 0.6421534516603153, 0.6507231408674949, 0.6490925147156374, 0.6339583953409222, 0.5918974905479245, 0.659427916287688, 0.6370170589760161, 0.5526638306284588, 0.6480711704941207, 0.6162191605492898, 0.6358939224329953, 0.6555898640995541, 0.6426532926785798, 0.6147377952608949, 0.6368768741976331, 0.6165386527784534, 0.6342944457028877, 0.6238519845282722, 0.6115607897065426, 0.6441807774712087, 0.6013628381492271, 0.6257891291368987, 0.6120401701213117], "f1_score_pos_neg": [0.43310117850015906, 0.5415449258068512, 0.5626981792778805, 0.580186221106299, 0.5944439332033026, 0.6072378299873451, 0.6299430304046335, 0.6429335567457922, 0.6607960149131972, 0.652082749995692, 0.6716956614420332, 0.6870554747252628, 0.6875714767595817, 0.7074290493438984, 0.7149247825145721, 0.7248204083278261, 0.7219085770434347, 0.7465070732708635, 0.755649418666445, 0.7545248501259705, 0.7820720919247331, 0.7778055765505495, 0.7955068092921684, 0.8011237203047193, 0.8099074656593388, 0.8268943084725018, 0.8201228169531658, 0.8491121669267786, 0.8353769285925503, 0.8529882035378752, 0.8620157611781153, 0.8685211626620128, 0.8584489406182848, 0.8856639918582193, 0.8894601058343361, 0.8839561507619661, 0.8953858177209723, 0.9089700281620026, 0.908359340552626, 0.8895681829288088, 0.9093433371905623, 0.9134484596293548, 0.9149074405431747, 0.927037583342914, 0.9222485690281309, 0.9203147394903775, 0.9215078811193335, 0.9216917069821522, 0.9359227865934372, 0.9173129730183502, 0.9400880126089886, 0.9301253767876789, 0.9345743424933532, 0.936767602788991, 0.9347022597132058, 0.9444621148808249, 0.9296113910346195, 0.9385653950017074, 0.9373870553641483, 0.932369781465366, 0.9458329194578631, 0.9408490056621617, 0.9534500914401022], "f1_score": [0.49252471276398363, 0.6046497672796249, 0.6200391013046791, 0.6326496714148028, 0.645018707061636, 0.6555009982709227, 0.6727039238502239, 0.6864572136566557, 0.6998999617223082, 0.6913635792403385, 0.7088718871618139, 0.7236058989475513, 0.7221298387338375, 0.7360696915922493, 0.7454095210494667, 0.7534912891429046, 0.7485470730682899, 0.7729197488776569, 0.7800682156250395, 0.7790889395722027, 0.8029572064506596, 0.7993826193028483, 0.814653452614258, 0.8214013185994379, 0.8291668229061981, 0.8443788767888628, 0.8361708922632809, 0.8610324803097494, 0.8487884751681624, 0.8666097855773466, 0.873266723135422, 0.8817964453121712, 0.8708702623844147, 0.8966660124474558, 0.898279667928301, 0.8936383703659321, 0.9062817405010092, 0.9165437283187077, 0.9174202233552933, 0.8997579962015152, 0.9170941623120472, 0.9212687822251484, 0.9225311556766773, 0.9337025433778763, 0.9277523560770626, 0.9280774562523283, 0.9285790760969294, 0.9297843035952799, 0.9418935308168674, 0.924410357557494, 0.944780710956146, 0.9360932476561645, 0.9412113469222496, 0.9420814817321712, 0.9411274744518872, 0.9498619098087837, 0.9357170385533365, 0.9443602495152374, 0.9439133462207071, 0.9385366558000959, 0.9515500911350908, 0.9466333440665541, 0.9586802931695149], "val_f1_score_pos": [0.6313438466800156, 0.7182997772145265, 0.6845008290223552, 0.7296177033611461, 0.7024438891265763, 0.7239158344556427, 0.6894902168625833, 0.7187058632685823, 0.7146272849855291, 0.7424373417397105, 0.675770141541911, 0.7187322264045297, 0.7393787296431726, 0.6935180914924115, 0.7259078292342706, 0.5945834475897942, 0.5286249583892362, 0.6961623572502866, 0.7411679056039046, 0.736626082382082, 0.6295749511332328, 0.6098539232895064, 0.6448413068904921, 0.7238283583944687, 0.7134263980210437, 0.5784973437442824, 0.6307112934581257, 0.7272449308669758, 0.7240836910147258, 0.6816985827557783, 0.6016715191775597, 0.6466349919511989, 0.6230916653034602, 0.46143355347370496, 0.7201949599343836, 0.6586839009575602, 0.6614762175405179, 0.6881465319883094, 0.5452255123936532, 0.7056775328808496, 0.6683586015965162, 0.7018715790054038, 0.7039923157211742, 0.6826240550711997, 0.6281185138109879, 0.6760191136290638, 0.6983779798709531, 0.6730904307166579, 0.6937307912222269, 0.6498188445519938, 0.6392621953062833, 0.6790749055020552, 0.7019219810556871, 0.6787924658054759, 0.6643050554822256, 0.6665882011145204, 0.6784236440969957, 0.622160117738115, 0.6611789286746274, 0.6674834716173097, 0.6711632812739107, 0.6567056725227142, 0.6965049737837257], "f1_score_pos": [0.5690645403389273, 0.6482537506983198, 0.6405621145305962, 0.6567389312489279, 0.6605334752078714, 0.6709557658639448, 0.6956443997292683, 0.7087882561930294, 0.7184300217135199, 0.714632074380743, 0.723205968223769, 0.7422468569771997, 0.7507332044428793, 0.7381218851640307, 0.7665187999092299, 0.7660440869372467, 0.7467258444120144, 0.7791347601290407, 0.7965128159728544, 0.7911703894878256, 0.8030390657227615, 0.8026126648845344, 0.8100844878574898, 0.8382667236287018, 0.8354342564426619, 0.8607189254514103, 0.8402311221278947, 0.8574418651646581, 0.841535352427384, 0.8738274178628264, 0.8602675338243616, 0.8985868029553314, 0.853983109881138, 0.8982193408341244, 0.8863217989946234, 0.895412859731707, 0.9144029216519718, 0.9109059721231461, 0.9281933384722677, 0.9019542136069002, 0.9157884038727859, 0.9103180909978932, 0.9182066336787981, 0.9308882222093385, 0.9184060291997318, 0.9286039173603058, 0.9204136975880327, 0.9338984191417694, 0.94301153359742, 0.9364733618908915, 0.9381548407776602, 0.9307390723762841, 0.9464981047243908, 0.943735676592794, 0.9445726516945608, 0.9472362548112869, 0.9448113837118807, 0.9375851385552307, 0.9419683562270527, 0.9380224783872736, 0.9483363253289255, 0.9499273618747448, 0.9626265969769708],