{"1": {"val_f1_score_pos_neg": [0.41604211251159806, 0.5692124433821342, 0.5639680505517959, 0.5497415721682216, 0.607499186304214, 0.6592405506422161, 0.6124092050027635, 0.5544594258515503, 0.5745043663443339, 0.5547822538461392, 0.6316835738185069, 0.679818222193214, 0.6566636307233905, 0.6614315744431789, 0.6358313550950347, 0.6255652167620135, 0.6503460721146739, 0.5972484210454789, 0.5947806568962365, 0.6415711640061089, 0.6344965369939617, 0.6453309769459106, 0.6786392091016522, 0.6308821568550352, 0.5855202411936238, 0.6604903064123014, 0.6550874885160904, 0.6709155920544166, 0.6695473173800773, 0.6529467963121895, 0.4565190323578414, 0.5644518624538829, 0.49803457096308945, 0.6143787753510094, 0.6506545103474799, 0.6676522103814105, 0.5567009370063754, 0.6229841742589347, 0.6442479411979813, 0.6184227349343588, 0.57947532110817, 0.6121544560171818, 0.48406244583433766, 0.6486806217497989, 0.6147800968789442, 0.6446614695633299, 0.6526635297477136, 0.5732099242389218, 0.5246892826093829, 0.5934047340690198, 0.6130382884621088, 0.6568637325042757, 0.6134959448049802, 0.5914807245701965, 0.6107303214267017, 0.6035699815910194, 0.6227466073712745, 0.652647339106544, 0.6059051000193414, 0.6431746303706916, 0.6116482331438262, 0.6319700630199493, 0.6267860069570034], "loss": [1.0752871707081795, 0.7921391129493713, 0.7551554441452026, 0.7410100027918816, 0.711842454969883, 0.6545067131519318, 0.6480137705802917, 0.6502827703952789, 0.6107826605439186, 0.5820157453417778, 0.6146922260522842, 0.5877527073025703, 0.5518627613782883, 0.5308613441884518, 0.5000610910356045, 0.5128330439329147, 0.4568108692765236, 0.5417960472404957, 0.48802267387509346, 0.4974936805665493, 0.42040175572037697, 0.47029105573892593, 0.4042903520166874, 0.4746464528143406, 0.3441866748034954, 0.3673335537314415, 0.3862716890871525, 0.4050811231136322, 0.36206214129924774, 0.325287114828825, 0.3511814549565315, 0.3312172666192055, 0.2766439039260149, 0.35582065396010876, 0.2550180181860924, 0.26211814768612385, 0.31259939447045326, 0.25420946441590786, 0.23551750928163528, 0.27482510544359684, 0.3713914453983307, 0.20824704132974148, 0.19480167515575886, 0.19825520925223827, 0.19318288192152977, 0.17347677052021027, 0.19816198013722897, 0.1478767627850175, 0.1716135498136282, 0.19174264837056398, 0.1901873964816332, 0.15908974036574364, 0.2194446586072445, 0.12971044518053532, 0.1680359560996294, 0.13535028230398893, 0.15142020303755999, 0.18840553797781467, 0.13910273928195238, 0.11992375925183296, 0.09680938441306353, 0.1038333997130394, 0.2685847748070955], "f1_score_neu": [0.33430485508870333, 0.7055116444826126, 0.7029754295945168, 0.6955243274569511, 0.7226458713412285, 0.74537393450737, 0.7453660815954208, 0.7448504567146301, 0.7688811644911766, 0.7747490555047989, 0.7442769631743431, 0.7699779346585274, 0.7835658490657806, 0.8026725277304649, 0.8099490627646446, 0.8109336569905281, 0.834862619638443, 0.7809443101286888, 0.801779679954052, 0.799585372209549, 0.8442180901765823, 0.8200704976916313, 0.8445882350206375, 0.8112657740712166, 0.8833442479372025, 0.8598692566156387, 0.854299359023571, 0.8605055510997772, 0.8576137274503708, 0.8829135596752167, 0.8729771226644516, 0.88385309278965, 0.9011394381523132, 0.8685666993260384, 0.9062317982316017, 0.9153404757380486, 0.9001666158437729, 0.913335531949997, 0.9162139669060707, 0.8921003192663193, 0.8449730090796947, 0.9291764050722122, 0.9355816096067429, 0.9348859861493111, 0.9396835267543793, 0.9447240978479385, 0.9288481846451759, 0.9518265500664711, 0.9409391283988953, 0.9360584765672684, 0.9351447969675064, 0.9497356936335564, 0.9231455847620964, 0.9620827734470367, 0.9431402310729027, 0.9579005241394043, 0.9476924985647202, 0.9313826113939285, 0.9532414600253105, 0.9662002548575401, 0.967890590429306, 0.9711768999695778, 0.898203507065773], "f1_score_neg": [0.2730417028069496, 0.276850625872612, 0.3995930701494217, 0.49969397112727165, 0.514970600605011, 0.547955259680748, 0.5734780505299568, 0.604894332587719, 0.6335040628910065, 0.6308033689856529, 0.6319804787635803, 0.6789615303277969, 0.6668171621859074, 0.6814656108617783, 0.7267460599541664, 0.737174965441227, 0.7451357766985893, 0.7043865844607353, 0.78226288408041, 0.7483731061220169, 0.8025430738925934, 0.8082430213689804, 0.7926478236913681, 0.7402346432209015, 0.8477981388568878, 0.8478189632296562, 0.7899487689137459, 0.8281149342656136, 0.8389971107244492, 0.8529491946101189, 0.845025897026062, 0.8743412271142006, 0.8802856281399727, 0.8917345777153969, 0.9003183618187904, 0.8513644114136696, 0.8666054084897041, 0.8998102769255638, 0.9214012995362282, 0.9288251176476479, 0.8881186842918396, 0.9257858246564865, 0.906180702149868, 0.9137381091713905, 0.9157088473439217, 0.937401682138443, 0.9170611649751663, 0.9352451041340828, 0.8669038861989975, 0.9351339191198349, 0.9405072554945946, 0.9538315460085869, 0.8841903284192085, 0.9297317788004875, 0.9302315637469292, 0.9226267859339714, 0.9371185377240181, 0.9368498995900154, 0.949953518807888, 0.945390872657299, 0.9456833302974701, 0.9582410976290703, 0.9379428252577782], "val_f1_score_neg": [0.17987484270948578, 0.4397845472559165, 0.44967377888477916, 0.44469742814981184, 0.5327189257224338, 0.5999453591450037, 0.5082475661512376, 0.45801037127128147, 0.4639509299859393, 0.4124062580759682, 0.5226166849995485, 0.6381195314812779, 0.5763071945824711, 0.6094168542002306, 0.553364783517651, 0.5625101653666063, 0.562225378344386, 0.5872426948739949, 0.5337774462659872, 0.5689178443536526, 0.561092790064773, 0.5938670655232291, 0.626855326158432, 0.5336960191930525, 0.5335643878296983, 0.6042601212628582, 0.5860520424006213, 0.6128271751725202, 0.6087734457735562, 0.6235026023127168, 0.32247545729776456, 0.45267891475074473, 0.4718467327059019, 0.5074257630080087, 0.5894400948869128, 0.6149819454213874, 0.47950415439471905, 0.5887474283407969, 0.5757463098260133, 0.5344479560007925, 0.48773478918459484, 0.5159094652853204, 0.286223784944938, 0.585903687940443, 0.5913372254421665, 0.5832101131342166, 0.5904185999230765, 0.44983156537747027, 0.3819765220187388, 0.5351615166245187, 0.5046977774383451, 0.5954264186981185, 0.5173781246548714, 0.4970378167292217, 0.5203081735656733, 0.5449838793999937, 0.5386238984945344, 0.5915544851070748, 0.5262339823583028, 0.5797720286841784, 0.5314810851131122, 0.5516119881811775, 0.553653178051204], "val_f1_score_neu": [0.6472435368192249, 0.6040144730295811, 0.70697114567978, 0.7084025513178528, 0.7211968320234535, 0.7266787022954049, 0.729417616149243, 0.7176197278602774, 0.7252700781840963, 0.7237351721207863, 0.7196229086158596, 0.6125488135403859, 0.6976512178266702, 0.7346916380999066, 0.7346210622925037, 0.7332289949383849, 0.7166647597338439, 0.7197734848145516, 0.7236076245275408, 0.7237456980540689, 0.7329282153474981, 0.7344968810564196, 0.6792760305507208, 0.7186979464805567, 0.720447970224496, 0.616043727306628, 0.7155335192882949, 0.6773674132284329, 0.7049829433541457, 0.7289506837573227, 0.6944294210309404, 0.7164875331307659, 0.692811079626161, 0.7183061797194302, 0.720476689142972, 0.7119761055421867, 0.7125029806824391, 0.7173322947701225, 0.6074716528350526, 0.7230217468697913, 0.7152340944407963, 0.7211242748032146, 0.7020121718403426, 0.7193996059028551, 0.7148861299185124, 0.7101842521870821, 0.6793564122835545, 0.7093254053745875, 0.7012399445516745, 0.7113512490885545, 0.6910982547142736, 0.6586546089090827, 0.6977337768251053, 0.712990534405617, 0.7026336471802476, 0.7165586533053728, 0.7016793837267178, 0.6366726075793201, 0.7107307344729776, 0.7050856421414617, 0.7123235007174022, 0.6837305607302996, 0.7180914232151232],