{"1": {"val_f1_score_pos_neg": [0.0, 0.0, 0.0, 0.0, 0.0, 0.0, 0.0, 0.0, 0.0, 0.0, 0.0, 0.0, 0.0, 0.0, 0.0, 0.0, 0.0, 0.0, 0.0, 0.0, 0.0, 0.0, 0.0, 0.0, 0.0, 0.0, 0.0, 0.0, 0.0, 0.0, 0.0, 0.0, 0.0, 0.0, 0.0, 0.0, 0.0, 0.0, 0.0, 0.0, 0.0, 0.0, 0.0, 0.0, 0.0, 0.0, 0.0, 0.0, 0.0, 0.0, 0.0, 0.0], "loss": [6.736179014046987, 7.5016306440035505, 7.502437869707744, 7.501630485057831, 7.502453843752543, 7.501630266507466, 7.502034584681193, 7.50163068373998, 7.501631021499634, 7.501630663871765, 7.501630624135335, 7.50163076321284, 7.502023120721181, 7.501630663871765, 7.501630584398906, 7.502826750278473, 7.501630524794261, 7.501630465189616, 7.50163056453069, 7.501630465189616, 7.502035359541575, 7.502019604047139, 7.50201137860616, 7.501630345980327, 7.5016306440035505, 7.501630663871765, 7.501630485057831, 7.50163068373998, 7.502012491226196, 7.501630703608195, 7.501630465189616, 7.50202476978302, 7.50163068373998, 7.50163076321284, 7.495410482088725, 7.5019989013671875, 7.501630902290344, 7.5016306440035505, 7.502380073070526, 7.501630624135335, 7.501630504926045, 7.5016306440035505, 7.501630524794261, 7.501630485057831, 7.502378543217977, 7.501630822817485, 7.50163068373998, 7.50163068373998, 7.501630485057831, 7.501630703608195, 7.50163060426712, 7.501630783081055], "f1_score_neu": [0.5271595269441605, 0.6966216862201691, 0.6966775730252266, 0.6964883307615916, 0.6966952557365099, 0.696024643878142, 0.6963569894433022, 0.696633813281854, 0.6962618951996168, 0.6963755165537199, 0.6965809067090353, 0.6966070905327797, 0.6964988733331362, 0.6964913631478945, 0.6966044877966245, 0.6965288346012434, 0.69632837921381, 0.6966585243741671, 0.6963255330920219, 0.6966080665588379, 0.696179690460364, 0.6964996655782064, 0.6965029314160347, 0.6965650419394175, 0.6965294679005941, 0.6963710933923721, 0.6966246167818705, 0.6961413597067198, 0.6965706199407578, 0.6965787907441457, 0.6961152056852976, 0.6964812005559603, 0.6965725446740786, 0.6964338272809982, 0.6965174575646719, 0.696562704940637, 0.6964953566590945, 0.696507583061854, 0.6966406628489494, 0.6966158399979273, 0.6966474503278732, 0.6964554463823637, 0.6966370368997256, 0.6964089547594389, 0.6964137653509775, 0.6963781540592512, 0.696079266568025, 0.6964182729522387, 0.6965705826878548, 0.6964701265096664, 0.6964878911773363, 0.6966901396711668], "f1_score_neg": [0.11646165357281764, 0.0, 0.0, 0.0, 0.0, 0.0, 0.0, 0.0, 0.0, 0.0, 0.0, 0.0, 0.0, 0.0, 0.0, 0.0, 0.0, 0.0, 0.0, 0.0, 0.0, 0.0, 0.0, 0.0, 0.0, 0.0, 0.0, 0.0, 0.0, 0.0, 0.0, 0.0, 0.0, 0.0, 0.0, 0.0, 0.0, 0.0, 0.0, 0.0, 0.0, 0.0, 0.0, 0.0, 0.0, 0.0, 0.0, 0.0, 0.0, 0.0, 0.0, 0.0], "val_f1_score_neg": [0.0, 0.0, 0.0, 0.0, 0.0, 0.0, 0.0, 0.0, 0.0, 0.0, 0.0, 0.0, 0.0, 0.0, 0.0, 0.0, 0.0, 0.0, 0.0, 0.0, 0.0, 0.0, 0.0, 0.0, 0.0, 0.0, 0.0, 0.0, 0.0, 0.0, 0.0, 0.0, 0.0, 0.0, 0.0, 0.0, 0.0, 0.0, 0.0, 0.0, 0.0, 0.0, 0.0, 0.0, 0.0, 0.0, 0.0, 0.0, 0.0, 0.0, 0.0, 0.0], "val_f1_score_neu": [0.7102054234726495, 0.7102054234726495, 0.7102054234726495, 0.7102054234726495, 0.7102054234726495, 0.7102054234726495, 0.7102054234726495, 0.7102054234726495, 0.7102054234726495, 0.7102054234726495, 0.7102054234726495, 0.7102054234726495, 0.7102054234726495, 0.7102054234726495, 0.7102054234726495, 0.7102054234726495, 0.7102054234726495, 0.7102054234726495, 0.7102054234726495, 0.7102054234726495, 0.7102054234726495, 0.7102054234726495, 0.7102054234726495, 0.7102054234726495, 0.7102054234726495, 0.7102054234726495, 0.7102054234726495, 0.7102054234726495, 0.7102054234726495, 0.7102054234726495, 0.7102054234726495, 0.7102054234726495, 0.7102054234726495, 0.7102054234726495, 0.7102054234726495, 0.7102054234726495, 0.7102054234726495, 0.7102054234726495, 0.7102054234726495, 0.7102054234726495, 0.7102054234726495, 0.7102054234726495, 0.7102054234726495, 0.7102054234726495, 0.7102054234726495, 0.7102054234726495, 0.7102054234726495, 0.7102054234726495, 0.7102054234726495, 0.7102054234726495, 0.7102054234726495, 0.7102054234726495], "val_f1_score_pos": [0.0, 0.0, 0.0, 0.0, 0.0, 0.0, 0.0, 0.0, 0.0, 0.0, 0.0, 0.0, 0.0, 0.0, 0.0, 0.0, 0.0, 0.0, 0.0, 0.0, 0.0, 0.0, 0.0, 0.0, 0.0, 0.0, 0.0, 0.0, 0.0, 0.0, 0.0, 0.0, 0.0, 0.0, 0.0, 0.0, 0.0, 0.0, 0.0, 0.0, 0.0, 0.0, 0.0, 0.0, 0.0, 0.0, 0.0, 0.0, 0.0, 0.0, 0.0, 0.0], "f1_score_pos": [0.048342542722821236, 0.0, 0.0, 0.0, 0.0, 0.0, 0.0, 0.0, 0.0, 0.0, 0.0, 0.0, 0.0, 0.0, 0.0, 0.0, 0.0, 0.0, 0.0, 0.0, 0.0, 0.0, 0.0, 0.0, 0.0, 0.0, 0.0, 0.0, 0.0, 0.0, 0.0, 0.0, 0.0, 0.0, 0.0, 0.0, 0.0, 0.0, 0.0, 0.0, 0.0, 0.0, 0.0, 0.0, 0.0, 0.0, 0.0, 0.0, 0.0, 0.0, 0.0, 0.0], "val_acc": [0.5510571405418918, 0.5510571405418918, 0.5510571405418918, 0.5510571405418918, 0.5510571405418918, 0.5510571405418918, 0.5510571405418918, 0.5510571405418918, 0.5510571405418918, 0.5510571405418918, 0.5510571405418918, 0.5510571405418918, 0.5510571405418918, 0.5510571405418918, 0.5510571405418918, 0.5510571405418918, 0.5510571405418918, 0.5510571405418918, 0.5510571405418918, 0.5510571405418918, 0.5510571405418918, 0.5510571405418918, 0.5510571405418918, 0.5510571405418918, 0.5510571405418918, 0.5510571405418918, 0.5510571405418918, 0.5510571405418918, 0.5510571405418918, 0.5510571405418918, 0.5510571405418918, 0.5510571405418918, 0.5510571405418918, 0.5510571405418918, 0.5510571405418918, 0.5510571405418918, 0.5510571405418918, 0.5510571405418918, 0.5510571405418918, 0.5510571405418918, 0.5510571405418918, 0.5510571405418918, 0.5510571405418918, 0.5510571405418918, 0.5510571405418918, 0.5510571405418918, 0.5510571405418918, 0.5510571405418918, 0.5510571405418918, 0.5510571405418918, 0.5510571405418918, 0.5510571405418918], "acc": [0.4370833324889342, 0.5345833351214727, 0.534583330154419, 0.5345833251873652, 0.5345833276708921, 0.5345833276708921, 0.5345833313961824, 0.5345833400885264, 0.5345833376049995, 0.5345833326379458, 0.5345833400885264, 0.5345833400885264, 0.5345833500226339, 0.5345833425720533, 0.5345833202203115, 0.5345833152532578, 0.5345833227038383, 0.5345833376049995, 0.5345833289126555, 0.534583330154419, 0.5345833289126555, 0.534583330154419, 0.5345833425720533, 0.5345833227038383, 0.5345833276708921, 0.5345833289126555, 0.5345833351214727, 0.5345833363632361, 0.534583330154419, 0.534583330154419, 0.5345833276708921, 0.5345833400885264, 0.5345833276708921, 0.5345833376049995, 0.5345833326379458, 0.5345833425720533, 0.534583330154419, 0.534583330154419, 0.534583330154419, 0.5345833376049995, 0.5345833326379458, 0.534583330154419, 0.5345833376049995, 0.5345833177367846, 0.5345833400885264, 0.534583330154419, 0.5345833276708921, 0.534583330154419, 0.5345833425720533, 0.5345833326379458, 0.5345833351214727, 0.5345833400885264], "f1_score": [0.23065457989772162, 0.23220723681151867, 0.23222586140036583, 0.23216278105974197, 0.23223175667226315, 0.2320082193861405, 0.2321190026899179, 0.23221127378443876, 0.2320873054365317, 0.2321251779794693, 0.23219363950192928, 0.23220236723621687, 0.23216629525025687, 0.2321637887507677, 0.23220149986445904, 0.23217628399531046, 0.23210946656763554, 0.23221951288481554, 0.23210851786037287, 0.23220269257823625, 0.2320599009593328, 0.23216655602057776, 0.2321676475306352, 0.23218834834794203, 0.23217649509509405, 0.23212370152274767, 0.23220821345845857, 0.23204712693889937, 0.23219021037220955, 0.23219293604294458, 0.23203840479254723, 0.23216040432453156, 0.23219085298478603, 0.23214461281895638, 0.23217248978714147, 0.23218757410844168, 0.23216512675086656, 0.23216919911404452, 0.23221355800827345, 0.23220528786381087, 0.23221582174301147, 0.2321518212556839, 0.2322123534977436, 0.23213632528980574, 0.23213792778551579, 0.23212605714797974, 0.23202642798423767, 0.23213943342367807, 0.23219019919633865, 0.23215671690801779, 0.2321626345316569, 0.2322300486266613],