{"f1_score": [0.5066851690799222, 0.6346366240280897, 0.6660549573413711, 0.6793422513045216, 0.6920248591752056, 0.7145863865490177, 0.710692876320873, 0.7238521905035802, 0.723885685995261, 0.7389894018722746, 0.750005927162393, 0.7493427792460328, 0.7728977362054008, 0.7629254596122651, 0.7813500996027843, 0.804589864954356, 0.7887705278431386, 0.8029072878136416, 0.8066003799235592, 0.8132096575670453, 0.8076133859757522, 0.8333936061066142, 0.8479181749525657, 0.8527805614349705, 0.83794830654359, 0.8433050208795456, 0.8700824429192973, 0.8726853156594097, 0.8863059346646309, 0.8820104219169765, 0.8847272838086593, 0.9003951821685446, 0.8993218245947996, 0.8953740917329165, 0.906478289716759, 0.91611553702133, 0.898246581149223, 0.9195273459435901, 0.9191704922686984, 0.9196900694497218, 0.9107396933332778, 0.941992525720492, 0.9250696814034126, 0.9296987536119887, 0.9371972355910991, 0.9183977087019947, 0.9398220417101308, 0.9287164810362912, 0.9354000492684893, 0.9355375666326193, 0.9415629924923261, 0.9605074048100264, 0.9252631948894461, 0.9603031090567821, 0.9551796992561865, 0.9520261751425808, 0.9390566724511269, 0.9541410069352022], "loss": [0.9003827582882641, 0.7305562332283398, 0.7020666319582545, 0.6685743804775593, 0.6458513526884042, 0.6143705277671322, 0.6104883260168126, 0.5980855226661641, 0.5884574954306271, 0.5678217234386599, 0.5413119190515406, 0.545690109745418, 0.5020635693707433, 0.5279350839419403, 0.49450664179127435, 0.44585591874185226, 0.4813415398569893, 0.4486031215642451, 0.43895026423361305, 0.44995407183733177, 0.4418134982499536, 0.3847458690093319, 0.36734669400687464, 0.3500834340426628, 0.3791961567899823, 0.3732255214746926, 0.3242120322753935, 0.31906957492873583, 0.2911184443817097, 0.30454273301262996, 0.29286131433057516, 0.25591923459121674, 0.2603454873302746, 0.2707371213685095, 0.24500105589620974, 0.21371857281760698, 0.27225965152046494, 0.20718404045656827, 0.21444376563318682, 0.21804724699631242, 0.23003472425106986, 0.1606033725073933, 0.20178247724111545, 0.18310959786792583, 0.16212965691144698, 0.2135352869082216, 0.16403150695781188, 0.1802649818688682, 0.18060560745463128, 0.17446485754856947, 0.155542403236738, 0.11330734332808316, 0.2060649692360108, 0.1142407794221022, 0.12335014901557109, 0.13374597046849446, 0.1522538683839358, 0.12146434838750662], "val_loss": [0.7505245776961802, 0.7148727244227819, 0.6951608311589109, 0.6512253703859701, 0.6791578337897974, 0.6574905584122983, 0.6434073068168324, 0.7313982425416325, 0.6846625469439367, 0.6332049114854824, 0.6838176059904231, 0.6290870150211694, 0.7221815172155917, 0.6878641725305557, 0.6637261311838454, 0.6938224710756608, 0.6471471570934363, 0.6771916694413512, 0.8225105963070938, 0.8364765620781873, 0.690981434362628, 0.8153652278982433, 0.7293147747047048, 1.0235293762845816, 0.8161329552003664, 0.7759837686718526, 0.9123399074766038, 1.0268642504072052, 0.8417006004303733, 0.8718384107422897, 0.9280586088388384, 0.8228787533604752, 1.0047696661423924, 0.8429515607832861, 0.8993445489777375, 0.9369224313360295, 0.8932712641313825, 1.0373969697245706, 0.8546976395050997, 1.0887997321122092, 0.8617722621402996, 1.2135889992262476, 0.9546439823221416, 1.1343920307462059, 1.340176161774306, 1.2472532083754961, 0.9825683283174316, 1.789379755124438, 0.9320828800685381, 1.057960070308162, 1.0774211583411384, 1.1086542669819497, 1.1213431430244396, 1.0372264930153343, 1.4594999076248998, 1.6396434124204513, 1.041113094507538, 1.1950642716187427], "f1_score_neu": [0.5374952128373037, 0.7292697849483523, 0.7386478997482571, 0.7540707265898864, 0.7647278540012119, 0.7753611005138024, 0.776208048779223, 0.7759877953423858, 0.7776027736135158, 0.7908885084797279, 0.8045056918778618, 0.794210385832797, 0.8199912789324151, 0.8039658336548976, 0.8161536368203807, 0.8356314392064338, 0.8177517628890013, 0.8327640161269662, 0.833824170235732, 0.8345933504821087, 0.8341613166702655, 0.8587640164659576, 0.8726690110863486, 0.8735683527185248, 0.8554404728927956, 0.85486185594165, 0.8871066787803431, 0.8787840100468552, 0.901209669190835, 0.8917912862146101, 0.8935827163342226, 0.9130720954842153, 0.9080623602188912, 0.9085700254993313, 0.918406146041616, 0.9284471080246964, 0.9037628374249287, 0.9301272146521535, 0.9285844296485063, 0.929052576629199, 0.9212595711014087, 0.9510729177543609, 0.9343417402082426, 0.9419536136838893, 0.9489686794012039, 0.9276742830405176, 0.9468113296431345, 0.944501159285618, 0.944042835477898, 0.9454665552111922, 0.9480554776530239, 0.9682387943224927, 0.9276748415387926, 0.9643264563449421, 0.9622192856258585, 0.9592690101917313, 0.9480564722955706, 0.9634463101183444], "acc": [0.5832725503483509, 0.6840505794455122, 0.7043520608523337, 0.7196693446785175, 0.7279358106809551, 0.7455628523274752, 0.7451981431719684, 0.7490882548339866, 0.7506686188199067, 0.7647702401495317, 0.7793581255619003, 0.7713347976294104, 0.7980792618510847, 0.7859226858676741, 0.7992949115079364, 0.820325791458999, 0.8047653839097184, 0.818988577107458, 0.8211767581904453, 0.8219061546623634, 0.8221492867182271, 0.8470702587819117, 0.8605640632173541, 0.8605640603769674, 0.8480427916862076, 0.8501094098714851, 0.8784342324127978, 0.8730853426899899, 0.8941162068740081, 0.8867007118925804, 0.8899829749379342, 0.9066374899406024, 0.9031120854052436, 0.8994651139289713, 0.9125942135854211, 0.9234135648556762, 0.8983710248221628, 0.9253586230415977, 0.9229273055841997, 0.9234135668265567, 0.9150255306225579, 0.9466326277446724, 0.9279114994839279, 0.9372720637374802, 0.9433503544391463, 0.922684177600523, 0.9427425237198164, 0.9375151885039842, 0.9377583306316271, 0.9395818070080806, 0.9443228760978296, 0.9637734004392144, 0.9269389742023024, 0.9615852169940687, 0.9579382410108565, 0.9547775319072993, 0.9434719154094507, 0.958302939283045], "f1_score_pos_neg": [0.4912801134363161, 0.5873199992738674, 0.6297584535314484, 0.6419779892939301, 0.6556733301484089, 0.6841990068362862, 0.6779352619269454, 0.6977843600933261, 0.6970271161806546, 0.7130398195850104, 0.722755994902253, 0.7269089354554029, 0.7493509169248603, 0.742405254476238, 0.7639483092563332, 0.7890690506562508, 0.7742798894013392, 0.7879788821670455, 0.7929884457338937, 0.8025177714310509, 0.7943393880220159, 0.8207083673277766, 0.8355427224677234, 0.8423866323679287, 0.8292022233689872, 0.8375265565980475, 0.8615702996281791, 0.8696359447426614, 0.8788540617932145, 0.8771199654002506, 0.8802995411925961, 0.8940566803978331, 0.8949515261616464, 0.8887760840046588, 0.9005143551272312, 0.9099497199058533, 0.8954884123402213, 0.9142273737223167, 0.9144634774732323, 0.9150087980930747, 0.9054797202051628, 0.9374523115888466, 0.9204336319009144, 0.9235713080915835, 0.9313114649502285, 0.9137593899189397, 0.9363273516380668, 0.9208241056822061, 0.9310786255426775, 0.9305730354690274, 0.9383167192908699, 0.956641679432686, 0.9240573568991028, 0.9582913975457104, 0.9516598836888138, 0.9484047134978157, 0.934556746523426, 0.9494883410257636],