{"1": {"val_f1_score": [0.5535898570028965, 0.6159093593663192, 0.6493066289185415, 0.655226090996715, 0.666447820139469, 0.6641727453481172, 0.6775455294148115, 0.6853208777287361, 0.6923770891879132, 0.5460583623894362, 0.6868474683422696, 0.613685644551459, 0.6807010404525264, 0.6955589995182877, 0.6872091419953797, 0.6847222177118821, 0.6745694488669955, 0.6566670947021116, 0.6708618714651222, 0.6804020932237839, 0.6780038150064032, 0.5430406395950688, 0.6270940382274904, 0.6664883112019515, 0.6296784169649534, 0.6695937262943277, 0.6600266002526972, 0.58379142643303, 0.6232961088911367, 0.6390654767494391, 0.6402792967181802, 0.5966670298682653, 0.6573270563218901, 0.6692446383659589, 0.6603587857388212, 0.5737163739006819, 0.6636885729731458, 0.6458399449469003, 0.6475770492551209, 0.6424022824971218, 0.6613798927141555, 0.573585035527062, 0.5984834507010035, 0.6468548385014598, 0.6555547105525067, 0.6197506678313869, 0.6325386512820376, 0.6293842317299552, 0.6372428237844758, 0.5952974902561197, 0.6122008690895323, 0.6480962866533782, 0.6260284917610323, 0.6298795413570769, 0.5917723335964674, 0.6309499512061403, 0.6467456995205964, 0.5784207128052821, 0.6440433859981454, 0.6149699666698305, 0.63594803208602, 0.6062904833465494, 0.6405636624435787, 0.6116663861581105, 0.6464104757764163], "val_f1_score_neu": [0.6844895119245615, 0.7058366437049604, 0.7120158540868021, 0.7247272802562248, 0.7161688240000247, 0.7330117557044421, 0.7366588838982701, 0.6951327709241267, 0.7366922336740191, 0.6956113784794041, 0.7251635472386208, 0.7158416158534584, 0.7372350428256343, 0.7037913999843872, 0.7079706253919144, 0.6925543748797816, 0.7299546248138091, 0.725790346150257, 0.7173973095095004, 0.6994787412867782, 0.7146395043597707, 0.6964317576609476, 0.7151106602089504, 0.7250717508489617, 0.723115617057141, 0.6715968879320289, 0.7238265600161948, 0.7011097983491099, 0.7174687538752242, 0.7223576770471583, 0.6079125653531274, 0.7110130752349131, 0.7195435162450959, 0.7224279820778349, 0.7167859599091955, 0.7068916409152591, 0.7169080516687378, 0.6393360456800073, 0.7152423508643103, 0.7152621371834228, 0.699971230518402, 0.702998964767146, 0.6985323105682515, 0.713616447079191, 0.6435184281953451, 0.7107318455767138, 0.7001939613988573, 0.7068212992120158, 0.7047137499262022, 0.7000255595033887, 0.7057803784834878, 0.7128689865443202, 0.7169092417451112, 0.7110425461442209, 0.706855451657395, 0.6439549735984932, 0.7106421426184809, 0.7012125219912345, 0.7037205254659545, 0.7071333357020373, 0.7120451490740872, 0.7073147656284166, 0.7108259383162081, 0.709736808903912, 0.7000762439918368], "f1_score_pos": [0.5655357283022668, 0.6593498753176795, 0.7098980264531242, 0.7203695459498299, 0.7323602893286281, 0.7429470221201578, 0.7553526179658042, 0.7691238249341646, 0.759766468571292, 0.7754207079609235, 0.7750130924913619, 0.7902734834286902, 0.7681597305668725, 0.7953358093897501, 0.8069551015893618, 0.8224593202273051, 0.8151315185758803, 0.8325119796726439, 0.8380156068338288, 0.8416412356826994, 0.8451309005419413, 0.8640760108828545, 0.8688094351026747, 0.863188342915641, 0.8533537967337502, 0.889233304394616, 0.8756294863091575, 0.8746953416201804, 0.8999681025743484, 0.8989921377764808, 0.893871514333619, 0.9030481212668948, 0.9269822529620595, 0.8815751804245843, 0.9208713364269998, 0.9347726653019587, 0.9365507165590922, 0.8901005114118258, 0.9414419026838409, 0.9214525346954664, 0.908344546953837, 0.940270340277089, 0.934861975411574, 0.9299550238582823, 0.9496812497576078, 0.9231515352924665, 0.9366981403695213, 0.9425534556309382, 0.960602730512619, 0.9554718492759599, 0.9430568963289261, 0.9519615016049809, 0.927350806693236, 0.9627632490462728, 0.9481234211060736, 0.9625657002131144, 0.9301784576641189, 0.9609832556711303, 0.9572629522946146, 0.9601635138193766, 0.9619666776723332, 0.9646864351299074, 0.948241848912504, 0.9516839931408564, 0.9698509052395821], "f1_score_pos_neg": [0.4491576486163669, 0.5804246581263013, 0.6232772246003151, 0.6525867664151721, 0.6691926552189721, 0.6774267214867804, 0.6962646966179212, 0.7204079901178678, 0.7096030852860875, 0.7362946470578512, 0.7367972226606475, 0.7443132963445451, 0.7478288875685798, 0.7604153868224885, 0.7828788086771965, 0.796637225482199, 0.7890490955776639, 0.8060149831904305, 0.8206924407018555, 0.8050576224923134, 0.8363111408220397, 0.8468457038203875, 0.8454045090410445, 0.8550744470622804, 0.848702405889829, 0.8604476369089551, 0.8825233057141304, 0.8546055687798394, 0.8889328158564038, 0.8928894143965509, 0.8821301145686044, 0.9036911808782153, 0.9195078023605876, 0.8887320715520117, 0.9004033249285486, 0.9199383838309182, 0.9218645807769563, 0.8935931573311487, 0.9398441794845793, 0.9152723807427618, 0.9068713039159775, 0.9340498381190829, 0.9363256270686785, 0.9331294505132569, 0.9487867347068257, 0.9149480842881732, 0.9384725847178035, 0.9370875904957453, 0.9477881350451045, 0.9488463252782822, 0.9497054658002324, 0.9531553851233588, 0.9346968962086571, 0.9551596757438447, 0.9435938398043314, 0.9558415959278742, 0.9354701687892278, 0.9539758008387353, 0.9534482798642583, 0.9484672347704569, 0.9545209614766968, 0.9617727531327142, 0.9265636892782317, 0.9468422482411066, 0.9678203538060188], "val_acc": [0.6338840691304851, 0.6674534527767121, 0.6873852663111443, 0.6910569077397218, 0.6986624604755894, 0.6997115090235368, 0.706268028921572, 0.7015473455261002, 0.7094151472251246, 0.6239181819813726, 0.7138735809696336, 0.6606346732701588, 0.7065302916721131, 0.7083661149187785, 0.7044321909652368, 0.6994492629835557, 0.7033831618009138, 0.6991869865863178, 0.7031209123062706, 0.6921059525359999, 0.7067925512806312, 0.6289011238285979, 0.6601101453930194, 0.6952530872374734, 0.6852871718101542, 0.6858116935595671, 0.6847626493729352, 0.6309992033854389, 0.6834513513303447, 0.6745344784014062, 0.6577498109016149, 0.6506687691916389, 0.6850249114356702, 0.6978757024092715, 0.683189087423039, 0.6585365882733973, 0.6865984774498748, 0.6629950274578268, 0.6758458009705343, 0.6784683933822058, 0.6860739623596748, 0.6435877309988528, 0.6320482579829528, 0.67820613715019, 0.6695515425255878, 0.6643063127916378, 0.6530291144065646, 0.6682402410283352, 0.6755835382199932, 0.6407028507004564, 0.6640440699562075, 0.6734854551303302, 0.6692892786964418, 0.6685024892255261, 0.6490951868576732, 0.6582743278989134, 0.6690270200883689, 0.6477838870486717, 0.6721741475053513, 0.6509310179984761, 0.6711250918292324, 0.652504583543722, 0.6708628344404519, 0.6472593741938413, 0.6753212700295317], "val_loss": [0.7981358096101232, 0.7397652585269459, 0.7006584281781324, 0.7028589039501667, 0.677052248440294, 0.6900369360820221, 0.6774171266441985, 0.6648880104489631, 0.6892177023163563, 0.9551145525513876, 0.6693619774640341, 0.8369692283417026, 0.697668667496767, 0.6835465525630388, 0.6818825114345476, 0.6910685622063704, 0.7117086021474363, 0.7446297929882847, 0.7195636487182219, 0.7592700001857676, 0.7199424156484846, 1.1557774380877235, 0.9664814267888833, 0.7625106869330407, 0.8471938655065671, 0.764984780445269, 0.8794397550744708, 1.2004860819339627, 0.9242185330628536, 1.00032144917799, 0.8660382925448004, 1.157783703356317, 0.9470000789761387, 0.8378179182913745, 0.9111232400221866, 1.242773694564375, 0.949802323710784, 0.8779614292946882, 1.0402991201444276, 1.0211662302297337, 0.8932288003005351, 1.3269189361071543, 1.423798444262959, 1.0873545887212006, 0.975667943017801, 1.1660734986558599, 1.1450784907952525, 1.1210831870502478, 1.0873470072855076, 1.4238145530239479, 1.2227013974623702, 1.1285812621538076, 1.215303889854105, 1.2270395619144534, 1.3957801459187633, 1.1238319921643598, 1.1747625753881423, 1.43063395816824, 1.1279850903065098, 1.3860272733426737, 1.226380922742444, 1.4698595307863136, 1.2363156097753762, 1.4461099569046556, 1.166572477634329],