{"1": {"f1_score": [0.4107825596957361, 0.6351404021845114, 0.7049931458896738, 0.7446397996269207, 0.739199879479685, 0.7703929818033372, 0.7854931555510878, 0.7881014935476575, 0.799228538007509, 0.820985268585261, 0.8239366737676235, 0.8201510339301755, 0.8407526385441887, 0.8470619736681934, 0.8331913361843577, 0.8664169797244855, 0.8654851796937265, 0.8540176748137104, 0.8802473994020871, 0.8609615458390592, 0.8944252406815312, 0.9070228964509073, 0.9064761079078633, 0.9091274725932061, 0.9104444695523984, 0.8694865399551741, 0.9092621324844453, 0.9248869548356599, 0.9105851215855989, 0.9270754616363935, 0.9347526830511262, 0.9180471479128102, 0.939003009219394, 0.9457129301934543, 0.9371369168317092, 0.9455032144731768, 0.9278339967541237, 0.9413272245817237, 0.9551455124020213, 0.9636431940459739, 0.9518189096348855, 0.9237565331584299, 0.959024002731174, 0.9538343212702104, 0.9367627436312219, 0.9632632439647714, 0.9592368546679898, 0.9674837684296367, 0.9600484268506562, 0.9582710235164016, 0.9177573224576275, 0.9608510661285391, 0.9725334700026306, 0.9698982615986464, 0.9617251031414794, 0.9634612608625893, 0.9721382133248526, 0.9641857674810751, 0.965664322666082, 0.9806307326312755, 0.9697711788522957, 0.9654567104035495, 0.9748787887226028], "loss": [1.1492012651795356, 0.5543874822962044, 0.5130572501085267, 0.4526982994871891, 0.4608122346309459, 0.42142133639582646, 0.3921153317447399, 0.38149774706283573, 0.35784914406902846, 0.341273036448054, 0.3305848648836501, 0.3286427171148756, 0.30652684224547594, 0.29107429311999333, 0.3264875844184698, 0.27265884077760166, 0.2647373894856481, 0.2916699792454719, 0.2455526048644112, 0.2813954121577135, 0.2316867468119687, 0.19822431224180417, 0.19465478095035402, 0.198731985182098, 0.16738206141775674, 0.25599833892370477, 0.19614642063837337, 0.18257853887160522, 0.1874641841715549, 0.16099670896205368, 0.15499398439995166, 0.17430314151757945, 0.1377406260755343, 0.11795478177165286, 0.1407878141242626, 0.12547683766340437, 0.1597722239004961, 0.13007829353331646, 0.10917108225145206, 0.08359668426165584, 0.10546103883568805, 0.1730953158222471, 0.09370644035576754, 0.10974502544815976, 0.13925786368735477, 0.08803733085067664, 0.09068645713492436, 0.08141459717154138, 0.08801332549416735, 0.09460810527760734, 0.175021374287515, 0.08600062419300263, 0.0682530476550686, 0.06951805901194245, 0.08845686873394902, 0.08358238432636039, 0.062312008525149884, 0.08016096788277041, 0.07841890084084463, 0.050412087217109845, 0.07077991495007921, 0.07586604026791957, 0.05938290030210209], "val_loss": [0.581224219994085, 0.48588592854757157, 0.4452912850403233, 0.43368790157694226, 0.4426239083028684, 0.4412317475410899, 0.41432413578906774, 0.4487850065996941, 0.4411052444333413, 0.3956367889093974, 0.4126500706751268, 0.3956859970922435, 0.42086733621118705, 0.49126342976049625, 0.43194824966609985, 0.4460907950360551, 0.4125893384545714, 0.4240257790237119, 0.41576369814529235, 0.4674487220935332, 0.44474372060307654, 0.4246059937427623, 0.43002014828252266, 0.42845243564892166, 0.46509628782051093, 0.5456917044298407, 0.48600900799072416, 0.47898966590709013, 0.5521828600629637, 0.48240596478093095, 0.46504471102622547, 0.47967802765022993, 0.4704645725833627, 0.4847304946191436, 0.5685946326407175, 0.6077691318787934, 0.5397327043052412, 0.590516153127137, 0.5439804200724367, 0.5324780789632646, 0.6790227820148398, 0.5685284441207354, 0.5314022667969831, 0.7676358027918144, 0.5651847354803912, 0.5810083265851851, 0.6012625740852403, 0.6395131011876722, 0.572583395628411, 0.6797834268710843, 0.582683189884647, 0.5805807647833167, 0.574412372013297, 0.6296605254558708, 0.6505861878395081, 0.6307220859987541, 0.626216817906488, 0.6696097406857762, 0.6442369406767672, 0.6637138784004509, 0.6413862737252745, 0.6330028898258931, 0.6500840647753342], "f1_score_neu": [0.41135292725549943, 0.8539552049587322, 0.8681225643044357, 0.8860427321787644, 0.8789175524169814, 0.8930478120039496, 0.8975657807229566, 0.900461385034539, 0.9047540536215193, 0.9105048978117521, 0.9147260758886996, 0.9128367803995392, 0.9248139769767361, 0.9281625048955475, 0.9177451731959129, 0.9318048227612536, 0.9325991812899991, 0.9189953233821405, 0.942277943716591, 0.9282891517305928, 0.9445774067664335, 0.9539525882820568, 0.9553263408422615, 0.9532772427516953, 0.9572725408166083, 0.9334062727836114, 0.9541509356088004, 0.959997259958823, 0.9504629318569955, 0.9627603720657405, 0.9655427337056919, 0.9573799542122376, 0.9716817659070452, 0.9722797255655871, 0.9683902030611592, 0.9744347792685433, 0.9625742509005342, 0.970328176429378, 0.9780039237123768, 0.9824859585861062, 0.9765586249698716, 0.9602134548532723, 0.9781628072298221, 0.9778079969459142, 0.9656420823780589, 0.9825411023493577, 0.9806809039034345, 0.9832828516412524, 0.9809822986675022, 0.9804554814307808, 0.9591120871815947, 0.9806664278759196, 0.987318531543508, 0.9849275741987863, 0.9814797494203198, 0.9808611178369003, 0.9864478711682846, 0.9822405715067356, 0.9831023073152718, 0.9904171216757325, 0.9853950233523556, 0.9829814812360774, 0.9882127964868004], "acc": [0.4725106865914041, 0.7767257088921604, 0.8005497766910127, 0.8262064775899189, 0.8185705617570848, 0.8393402611546642, 0.848503359586055, 0.8497251196830973, 0.8570555791158682, 0.8698839282363234, 0.8741600538945883, 0.8711056790485859, 0.8869883930020458, 0.8924862443126406, 0.8790470350422216, 0.9004276094090014, 0.9001221746006024, 0.8879046986652134, 0.9138668293842253, 0.896762358355828, 0.9205864356215144, 0.9312767159232441, 0.9318876017793039, 0.9318875983930901, 0.9358582763899079, 0.9022602300201165, 0.9340256611311952, 0.9425778753086059, 0.9318875944607128, 0.9459376799383029, 0.9505192420070464, 0.9379963335935562, 0.955711667429913, 0.9602932132593947, 0.9538790507511752, 0.9609040971492658, 0.945326818004205, 0.9563225354446313, 0.9673182635898625, 0.9737324476897462, 0.9648747642592242, 0.9428833265383213, 0.9688454511767127, 0.966096511685273, 0.9508246821678479, 0.9731215671860888, 0.9706780700036937, 0.9758704900741577, 0.9706780626851025, 0.9700671932503591, 0.9419670099882943, 0.9715943887019638, 0.9801466101979656, 0.9777031130155704, 0.9718998304648448, 0.972510694183077, 0.979841155764091, 0.9740378842822793, 0.9746487442501887, 0.9856444616906149, 0.9783139931551188, 0.9743433153403556, 0.9816737872620654], "f1_score_pos_neg": [0.41049736261222153, 0.5257329482382657, 0.623428411431333, 0.6739382807918635, 0.6693410223114395, 0.7090655460034337, 0.7294568106686843, 0.7319215316559822, 0.746465770223917, 0.7762254105156052, 0.7785419408475471, 0.7738081263418087, 0.7987219031146917, 0.8065116803094098, 0.790914383761826, 0.8337230238524165, 0.8319281652415025, 0.8215288273357515, 0.8492320928911502, 0.8272977044251756, 0.8693490959772193, 0.8835580302726662, 0.8820509802807229, 0.8870525577116392, 0.8870303900269524, 0.8375266507841423, 0.8868177168312492, 0.9073317790803345, 0.8906461754876371, 0.9092329650225258, 0.919357603107492, 0.8983806946981077, 0.9226636222097738, 0.9324294795113216, 0.9215102373060834, 0.9310374002159552, 0.9104638414988812, 0.9268267329465928, 0.9437162723931585, 0.9542217956276732, 0.9394490287736486, 0.9055280379573237, 0.9494545595195866, 0.9418474809382118, 0.922323056052353, 0.953624286590441, 0.948514809787601, 0.9595841899759971, 0.9495814677484893, 0.947178773422684, 0.897079930555988, 0.9509433554525265, 0.9651409164753787, 0.962383598689998, 0.9518477506366676, 0.9547613207785619, 0.964983372369334, 0.9551583625371673, 0.9569452823337142, 0.9757375103639406, 0.9619592226855116, 0.9566942360172493, 0.9682117575323284],