{"1": {"val_f1_score": [0.5145664253229861, 0.5928854178700771, 0.6327347906749454, 0.6507378443938805, 0.6438685223057674, 0.6520392859416655, 0.683582849681393, 0.6660275965139618, 0.627889747010608, 0.691252116843718, 0.584554426475613, 0.5806108959822276, 0.6808939026060487, 0.6453356808825738, 0.689260269380635, 0.6510314118383814, 0.6741960714909463, 0.6743942896994024, 0.6475662026948076, 0.6298276939293296, 0.6564806842472558, 0.5332377328667589, 0.6773535802299946, 0.6662904243596796, 0.6492524771061339, 0.6462754084937002, 0.68261828959973, 0.540469672731174, 0.5967939740211483, 0.6809709683478801, 0.6620775667226068, 0.6465142158707889, 0.6387610109715895, 0.6753993505822559, 0.669451240023196, 0.6166005750168911, 0.6677786879829619, 0.6440344161634648, 0.6396576384531367, 0.6632280570298331, 0.6554386858986395, 0.638033381728966, 0.6658587935806852, 0.6376594043046885, 0.5756434758222857, 0.6485393067810625, 0.6696794983473406, 0.6579936461720041, 0.621648161657645, 0.569313749784314, 0.6432702944030482, 0.6556150380814135, 0.6365997422845102, 0.6565154356622583, 0.6576230218020943, 0.6520848056946781, 0.6490607288544678, 0.6395405353975834, 0.6609469789737108, 0.6249208763269124, 0.624338801361087, 0.6567128731014533, 0.6635097774532627, 0.6551186031723722, 0.6592413565945568, 0.6383325383008511], "val_f1_score_neu": [0.6197454383796573, 0.6935559134454574, 0.6671604687324072, 0.6740738165337927, 0.6953185091267537, 0.724854398064497, 0.7304352073415571, 0.7340438420960761, 0.7245363837897918, 0.7296791758838677, 0.7077769465625302, 0.7146112972940324, 0.7325401176563436, 0.7053407864904516, 0.7162650448269898, 0.7025243410781522, 0.7202656899197596, 0.7322827869908503, 0.7239034284202251, 0.7200240569261, 0.7280020033347147, 0.6957296852267636, 0.7348420229791001, 0.726973084258558, 0.7195158942990687, 0.626584613085606, 0.7245043761424433, 0.7009599528817908, 0.7070602110574604, 0.7205221700662082, 0.7312331714562597, 0.7201290156720599, 0.607367659628063, 0.7033256161816315, 0.7159248316128548, 0.7171942829898171, 0.7057407994048976, 0.6746067967341073, 0.6938213047911231, 0.7042499679828796, 0.7264658327400294, 0.7207662479132766, 0.7041214190691186, 0.7180817317624997, 0.6933182194543704, 0.7171013866889017, 0.718589605432841, 0.7205569319702526, 0.7141305447375089, 0.7040912403136202, 0.7191926363631868, 0.7243293210055114, 0.7196842554263984, 0.7192069537646496, 0.7054307257569495, 0.718039009050844, 0.717428821092386, 0.7165787704591828, 0.6985862071577282, 0.7133552222279405, 0.7173536064397811, 0.7154664253113059, 0.7131892637008449, 0.7147349417131466, 0.7035748943268331, 0.7180311625128245], "f1_score_pos": [0.5792518440220091, 0.6369777652952406, 0.6972428659598032, 0.7051618761486478, 0.7322598165935941, 0.7368214842345979, 0.7308996121088663, 0.7442757669422362, 0.7312161905897988, 0.7792857653564877, 0.7517988748020596, 0.7752053373389773, 0.8065826346476873, 0.8157182716661029, 0.7958382848236296, 0.7811060034566455, 0.8071454680628247, 0.8041645503706403, 0.8241773082150353, 0.8330242418580585, 0.8701584322585, 0.8774171984857984, 0.8261006424824396, 0.8867463750971688, 0.8908216522799598, 0.9042773726913664, 0.8944629480441412, 0.8136735144588683, 0.8383757521708807, 0.9053425143162409, 0.9103981935315661, 0.9244463360971875, 0.9239288022120794, 0.8603363633155823, 0.9362069451146655, 0.9223061518536674, 0.9302165375815498, 0.9143716775708728, 0.9211197445789973, 0.9361406233575609, 0.9487682084242502, 0.9377339747216966, 0.9164484060472913, 0.934938606288698, 0.944961302810245, 0.8758554293049706, 0.9529182232088513, 0.9598592652214898, 0.9648231383826997, 0.9418552037742403, 0.9143783864047792, 0.9572976562711928, 0.96935216916932, 0.9593144141965442, 0.9653926392396291, 0.9733741283416748, 0.967658304505878, 0.9703097260660596, 0.9684727440277735, 0.9720236427254147, 0.8504812137948142, 0.9485103918446435, 0.974981783164872, 0.970093728767501, 0.9782761649952995, 0.975955550869306], "f1_score_pos_neg": [0.42235402514537174, 0.5127998507685132, 0.5958976795276006, 0.6313470982842975, 0.6502586338255141, 0.6708236883083979, 0.6800552954276403, 0.6855301161607107, 0.6868096590042114, 0.7255225479602814, 0.7186899019612206, 0.7154222428798676, 0.735215488407347, 0.7892090943124559, 0.7813329994678497, 0.7638426091935899, 0.7813134127193027, 0.7965154217349159, 0.8086392564906014, 0.8165994965367847, 0.8135073069069121, 0.8518884066078398, 0.8131558034155104, 0.8596435089906057, 0.8736501915587319, 0.8938728041119046, 0.8581149495310254, 0.8548608786529965, 0.8348623679743873, 0.9053107913997438, 0.8997218443287743, 0.9149412016073862, 0.8992121434874005, 0.8655605829424329, 0.9388668222559823, 0.9131008204486635, 0.9308687580956353, 0.9176500224404864, 0.9171047161022822, 0.9259378396802478, 0.9376188251707289, 0.9005982942051358, 0.9240133431222703, 0.931933636466662, 0.9442720264196396, 0.897402372625139, 0.9400114400519265, 0.9557652423779169, 0.9585335155328115, 0.9396341294050217, 0.9138242718246248, 0.9584379328621758, 0.9682228101624383, 0.9646731267372767, 0.9591646823618147, 0.9655510865979724, 0.9603527949915992, 0.9660628371768527, 0.962781783607271, 0.9694663617346022, 0.8928297162055969, 0.954645550913281, 0.9731731663147608, 0.9658965402179294, 0.9764980210198296, 0.9700081563658185], "val_acc": [0.6076580219746511, 0.6407028644878409, 0.6698137943962882, 0.6789929216501439, 0.6860739556223021, 0.6850249264579791, 0.7073170641354617, 0.704169946910514, 0.6934172656008992, 0.7057435148318171, 0.6443745101370463, 0.6671911774580791, 0.6968266376197229, 0.6894833566696663, 0.7075793382348021, 0.6939417790028481, 0.7039076811742695, 0.7062680258577089, 0.6784683920847535, 0.6703383222734275, 0.6968266466549929, 0.6268030533851866, 0.702071854785581, 0.6889588166933938, 0.689745604257211, 0.6580120754185669, 0.7039076776414477, 0.6401783408313294, 0.6414896412499771, 0.6997115192155715, 0.6939417843646087, 0.6674534491032026, 0.6567007539280437, 0.6973511702489765, 0.6871229987303291, 0.6637818011560997, 0.6863362153871397, 0.6750590187684776, 0.6774193555577797, 0.6897455964412335, 0.6831890855159405, 0.6774193488985667, 0.6918436850333445, 0.6627327514513878, 0.6118541834643905, 0.689483343882727, 0.6944662972194392, 0.6907946521173522, 0.6643063222958665, 0.6464725890060813, 0.683451349485774, 0.6863362201392541, 0.6800419593182505, 0.6852871680584849, 0.6826645613123106, 0.6831890939415642, 0.6763703016480717, 0.6782061377598362, 0.67820613715019, 0.667191190026171, 0.6614214492663292, 0.6792551891527994, 0.6860739556223021, 0.6803042226784378, 0.67846838358097, 0.6650930972915917], "val_loss": [0.8324789744551464, 0.8004985758553582, 0.7329521006153475, 0.7127681426291637, 0.6994519952617229, 0.7110680470527891, 0.6765028587045427, 0.6840027902747213, 0.6993302141091281, 0.6894031947690172, 0.8954464099771733, 0.7746255280713287, 0.748209097818099, 0.7162435603304357, 0.6865228778291117, 0.7198340967512493, 0.6925594690056758, 0.7190934425572101, 0.8004097080655902, 0.8423026561143047, 0.7630845745842256, 1.156444202437352, 0.7970552674560387, 0.8278380402141814, 0.7905291790978477, 0.8882401547905907, 0.7947298921752157, 1.1052962036355412, 1.1217462677921863, 0.8167847117007075, 0.8864975377639822, 1.036065723056278, 0.8979487716291884, 0.817059031378213, 0.9122113030850341, 1.1129924598216636, 0.9227936018210461, 0.8719477828424995, 0.9011927542647695, 0.8823424479700654, 1.046190869767554, 1.0886811788645498, 0.9014856577107139, 1.1823328551488257, 1.7321854252969064, 0.9440084118527938, 0.9494847838502839, 1.0101405366680736, 1.2663372374881512, 1.4397108328489379, 1.0633771365438582, 1.076257732294064, 1.148130133587827, 1.060882164210808, 1.007368603623073, 1.119964843249027, 1.16648151109827, 1.191245170706312, 1.0855896762747355, 1.3259002201644072, 1.2068388508962515, 1.0626481459767931, 1.0397214694908525, 1.0909194026817464, 1.0595868456060418, 1.2765684834371986],