{"f1_score_neu": [0.49105948650685605, 0.656633562874049, 0.7035909807309508, 0.7050757315009832, 0.7253615353256464, 0.7293522929151853, 0.7405371448645989, 0.7317613499859968, 0.743614507218202, 0.7473464794456959, 0.7627491789559523, 0.7623567388703426, 0.7806632847835621, 0.7805778657396635, 0.7854486846675476, 0.7861233813067278, 0.7916048336774111, 0.7976140876611074, 0.8108826869477829, 0.8066014939298233, 0.8358955203245083, 0.7972255516797304, 0.8354998268187046, 0.8405294325202703, 0.8339487463235855, 0.8465022519230843, 0.8590587259580692, 0.8363877236843109, 0.8671403142313162, 0.8592232217391332, 0.851153064519167, 0.8605394791811705, 0.8600540993114313, 0.8878492737809817, 0.8896594395240148, 0.8938100213805834, 0.8914633126308521, 0.8897411283105612, 0.8534592256570855, 0.9000094837198654, 0.9007527083158493, 0.9108703639358282, 0.8923151126752297, 0.8952879644930363, 0.9038833864033222, 0.9133095542589823, 0.9103749208152294, 0.8832312605033318, 0.9143655250469843, 0.9227799928436676, 0.9016218564162651, 0.9218691649536291, 0.9176570580651363, 0.9298816242565712, 0.9156351195027431, 0.9312558478365341, 0.9274548515677452, 0.925536535680294, 0.9384760918716589], "loss": [1.0438797703633707, 0.8647427217413982, 0.801923293620348, 0.7848775616536537, 0.7518146578222513, 0.7387202779452006, 0.7213372532278299, 0.718530498445034, 0.6867998819798231, 0.6824380823721489, 0.650264905144771, 0.6473301642884811, 0.6036485439787308, 0.6157011693964402, 0.5952811405683557, 0.5916287039096156, 0.572234984797736, 0.5734248561784625, 0.535905190743506, 0.5302008145178357, 0.47137435401479405, 0.5594473021725813, 0.4743635154639681, 0.45252253984411556, 0.4796696960305174, 0.44227541827907163, 0.421748951698343, 0.4762477558106184, 0.41177117979774874, 0.4193063909187913, 0.410005717848738, 0.4103823347638051, 0.41362148988991976, 0.3511882557844122, 0.35554630821570754, 0.3312580855563283, 0.34894196207945544, 0.33971937093883753, 0.42728904138008755, 0.3081093818570177, 0.31275605224072933, 0.28932539420202374, 0.33113874789948267, 0.32024233353634673, 0.298312084749341, 0.28413101208085817, 0.2872507213614881, 0.32568012457340956, 0.2652178610054155, 0.246993621190389, 0.313404851903518, 0.2577115911990404, 0.26730679410199326, 0.2326881599922975, 0.2606747061945498, 0.22975864354521036, 0.2330025831858317, 0.23353320616297424, 0.21198257943615317], "val_acc": [0.6160503576003814, 0.653815895998975, 0.6519800678438756, 0.6567007612750626, 0.6608969292833272, 0.6768948308226632, 0.6548649397166483, 0.6569630287777181, 0.629425660819167, 0.6645685954572896, 0.6724363917163936, 0.6829268403826128, 0.6703383247276444, 0.646997104924775, 0.6538158941544043, 0.6435877201971719, 0.6782061438875626, 0.6477838943956907, 0.660896942539225, 0.666666657475077, 0.6105428711654569, 0.6784683933822058, 0.6066089614682582, 0.6483084149258111, 0.6367689410814175, 0.6173616519694625, 0.656963029465524, 0.6595856356020522, 0.6391292954879328, 0.6525045950332089, 0.6498819761879013, 0.656176235242494, 0.6323105326919396, 0.6386047815544975, 0.6540781604377672, 0.6456858118531462, 0.6485706806620556, 0.6467348541326795, 0.635457649307241, 0.6333595606369701, 0.645948075072646, 0.6412273833297101, 0.6325727767466623, 0.6299501658580199, 0.6414896347314518, 0.6417518974819929, 0.6393915545649644, 0.6462103293194035, 0.6323105097129655, 0.633621819245043, 0.6441122395705277, 0.6042486205364881, 0.6359821667734982, 0.6370312044416048, 0.6344086007592936, 0.6469971079104784, 0.6441122450104481, 0.6401783282632375, 0.6199842587156368], "f1_score_neg": [0.24118713235172132, 0.30524676364924136, 0.4211889474342267, 0.39616007753647864, 0.44489056896418333, 0.47802908532321453, 0.49773894778142375, 0.5479930198440949, 0.5505655289938053, 0.5504673557976881, 0.5647146177167693, 0.5987652819603682, 0.609266521098713, 0.6095679625868797, 0.6248822010432681, 0.6330389175564051, 0.6309304886187116, 0.6456959949185451, 0.6784701601912578, 0.6748900786042213, 0.713998586560289, 0.6627052721257011, 0.7378619511922201, 0.7178138581415018, 0.7119561887035767, 0.7479282350589832, 0.7446105334286889, 0.749804958080252, 0.7719402747849623, 0.7565873855104049, 0.7715197590490183, 0.785872761781017, 0.7828620790193478, 0.808816697448492, 0.7921655817578236, 0.8099326305091381, 0.8220603043834368, 0.8108229922751585, 0.7827737610787153, 0.8309604618698359, 0.847660738353928, 0.8483121711760759, 0.836633637547493, 0.8308795883009831, 0.8530994858592749, 0.8741526305675507, 0.8368786132584015, 0.8642879165709019, 0.8711033829798301, 0.8812973958750566, 0.8241654764860868, 0.8755574108411869, 0.8623761478811502, 0.8838559538125992, 0.873775327578187, 0.8930151009311279, 0.8861386012285948, 0.8892189804464579, 0.8960110054661831], "f1_score_pos_neg": [0.36356473124275607, 0.4389795297756791, 0.5103995228807131, 0.5080407060061892, 0.5481272656470537, 0.5679557714611292, 0.5796931857864062, 0.602661152680715, 0.6185749862343073, 0.6169597562402487, 0.6354816934714714, 0.6500446864714226, 0.6675248468915621, 0.6714917328208685, 0.6832882954428593, 0.6845182323207458, 0.6951812114566565, 0.7048036878307661, 0.7262382097542286, 0.7241963477184375, 0.7652965566764275, 0.7192137812574705, 0.7699123354007801, 0.7710011508315802, 0.7606330886483192, 0.7855430288861195, 0.7936819617946943, 0.7761091142892838, 0.8064969275146723, 0.8000422225644191, 0.8019366307804981, 0.8061702443907658, 0.8102463011940321, 0.8381518094489971, 0.8316385466605425, 0.8482214249670506, 0.8448224539558092, 0.8437670643130938, 0.8102889154106379, 0.8577229809015989, 0.8593085010846456, 0.8722145321468512, 0.8527895367393891, 0.8528185865531365, 0.869925661633412, 0.8807452718416849, 0.8722320223848025, 0.8585663996636868, 0.8831905703991652, 0.8948032564173142, 0.8554351006944975, 0.8871594220399857, 0.8816090126832327, 0.8974304646253586, 0.8862021062523127, 0.9001317732036114, 0.9019594993442297, 0.9006032751252254, 0.9109343718737364], "val_f1_score_pos": [0.651099231435094, 0.709501767124118, 0.6963157327100732, 0.6936466674025591, 0.6988613873587297, 0.6746062694995258, 0.6579209103566782, 0.716615577945239, 0.6088944169407656, 0.7121805393911552, 0.7073696348225073, 0.7036111045002531, 0.6585875000035766, 0.6616349469449243, 0.6136305146163572, 0.5821451600567737, 0.6876214905389175, 0.69950037488092, 0.6470715765436584, 0.6905240200805814, 0.5049953788339138, 0.6942103256430177, 0.6769225332419953, 0.665181349166697, 0.6877409329165507, 0.5451058578903895, 0.66642339166118, 0.6643868890641526, 0.6828424932292024, 0.6671731954730155, 0.6836713828535302, 0.6832819280116664, 0.5972646026044826, 0.6299230724596583, 0.6554314033771919, 0.6488232978866572, 0.6487280622792938, 0.6798485066676246, 0.6161837532330835, 0.6841042051001418, 0.6842282990161247, 0.6957604057545616, 0.6463623638075542, 0.6650792739849656, 0.6369202777278289, 0.6778920796828541, 0.6510034451764805, 0.64161074628925, 0.6869420754199824, 0.6727081000132727, 0.6682148768524783, 0.617980284497646, 0.6538752260215633, 0.6682991383740385, 0.6236661244120274, 0.6857181536910605, 0.6743493215199252, 0.6394002976894003, 0.6820587710605154],