{"val_f1_score_pos_neg": [0.4529836150313687, 0.6271000524033657, 0.5918545595717312, 0.5861504852631071, 0.6362361278929112, 0.6876203931913019, 0.6491362737477561, 0.6697330696202, 0.6170782062158853, 0.635203405171281, 0.6211706136675479, 0.46363875073708793, 0.6196992109367737, 0.6243372583776955, 0.5685628877829104, 0.5251006686465496, 0.6594936779062485, 0.6771485028915946, 0.5689565355684574, 0.5229500659394383, 0.6320244113572964, 0.6629503510175275, 0.6262460621579438, 0.6560106108015427, 0.6615396578606426, 0.5728019393087528, 0.6560632385921203, 0.5703766128380968, 0.6668658843823314, 0.667286806896919, 0.6536493788170683, 0.6380320296586419, 0.5367593295362219, 0.633076498444675, 0.6481100813222626, 0.5753198501133963, 0.6146623573058113, 0.6374894406518503, 0.5184948983043628, 0.6704538652285984, 0.5492459451498837, 0.6331130735148228, 0.6295765341500613, 0.6589731639243785, 0.629156845903384, 0.6206292801255977, 0.560887045757745, 0.6624241273858995, 0.6200334674068364, 0.5991273345110644, 0.6354552051572702, 0.5577881052648492, 0.625716060782992, 0.6543279006791934, 0.6271335402092783, 0.6149065215975914, 0.5866679403996361], "loss": [0.9983117484620639, 0.7681387769324439, 0.7466941167201314, 0.6876463176948684, 0.6857140873159681, 0.6591743667210851, 0.633028547678675, 0.6188832319208554, 0.5920982307621411, 0.5700628858591829, 0.5578442247850555, 0.539017025913511, 0.6042812477265086, 0.5036864312631744, 0.5194707166935716, 0.5029752925038338, 0.4701951912471226, 0.495180823973247, 0.44825841592890875, 0.4438161684998444, 0.4390728601387569, 0.39968066077147213, 0.45064131330166546, 0.37072406336665154, 0.4275071711412498, 0.36263539429221836, 0.3634158042924745, 0.28833084819572313, 0.377966652491263, 0.2879513204097748, 0.33526467585137915, 0.2926108916955335, 0.31161753008408205, 0.2452117513333048, 0.28847883974335026, 0.23402476576822145, 0.2841421826077359, 0.20447690784931183, 0.22621302998491696, 0.2986945951623576, 0.19985625786440714, 0.212880760963474, 0.1962592668299164, 0.29775036685168743, 0.19096226152032614, 0.1737174748310021, 0.22530017274298839, 0.1733526631391474, 0.1928566557222179, 0.12896740822387592, 0.15007969510874578, 0.12957983570439474, 0.17870289007467882, 0.13716158164399012, 0.17890173023832695, 0.1363303174397775, 0.12480382913989681], "f1_score_neu": [0.44290469207667876, 0.6893293687275478, 0.7038816894803729, 0.7420581770794732, 0.7348605585949761, 0.7539916315249034, 0.7531758365886552, 0.7622493164879935, 0.7704331864203725, 0.7847784097705569, 0.7814320517437798, 0.7986477464437485, 0.767353467643261, 0.8086929012622152, 0.7999044529029301, 0.807264333324773, 0.8211233445576259, 0.8124657581959452, 0.8328292412417275, 0.8325961093817439, 0.8331571359719548, 0.8473607535873141, 0.8360131478735379, 0.8598443823201316, 0.828839259488242, 0.8703152239322662, 0.8655177557042667, 0.894237511924335, 0.8549493146794183, 0.8991716855338642, 0.873881530548845, 0.8918866834470204, 0.8893546451415334, 0.9145282336643764, 0.9011020224009242, 0.9168287664651871, 0.8987867938620704, 0.931496014552457, 0.9190005702631814, 0.8934336698481015, 0.9348384205784116, 0.9313295153634888, 0.9320662585752351, 0.8927974200674466, 0.9374796311770167, 0.9476601534656116, 0.9253326473491532, 0.9473085903695652, 0.9334418113742556, 0.9608196946127074, 0.9529465479510171, 0.95529163309506, 0.9375117357288089, 0.9602521700518472, 0.9396244723881993, 0.9533740484288761, 0.9603876428944724], "f1_score_neg": [0.2715852362369852, 0.3912302090653351, 0.4806582619036947, 0.5302690315459456, 0.5504533627203533, 0.5756809402789388, 0.6043549669640405, 0.5960600860416889, 0.6535745305674416, 0.6313567938549178, 0.661236261682851, 0.7031068290982928, 0.6586705866668906, 0.7238149483289037, 0.6961222855108125, 0.7404171058109829, 0.7429394572973251, 0.7595309061663491, 0.7845381168382508, 0.7717649830239159, 0.7906593329140118, 0.8189008438161441, 0.7646801487675735, 0.8205328732728958, 0.8189806853021894, 0.832789166697434, 0.8507828382509095, 0.8727037597979818, 0.8635412167225566, 0.895815735416753, 0.8591969960502216, 0.8847168513706752, 0.8750894176108497, 0.8795074543782643, 0.8856424444488117, 0.9169447869062424, 0.9052347445062229, 0.9031212851405144, 0.896058300776141, 0.8998583555221558, 0.9064030232174056, 0.8940812115158353, 0.9015168803078788, 0.9143206870981625, 0.9199185690709523, 0.917392587023122, 0.9253894654767854, 0.9349195488861629, 0.9190014164362635, 0.9456739585314479, 0.9407008396727699, 0.9495011504207339, 0.947556445641177, 0.9324903754251344, 0.9326938316226006, 0.9451760245221001, 0.9359523739133563], "val_f1_score_neg": [0.2304053451683213, 0.5372189135648996, 0.4730205156032163, 0.4549291383132139, 0.5782539395875829, 0.6343181119201504, 0.59626904821696, 0.6069773380880809, 0.4943709211448907, 0.5363695319950065, 0.5618482546139789, 0.3733858867029865, 0.5026805918735061, 0.5346142721401248, 0.42575658472885525, 0.33370659762781935, 0.5941788071476816, 0.6389096445403261, 0.4316735624438535, 0.4060753748825207, 0.5409926033038778, 0.6007411857461666, 0.5207107212016377, 0.596691903294524, 0.637009027136801, 0.5601479345470972, 0.6200054572724684, 0.5173135792493132, 0.6047342151692618, 0.6233758139166343, 0.602315670184629, 0.5584853533494201, 0.41219529707288605, 0.5545873784687524, 0.587099793730775, 0.5127878243486118, 0.5360613767318515, 0.6104756216974105, 0.5731315310783597, 0.6218297248620734, 0.39596571274826664, 0.5627567808271049, 0.5418007527159294, 0.6036889630917205, 0.5368571148717807, 0.5786896886833065, 0.5146542154770337, 0.6100008821443658, 0.5493072132535285, 0.5198244648970177, 0.555873674277774, 0.5261544894428039, 0.5524356340036409, 0.5959100035616897, 0.5705130513559137, 0.542455450931372, 0.47244936323153386], "val_f1_score_neu": [0.49877158194241045, 0.6361921191403098, 0.7116065068942744, 0.7089090706199728, 0.7349775063688286, 0.687425654609154, 0.737435646751813, 0.6966384099031914, 0.7227579679915576, 0.7327160797593102, 0.7392557382489826, 0.6944465262196429, 0.7157464588748292, 0.7387440367817972, 0.7269853560154813, 0.7221154902289616, 0.651330840171806, 0.733337743136003, 0.7250007396916095, 0.7149413952576091, 0.6502657578024625, 0.6624087495907629, 0.7136818257930114, 0.6063499562921031, 0.7348033363757219, 0.7132513172320735, 0.7365448430489281, 0.71555666877565, 0.6947150255106204, 0.7269473582654683, 0.7344076659089775, 0.6281139577526199, 0.7132346338716793, 0.7234416891826346, 0.7303398766606428, 0.7165495705141848, 0.723217877618228, 0.7214600834482585, 0.6906904537878479, 0.6815745785984817, 0.7067537588176532, 0.7234276704609378, 0.6657341788079587, 0.7117472887977102, 0.6909400923590381, 0.7216982232939687, 0.7096187788577897, 0.6818830144552306, 0.7168924419735474, 0.7185144161040034, 0.6988010073846136, 0.7078197436666601, 0.7168217556325901, 0.6713933098544419, 0.7174687074795815, 0.720439416903259, 0.7130397142871233],