{"acc": [0.5215521556089515, 0.5463546345574651, 0.5561556152336978, 0.5501550142914549, 0.5566556744664201, 0.5568556884656323, 0.5501550278588287, 0.5441544196202476, 0.5744574495119648, 0.5568556896697665, 0.5696569624358695, 0.5845584525729624, 0.5898589905839835, 0.592559259120721, 0.5863586322034952, 0.5904590488672375, 0.5960596005002645, 0.5949594936128592, 0.6151615247057372, 0.6137613811389436, 0.6051605131306855, 0.6101610266884537, 0.6286628631630329, 0.6315631587119779, 0.6296629627199933, 0.63886388493414, 0.636663665609582, 0.6398639852719994, 0.6401640189947015, 0.6438643838396214, 0.6550655039277884, 0.6604660428491923, 0.6657665635433325, 0.6718671868915427, 0.6651665152090885, 0.6713671360698769, 0.6782678275278109, 0.6849684913833924, 0.6819681885814962, 0.6935693526377689, 0.6991699154954729, 0.6978697902990086, 0.7021702111381354, 0.7000700062496065, 0.7169716988865025, 0.722772275874562, 0.7160716086927087, 0.7308730888705287, 0.7183718406947831, 0.7260726066109705, 0.738173819521759, 0.7407740786178361, 0.738973897681831, 0.7502750294997056, 0.7464746498849371, 0.7688768961832803, 0.7625762600817195, 0.782978300297662, 0.7700770054951777, 0.773477349755573, 0.7784778485835606, 0.7937793757202792, 0.7980798056440623, 0.801380144672306, 0.8103810380263166, 0.8069807012410912, 0.8113811379647848, 0.8168816869706437, 0.8208820904442186, 0.833783373342465, 0.8182818322303784, 0.845484552055326, 0.8421842189881429, 0.8450845089754184, 0.8558855875335535, 0.8418841873875784, 0.8536853700569241, 0.8514851534744539, 0.8677867774916167, 0.8841884184186489, 0.8560856050319082, 0.8829882938762417, 0.8885888577115596, 0.8602860313270649, 0.8837883788915334, 0.8977897806648779, 0.8929892994961938, 0.8785878545773698, 0.9101910170751496, 0.8968896900716931, 0.8950895068227964, 0.9050905111432374, 0.9015901622706407, 0.9114911478273224, 0.913491352139288, 0.9132913308556598, 0.9157915812264038, 0.9009900921069929, 0.9228922860755219, 0.9174917432973118, 0.9154915479925086, 0.9210921079650595, 0.929592962985826, 0.9341934203553145, 0.9292929189624113, 0.9334933475943038, 0.9342934238349143, 0.9355935563634832, 0.934393433996863, 0.9460945988681414, 0.9225922646862541, 0.9373937437314727, 0.9471947094573654, 0.9294929439061307, 0.9488948815905436, 0.9553955342366893, 0.9479947942282536, 0.9224922463874576, 0.9520952111662048, 0.9519951977852834, 0.9537953845869721, 0.959395940935198], "val_acc": [0.5539568412861378, 0.5539568412861378, 0.5539568412861378, 0.5800359758327334, 0.5539568412861378, 0.5620503545665055, 0.5557553919313623, 0.5539568412861378, 0.6205035930486034, 0.5701438738502187, 0.5584532391253135, 0.6124100828771111, 0.6196043165467626, 0.6258992606358562, 0.6357913587590773, 0.6294963902277912, 0.6196043375584719, 0.612410075158524, 0.6232014274854454, 0.6357913677640956, 0.5440647424124986, 0.644784151435756, 0.6223021726385295, 0.6357913594022929, 0.6214028794130833, 0.6510791647777283, 0.6205036129882867, 0.6483813041834523, 0.6339928087570684, 0.5764388461335958, 0.5953237401495735, 0.6564748308641447, 0.6034172792657674, 0.642985623088672, 0.6474820338993621, 0.6555755320641634, 0.6465827385298639, 0.6510791371194579, 0.6294964131691473, 0.6447841865982084, 0.642985623088672, 0.6321942681888882, 0.6591726610128829, 0.6618704909472157, 0.6483813065419094, 0.6258992754298148, 0.6456834427315554, 0.6483812996809432, 0.6609712123013228, 0.6447841724474653, 0.6591726646577711, 0.5782374085711061, 0.652877698270537, 0.6420863386538389, 0.6447841968896578, 0.633093532684038, 0.6393884883510123, 0.6187050505507764, 0.6510791334745695, 0.6384892193533533, 0.6474820083851437, 0.5737409964739848, 0.65377699342563, 0.5773381293892003, 0.6582733875127147, 0.6555755269184387, 0.6267985527892764, 0.646582720091017, 0.61330935187477, 0.6474820077419281, 0.6564748272192564, 0.6016186857395035, 0.6312949646719925, 0.6160071899565004, 0.6187050327551451, 0.5800359623252059, 0.615107920530031, 0.6276978567349825, 0.6402877880086144, 0.6276978350800576, 0.6285971212301323, 0.6223021533420617, 0.6196042921045701, 0.6321942598270855, 0.60701437369525, 0.5692446208257469, 0.6223021310439213, 0.6196043195484353, 0.6196043433474122, 0.6250000006432156, 0.6232014326311701, 0.6043165450473483, 0.6348920987664367, 0.6357913491108435, 0.6250000051457247, 0.6294964208877344, 0.5989208455137212, 0.6124100648670745, 0.5818345240122981, 0.6223021726385295, 0.6016186941013062, 0.6151079031632101, 0.6232014261990142, 0.6214028716944963, 0.6106115045736162, 0.6241007367912814, 0.6196043068985287, 0.5935251965797205, 0.6303956860260997, 0.6160071869548276, 0.5872302151841226, 0.6142086506747514, 0.6151078935149762, 0.5944244655773794, 0.6160071908141211, 0.6025179688879054, 0.6232014231973415, 0.5962230301589417, 0.6276978440850759, 0.6061151014815132, 0.6061150984798404, 0.6016187028919192], "f1_score": [0.23316073485917718, 0.23775923399641963, 0.26239208182176, 0.2594303437853732, 0.2957764144378467, 0.2914697236628017, 0.2991775740804237, 0.30982776893319003, 0.3285418915705677, 0.3196440394109029, 0.34484901076162416, 0.3592911244827648, 0.3782372769146803, 0.3862214107068256, 0.370056180435248, 0.37611008026037396, 0.38868437647068427, 0.38650911724535225, 0.41634585442739985, 0.4240809581776669, 0.42786486728964646, 0.42584862308104476, 0.4713410448284075, 0.4859281947152807, 0.48690417996107643, 0.49367565275466563, 0.5069721158426611, 0.5251939422262348, 0.5218440488059827, 0.5276616879887241, 0.538705581592934, 0.5511145222507747, 0.5569850790439838, 0.5773293165841548, 0.5572858784291516, 0.5734366567054502, 0.5872496632244936, 0.5979094508827084, 0.5997159099123432, 0.6122595266600063, 0.6137702441451574, 0.6229773264239342, 0.626938705367319, 0.631032773215409, 0.6381611862126821, 0.650868853237262, 0.6500717891742139, 0.668099355108679, 0.6624574126965023, 0.6688469470125494, 0.6813729689328453, 0.6871589277789454, 0.6883049376106987, 0.7009180118732661, 0.6929842961741777, 0.714309045786571, 0.7146096916744287, 0.7410807627262456, 0.7218238813172031, 0.732315999649205, 0.7290787210475446, 0.7651150287157393, 0.7618087267730221, 0.7653323456530261, 0.7677690976678712, 0.770164573111526, 0.7845071574093903, 0.7903380589623942, 0.7848820183465262, 0.8145341758776192, 0.7879863796871726, 0.818413172600114, 0.8152805453944842, 0.8236373628732121, 0.8340167023680403, 0.8092259293330265, 0.8283576106462422, 0.8380405113916181, 0.8457924628069382, 0.8700830736378692, 0.8332658108025387, 0.8661747966447894, 0.8698049668777417, 0.8464901693249502, 0.8686909601263719, 0.8854470628299097, 0.879731091854274, 0.8627655234190449, 0.9017845318727296, 0.8844906765468741, 0.8794941337827039, 0.8940463560749882, 0.885825480648441, 0.8987420661435841, 0.9001507003231757, 0.9054272046553181, 0.9043674787076333, 0.8901167471047127, 0.9100675189515355, 0.9095870088977759, 0.9053110011351897, 0.9094264465387445, 0.9251636985373838, 0.9292088442473951, 0.91151493374664, 0.9286747537907248, 0.9257003126746238, 0.9281465752158884, 0.9251435962077653, 0.9404664282107761, 0.9158163924302587, 0.9299530290772836, 0.9382389737124538, 0.9183810513691254, 0.9417881553370258, 0.9497857691943854, 0.9437737580430139, 0.9143778708937502, 0.9455529198025164, 0.9469397733158822, 0.9471115603937198, 0.9547135071559409],