{"val_f1_score": [0.20035252584705757, 0.20035252584705757, 0.20035252584705757, 0.20035252584705757, 0.20035252584705757, 0.20035252584705757, 0.20035252584705757, 0.20035252584705757, 0.20035252584705757, 0.20035252584705757, 0.20035252584705757, 0.20035252584705757, 0.20035252584705757, 0.20035252584705757, 0.20035252584705757, 0.20035252584705757, 0.20035252584705757, 0.20035252584705757, 0.20035252584705757, 0.20035252584705757, 0.20035252584705757, 0.20035252584705757, 0.20035252584705757, 0.20035252584705757, 0.20035252584705757, 0.20035252584705757, 0.20035252584705757, 0.20035252584705757, 0.20035252584705757, 0.20035252584705757, 0.20035252584705757, 0.20035252584705757, 0.20035252584705757, 0.20035252584705757, 0.20035252584705757, 0.20035252584705757, 0.20035252584705757, 0.20035252584705757, 0.20035252584705757, 0.20035252584705757, 0.20035252584705757, 0.20035252584705757, 0.20035252584705757, 0.20035252584705757, 0.20035252584705757, 0.20035252584705757, 0.20035252584705757, 0.20035252584705757, 0.20035252584705757, 0.20035252584705757, 0.20035252584705757, 0.20035252584705757], "loss": [7.801020264625549, 8.196052074432373, 8.196052193641663, 8.196051716804504, 8.196051716804504, 8.196052193641663, 8.196051836013794, 8.196052193641663, 8.196052193641663, 8.196052312850952, 8.196052074432373, 8.196052432060242, 8.196052193641663, 8.196052074432373, 8.196052312850952, 8.196052312850952, 8.196392059326172, 8.196051955223083, 8.196052193641663, 8.196052551269531, 8.196051955223083, 8.196052193641663, 8.196052074432373, 8.196051955223083, 8.196051716804504, 8.196052193641663, 8.196051955223083, 8.196051836013794, 8.196052074432373, 8.196051836013794, 8.196051836013794, 8.196052193641663, 8.196052074432373, 8.196052193641663, 8.196052432060242, 8.196051955223083, 8.196553468704224, 8.196052193641663, 8.19654893875122, 8.196052312850952, 8.196051955223083, 8.196052193641663, 8.196052074432373, 8.196052312850952, 8.196052193641663, 8.196052312850952, 8.196052193641663, 8.196052074432373, 8.196051836013794, 8.196051836013794, 8.196052074432373, 8.196051955223083], "val_loss": [9.185581788534009, 9.185581788534009, 9.185581788534009, 9.185581788534009, 9.185581788534009, 9.185581788534009, 9.185581788534009, 9.185581788534009, 9.185581788534009, 9.185581788534009, 9.185581788534009, 9.185581788534009, 9.185581788534009, 9.185581788534009, 9.185581788534009, 9.185581788534009, 9.185581788534009, 9.185581788534009, 9.185581788534009, 9.185581788534009, 9.185581788534009, 9.185581788534009, 9.185581788534009, 9.185581788534009, 9.185581788534009, 9.185581788534009, 9.185581788534009, 9.185581788534009, 9.185581788534009, 9.185581788534009, 9.185581788534009, 9.185581788534009, 9.185581788534009, 9.185581788534009, 9.185581788534009, 9.185581788534009, 9.185581788534009, 9.185581788534009, 9.185581788534009, 9.185581788534009, 9.185581788534009, 9.185581788534009, 9.185581788534009, 9.185581788534009, 9.185581788534009, 9.185581788534009, 9.185581788534009, 9.185581788534009, 9.185581788534009, 9.185581788534009, 9.185581788534009, 9.185581788534009], "val_f1_score_neg": [0.0, 0.0, 0.0, 0.0, 0.0, 0.0, 0.0, 0.0, 0.0, 0.0, 0.0, 0.0, 0.0, 0.0, 0.0, 0.0, 0.0, 0.0, 0.0, 0.0, 0.0, 0.0, 0.0, 0.0, 0.0, 0.0, 0.0, 0.0, 0.0, 0.0, 0.0, 0.0, 0.0, 0.0, 0.0, 0.0, 0.0, 0.0, 0.0, 0.0, 0.0, 0.0, 0.0, 0.0, 0.0, 0.0, 0.0, 0.0, 0.0, 0.0, 0.0, 0.0], "f1_score": [0.20824680849909782, 0.21966218203306198, 0.21965869516134262, 0.21962139382958412, 0.21962372586131096, 0.21958302333950996, 0.21957480162382126, 0.21965746581554413, 0.21951625868678093, 0.21968276053667068, 0.21956569701433182, 0.21960441768169403, 0.21962764114141464, 0.21957674622535706, 0.2194412536919117, 0.2196645736694336, 0.21956003829836845, 0.21960430964827538, 0.21965732797980309, 0.21963618695735931, 0.219670869410038, 0.2195904403924942, 0.21967917680740356, 0.21967842802405357, 0.21963295713067055, 0.2196146585047245, 0.21967484429478645, 0.21962155401706696, 0.21967720985412598, 0.21965638175606728, 0.2196425460278988, 0.21963782235980034, 0.2196299508213997, 0.21966241672635078, 0.21954958885908127, 0.21957366913557053, 0.21939916536211967, 0.219474907964468, 0.21963823214173317, 0.2196270264685154, 0.2195856049656868, 0.21963216364383698, 0.21961579844355583, 0.2196754850447178, 0.2195584997534752, 0.21961621940135956, 0.21958019584417343, 0.21960008516907692, 0.21963032707571983, 0.21955012157559395, 0.21957659348845482, 0.2196173146367073], "val_f1_score_neu": [0.6010575536008335, 0.6010575536008335, 0.6010575536008335, 0.6010575536008335, 0.6010575536008335, 0.6010575536008335, 0.6010575536008335, 0.6010575536008335, 0.6010575536008335, 0.6010575536008335, 0.6010575536008335, 0.6010575536008335, 0.6010575536008335, 0.6010575536008335, 0.6010575536008335, 0.6010575536008335, 0.6010575536008335, 0.6010575536008335, 0.6010575536008335, 0.6010575536008335, 0.6010575536008335, 0.6010575536008335, 0.6010575536008335, 0.6010575536008335, 0.6010575536008335, 0.6010575536008335, 0.6010575536008335, 0.6010575536008335, 0.6010575536008335, 0.6010575536008335, 0.6010575536008335, 0.6010575536008335, 0.6010575536008335, 0.6010575536008335, 0.6010575536008335, 0.6010575536008335, 0.6010575536008335, 0.6010575536008335, 0.6010575536008335, 0.6010575536008335, 0.6010575536008335, 0.6010575536008335, 0.6010575536008335, 0.6010575536008335, 0.6010575536008335, 0.6010575536008335, 0.6010575536008335, 0.6010575536008335, 0.6010575536008335, 0.6010575536008335, 0.6010575536008335, 0.6010575536008335], "f1_score_neg": [0.06801909953355789, 0.0, 0.0, 0.0, 0.0, 0.0, 0.0, 0.0, 0.0, 0.0, 0.0, 0.0, 0.0, 0.0, 0.0, 0.0, 0.0, 0.0, 0.0, 0.0, 0.0, 0.0, 0.0, 0.0, 0.0, 0.0, 0.0, 0.0, 0.0, 0.0, 0.0, 0.0, 0.0, 0.0, 0.0, 0.0, 0.0, 0.0, 0.0, 0.0, 0.0, 0.0, 0.0, 0.0, 0.0, 0.0, 0.0, 0.0, 0.0, 0.0, 0.0, 0.0], "f1_score_pos": [0.13181151449680328, 0.0, 0.0, 0.0, 0.0, 0.0, 0.0, 0.0, 0.0, 0.0, 0.0, 0.0, 0.0, 0.0, 0.0, 0.0, 0.0, 0.0, 0.0, 0.0, 0.0, 0.0, 0.0, 0.0, 0.0, 0.0, 0.0, 0.0, 0.0, 0.0, 0.0, 0.0, 0.0, 0.0, 0.0, 0.0, 0.0, 0.0, 0.0, 0.0, 0.0, 0.0, 0.0, 0.0, 0.0, 0.0, 0.0, 0.0, 0.0, 0.0, 0.0, 0.0], "acc": [0.39800000190734863, 0.49149999022483826, 0.49150000512599945, 0.49149998277425766, 0.49149999767541885, 0.49149999022483826, 0.49149999767541885, 0.49149998277425766, 0.49149999767541885, 0.49149999767541885, 0.49149999022483826, 0.49149999767541885, 0.49149999767541885, 0.49149999022483826, 0.49149999022483826, 0.49149999767541885, 0.49149999767541885, 0.49149999767541885, 0.49149999767541885, 0.49150000512599945, 0.49150000512599945, 0.49149999767541885, 0.49149999767541885, 0.49150000512599945, 0.49149999767541885, 0.49149999767541885, 0.49149999767541885, 0.49149999767541885, 0.49150000512599945, 0.49149999022483826, 0.49149999022483826, 0.49149999022483826, 0.49149999767541885, 0.49149999767541885, 0.49150000512599945, 0.49150000512599945, 0.49149999022483826, 0.49149999767541885, 0.49149999767541885, 0.49150000512599945, 0.49150001257658005, 0.49150000512599945, 0.49149999767541885, 0.49149999767541885, 0.49150000512599945, 0.49149999767541885, 0.49149999767541885, 0.49149999022483826, 0.49149999767541885, 0.49149999767541885, 0.49149999022483826, 0.49149999767541885], "val_f1_score_pos_neg": [0.0, 0.0, 0.0, 0.0, 0.0, 0.0, 0.0, 0.0, 0.0, 0.0, 0.0, 0.0, 0.0, 0.0, 0.0, 0.0, 0.0, 0.0, 0.0, 0.0, 0.0, 0.0, 0.0, 0.0, 0.0, 0.0, 0.0, 0.0, 0.0, 0.0, 0.0, 0.0, 0.0, 0.0, 0.0, 0.0, 0.0, 0.0, 0.0, 0.0, 0.0, 0.0, 0.0, 0.0, 0.0, 0.0, 0.0, 0.0, 0.0, 0.0, 0.0, 0.0], "val_f1_score_pos": [0.0, 0.0, 0.0, 0.0, 0.0, 0.0, 0.0, 0.0, 0.0, 0.0, 0.0, 0.0, 0.0, 0.0, 0.0, 0.0, 0.0, 0.0, 0.0, 0.0, 0.0, 0.0, 0.0, 0.0, 0.0, 0.0, 0.0, 0.0, 0.0, 0.0, 0.0, 0.0, 0.0, 0.0, 0.0, 0.0, 0.0, 0.0, 0.0, 0.0, 0.0, 0.0, 0.0, 0.0, 0.0, 0.0, 0.0, 0.0, 0.0, 0.0, 0.0, 0.0],