{"1": {"val_f1_score": [0.44584776329425196, 0.5716180700096533, 0.6069363191501068, 0.5697046236481655, 0.5979930034247778, 0.5564763192395166, 0.6890905240436818, 0.6145834839472206, 0.5792719459646242, 0.5940743667573526, 0.6186243947834722, 0.6897841198782642, 0.648107711924301, 0.6695378467913472, 0.6234357753920486, 0.6940232263504287, 0.6972814540740483, 0.6679646968372595, 0.6870548922090808, 0.6786227483090347, 0.6768064480143021, 0.6737028668941615, 0.6578383397593325, 0.619084158032515, 0.5741072873915395, 0.6869279669864954, 0.6701850449823189, 0.6807774369278324, 0.6585894020060807, 0.6198236780344205, 0.6090430290468277, 0.6677716964190944, 0.6065409881937951, 0.6531864477679575, 0.6720396620752678, 0.6490682108396625, 0.5841598157928961, 0.6438868578074955, 0.6484714212487633, 0.6120389485465489, 0.6467240605803258, 0.5846598917750777, 0.6281286626858815, 0.6169347083696755, 0.6499797453600186, 0.6130421072080509, 0.625928491236749, 0.6548529585265063, 0.6600456229508033, 0.655213137201959, 0.6201699730795324, 0.6365288147893816, 0.6449295050698317, 0.6328855733405002, 0.6407550560999754, 0.6095021931855596, 0.6613894120745856, 0.6556290641657612], "val_f1_score_neu": [0.6686939403606218, 0.6970916162036143, 0.70606371809609, 0.7039924430590804, 0.7090452435977684, 0.705657719502823, 0.6988443451980703, 0.7218284302110469, 0.7113985174008001, 0.7184880688032265, 0.7202592258718488, 0.7395235894859978, 0.7218936762252005, 0.7352772497799401, 0.5632745707063203, 0.7147018494894897, 0.7326358839842143, 0.723908169357726, 0.7195088437714665, 0.7308482249640368, 0.6701318396378965, 0.704171099876626, 0.7281930597942081, 0.7172398647235317, 0.7033390195201521, 0.6950190025866578, 0.7231524723769798, 0.7229602200103938, 0.6468666753148645, 0.7143949817366841, 0.5422983712140825, 0.7232915802387124, 0.7074474262153261, 0.7154845361349434, 0.7213705710591902, 0.7215549950989844, 0.7027208729894524, 0.705217871896057, 0.6641407290094017, 0.7105484562629232, 0.7175813590389145, 0.7047613131978084, 0.7128036886633397, 0.7122384784823792, 0.7152287278499249, 0.7066448978511111, 0.7097004460062907, 0.6961464216913603, 0.719325793170879, 0.7159422731387031, 0.7115034314237365, 0.7090683195211429, 0.7162349848430862, 0.6256477054635465, 0.7170291810938607, 0.7082742364144594, 0.6926871135952027, 0.7215335365358438], "f1_score_pos": [0.5525661345857841, 0.6593779955918972, 0.6750347316265106, 0.6888301143279443, 0.7196460389173948, 0.7069172159983561, 0.7238003428165729, 0.7382070387785251, 0.748991540991343, 0.7706908549253757, 0.7724169859519372, 0.7754591852426529, 0.7865571643297489, 0.7488316641404078, 0.7940340947646362, 0.7800744634408218, 0.7984081999613688, 0.8358419973116654, 0.8098643273115158, 0.8219081392655005, 0.850023050720875, 0.8655692774515885, 0.8002081696803753, 0.8772328312580402, 0.8217635842470022, 0.8772042634395453, 0.8811247153924062, 0.8327968005950634, 0.8839170222099011, 0.8943354705205331, 0.9072908965440897, 0.8129747257782862, 0.8945286904390042, 0.9207164713969598, 0.9047673413386712, 0.8892817577490439, 0.9200646659502616, 0.9456826952787546, 0.9212980362085196, 0.8708314356895593, 0.9339866844507364, 0.9421087732681861, 0.951595643391976, 0.9064375930107557, 0.9483535461700879, 0.9462842528636639, 0.9417972507385107, 0.9551977629844959, 0.9155246775883895, 0.9644164076218238, 0.9447277600948627, 0.9579097617131013, 0.9665388843187919, 0.9581326349423482, 0.9464805309589093, 0.9575513612765533, 0.9632975539335837, 0.9511360904345145], "f1_score_pos_neg": [0.41272026472366774, 0.4959540619299962, 0.5601125221986037, 0.6175329455962548, 0.63575224005259, 0.6421270359020966, 0.6653043650663816, 0.6933843034964341, 0.6999068867701751, 0.7063893801890887, 0.7183474451303482, 0.7343436834903864, 0.7382130542626748, 0.7323193538647431, 0.7603950924598254, 0.7686629650684503, 0.7895192779027499, 0.7909263521432877, 0.7965896267157334, 0.8112971954620801, 0.8309951287049514, 0.84768729026501, 0.7996508341569167, 0.8636907430795523, 0.8092707727964108, 0.8613361292160474, 0.8513366132974625, 0.8400401255259147, 0.8705358367699844, 0.8788909763097763, 0.885496477668102, 0.8451234847307205, 0.8955868986936716, 0.9093109621451452, 0.9085173950745509, 0.8921834482596471, 0.9106398350917376, 0.9366965397046163, 0.9210599741110435, 0.8781210000698383, 0.9241449878765986, 0.9319110879531274, 0.9416786856376208, 0.9065538679177945, 0.9420859446892371, 0.9384218419973667, 0.938432596050776, 0.9478712253845655, 0.9032990771990556, 0.9581696219169177, 0.933952062175824, 0.9511715620756149, 0.9603128593701583, 0.9539734503397574, 0.9528681544157175, 0.9571678008024509, 0.9631205373085462, 0.9300359510458432], "val_acc": [0.6000524553732393, 0.6593233727733513, 0.6753212628232004, 0.6477838888150828, 0.6548649401856069, 0.6462103395114381, 0.7049567229848442, 0.67741935196243, 0.6574875355829819, 0.682140044315012, 0.6797797056811393, 0.7073170730300441, 0.7033831647866172, 0.7044321927316477, 0.6435877273253434, 0.7136113375245571, 0.7141358460962319, 0.7046944730212424, 0.7083661131523676, 0.7004982814243575, 0.6913191745545713, 0.7012850797898558, 0.6905323876785601, 0.6847626594868101, 0.6446367758732907, 0.698924741843789, 0.6994492480394067, 0.7033831689290853, 0.6784683950704569, 0.6729609073380801, 0.6309991986333245, 0.69367952291152, 0.6677157094776864, 0.682402295576066, 0.6968266532516779, 0.6729609266435447, 0.6490951994257651, 0.6876475181818447, 0.6771570875236377, 0.6569630257138548, 0.6784683950704569, 0.6540781556074932, 0.6779438810588617, 0.670600576520185, 0.682140044315012, 0.66456857723043, 0.6729609182179208, 0.683451351939991, 0.6949908305364989, 0.6845003913745085, 0.6700760595228864, 0.6637818029225107, 0.6818777696060253, 0.6582743303531303, 0.670600577207991, 0.6611591811540275, 0.6787306619634661, 0.6865984805137381], "val_loss": [0.8646875103564828, 0.7552495218311243, 0.7232393518289556, 0.7984419512742466, 0.7803804690744693, 0.8125669036579357, 0.67068168113715, 0.7376738835469088, 0.8010670197094453, 0.7325341788577558, 0.744473775759351, 0.7071289829216133, 0.6964234562174029, 0.6894862000754022, 0.7572417698317927, 0.6699933242116298, 0.674615723049425, 0.7016559206936074, 0.678170156000544, 0.7404940348268024, 0.7194354436293131, 0.7420705534203172, 0.7943571503631968, 0.8937318513407784, 0.9865649944523517, 0.7472599403863812, 0.7974346539588416, 0.761491116985323, 0.8130862049439933, 0.9567210396506046, 1.009417742592376, 0.8267163562393238, 0.957776438383302, 0.8935291366160714, 0.868581243068441, 1.0037095775886873, 1.1465967945185915, 0.9574227481416101, 0.9446190416953585, 1.113124855853365, 1.0058881227594332, 1.2198072443976353, 1.0583453243434695, 1.1016240720513797, 1.0194164374479309, 1.1769283688227836, 1.1207797121507679, 0.9763782281060247, 1.017754680835885, 1.0705694653623348, 1.208162512392814, 1.2467026611403658, 1.1566194938043894, 1.113499066662732, 1.2940033780850047, 1.3373191814362582, 1.0797811345793962, 1.1247155947101233],