{"1": {"val_f1_score_neg": [0.4990087642434661, 0.6001308513213379, 0.6174985931077356, 0.5659387937315707, 0.62155421683142, 0.624087872749482, 0.6070393654004455, 0.5877700669910811, 0.6403979805966141, 0.6136745119373158, 0.5940386549353445, 0.5856511701096512, 0.6155949409679061, 0.6158075174932813, 0.5398268583683652, 0.61462841686417, 0.535979022930259, 0.6021244768657263, 0.6133835519024988, 0.5863307019461299, 0.5022731496047727, 0.5557555370757552, 0.5807404145501777, 0.6157445933877571, 0.5132717477053829, 0.5864516723171437, 0.5394553308666293, 0.6102943877301791, 0.5777567739461956, 0.585502621574006, 0.6077509911298442, 0.5399211614203051, 0.5733250783884417, 0.531292973557335, 0.5950894737676579, 0.4969709963186242, 0.5564560032849492, 0.5194110753625902, 0.5595305425956865, 0.600477508379173, 0.5995539990380581, 0.5667721123546942, 0.5632981855117857, 0.5509599406277005, 0.5769909622604281, 0.5609394212950374, 0.570341226810302, 0.43699756898614067, 0.5884055710952105, 0.4981070577170598, 0.5347600301725237, 0.5224524635130638, 0.5678408859459497, 0.5534403756280198, 0.5552697314671815, 0.5709129738127365, 0.5492797784613573, 0.5898681136884578, 0.513186446269044, 0.49864920583371214, 0.4694811031125708, 0.5332210318278401, 0.5783443229053117, 0.5139814898970835, 0.5627699214506088], "val_loss": [0.9137679557237489, 0.8425388321493077, 0.8887618543572927, 0.7517612620550371, 1.015943972362464, 0.8704002409902837, 0.8506328904211289, 0.7165482688197521, 0.8454594963874025, 0.7132115619191863, 0.7126349401690462, 0.7577123916411987, 0.7265235847381611, 0.7343678768197541, 0.7471923440037689, 0.7576494792865254, 0.8685388400396948, 0.7877630210262947, 0.7308516850267402, 0.7303736356755021, 0.7922812665482903, 0.7584917815124324, 0.7704121651352611, 0.8791871104877438, 0.8000169959977443, 0.7980396899113241, 0.8452605344596694, 0.8403133250550692, 0.8120659109683352, 1.037008952847096, 0.9651041481590765, 0.9995765682942827, 0.8793788382979218, 0.98790884512717, 1.0169553382542038, 0.9129309918629984, 0.9986867025668519, 0.9385604631112243, 0.9156964837963634, 0.9629157415159946, 1.0126548493727945, 1.0462257042623835, 0.9483404306431534, 0.9499804229124047, 0.9565970964159638, 0.9716504189909355, 1.1611097497544245, 1.1043279814194458, 0.9789672276698507, 1.0891022314975853, 1.316582722886527, 1.0641182665695013, 1.1029025131471735, 1.1332939976074972, 1.1691180030041013, 1.132046198875833, 1.3913257213263506, 1.1940571593867202, 1.1450586337523703, 1.2590486868810098, 1.2523742224610424, 1.2147552974802356, 1.1748594327814075, 1.2515556994733799, 1.1890524689170947], "val_f1_score_pos_neg": [0.3919685454761317, 0.583432724967541, 0.589205945125659, 0.5653776842641769, 0.5855832294731289, 0.6000764976061117, 0.5916604943931025, 0.5905404747228215, 0.6215377715156545, 0.5914722231111638, 0.582520958205296, 0.5364856371310589, 0.5961143503547797, 0.6296076544218645, 0.5522957344463363, 0.5775373172203391, 0.48939002650257213, 0.5964615331858821, 0.5972458375412512, 0.6009225168116825, 0.5498949634889684, 0.5972584785190538, 0.6099266452393488, 0.6199591077873834, 0.5554644980319279, 0.585126236950841, 0.5349379021060761, 0.5967148134216724, 0.5967415228737313, 0.5093619426091512, 0.6109142431025375, 0.5242876998799939, 0.5752804590879557, 0.5408932182420861, 0.5344034866290952, 0.5565702183855802, 0.555352988487397, 0.5510722133590709, 0.5725491839314868, 0.5794119934627519, 0.6109735416840332, 0.5366523377935556, 0.5833965849165168, 0.5783417935346661, 0.6006368216992043, 0.5953818751371015, 0.5371243728737887, 0.5130707810206482, 0.6062751295656237, 0.5413318082361679, 0.5013126147241753, 0.5732295618292268, 0.5811569744047024, 0.562127893536935, 0.5399655933200772, 0.5495012264152754, 0.5058295692760502, 0.5738305214468762, 0.5568628696152208, 0.5339472561340233, 0.5378673868265906, 0.5413036174811278, 0.5825239496472281, 0.538568344097657, 0.5699593001921044], "f1_score_pos": [0.3735198840687457, 0.47182862532001557, 0.5305116186801536, 0.5612053714679529, 0.5730142152357999, 0.5932130900521485, 0.6084059769961075, 0.6071901863058421, 0.6351891889231175, 0.6351345673571355, 0.6624740671530802, 0.6758107517599715, 0.6731081637495395, 0.695506043803131, 0.6866310121961913, 0.6950013450252577, 0.7123860588815095, 0.7124730091278448, 0.728092425650106, 0.7196704487334449, 0.7443394333255499, 0.7403273639427916, 0.7575651777415955, 0.7652680279434346, 0.7804902993587105, 0.788609616726387, 0.7868550953179045, 0.7970618264729257, 0.7925041718279158, 0.8092732427075356, 0.8101078818427699, 0.8160942611787882, 0.8337577382393969, 0.8290323908168693, 0.8328369888277329, 0.8411309061437705, 0.8413461676645136, 0.86766551043735, 0.8620862013659975, 0.8658823633326155, 0.8661087629625945, 0.8673070212966915, 0.883940932849897, 0.8765713342647329, 0.8790192920800234, 0.894677630198068, 0.8772221752316423, 0.89274456427797, 0.8844608388054186, 0.898527454478037, 0.9127110996947031, 0.902194245954218, 0.9042622666022724, 0.9118623273471959, 0.9006798179325988, 0.9195249265321357, 0.9166010420695134, 0.9238667869739599, 0.907193892689467, 0.9266228902646672, 0.9173757506903667, 0.9284805322927145, 0.9279771146263404, 0.9277264575045837, 0.9367439138975742], "acc": [0.452968772568364, 0.5453253111240283, 0.5836610974804777, 0.6175425280831196, 0.6235606311616336, 0.6456901839529288, 0.6593849173949261, 0.6566838868781808, 0.6823200475563457, 0.6910865740381089, 0.7067241614951639, 0.7222669778466478, 0.7179074096424356, 0.7380941133558346, 0.7277164383561149, 0.7439226641003308, 0.7542529458209462, 0.7531630559306074, 0.7670947220525103, 0.7672368883324003, 0.7819267422481944, 0.778088427788103, 0.7928256627474273, 0.7894138245482482, 0.8114012240295878, 0.8125384988160245, 0.8092688290094339, 0.8228214046505793, 0.8226318551240779, 0.8261858516296877, 0.8364687524988363, 0.8418708227626724, 0.852911905788084, 0.8548073738083276, 0.8514903080732863, 0.8679334707821184, 0.8675069905302397, 0.8752310080832849, 0.878500687546715, 0.8809174062324148, 0.8854665231722788, 0.8903947297173168, 0.8941856600919312, 0.8968393170471491, 0.8982135275695604, 0.9038525340156364, 0.8952281656680116, 0.9055110639584255, 0.902478322126185, 0.9088755158944666, 0.9170734039902128, 0.9176420357613373, 0.916125665765992, 0.9199639903941504, 0.9124768908563985, 0.9252239001823681, 0.9317158705130836, 0.9316684821090025, 0.9257925359444591, 0.9331848537538343, 0.9304838199381161, 0.934701224915683, 0.9349855471520504, 0.9415722868484676, 0.9397715951534028], "f1_score_pos_neg": [0.369521807159501, 0.4434493368527101, 0.4921498432383347, 0.5192168839778945, 0.5320898546052025, 0.5567043493840557, 0.5769744570383059, 0.5749538780043929, 0.6031529502846509, 0.6177773974616624, 0.6304903737245643, 0.6526000629537666, 0.6494198247154126, 0.6735644792570455, 0.6629143500674908, 0.6781715222434942, 0.6938119186742924, 0.6913354935897096, 0.7125727908196553, 0.7098472432034313, 0.7291281728593567, 0.7214063626524679, 0.7413276948731347, 0.7391484957314586, 0.7659556837165061, 0.7689052952221094, 0.7613798713128228, 0.7765490431325309, 0.780646616034907, 0.7850493370839862, 0.7955866087326386, 0.8046357271281859, 0.8144760599821228, 0.820356120618323, 0.8176964344031799, 0.8377369410595227, 0.8338687113606579, 0.8428981132158898, 0.8515175087770647, 0.8501372021057931, 0.8571385371822297, 0.8640641436409409, 0.8677042760691055, 0.870785711148065, 0.8734888120838202, 0.8795190077791032, 0.8703576334165758, 0.8809688691194039, 0.8789359425100869, 0.8872350704323673, 0.8941215886999881, 0.8957113041638458, 0.8948949969803977, 0.9001441782517201, 0.8892134626753516, 0.9057707260306094, 0.9155339529851779, 0.9153349381490087, 0.907497014603061, 0.9153487076777641, 0.9135536217878188, 0.9174132021559317, 0.9192066472926671, 0.924782404895417, 0.9237813264257234],