{"1": {"f1_score_neu": [1.0, 1.0, 1.0, 1.0, 1.0, 1.0, 1.0, 1.0, 1.0, 1.0, 1.0, 1.0, 1.0, 1.0, 1.0, 1.0, 1.0, 1.0, 1.0, 1.0, 1.0, 1.0, 1.0, 1.0, 1.0, 1.0, 1.0, 1.0, 1.0, 1.0, 1.0, 1.0, 1.0, 1.0, 1.0, 1.0, 1.0, 1.0, 1.0, 1.0, 1.0, 1.0, 1.0, 1.0, 1.0, 1.0, 1.0, 1.0, 1.0, 1.0, 1.0, 1.0], "val_f1_score_pos_neg": [0.0, 0.0, 0.0, 0.0, 0.0, 0.0, 0.0, 0.0, 0.0, 0.0, 0.0, 0.0, 0.0, 0.0, 0.0, 0.0, 0.0, 0.0, 0.0, 0.0, 0.0, 0.0, 0.0, 0.0, 0.0, 0.0, 0.0, 0.0, 0.0, 0.0, 0.0, 0.0, 0.0, 0.0, 0.0, 0.0, 0.0, 0.0, 0.0, 0.0, 0.0, 0.0, 0.0, 0.0, 0.0, 0.0, 0.0, 0.0, 0.0, 0.0, 0.0, 0.0], "acc": [1.0, 1.0, 1.0, 1.0, 1.0, 1.0, 1.0, 1.0, 1.0, 1.0, 1.0, 1.0, 1.0, 1.0, 1.0, 1.0, 1.0, 1.0, 1.0, 1.0, 1.0, 1.0, 1.0, 1.0, 1.0, 1.0, 1.0, 1.0, 1.0, 1.0, 1.0, 1.0, 1.0, 1.0, 1.0, 1.0, 1.0, 1.0, 1.0, 1.0, 1.0, 1.0, 1.0, 1.0, 1.0, 1.0, 1.0, 1.0, 1.0, 1.0, 1.0, 1.0], "loss": [1.0073946714401245, 0.002823998685926199, 0.0013375879498198628, 0.00853937678039074, 0.00021698445198126137, 0.0010741755831986666, 0.0013361554592847824, 0.0001489034912083298, 6.336174556054175e-05, 2.6345600417698734e-05, 0.00040068308589980006, 0.0001432998396921903, 7.999263470992446e-05, 0.00016815884737297893, 0.0006307564326561987, 0.0018960916204378009, 0.00028834922704845667, 0.0006541960756294429, 1.531851194158662e-05, 4.875778904533945e-05, 0.000249476550379768, 0.0005205436027608812, 1.0311656296835281e-05, 0.0008110711933113635, 0.00017316648154519498, 0.00023963938292581588, 0.00036246192757971585, 0.00011778571206377819, 0.00017555108934175223, 8.583106136939023e-06, 6.55653229841846e-06, 1.609338323760312e-05, 2.801457594614476e-05, 9.179157132166438e-06, 4.95922940899618e-05, 1.5735749911982566e-05, 8.267506200354546e-05, 1.5258905477821827e-05, 2.2828839064459316e-05, 8.869564771885052e-05, 8.941096166381612e-05, 0.00011438785440986976, 3.933914285880746e-06, 3.159051175316563e-06, 5.006802894058637e-06, 4.08896230510436e-05, 9.059946933120955e-06, 0.0004545291012618691, 0.0001191567862406373, 9.853133087744936e-05, 0.0002523383009247482, 0.00021656711760442704], "val_loss": [2.350640382951195, 2.5166515443864514, 2.612595973977944, 3.0638008400817953, 3.081740157324293, 3.145059146164668, 3.2165138600272636, 3.2279672929418015, 3.2336141540829364, 3.236109962991053, 3.268174068379713, 3.2803474404604867, 3.2874020308564496, 3.3002073395858194, 3.343671585276917, 3.4646683142520907, 3.488944738017403, 3.538668537054092, 3.54033165454221, 3.5456469816181286, 3.567356288406262, 3.611556016267338, 3.6126917222572565, 3.673636338649652, 3.6900898283041657, 3.712036799698116, 3.744359318436774, 3.7572106710168836, 3.7729143954803424, 3.7739763538739837, 3.774794255298266, 3.7766128493706708, 3.779743688148365, 3.780934349245388, 3.78661460764924, 3.7887073446918165, 3.796735881311208, 3.7984058933112195, 3.8011021459633523, 3.8122647719183753, 3.82208207765786, 3.8368020748373524, 3.8374076168439544, 3.8378941958088943, 3.8386234228963847, 3.8435593550129084, 3.84484270977856, 3.893542297884949, 3.907561431958554, 3.9187345084337517, 3.949616028926848, 3.976369139851078], "f1_score_pos_neg": [0.0, 0.0, 0.0, 0.0, 0.0, 0.0, 0.0, 0.0, 0.0, 0.0, 0.0, 0.0, 0.0, 0.0, 0.0, 0.0, 0.0, 0.0, 0.0, 0.0, 0.0, 0.0, 0.0, 0.0, 0.0, 0.0, 0.0, 0.0, 0.0, 0.0, 0.0, 0.0, 0.0, 0.0, 0.0, 0.0, 0.0, 0.0, 0.0, 0.0, 0.0, 0.0, 0.0, 0.0, 0.0, 0.0, 0.0, 0.0, 0.0, 0.0, 0.0, 0.0], "val_f1_score_neg": [0.0, 0.0, 0.0, 0.0, 0.0, 0.0, 0.0, 0.0, 0.0, 0.0, 0.0, 0.0, 0.0, 0.0, 0.0, 0.0, 0.0, 0.0, 0.0, 0.0, 0.0, 0.0, 0.0, 0.0, 0.0, 0.0, 0.0, 0.0, 0.0, 0.0, 0.0, 0.0, 0.0, 0.0, 0.0, 0.0, 0.0, 0.0, 0.0, 0.0, 0.0, 0.0, 0.0, 0.0, 0.0, 0.0, 0.0, 0.0, 0.0, 0.0, 0.0, 0.0], "f1_score_neg": [0.0, 0.0, 0.0, 0.0, 0.0, 0.0, 0.0, 0.0, 0.0, 0.0, 0.0, 0.0, 0.0, 0.0, 0.0, 0.0, 0.0, 0.0, 0.0, 0.0, 0.0, 0.0, 0.0, 0.0, 0.0, 0.0, 0.0, 0.0, 0.0, 0.0, 0.0, 0.0, 0.0, 0.0, 0.0, 0.0, 0.0, 0.0, 0.0, 0.0, 0.0, 0.0, 0.0, 0.0, 0.0, 0.0, 0.0, 0.0, 0.0, 0.0, 0.0, 0.0], "f1_score_pos": [0.0, 0.0, 0.0, 0.0, 0.0, 0.0, 0.0, 0.0, 0.0, 0.0, 0.0, 0.0, 0.0, 0.0, 0.0, 0.0, 0.0, 0.0, 0.0, 0.0, 0.0, 0.0, 0.0, 0.0, 0.0, 0.0, 0.0, 0.0, 0.0, 0.0, 0.0, 0.0, 0.0, 0.0, 0.0, 0.0, 0.0, 0.0, 0.0, 0.0, 0.0, 0.0, 0.0, 0.0, 0.0, 0.0, 0.0, 0.0, 0.0, 0.0, 0.0, 0.0], "val_f1_score": [0.23673514413152574, 0.23673514413152574, 0.23673514413152574, 0.23673514413152574, 0.23673514413152574, 0.23673514413152574, 0.23673514413152574, 0.23673514413152574, 0.23673514413152574, 0.23673514413152574, 0.23673514413152574, 0.23673514413152574, 0.23673514413152574, 0.23673514413152574, 0.23673514413152574, 0.23673514413152574, 0.23673514413152574, 0.23673514413152574, 0.23673514413152574, 0.23673514413152574, 0.23673514413152574, 0.23673514413152574, 0.23673514413152574, 0.23673514413152574, 0.23673514413152574, 0.23673514413152574, 0.23673514413152574, 0.23673514413152574, 0.23673514413152574, 0.23673514413152574, 0.23673514413152574, 0.23673514413152574, 0.23673514413152574, 0.23673514413152574, 0.23673514413152574, 0.23673514413152574, 0.23673514413152574, 0.23673514413152574, 0.23673514413152574, 0.23673514413152574, 0.23673514413152574, 0.23673514413152574, 0.23673514413152574, 0.23673514413152574, 0.23673514413152574, 0.23673514413152574, 0.23673514413152574, 0.23673514413152574, 0.23673514413152574, 0.23673514413152574, 0.23673514413152574, 0.23673514413152574], "val_acc": [0.5510571405418918, 0.5510571405418918, 0.5510571405418918, 0.5510571405418918, 0.5510571405418918, 0.5510571405418918, 0.5510571405418918, 0.5510571405418918, 0.5510571405418918, 0.5510571405418918, 0.5510571405418918, 0.5510571405418918, 0.5510571405418918, 0.5510571405418918, 0.5510571405418918, 0.5510571405418918, 0.5510571405418918, 0.5510571405418918, 0.5510571405418918, 0.5510571405418918, 0.5510571405418918, 0.5510571405418918, 0.5510571405418918, 0.5510571405418918, 0.5510571405418918, 0.5510571405418918, 0.5510571405418918, 0.5510571405418918, 0.5510571405418918, 0.5510571405418918, 0.5510571405418918, 0.5510571405418918, 0.5510571405418918, 0.5510571405418918, 0.5510571405418918, 0.5510571405418918, 0.5510571405418918, 0.5510571405418918, 0.5510571405418918, 0.5510571405418918, 0.5510571405418918, 0.5510571405418918, 0.5510571405418918, 0.5510571405418918, 0.5510571405418918, 0.5510571405418918, 0.5510571405418918, 0.5510571405418918, 0.5510571405418918, 0.5510571405418918, 0.5510571405418918, 0.5510571405418918], "val_f1_score_neu": [0.710205417493416, 0.710205417493416, 0.710205417493416, 0.710205417493416, 0.710205417493416, 0.710205417493416, 0.710205417493416, 0.710205417493416, 0.710205417493416, 0.710205417493416, 0.710205417493416, 0.710205417493416, 0.710205417493416, 0.710205417493416, 0.710205417493416, 0.710205417493416, 0.710205417493416, 0.710205417493416, 0.710205417493416, 0.710205417493416, 0.710205417493416, 0.710205417493416, 0.710205417493416, 0.710205417493416, 0.710205417493416, 0.710205417493416, 0.710205417493416, 0.710205417493416, 0.710205417493416, 0.710205417493416, 0.710205417493416, 0.710205417493416, 0.710205417493416, 0.710205417493416, 0.710205417493416, 0.710205417493416, 0.710205417493416, 0.710205417493416, 0.710205417493416, 0.710205417493416, 0.710205417493416, 0.710205417493416, 0.710205417493416, 0.710205417493416, 0.710205417493416, 0.710205417493416, 0.710205417493416, 0.710205417493416, 0.710205417493416, 0.710205417493416, 0.710205417493416, 0.710205417493416],