{"val_loss": [3.478565410510195, 3.8947849967594466, 3.9067623817968946, 3.994962217139597, 4.034857728703302, 4.097812553702632, 4.164364824518126, 4.229420216084599, 4.410941513068387, 4.450845176552632, 4.5121881656157665, 4.564325117710952, 4.578762391210943, 4.737857610751421, 4.8926623754548535, 4.930833282419223, 4.950110951362298, 4.966418965142748, 5.021138869262846, 5.071925537359913, 5.123812902204314, 5.221521012052673, 5.279500113164204, 5.335878716038521, 5.344034873414994, 5.351830988492292, 5.35393559648494, 5.356269902063285, 5.361534150398588, 5.366128692635534, 5.399529518868759, 5.418212243473535, 5.431471782389172, 5.494130459338011, 5.504887865086262, 5.513403553175486, 5.518646883095807, 5.636915837973021, 5.6448274518904045, 5.648416056913993, 5.652473308350447, 5.660973893807807, 5.684585694413007, 5.688618732903704, 5.693491651944304, 5.887155943178562, 5.906191194588356, 5.928762967233662, 5.954078117470134, 5.956914268310039, 5.959881605782383, 5.960771551230873], "f1_score_neg": [0.0, 1.0, 1.0, 1.0, 1.0, 1.0, 1.0, 1.0, 1.0, 1.0, 1.0, 1.0, 1.0, 1.0, 1.0, 1.0, 1.0, 1.0, 1.0, 1.0, 1.0, 1.0, 1.0, 1.0, 1.0, 1.0, 1.0, 1.0, 1.0, 1.0, 1.0, 1.0, 1.0, 1.0, 1.0, 1.0, 1.0, 1.0, 1.0, 1.0, 1.0, 1.0, 1.0, 1.0, 1.0, 1.0, 1.0, 1.0, 1.0, 1.0, 1.0, 1.0], "val_acc": [0.31848852808980643, 0.31848852808980643, 0.31848852808980643, 0.31848852808980643, 0.31848852808980643, 0.31848852808980643, 0.31848852808980643, 0.31848852808980643, 0.31848852808980643, 0.31848852808980643, 0.31848852808980643, 0.31848852808980643, 0.31848852808980643, 0.31848852808980643, 0.31848852808980643, 0.31848852808980643, 0.31848852808980643, 0.31848852808980643, 0.31848852808980643, 0.31848852808980643, 0.31848852808980643, 0.31848852808980643, 0.31848852808980643, 0.31848852808980643, 0.31848852808980643, 0.31848852808980643, 0.31848852808980643, 0.31848852808980643, 0.31848852808980643, 0.31848852808980643, 0.31848852808980643, 0.31848852808980643, 0.31848852808980643, 0.31848852808980643, 0.31848852808980643, 0.31848852808980643, 0.31848852808980643, 0.31848852808980643, 0.31848852808980643, 0.31848852808980643, 0.31848852808980643, 0.31848852808980643, 0.31848852808980643, 0.31848852808980643, 0.31848852808980643, 0.31848852808980643, 0.31848852808980643, 0.31848852808980643, 0.31848852808980643, 0.31848852808980643, 0.31848852808980643, 0.31848852808980643], "f1_score": [0.0, 0.3333333432674408, 0.3333333432674408, 0.3333333432674408, 0.3333333432674408, 0.3333333432674408, 0.3333333432674408, 0.3333333432674408, 0.3333333432674408, 0.3333333432674408, 0.3333333432674408, 0.3333333432674408, 0.3333333432674408, 0.3333333432674408, 0.3333333432674408, 0.3333333432674408, 0.3333333432674408, 0.3333333432674408, 0.3333333432674408, 0.3333333432674408, 0.3333333432674408, 0.3333333432674408, 0.3333333432674408, 0.3333333432674408, 0.3333333432674408, 0.3333333432674408, 0.3333333432674408, 0.3333333432674408, 0.3333333432674408, 0.3333333432674408, 0.3333333432674408, 0.3333333432674408, 0.3333333432674408, 0.3333333432674408, 0.3333333432674408, 0.3333333432674408, 0.3333333432674408, 0.3333333432674408, 0.3333333432674408, 0.3333333432674408, 0.3333333432674408, 0.3333333432674408, 0.3333333432674408, 0.3333333432674408, 0.3333333432674408, 0.3333333432674408, 0.3333333432674408, 0.3333333432674408, 0.3333333432674408, 0.3333333432674408, 0.3333333432674408, 0.3333333432674408], "val_f1_score_pos": [0.0, 0.0, 0.0, 0.0, 0.0, 0.0, 0.0, 0.0, 0.0, 0.0, 0.0, 0.0, 0.0, 0.0, 0.0, 0.0, 0.0, 0.0, 0.0, 0.0, 0.0, 0.0, 0.0, 0.0, 0.0, 0.0, 0.0, 0.0, 0.0, 0.0, 0.0, 0.0, 0.0, 0.0, 0.0, 0.0, 0.0, 0.0, 0.0, 0.0, 0.0, 0.0, 0.0, 0.0, 0.0, 0.0, 0.0, 0.0, 0.0, 0.0, 0.0, 0.0], "val_f1_score_neg": [0.48271807924992216, 0.48271807924992216, 0.48271807924992216, 0.48271807924992216, 0.48271807924992216, 0.48271807924992216, 0.48271807924992216, 0.48271807924992216, 0.48271807924992216, 0.48271807924992216, 0.48271807924992216, 0.48271807924992216, 0.48271807924992216, 0.48271807924992216, 0.48271807924992216, 0.48271807924992216, 0.48271807924992216, 0.48271807924992216, 0.48271807924992216, 0.48271807924992216, 0.48271807924992216, 0.48271807924992216, 0.48271807924992216, 0.48271807924992216, 0.48271807924992216, 0.48271807924992216, 0.48271807924992216, 0.48271807924992216, 0.48271807924992216, 0.48271807924992216, 0.48271807924992216, 0.48271807924992216, 0.48271807924992216, 0.48271807924992216, 0.48271807924992216, 0.48271807924992216, 0.48271807924992216, 0.48271807924992216, 0.48271807924992216, 0.48271807924992216, 0.48271807924992216, 0.48271807924992216, 0.48271807924992216, 0.48271807924992216, 0.48271807924992216, 0.48271807924992216, 0.48271807924992216, 0.48271807924992216, 0.48271807924992216, 0.48271807924992216, 0.48271807924992216, 0.48271807924992216], "val_f1_score": [0.16090603361808659, 0.16090603361808659, 0.16090603361808659, 0.16090603361808659, 0.16090603361808659, 0.16090603361808659, 0.16090603361808659, 0.16090603361808659, 0.16090603361808659, 0.16090603361808659, 0.16090603361808659, 0.16090603361808659, 0.16090603361808659, 0.16090603361808659, 0.16090603361808659, 0.16090603361808659, 0.16090603361808659, 0.16090603361808659, 0.16090603361808659, 0.16090603361808659, 0.16090603361808659, 0.16090603361808659, 0.16090603361808659, 0.16090603361808659, 0.16090603361808659, 0.16090603361808659, 0.16090603361808659, 0.16090603361808659, 0.16090603361808659, 0.16090603361808659, 0.16090603361808659, 0.16090603361808659, 0.16090603361808659, 0.16090603361808659, 0.16090603361808659, 0.16090603361808659, 0.16090603361808659, 0.16090603361808659, 0.16090603361808659, 0.16090603361808659, 0.16090603361808659, 0.16090603361808659, 0.16090603361808659, 0.16090603361808659, 0.16090603361808659, 0.16090603361808659, 0.16090603361808659, 0.16090603361808659, 0.16090603361808659, 0.16090603361808659, 0.16090603361808659, 0.16090603361808659], "val_f1_score_pos_neg": [0.24135903962496108, 0.24135903962496108, 0.24135903962496108, 0.24135903962496108, 0.24135903962496108, 0.24135903962496108, 0.24135903962496108, 0.24135903962496108, 0.24135903962496108, 0.24135903962496108, 0.24135903962496108, 0.24135903962496108, 0.24135903962496108, 0.24135903962496108, 0.24135903962496108, 0.24135903962496108, 0.24135903962496108, 0.24135903962496108, 0.24135903962496108, 0.24135903962496108, 0.24135903962496108, 0.24135903962496108, 0.24135903962496108, 0.24135903962496108, 0.24135903962496108, 0.24135903962496108, 0.24135903962496108, 0.24135903962496108, 0.24135903962496108, 0.24135903962496108, 0.24135903962496108, 0.24135903962496108, 0.24135903962496108, 0.24135903962496108, 0.24135903962496108, 0.24135903962496108, 0.24135903962496108, 0.24135903962496108, 0.24135903962496108, 0.24135903962496108, 0.24135903962496108, 0.24135903962496108, 0.24135903962496108, 0.24135903962496108, 0.24135903962496108, 0.24135903962496108, 0.24135903962496108, 0.24135903962496108, 0.24135903962496108, 0.24135903962496108, 0.24135903962496108, 0.24135903962496108], "f1_score_pos_neg": [0.0, 0.5, 0.5, 0.5, 0.5, 0.5, 0.5, 0.5, 0.5, 0.5, 0.5, 0.5, 0.5, 0.5, 0.5, 0.5, 0.5, 0.5, 0.5, 0.5, 0.5, 0.5, 0.5, 0.5, 0.5, 0.5, 0.5, 0.5, 0.5, 0.5, 0.5, 0.5, 0.5, 0.5, 0.5, 0.5, 0.5, 0.5, 0.5, 0.5, 0.5, 0.5, 0.5, 0.5, 0.5, 0.5, 0.5, 0.5, 0.5, 0.5, 0.5, 0.5], "f1_score_pos": [0.0, 0.0, 0.0, 0.0, 0.0, 0.0, 0.0, 0.0, 0.0, 0.0, 0.0, 0.0, 0.0, 0.0, 0.0, 0.0, 0.0, 0.0, 0.0, 0.0, 0.0, 0.0, 0.0, 0.0, 0.0, 0.0, 0.0, 0.0, 0.0, 0.0, 0.0, 0.0, 0.0, 0.0, 0.0, 0.0, 0.0, 0.0, 0.0, 0.0, 0.0, 0.0, 0.0, 0.0, 0.0, 0.0, 0.0, 0.0, 0.0, 0.0, 0.0, 0.0], "acc": [0.0, 1.0, 1.0, 1.0, 1.0, 1.0, 1.0, 1.0, 1.0, 1.0, 1.0, 1.0, 1.0, 1.0, 1.0, 1.0, 1.0, 1.0, 1.0, 1.0, 1.0, 1.0, 1.0, 1.0, 1.0, 1.0, 1.0, 1.0, 1.0, 1.0, 1.0, 1.0, 1.0, 1.0, 1.0, 1.0, 1.0, 1.0, 1.0, 1.0, 1.0, 1.0, 1.0, 1.0, 1.0, 1.0, 1.0, 1.0, 1.0, 1.0, 1.0, 1.0],