{"f1_score_pos_neg": [0.38307205137474937, 0.4707118887956955, 0.48041078317145086, 0.5601368476925411, 0.5759145469524087, 0.6234970278847748, 0.640480560975848, 0.6775934505485833, 0.6798494541960971, 0.7170663958131441, 0.7227696936813955, 0.7434687383876878, 0.7723339162775991, 0.7525367689863075, 0.8037464614335331, 0.817429242445957, 0.8390828886085434, 0.818265311508726, 0.8424099287266804, 0.8707980577481393, 0.8450707420652405, 0.886115254928038, 0.8979568114803563, 0.8811141974787453, 0.9026004857400198, 0.8907540678948983, 0.9234558315483462, 0.9222231051100451, 0.9091739582951678, 0.918039117695901, 0.9251892002951104, 0.9144090158122605, 0.9400998295411385, 0.9329673313120697, 0.9185293377561636, 0.9528849992385723, 0.9393068021038806, 0.9311060621562793, 0.9454798332508133, 0.9522647741731866, 0.9572868323691304, 0.9400574911721803, 0.9474245514308569, 0.9601083843632101, 0.9672145582943857, 0.9479466211671178, 0.9611493040690479, 0.9413052782680819, 0.96155558442826, 0.966785913846396, 0.949887409962038, 0.9670892961698235, 0.9725279275327016, 0.9709290854692633, 0.9700999350667203, 0.9632751268683168, 0.9611220819191315], "val_f1_score": [0.44445750891865315, 0.5108328789449132, 0.5443057022537423, 0.645680881675197, 0.42791821074679615, 0.6726386460643912, 0.6491023869518217, 0.6191209644087025, 0.628617765645233, 0.6609670542495131, 0.6827990511975012, 0.5135061456061022, 0.6120350412455813, 0.49949455026751144, 0.6549289476330625, 0.633068222528113, 0.5689961962458533, 0.6491424947031332, 0.6127490461763672, 0.6411919527218907, 0.654721109972768, 0.649857143670469, 0.6505036001408034, 0.6502706407093796, 0.6516103679946862, 0.6398630263515885, 0.6401524284271752, 0.6173216154998661, 0.6143514735161586, 0.5705664118318585, 0.6385239853716385, 0.6204219830808382, 0.6293239694800928, 0.6354550546840705, 0.6187367903851725, 0.6386348273133219, 0.6321353345538824, 0.6305332555096824, 0.6384845274250682, 0.594470920726567, 0.500812946569879, 0.6229121480249464, 0.6083587425729905, 0.625959944543706, 0.626738229965307, 0.6306466169473601, 0.6029112047483813, 0.6321675791816701, 0.5945227616357891, 0.6103907707886155, 0.6244918479401703, 0.6129834598173096, 0.6232549814204985, 0.5977836819480418, 0.6087260144981786, 0.6032850725144937, 0.5901912397798077], "val_f1_score_neg": [0.3690021352804836, 0.2789334084398003, 0.37725458919236016, 0.6162853682256889, 0.6421317280261122, 0.6391034525678191, 0.6158852721492418, 0.5151665213537628, 0.6262521544935945, 0.6088090890072289, 0.6418936538502453, 0.6436505360519545, 0.45752770444898505, 0.6533376824002299, 0.5912235033596528, 0.5951976526168085, 0.626392997752454, 0.5987068676523358, 0.6389352915138827, 0.623433377840936, 0.596382115070444, 0.6104188335714082, 0.5780517635556803, 0.6056317422854566, 0.6002164511051573, 0.5952075779547442, 0.5806184911427772, 0.6081942543094314, 0.5763136369332285, 0.3953884058804641, 0.59825790861664, 0.593850431591077, 0.5923637625522699, 0.5915834880425428, 0.5771142954967667, 0.6128408080663014, 0.5923196381075689, 0.6173635797334286, 0.5982315429795798, 0.5825098351859496, 0.5720970530757559, 0.597583982455521, 0.5911201122330456, 0.566442359925692, 0.5839637163083696, 0.562922574124435, 0.6067266729663996, 0.5611139504171062, 0.5750513686584795, 0.5744440824442137, 0.586518078940827, 0.5949077900394567, 0.5668080732824294, 0.589347974712568, 0.5736822876878964, 0.5683187442816308, 0.5798301790412754], "f1_score": [0.3508923589067392, 0.472799842907743, 0.46652143074884744, 0.5614922264037908, 0.5735638148008458, 0.6166066290136384, 0.6481488575733638, 0.6876770572855964, 0.6885719882755015, 0.7304198694524758, 0.728641459230608, 0.7468473365380472, 0.7828298543683809, 0.7589393103032862, 0.8062263674438073, 0.8219597105443144, 0.850100872944429, 0.8251745221738308, 0.8464241268975062, 0.8706749713307832, 0.8552810699291076, 0.8883637482888675, 0.903086694029454, 0.881709732569948, 0.9080007419718347, 0.8910460809910062, 0.9257319339168585, 0.9245606873871896, 0.9091048711499187, 0.9229272047504729, 0.9299441882070184, 0.9160025546419166, 0.9437480118916384, 0.9377511423375524, 0.9176293435451499, 0.9560058706582911, 0.9404816434472082, 0.9348785805783363, 0.9490158072707429, 0.955052736348663, 0.9596966211157589, 0.9386173634815471, 0.9479833797268875, 0.9617153483384315, 0.9677376315711392, 0.9488351499834345, 0.963384568357943, 0.9423773482626672, 0.9639579537950697, 0.9683085807825335, 0.9474551362073135, 0.9694816616368126, 0.972271758478806, 0.972271304248807, 0.9714956165896174, 0.9642769089586799, 0.9636985923349495], "val_f1_score_pos_neg": [0.3619624904969718, 0.45310941090772633, 0.4881542462815521, 0.6291780354562094, 0.6377164096367068, 0.6736045656571887, 0.6573353697082486, 0.5745971336034599, 0.664367365283726, 0.6569408431254501, 0.6712787015651299, 0.6549761902776379, 0.57967039663711, 0.6520571975985632, 0.6396351691277797, 0.6455928390181787, 0.6505279560711889, 0.6414372239436749, 0.6625491482299236, 0.6603378321034621, 0.6429750205274333, 0.6341304314471029, 0.6280453895728418, 0.6451887579812111, 0.6273772821256316, 0.6393500332941134, 0.632290561587486, 0.6398625131232389, 0.6256356408456601, 0.5389167753348912, 0.6081489439933531, 0.6335503376596342, 0.6345492350032815, 0.6368393443901958, 0.6284876670732356, 0.6476064742221127, 0.6359266256867135, 0.6493973656023327, 0.6318069111165993, 0.6227151808887524, 0.6055922415698572, 0.635867051367931, 0.6301685891656653, 0.623393380263644, 0.6279147448828613, 0.6082269688963171, 0.6370526448716775, 0.61201694006686, 0.6187787191341969, 0.6221128398903768, 0.6290563766080315, 0.6327739353571356, 0.6173912081667172, 0.6285139634919986, 0.621449542051846, 0.6187665746370201, 0.6216724825255552], "f1_score_pos": [0.4842092242085554, 0.5194801809200543, 0.5351360590461395, 0.621247419541751, 0.6208541382266285, 0.6732036085451081, 0.7033481787162891, 0.7126882215384408, 0.7214665581731937, 0.758963587682322, 0.7646294645285797, 0.7529324427765128, 0.8069402128421793, 0.7771120928454336, 0.8036113961926058, 0.8264987638997765, 0.8612836197927982, 0.8349905877457666, 0.8403400428359479, 0.8567396094408923, 0.8764793928916397, 0.8773632420115073, 0.9032756051181327, 0.8642038336902704, 0.9145658657610518, 0.8696429837135512, 0.9196667343399805, 0.9133210146974944, 0.8998975855226561, 0.9341305826314893, 0.9324465661683049, 0.9065726987642585, 0.9443600413256135, 0.9348881772594558, 0.9087504950457758, 0.9555257005237067, 0.9315011792306972, 0.9397452708696931, 0.9464097162855822, 0.9554344651590668, 0.956044512800193, 0.927811707584869, 0.9398806718414264, 0.9624205508024595, 0.9623255390567905, 0.9433261139851372, 0.9619997986441774, 0.9389009740037869, 0.9657398853283452, 0.9694737100902625, 0.9351411188805216, 0.9712993970701013, 0.9657687169630801, 0.9720734286969113, 0.970188052179516, 0.9628035216733773, 0.9611481756240007],