{"1": {"val_f1_score_neg": [0.4644558457933696, 0.2872346787824113, 0.5578052208644337, 0.5229199378783703, 0.5955983985292608, 0.43840184505299074, 0.39659054514431996, 0.5509291405037511, 0.45501603144315045, 0.5848454051432946, 0.6554709062031051, 0.5062733184250202, 0.5425350519105765, 0.578232159475126, 0.6338910887224481, 0.5277968461732991, 0.6376472617146102, 0.5012033574855643, 0.6282279304622698, 0.5619635122390735, 0.5669070561195402, 0.6233737039622315, 0.6045847674726721, 0.5986403130559573, 0.5433622955212967, 0.5527221289889068, 0.4912896604010229, 0.574810213564951, 0.47437151885082673, 0.5810703501406224, 0.4761450717354146, 0.5185674318578216, 0.50979320419263, 0.5503496948484045, 0.5638583461943806, 0.5756207522431791, 0.2390425614631617, 0.5853171088143405, 0.5935494048433482, 0.5069090041422075, 0.5813699654791257, 0.4653638349628624, 0.561840732986146, 0.4792079756086716, 0.5978999004225202, 0.5421389336664784, 0.5628014184532596, 0.5228811738342868, 0.5279246217742418, 0.43279435860182147, 0.5448673692332332, 0.5718225611184733, 0.5696766082458286, 0.5447811847623489, 0.5749019624490985, 0.4956708940626785, 0.5179529837695376, 0.5745975160079774, 0.5382833755332093, 0.5268125751654432, 0.5166139558110061, 0.5348097749451093], "val_f1_score": [0.6104593038433904, 0.5145881482068554, 0.6564313546741475, 0.645968830307231, 0.651523845123238, 0.6262264492128454, 0.5737716142442825, 0.6513998620378167, 0.629740811585442, 0.6824069400644039, 0.6942060777061166, 0.6036000044021337, 0.614955424637173, 0.6776965270979086, 0.6944826344414518, 0.6459526184378663, 0.6694625590749841, 0.6197693552084241, 0.6758269445182706, 0.664255052781499, 0.6461774267426258, 0.6828738206520251, 0.6714024207831492, 0.6611638677861164, 0.6570501593883163, 0.6574186199986337, 0.6092037164630335, 0.6532250890074018, 0.6233957174285141, 0.6585876461310928, 0.6234131715380861, 0.6371940115040254, 0.6365403103415747, 0.6465528585171093, 0.6460988405274182, 0.6553158184189575, 0.4943986543044624, 0.6567504547757175, 0.656909592815062, 0.6054656537161266, 0.6521072803348998, 0.5752910050137787, 0.64800186726855, 0.6106303566995956, 0.6509217821704475, 0.6171014020050913, 0.6287771777909101, 0.6260052057754453, 0.6325402550268385, 0.5901842216728804, 0.633355345777286, 0.6387652912979016, 0.6457051609152107, 0.6018409364466714, 0.6438012845929514, 0.6111124114136104, 0.6296720870235852, 0.639987971177415, 0.6291830310538907, 0.6303627509599341, 0.6136403073484179, 0.6332234547202618], "f1_score_pos_neg": [0.4091169995566209, 0.5140251234794656, 0.5427683101346096, 0.5742875958482424, 0.5929101128131151, 0.5992008919517199, 0.6252627003317078, 0.6286098718022307, 0.6316863646109899, 0.669045022999247, 0.6808449781189362, 0.6626957757398486, 0.7086072470992804, 0.7014745995402336, 0.7071368644634882, 0.7183645988504092, 0.7443721604843935, 0.7504481816043457, 0.7593198803563913, 0.7583370755116144, 0.7823148233195146, 0.7743522164722284, 0.7943565162519614, 0.8124157705654701, 0.8089004419744015, 0.831858679652214, 0.8467285775889953, 0.8415343631058931, 0.8385306273897489, 0.848793796574076, 0.8613983610024055, 0.8757552454868952, 0.8711963221430779, 0.8957985987265905, 0.881997981419166, 0.8802892460177342, 0.9210915205379328, 0.8885071314871311, 0.9027230143547058, 0.903583412989974, 0.9215516715000073, 0.9004081307599942, 0.9089353854457537, 0.9226349902649721, 0.9120906752844652, 0.9273563952495655, 0.9371168818324804, 0.9163102886329094, 0.9342412625749906, 0.9339809585362673, 0.9245454706251621, 0.9307850357145071, 0.9231772199273109, 0.9493919778615236, 0.9223292482395967, 0.9490946015963951, 0.9504743764797846, 0.9352184465775887, 0.9531062692403793, 0.9545496646314859, 0.9542553443461657, 0.9393805532405773], "f1_score": [0.4669982388926049, 0.5841696175436178, 0.6065619749327501, 0.6305021407703558, 0.6449900927642981, 0.6499104915807644, 0.6717660917590061, 0.6748954926927885, 0.6775202993303537, 0.7089436563352743, 0.716925747692585, 0.7022509959836801, 0.7420418933033943, 0.7335821526745955, 0.7414881108949581, 0.748999365294973, 0.7721975625803074, 0.7742166693011919, 0.7859766613692045, 0.7830176365872225, 0.8031879893193642, 0.7959981989115477, 0.8156151082366705, 0.8304525669664145, 0.8281840048730373, 0.8482216851164898, 0.8599547259509563, 0.8570501071711382, 0.8551398050040007, 0.8628497999161482, 0.8743841579804817, 0.8868756201118231, 0.8835912129531304, 0.9074427740027508, 0.893601850916942, 0.8910289363314708, 0.9285633092125257, 0.8996720860401789, 0.9119620708127817, 0.9140171824644009, 0.9307972732931376, 0.9085965591172377, 0.9184029437601566, 0.9301930231352648, 0.920361519480745, 0.9342303623755773, 0.9435714104523262, 0.9238216169178486, 0.9411819316446781, 0.9393521721164385, 0.931962288916111, 0.9379582200199366, 0.9319442293296257, 0.9543840909997622, 0.9300861991941929, 0.9550132888058821, 0.9552604717512926, 0.942172460258007, 0.9585696831345558, 0.9592520501464605, 0.9586909947295984, 0.944696843624115], "val_f1_score_pos": [0.6807605563077969, 0.5700955078447394, 0.6977020907739688, 0.6930732308583344, 0.7275630295229746, 0.7199302998046815, 0.6167040973581294, 0.6737522052211646, 0.7049262936803696, 0.7361715724078682, 0.7321712839894179, 0.593673390164139, 0.5900256019735349, 0.7312878262580863, 0.7214872807678575, 0.681820107356726, 0.7268327439891176, 0.640310522064336, 0.7267283368948529, 0.7059836629304304, 0.6521260550945661, 0.7236123897570998, 0.7110235960409143, 0.6867663511103168, 0.7138598418410856, 0.702035041687653, 0.6273717987640555, 0.669820045740186, 0.6969981145708698, 0.6824272881334547, 0.687279024932005, 0.6918310153337404, 0.6914359786020875, 0.6739636164714494, 0.6631786499378596, 0.7017432420922176, 0.5632645624877586, 0.6829758245833052, 0.6601565413952749, 0.6080121486136334, 0.6783729130722174, 0.5690962894207344, 0.6746576309141574, 0.6502539804217511, 0.6945355377921337, 0.6013261543431996, 0.6232792854996888, 0.6678870634366108, 0.6770666525991076, 0.6501409815985357, 0.6497005434477702, 0.6384246633054702, 0.6909425388225382, 0.5602607923700776, 0.6696424502229678, 0.642181130553555, 0.6882949219642898, 0.6347239875211949, 0.6453225544172417, 0.7010417163075032, 0.631794456606489, 0.6684082937528228], "f1_score_pos": [0.528944978180031, 0.6047912454232574, 0.6082909864683946, 0.6461518233021101, 0.659142934717238, 0.6589905750006437, 0.6768963057547808, 0.6843112278729677, 0.6960058019806942, 0.7254335402200619, 0.7363803032785654, 0.7202395393202702, 0.7521660675605139, 0.7368969693779945, 0.7611212556560835, 0.7673792373389006, 0.7918122758467993, 0.7939010802656412, 0.792962114016215, 0.7989242387314638, 0.8071202374994755, 0.811111805960536, 0.8252676278352737, 0.8344959809134403, 0.8356102053076029, 0.8746278528124094, 0.8528132991244396, 0.8599744097640117, 0.858940384661158, 0.868579122548302, 0.871703195075194, 0.9002953792611758, 0.8804054924597343, 0.9016042531778415, 0.9127686092009147, 0.8760724098732074, 0.9291599324593941, 0.9106438358624777, 0.9106073764463266, 0.9193633279452721, 0.931141143043836, 0.9031755048781633, 0.9134838537623485, 0.9239558260887861, 0.9333749612172445, 0.9308600574731827, 0.9430578450361887, 0.9157279978195826, 0.9363810593883196, 0.9354658567657074, 0.9250264024982849, 0.933134006957213, 0.9377386135359606, 0.9573042647292217, 0.9229334313422441, 0.9564187669505676, 0.9518480468541384, 0.9469183571636677, 0.9599906044701735, 0.9572530711690584, 0.9552247983713945, 0.9397153022388617],