{"val_f1_score_neg": [0.256717447124064, 0.48127206594900857, 0.4270643209679496, 0.47247090211165976, 0.11020620974255084, 0.3005119064349438, 0.46295104509352886, 0.20738124786838283, 0.3674243520383537, 0.19768743923164997, 0.29539364675602636, 0.44913636742381013, 0.2930409834003811, 0.6081593852639667, 0.46754218751665744, 0.5848877067926078, 0.6083135091973951, 0.43753258193411476, 0.2734147061982431, 0.5780873834977399, 0.3384866681376874, 0.5746692442343737, 0.5866809539084605, 0.49441313509111984, 0.5441834739334402, 0.42957341027735035, 0.5820348059727769, 0.5832684410859555, 0.13581779123392126, 0.5282643954959593, 0.4862247652936226, 0.5403261807313154, 0.576994531663609, 0.5759258032814274, 0.43758230748809357, 0.504556497516452, 0.5588161821850572, 0.4576200743907085, 0.3984652904663191, 0.4122606674783223, 0.25040312076596616, 0.2789532112897052, 0.5291618619289044, 0.3524399243828633, 0.4827088569831948, 0.5155401214851721, 0.49077417884572044, 0.4865042734983991, 0.4939997267870024, 0.36806299345342625, 0.5248501477765499, 0.4485820242888403, 0.5246211700698318, 0.527343408129142, 0.513007226920084, 0.4929679821020907, 0.46172149718167305, 0.5206216447096373, 0.5309101330336704, 0.47798785172576763, 0.37130924107332475, 0.5364080744248627, 0.4949428913570157, 0.39854933654827424, 0.493323538048887], "val_f1_score": [0.5036913566379262, 0.595771017519783, 0.5605852114006881, 0.6105858518981634, 0.48972766630111203, 0.515518219638865, 0.6135475245823924, 0.5280241730830315, 0.5687843257443598, 0.4483148145872622, 0.5561918276925115, 0.600407653676535, 0.5222894272371568, 0.6534250477246341, 0.5589203154231006, 0.6326070067890667, 0.6576016654250443, 0.5867181158959943, 0.5073319789449156, 0.5926628789812944, 0.5439516150854468, 0.6369594693058843, 0.623120006538269, 0.6148424911555298, 0.6312602073259, 0.5515016433825619, 0.6404329195067603, 0.6109109775713039, 0.47690708015711014, 0.6213814532259709, 0.5832069914953121, 0.6079746805680508, 0.6295950401964195, 0.6202258461108834, 0.5558453724823879, 0.6028904362110025, 0.6183321776428843, 0.5230860733904614, 0.5561718640601325, 0.5722469488467065, 0.5205623006964493, 0.4838092345798106, 0.6126082347754321, 0.5433683003179989, 0.5864553221279387, 0.5857134377302975, 0.6106251010018136, 0.5985530224210347, 0.5740427409386404, 0.5505872078370836, 0.6080425860936205, 0.5837794468842433, 0.5924913890243608, 0.6067123094663012, 0.5768097209205097, 0.5991714239558178, 0.5899305394275465, 0.5824443245540601, 0.5940570495837072, 0.5897233892919008, 0.5587464933347864, 0.5992668627004376, 0.5991380579072035, 0.5671494798869121, 0.6067981828456471], "f1_score_pos_neg": [0.31855308211275507, 0.39312856058989254, 0.4488724997001035, 0.48851820986185757, 0.5081399381160736, 0.49362488676394733, 0.5423594622739724, 0.5850514822772571, 0.5487838823880468, 0.6009870214121682, 0.6131215829934392, 0.6231638959475926, 0.6345460659691265, 0.6521683681224074, 0.660439961722919, 0.6773180546505111, 0.7047579096896308, 0.7003886571952275, 0.7432278831090245, 0.7097061787332807, 0.7199936083384922, 0.7464906626514026, 0.7783246402229581, 0.8168562959347453, 0.8001462157283511, 0.7843565376741546, 0.8220977804490498, 0.8089577513081687, 0.8506630456873349, 0.8511287655149188, 0.8226271708096776, 0.8906050824693271, 0.8770907861845834, 0.876174088035311, 0.8504428799663272, 0.9127727480871337, 0.8999946638941765, 0.896074928343296, 0.9084889643958637, 0.9184945928198951, 0.9270105063915253, 0.9099637142249516, 0.8983453533479145, 0.9343578730310712, 0.9182235896587372, 0.945652329495975, 0.9135746349181447, 0.9321336852652686, 0.9549145389880452, 0.9463232894028936, 0.8640835785440036, 0.9548136868647167, 0.9514199952994075, 0.9585904074566705, 0.9523619253720556, 0.9551360309123993, 0.9553949109145573, 0.9520973776068006, 0.9251125465546336, 0.9577492539371762, 0.9614368709070342, 0.9662643830691066, 0.9573221196021352, 0.9221164445791926, 0.9642240458301136], "f1_score": [0.3877616726926395, 0.5085353196731636, 0.5450689579759326, 0.5753286257386208, 0.5881825312972069, 0.5792398048298699, 0.611729336636407, 0.6482973811881882, 0.6189305164984295, 0.6613961224045072, 0.6684366124016898, 0.6802781564848763, 0.6852232249719756, 0.7022438059960093, 0.7061814697725433, 0.721413462289742, 0.7435684523412159, 0.7408353760838509, 0.7768502395067897, 0.7481541324939046, 0.7591043040156364, 0.7781208402344159, 0.8020674607583455, 0.8386394754052162, 0.8236809713499886, 0.8126438196216311, 0.8456507506115096, 0.8310696972267968, 0.8667706857834544, 0.87275951142822, 0.839550042791026, 0.9039224982261658, 0.893274761736393, 0.8920301752431052, 0.8652439479316983, 0.9233680782573563, 0.9121402204036713, 0.9087802544236183, 0.9191756801945823, 0.9283633860094207, 0.9355655727641923, 0.9217972883156368, 0.9088425795946803, 0.9428935583148684, 0.9277305400797299, 0.952026326741491, 0.9245052635669708, 0.9407367759517261, 0.9603432172111103, 0.9529436294521604, 0.8768423263515744, 0.9597960902111871, 0.95756667639528, 0.9638356481279645, 0.9582655089242118, 0.9606290757656097, 0.9618438535502979, 0.9584819621273449, 0.9338426079068866, 0.9632442742586136, 0.9659885508673531, 0.9700015687516758, 0.9634762150900704, 0.9320958682468959, 0.968695268034935], "val_f1_score_pos": [0.5938847671022823, 0.6323476033106958, 0.5719214372518586, 0.6706211337916906, 0.6811534447554932, 0.5638598096267526, 0.6842420796944093, 0.6934311280030452, 0.6432213502357927, 0.48269192465265187, 0.680006655094788, 0.6562470575970926, 0.5893785027953667, 0.705138329208413, 0.5262999191485519, 0.6130855428775465, 0.6901487262424696, 0.6257335623042839, 0.5699096888718004, 0.5268097805939351, 0.605183577884566, 0.6480323484242196, 0.6847187331458762, 0.6796898555793132, 0.6840447819892609, 0.6883596930483836, 0.6796433782439953, 0.6838595235000718, 0.6234997784469248, 0.6514914029231698, 0.5759029043899444, 0.5976084213290601, 0.6477711001406684, 0.6826176555519995, 0.5480697288808315, 0.6361735249297249, 0.6311463835418866, 0.4400572904429347, 0.586926873575006, 0.621131773480211, 0.6778476374092423, 0.506201449542292, 0.623451101054615, 0.6025016051466747, 0.5965851837026145, 0.5581128098287514, 0.6729387815718322, 0.6614211649523299, 0.5462167539872931, 0.6708722079547409, 0.6253827501869001, 0.6415917588724666, 0.570266806294591, 0.6367385172637592, 0.5387410240444711, 0.6693903013317409, 0.6415696053594984, 0.5543010922326149, 0.5983508042453813, 0.6194495781181429, 0.6415144397522751, 0.5818710473150898, 0.6669652333510945, 0.6301337786931364, 0.6712276161795615], "f1_score_pos": [0.41113387793302536, 0.46778714869703564, 0.5068771775279727, 0.5086575427225658, 0.545527563563415, 0.5491917575044292, 0.5688775735242027, 0.6146168485283852, 0.6048718909067767, 0.6405134392636163, 0.6465494366628783, 0.6551721819809505, 0.6394523680210114, 0.6797001085111073, 0.6984534795795169, 0.6847168302961758, 0.709528639380421, 0.7283064903957503, 0.7803121634892055, 0.7163817456790379, 0.7472888369645391, 0.7633019057767731, 0.8121672709073339, 0.8280085303953716, 0.8208256768328803, 0.8307759474430766, 0.8075604204620633, 0.8445757733924049, 0.8676444590091705, 0.8845633726034846, 0.8459546406354223, 0.9066145792603493, 0.8755120028342519, 0.8998494957174573, 0.8762373817818505, 0.9233425291521209, 0.9253834134766034, 0.9096087898526873, 0.910812568451677, 0.9328403728348869, 0.940854871911662, 0.9203607950891767, 0.9253175077693803, 0.9385016773428235, 0.9488801487854549, 0.9455431997776031, 0.890837950365884, 0.9361963229519981, 0.9573512098618916, 0.9540985418217522, 0.9065699364457812, 0.9579819504703794, 0.9522412461893899, 0.9616276334439006, 0.9538782685995102, 0.9466775783470699, 0.9579495776976857, 0.9571616266454969, 0.9545745881540435, 0.9580722036106246, 0.9651914089918137, 0.9655829529677119, 0.9541870728135109, 0.8918165170720646, 0.963385491498879],