{"1": {"val_f1_score_pos_neg": [0.5467429523733136, 0.5919960221373876, 0.6225098079188177, 0.4998815001510992, 0.6429177570805723, 0.6422301926951755, 0.6517869554852802, 0.6143619547733133, 0.5518795984516048, 0.5664148576735449, 0.5806085475936137, 0.6195873840568636, 0.5447260724757245, 0.6350912274165069, 0.6079792373611206, 0.5522496565539412, 0.6389387180853353, 0.6347014281557765, 0.4902336428226713, 0.5951096875880791, 0.5934669098577692, 0.5591762587369473, 0.5570226889597034, 0.5329768221943578, 0.6195940886024037, 0.5747578070603298, 0.5931242484449871, 0.5887153888667878, 0.5530569106770287, 0.5592922916288549, 0.5733262025681563, 0.6190144005579614, 0.5841234442976995, 0.6255135938560372, 0.6035684226161377, 0.5757891653154955, 0.6113709831625466, 0.6233647202932706, 0.6169874928862349, 0.6202159172244939, 0.6005707024089815, 0.5712499898498589, 0.5675922879983896, 0.551425625982167, 0.6061989930774669, 0.5859155998028641, 0.5956944269424906, 0.617972797729073, 0.5830787441532286, 0.6150863225648261, 0.5474061314715134, 0.6082553045348861, 0.5462340051315602, 0.5630976753600025, 0.5690866877424289, 0.5905778966736612, 0.5804459560020621, 0.5873646528552656], "loss": [1.0634240967531998, 0.860413670539856, 0.8249111933012804, 0.8151766583323479, 0.7328518517315388, 0.7057423169414202, 0.7010093803207079, 0.6616903829077879, 0.6307512770096461, 0.6007096655666828, 0.5692240453014771, 0.6100554764270782, 0.5372809202720722, 0.5261276649932066, 0.5418805237859488, 0.5253639928996563, 0.5181934790064892, 0.4786514186610778, 0.8042733172575632, 0.47817651244501275, 0.4582470195988814, 0.40047763598461944, 0.41020659791926545, 0.4443755925943454, 0.426750215391318, 0.39671124890446663, 0.3379258445153634, 0.31938504707068205, 0.48903146261970204, 0.353338820549349, 0.37992406884829205, 0.33624235664804775, 0.3634644877165556, 0.2974960142746568, 0.2574774653961261, 0.2868381394073367, 0.2662259178857009, 0.26282689285775024, 0.2747858762741089, 0.3397800925498207, 0.31066803727298975, 0.22994628207137188, 0.23135675365726152, 0.20712346397340298, 0.2795239907378952, 0.20624138973653316, 0.23715555792053541, 0.23703761460880438, 0.2093243614460031, 0.22972523452093205, 0.2362851689880093, 0.201935434093078, 0.18311608054985604, 0.3283096772308151, 0.189137519026796, 0.16126382226745287, 0.2071602481106917, 0.15672834062327942], "f1_score_neu": [0.3736504521608974, 0.5880882752438387, 0.580852413472409, 0.608977511835595, 0.7194641977548599, 0.721762727946043, 0.6978598137696584, 0.7234782924254736, 0.7550437102715174, 0.7599376576642195, 0.7838038975993792, 0.7712959523002306, 0.803206684688727, 0.7931834571063519, 0.789340328425169, 0.7957998365163803, 0.7972402013838291, 0.8200396485626698, 0.6769848534216484, 0.826518502086401, 0.8352117923398813, 0.8530246292551359, 0.845520647863547, 0.8291746353109678, 0.8335040224095186, 0.8514735127488772, 0.8834290355443954, 0.8896935532490412, 0.8002136386930943, 0.868683914343516, 0.8571453032394251, 0.8807014798124632, 0.8454355895519257, 0.8990064809719721, 0.9167692599197229, 0.9066685239473978, 0.9057427557806174, 0.9164494077364603, 0.9076117786268393, 0.8710779460767905, 0.9023992394407591, 0.9223148860037327, 0.9164746726552645, 0.9324011181791624, 0.902360875159502, 0.9347988938291868, 0.9228597904245058, 0.9218216960628828, 0.932024423032999, 0.927164955685536, 0.9171037351091703, 0.934060987085104, 0.9402698054909706, 0.8752224606772264, 0.9375126361846924, 0.9494399341444174, 0.93265101313591, 0.9473043742279211], "f1_score_neg": [0.23115893670668206, 0.36152696174879867, 0.4191486065586408, 0.42210481230479974, 0.5096491314470768, 0.5315087648729483, 0.5086220434556404, 0.5655088815838099, 0.6042710915207863, 0.6194748828808466, 0.6426691797872385, 0.6621797444919745, 0.6704047918319702, 0.6869996711611748, 0.6782365093628565, 0.7153299761315187, 0.7050297539681196, 0.7309603852530321, 0.5823614951223135, 0.7108475590745608, 0.7879703541596731, 0.7699918995300928, 0.7890921334425608, 0.7541364741822084, 0.7711916553477446, 0.7844669446349144, 0.8355260988076528, 0.8354121434191862, 0.7749804196258386, 0.8062344106535116, 0.8270933131376902, 0.8613746327658495, 0.8639928922057152, 0.8725548212726911, 0.8956726466615995, 0.8618889128168424, 0.8762316890060902, 0.8809909100333849, 0.8647205382585526, 0.8582215793430805, 0.8727516382932663, 0.8949505873024464, 0.8985258117318153, 0.9137864485383034, 0.8792546130716801, 0.8948353454470634, 0.914061372478803, 0.89718197286129, 0.9089001330236594, 0.8893212613960108, 0.8697274339695772, 0.9013417636354765, 0.9157875292003155, 0.8827241584658623, 0.928856094678243, 0.9304648550848166, 0.911273737748464, 0.9331767782568932], "val_f1_score_neg": [0.4443472693856232, 0.4956995720410641, 0.5665418162234587, 0.33037008265013335, 0.5846535931288837, 0.5868807214937778, 0.5926079905911628, 0.5498774958319655, 0.4028009135611189, 0.45418766548150236, 0.5053475820546134, 0.5575030557352072, 0.4299418135262086, 0.546172983262472, 0.528237733992885, 0.49399152391856654, 0.5616642708950959, 0.5492298044215467, 0.3235702131939097, 0.534029069548356, 0.4901280468947738, 0.4414109220318428, 0.46183896773667465, 0.4096253248702939, 0.5350482973751045, 0.49488492121291294, 0.4879338758575801, 0.49319074913925803, 0.400080475794997, 0.49882332945070085, 0.48812159701279073, 0.5480557971978607, 0.4718459029460935, 0.5408687072728144, 0.5329967327328013, 0.5141463882179671, 0.5372798039379815, 0.5441389058851177, 0.5474601496932328, 0.5529284229311079, 0.5133830483366804, 0.4713370569837772, 0.4691905291521921, 0.40651162377092864, 0.5268749908421754, 0.49855671614728947, 0.4946150897589062, 0.5633673019963176, 0.47486420174674226, 0.5467435101839991, 0.4074463297259048, 0.542056705111942, 0.4139399216567754, 0.4502838045210154, 0.4476770168366221, 0.4898430671930751, 0.48258452997912954, 0.5131324733332202], "val_f1_score_neu": [0.36405989711377806, 0.6103045324031181, 0.47018673071828754, 0.6972383786585898, 0.6738172287457014, 0.5005297056105454, 0.6235425104752257, 0.7107390779664815, 0.7032192043360218, 0.7075758689881121, 0.7098367339258521, 0.7108317157461235, 0.7128890849866799, 0.698056392193841, 0.5052656388614173, 0.7105969481664538, 0.6605774141220855, 0.6896481384700782, 0.696142341610393, 0.7169584818721724, 0.7048452893423965, 0.7039731129116815, 0.7026018559416854, 0.7036426001229125, 0.6819578244746779, 0.709788625818083, 0.6895683372767929, 0.5269628408040833, 0.659432352245745, 0.6981819910294047, 0.7012036707561972, 0.6758163010639497, 0.6786754843821652, 0.667108187502274, 0.6828390030200607, 0.694069209184479, 0.6888148957370555, 0.6203080781357138, 0.6609826341033013, 0.674052541833708, 0.689279999440341, 0.6953504599675775, 0.7012766298583696, 0.6876427607057353, 0.6853613482820935, 0.6858684736507444, 0.664487192348142, 0.671126148158598, 0.6866739763070554, 0.6085553175034312, 0.6628456310496816, 0.670720260896115, 0.6836585959142629, 0.6950164738521781, 0.6888215834782438, 0.6790080361718929, 0.6829500021723165, 0.6841110541474748],