{"val_f1_score": [0.5573314877904496, 0.6077835380233807, 0.6390114701266305, 0.6014117752352068, 0.6889514113673069, 0.6054041709857383, 0.6497915067167505, 0.6690196649877537, 0.6852196472040663, 0.634703562574189, 0.6189762248381397, 0.6480518218072231, 0.6839848850269252, 0.6957769110357233, 0.6847769133600075, 0.6736457234538199, 0.5377642278936383, 0.6382496971925224, 0.6947359886502081, 0.6877555622380455, 0.6232157127456405, 0.6892197516344052, 0.668927195235997, 0.6018072772363712, 0.669080265591284, 0.661009835377785, 0.5716140131421393, 0.6406520638383345, 0.6331793254609187, 0.6581311711575958, 0.5853254857914922, 0.6749892367361225, 0.5608544663560069, 0.6602452276980443, 0.6105272660973251, 0.6483886035258395, 0.6683814731008137, 0.6587402526237444, 0.6456103223595068, 0.6384545850090989, 0.617372327578715, 0.6394863894158951, 0.6568121656075945, 0.6394912688525181, 0.6479787112157738, 0.5583413994721843, 0.5839402923864109, 0.6497180955540687, 0.6380392484955046, 0.6493771230958748, 0.5659676657834767, 0.6399108173026208, 0.6373650554969121, 0.600841315046496, 0.6551858763384625, 0.6047872137341823, 0.6370110004053884, 0.6477057504710205, 0.62897735316704, 0.6071663871387969, 0.6220889526685329, 0.636078149244412, 0.5750100376754178, 0.6238270311445631, 0.6139982129187526], "val_f1_score_neu": [0.6826063621209858, 0.5523909763842156, 0.7159232515348339, 0.7091588221789344, 0.7304431353845904, 0.7119643768862792, 0.7268470860421735, 0.7256891595982767, 0.7348567225818649, 0.7235885719255046, 0.7164477448966163, 0.7265328281262776, 0.7104941796293541, 0.7223662596626792, 0.729112216877931, 0.7326007207140909, 0.6920490883292721, 0.7269659056427158, 0.729250731131801, 0.6990024658159856, 0.7178028183223505, 0.7051107710094987, 0.7275425160991029, 0.7109979029687221, 0.6859109820951916, 0.7134258909829483, 0.6982809560148228, 0.7211147561618546, 0.7222847485679859, 0.7203002714779382, 0.708611952767671, 0.7165256780868998, 0.6977939478156137, 0.7199793062027502, 0.7072277404084595, 0.7181796031519712, 0.6933065180605926, 0.7229885020157248, 0.7175502075537464, 0.7148591967320586, 0.7096606161286129, 0.7175443819305136, 0.7061834515094632, 0.7122758931292031, 0.6825168728359472, 0.6878823782557926, 0.6985545540743852, 0.7166411299859324, 0.6011698551763239, 0.7068979667141592, 0.6929420433018172, 0.7102534363909465, 0.7106325942295103, 0.7045425754533863, 0.7035125032704301, 0.7020489413876437, 0.663617254647876, 0.7049382234257474, 0.711351398608205, 0.7054735668025053, 0.7092716214446111, 0.7119846426843502, 0.6868700230337333, 0.7087072290493814, 0.7050929741224153], "f1_score_pos": [0.5853574052453041, 0.6574087125413558, 0.7007999113377403, 0.7170005326761919, 0.7174040605040157, 0.7422399889020359, 0.7395372829016518, 0.7607613644179176, 0.7420197900603799, 0.7858818506493288, 0.7779852984582677, 0.7914213187554303, 0.8033868100713281, 0.7676209299003377, 0.8160844182266909, 0.8111789296655094, 0.8083109180716908, 0.8336235249743742, 0.8354709639268763, 0.8464285275515389, 0.8284394714762183, 0.8508007026770535, 0.8775182752048268, 0.8549619115450803, 0.8737010035444709, 0.8762920139467015, 0.8860726470456404, 0.8925672971150455, 0.8525261616005617, 0.9041745373431374, 0.9066589106531704, 0.898884670699344, 0.9152761101722717, 0.8962053665343452, 0.9178488675285789, 0.8943961490603054, 0.9327271019711214, 0.930000489248949, 0.9289444123997408, 0.9308144529076183, 0.9369833811241037, 0.9045773350140628, 0.9456553730894538, 0.9407342120128519, 0.9448413945296231, 0.9319919023443671, 0.942161896649529, 0.931633843218579, 0.9322689666467554, 0.9385269398198408, 0.944536978707594, 0.9501600002541262, 0.9704302233808181, 0.9501085377791348, 0.9545116985545439, 0.9624934319187614, 0.9551814145901624, 0.9324855953454971, 0.9615449765149284, 0.9644334386376774, 0.9557234846493777, 0.9650854284272474, 0.9241889460998423, 0.9726942199117997, 0.9614681417451185], "f1_score_pos_neg": [0.4560881165020606, 0.5695955135366496, 0.6284298213089213, 0.6535043628776774, 0.6678367485018337, 0.6761514263994554, 0.6919932347886703, 0.7030509149326998, 0.7031738258459989, 0.7236394724425148, 0.7533118058653439, 0.7460036882582832, 0.7699759523658192, 0.7509806261343115, 0.7973538637161255, 0.7914228413034888, 0.8061880933887818, 0.7986150261233834, 0.7886003089301726, 0.8320200180306154, 0.829185739159584, 0.8354516905896804, 0.8469693713328418, 0.840401654734331, 0.8579219246611876, 0.8671920203110751, 0.8776939344756743, 0.8844364601023057, 0.8583180369699702, 0.8912244719617507, 0.8953741657383302, 0.8894962589530384, 0.9150966835372588, 0.8806470764033935, 0.9154510094838983, 0.897992309402017, 0.9221053456558901, 0.9185063602293239, 0.9288068852003883, 0.9314748478286407, 0.9278785551295561, 0.9129316289635265, 0.9443322700612685, 0.9199679660446504, 0.9418083192671046, 0.9306074389640022, 0.9392976156052422, 0.9301180225961349, 0.9265916268615162, 0.9423046050702825, 0.9478952165912179, 0.9513647091739318, 0.9590999782085419, 0.9514371226815617, 0.9534035596777412, 0.9530094011741526, 0.9489412500577814, 0.9432289863333982, 0.9556847609141293, 0.9553505524116404, 0.9499246793634751, 0.9601269127691493, 0.9237993149196401, 0.9661285868462395, 0.9569751541404163], "val_acc": [0.6281143416265412, 0.6315237413764532, 0.6771570983253187, 0.6522423388793529, 0.7107264554597498, 0.6569630257920146, 0.6865984824208365, 0.7020718553952273, 0.7088906338231756, 0.6740099685322791, 0.6580120550344973, 0.6970889081862415, 0.6978756837134532, 0.7125622817702785, 0.7044321987812143, 0.703645420330827, 0.6173616543455196, 0.6913191734759663, 0.7138735774368118, 0.701022824933452, 0.6632572794066869, 0.7039076757343491, 0.6970889027463211, 0.6493574658498156, 0.6894833488536888, 0.6960398633118036, 0.625229475881495, 0.6750590157827742, 0.6719118842233237, 0.681353259127252, 0.6750590031365226, 0.7007605532101687, 0.6338840783220747, 0.696039865609701, 0.6504065209162883, 0.6847626450116198, 0.6915814271130776, 0.6824023148815306, 0.6774193417703952, 0.6635195408597756, 0.6582743243035637, 0.6766325789519629, 0.68450038179212, 0.6685024946654465, 0.6742722312046604, 0.6076580118607762, 0.6344085953193732, 0.6750590085764429, 0.6525045859197791, 0.6805664691873776, 0.6205087763225816, 0.6685024928990356, 0.6627327460896272, 0.6430632140015543, 0.6797797033050821, 0.6674534462581868, 0.6682402301484945, 0.6690270159459007, 0.6622082267162714, 0.6595856145301767, 0.6640440711129721, 0.6685024844734118, 0.6071334839836369, 0.6569630185856833, 0.6580120591769655], "val_loss": [0.817978484703117, 0.7781036316238611, 0.7153459901169408, 0.7882961733679492, 0.6768082436413518, 0.7804125377489706, 0.7156423321084153, 0.674619048857295, 0.6760655646714331, 0.7722898437506003, 0.843081548196451, 0.7021326168515756, 0.7035881525070187, 0.664290406949058, 0.7005183432723104, 0.7155546143303197, 1.09409618077552, 0.7907147703600967, 0.6985449070790418, 0.718091895347063, 0.8872362145000701, 0.7245717312825061, 0.794611122550034, 1.0458046769395513, 0.7391660766997988, 0.7883885315700744, 1.2477747731530193, 0.9933247119461868, 0.9770011204670271, 0.9107796036756292, 1.0625652843280755, 0.8190475345251912, 1.258668598683525, 0.8517534829111447, 1.0924147854256498, 0.9149872801480817, 0.8657214614215124, 1.035998615885919, 0.9956017679158953, 1.066538861346251, 1.1615712098365, 1.0749493900509666, 0.9693162252888603, 1.1048870836378488, 0.9880934445651035, 1.6905017076062618, 1.4731552803450734, 1.126024266162195, 1.0579053289209361, 1.04881947171241, 1.5663468655469441, 1.1632764776516487, 1.262910567773098, 1.4126812974330543, 1.120006212749226, 1.2932177182729558, 1.1169454344545109, 1.1605322738973105, 1.3327861636322125, 1.3449341105001666, 1.2903120302635012, 1.2295586597003432, 1.7326809066566868, 1.360118155713285, 1.35369042042763],