{"val_loss": [0.8851103710903134, 0.8675875645155298, 0.8232624762926769, 0.7909425638367927, 0.8075958667794394, 0.7650246701464389, 0.77014523303762, 0.786780988078964, 0.8502738149716977, 0.7903480495707494, 0.7519302364881352, 0.837763376946278, 0.9049990581865859, 0.8173175209812251, 0.7702323798116598, 0.8070371384042909, 0.7826929924496197, 1.1491960597232105, 0.7915597421867216, 0.8426894781753956, 0.9190190307211757, 0.9016593972154092, 0.8090691013877672, 1.0619822299733677, 0.9142488146622351, 0.8980143437884531, 0.8583150289829653, 1.1970034991228578, 1.003506809402694, 1.34529287421794, 1.182825815511944, 0.928994251054133, 0.9191843987667995, 1.528594607635336, 1.1714742951526937, 1.151973327970117, 1.1129115262808151, 1.9789450755745852, 1.2641565453621648, 1.2120385024918368, 1.2269524935503004, 1.2605939966282318, 1.1281010357063648, 1.166279704183723, 1.077462379744195, 1.3989304828418698, 1.315273258587897, 1.5402350407587146, 1.1691725837443403, 1.275190545072588, 1.150056359901098, 1.2093712683271742, 1.2561344788701647, 1.2918559731131554, 1.6325013217668412, 1.26603942667128, 1.2692513390222686, 1.2702395818129069, 1.2206827828554603, 1.4459505625794074, 1.6451894387841193, 1.4270605807100543, 1.4429149159352173, 1.34017067905364, 1.8088819622336927, 1.2939401206900183, 1.4218121478165537, 1.5683940400171867], "acc": [0.47208333512147266, 0.6087500055631002, 0.623958345502615, 0.639999999354283, 0.6335416672130426, 0.6537499986588955, 0.640416661898295, 0.6720833318928877, 0.665625004718701, 0.6866666550437609, 0.7056250050663948, 0.6916666527589163, 0.7064583338797092, 0.694583331545194, 0.7264583396414915, 0.7116666634877523, 0.7475000048677126, 0.7356249950826168, 0.7324999943375587, 0.771874992797772, 0.7679166632393996, 0.7816666712363561, 0.7795833237469196, 0.8137499988079071, 0.7956250011920929, 0.7864583333333334, 0.8450000012914339, 0.7995833270251751, 0.8222916622956594, 0.8377083304027716, 0.8483333326876163, 0.8293750037749609, 0.8568749961753687, 0.8693749917050203, 0.840833326180776, 0.888541662444671, 0.8664583290616671, 0.8966666633884112, 0.8739583243926367, 0.9033333385984103, 0.9243749976158142, 0.8979166684051355, 0.9220833256840706, 0.9322916728754839, 0.9170833341777325, 0.90916666512688, 0.9431250008443991, 0.9279166683554649, 0.9379166613022486, 0.9143750096360842, 0.9460416709383329, 0.9485416660706202, 0.9535416712363561, 0.94500000278155, 0.9541666607062022, 0.9372916705906391, 0.9452083272238573, 0.9535416675110658, 0.9081249957283338, 0.961666668454806, 0.9543750050167242, 0.9435416596631209, 0.9608333334326744, 0.9662500048677126, 0.9658333274225394, 0.9458333291113377, 0.9662500036259493, 0.9577083351711432], "val_f1_score_pos_neg": [0.3891880882949364, 0.3485582354982913, 0.45309817639355143, 0.4614518049380425, 0.4462022296078024, 0.5051490688946126, 0.4967159666853754, 0.47177196779246094, 0.42962234300983065, 0.48548682166496476, 0.5725851374881773, 0.43898630697927915, 0.3955401775172899, 0.47605214062213524, 0.5777522189517738, 0.5188491150771981, 0.6511734729047025, 0.37539079332801883, 0.5394742613291447, 0.5225364114398441, 0.39452354645528975, 0.5722470171270864, 0.6110352880211287, 0.5511134666406104, 0.6413668196344513, 0.5411934129465855, 0.6309422516710265, 0.40400906575810963, 0.4558190833528055, 0.4128244837578469, 0.419558173577491, 0.587854412731898, 0.616572167377537, 0.399086163272515, 0.4768813462542512, 0.552250624046906, 0.5315176126464846, 0.3444422193784086, 0.4451381522715639, 0.5138673018258668, 0.5144473207675344, 0.4464106631425932, 0.5764056433225723, 0.578150302914225, 0.6227973698006507, 0.505022849345376, 0.5301468747511893, 0.43485405578439457, 0.6038721373410729, 0.5435178318331318, 0.6064566924695171, 0.594832579826327, 0.5727365089938486, 0.5629103821842745, 0.45605030665240076, 0.5874940574622486, 0.5999804665777835, 0.5943420839347209, 0.5493023450250173, 0.518035295470443, 0.44675863877919725, 0.529815179858344, 0.5440346888285311, 0.5780618805413855, 0.4553103218108627, 0.593395606976871, 0.5443486611486076, 0.5233000845162536], "val_f1_score_neu": [0.6272445188836728, 0.6603318381553368, 0.6740783447516486, 0.6625020955761305, 0.6830475536069313, 0.680704274532084, 0.6849821204592667, 0.6802804493979148, 0.6775397289433943, 0.6806261311701642, 0.6641019923525034, 0.6799900812831351, 0.6767838162885637, 0.6801852865260385, 0.6639125567235379, 0.6905267992233498, 0.6098132999650518, 0.6671773402859087, 0.6858118577107275, 0.6897173049004097, 0.6712172014207437, 0.5514993294624091, 0.6879661053051762, 0.6920051730244985, 0.5271829221619416, 0.6903620822642876, 0.6535237342892999, 0.6718293695414813, 0.6722484387471048, 0.6706175839622721, 0.680357173675319, 0.6922815894943005, 0.6841118716049345, 0.6634159918191581, 0.6832646520282226, 0.6898685945884281, 0.6808415351969471, 0.6502530460216354, 0.6720351451124196, 0.6776905297263851, 0.6707772450780981, 0.66895465851768, 0.6771957550716625, 0.6646521080831452, 0.6149566045840393, 0.6789359197727877, 0.6783086610159285, 0.6701966642458046, 0.6406303417360629, 0.6729830200516456, 0.6563085620090026, 0.6736428553026991, 0.6564079205132581, 0.6750341880174562, 0.6533394716963379, 0.6536321621568941, 0.6577722528397865, 0.6634418400854005, 0.6664082458911529, 0.6669685588306934, 0.6347240489235144, 0.6754328638995191, 0.6710323187862829, 0.654726568291952, 0.669230543094578, 0.6418880270185853, 0.6551359451070345, 0.6746858501102929], "val_f1_score": [0.4685402438767526, 0.4524827788359469, 0.5267582647512192, 0.5284685789053752, 0.5251506829930828, 0.5636674854313329, 0.5594713770120813, 0.541274812257168, 0.512261488917241, 0.5505332806402387, 0.6030907798807608, 0.5193209202308965, 0.4892880698060727, 0.5440965623265328, 0.6064723575956203, 0.5760750338970567, 0.6373867668287666, 0.47265298900221575, 0.5882534685955253, 0.5782633873223946, 0.4867547853018648, 0.5653311371990867, 0.6366789178869526, 0.59807738961118, 0.6033055510947375, 0.5909163164023242, 0.6384694359917169, 0.4932825141946631, 0.5279622151724722, 0.4987555314886142, 0.5064912032430765, 0.6226634898899798, 0.6390854395689566, 0.4871961272922739, 0.5456758013804566, 0.5981233040241629, 0.581292264892334, 0.4463791659880022, 0.520770497876079, 0.5684750623788041, 0.566557302379308, 0.5205920008014826, 0.6100023697124765, 0.6069842536024869, 0.6201838019198707, 0.5629938995309806, 0.5795341609439104, 0.5133016043187063, 0.6161248972182696, 0.5866729264930887, 0.6230740005532932, 0.6211026931509332, 0.6006269983941415, 0.6002850082331431, 0.5218133831661954, 0.6095401122286787, 0.6192444106458899, 0.6173753705107256, 0.5883376723413795, 0.5676797348278074, 0.5094137969931185, 0.5783544303456098, 0.5863672458309531, 0.6036168047989756, 0.526617073962734, 0.6095597720696424, 0.5812777704589798, 0.5737620210384966],