{"1": {"val_f1_score": [0.5778009889946815, 0.6450665621753756, 0.6611511072023253, 0.6694967205243695, 0.640895392148788, 0.6634952356238206, 0.7080301536589572, 0.6625283666398624, 0.6976687865028411, 0.6925697663685109, 0.7037882097055679, 0.6993816212472282, 0.7116936480877064, 0.6440315235014384, 0.7024897249108252, 0.6745383948783314, 0.6839311197771352, 0.6845879934605044, 0.6854317106820453, 0.6960832400331964, 0.5926606367180237, 0.6608934579732191, 0.6797070968910806, 0.646297650921229, 0.6474091861618806, 0.6020197821920261, 0.6552332679712018, 0.664291869724888, 0.6626615060648204, 0.6330205771887424, 0.6927700139486411, 0.6879224683273629, 0.6420332270596492, 0.682944561079547, 0.6566601888482538, 0.6638140668244991, 0.6594281824373555, 0.6256099712057687, 0.6858349604741688, 0.6737012735915066, 0.6732913413886914, 0.6066921473862523, 0.5806273479896864, 0.6513497970437491, 0.636573505798663, 0.6783030284786049, 0.6671424015219244, 0.6426861532366622, 0.6353712469425347, 0.6709059158273172, 0.6749588731327553, 0.676903559706388, 0.6642290849151682, 0.6497014321713132, 0.6304460663886762, 0.6555127510710586, 0.5547089577971748, 0.6554544541956464], "val_f1_score_neu": [0.6649523912656661, 0.7171237299269089, 0.7264571762009927, 0.7321949404836045, 0.7276483194864924, 0.7370332178092834, 0.7342153877965616, 0.6086055188394112, 0.7085042381705557, 0.6956102027062697, 0.7270032171342681, 0.7175463423027381, 0.7467355141013181, 0.7312736004286166, 0.7187157775859898, 0.7422913775461538, 0.7064734065967253, 0.7415952558064755, 0.7385933950539496, 0.7226515772490872, 0.7068845975001966, 0.7196488551445718, 0.7389089173136375, 0.7044036328526829, 0.731670151927982, 0.7119072669921133, 0.7308913794459241, 0.6329246645926679, 0.7307794867867471, 0.7225882762565783, 0.7155022738863407, 0.716004961796267, 0.7265496039184223, 0.707849808058775, 0.6944363763130402, 0.7321880480575962, 0.7267089428909176, 0.7232400961288654, 0.7267876627124453, 0.7236554061462959, 0.7306950408081166, 0.7132994002349228, 0.6978532811521765, 0.7268418357686799, 0.5948393680653545, 0.722241407315499, 0.7145418884277094, 0.7163743866324707, 0.7140802889397974, 0.727641948245499, 0.7236897199759794, 0.7243769341586863, 0.7197662652117232, 0.7147046498760851, 0.7142082317401317, 0.7170912092387942, 0.6896506317669158, 0.7182341222840596], "f1_score_pos": [0.609780945815146, 0.6806965311989188, 0.7053846959024668, 0.7165114739909768, 0.7222702270373702, 0.7421890078112483, 0.7514689136296511, 0.7487066425383091, 0.7536251628771424, 0.777734013274312, 0.766158415004611, 0.7740215426310897, 0.8069578623399138, 0.7890704814344645, 0.8060472272336483, 0.8110626135021448, 0.8166255177929997, 0.8123338939622045, 0.8190733920782804, 0.8507855487987399, 0.8376624742522836, 0.831475593149662, 0.8652096400037408, 0.8807471757754683, 0.8112290520220995, 0.8883353238925338, 0.8504730965942144, 0.8577746683731675, 0.8997742552310228, 0.8706966666504741, 0.8855588529258966, 0.8831138219684362, 0.9059139378368855, 0.8763940315693617, 0.9018594594672322, 0.9209443535655737, 0.90204291138798, 0.928367399610579, 0.9263215055689216, 0.9159460524097085, 0.9466828433796763, 0.9339965926483274, 0.9214420113712549, 0.9346878649666905, 0.9187896074727178, 0.9364211717620492, 0.9524671407416463, 0.9583473457023501, 0.9393668528646231, 0.9416065150871873, 0.9055599542334676, 0.9615105129778385, 0.9639804856851697, 0.9585591005161405, 0.958238959312439, 0.9681734582409263, 0.9233992686495185, 0.9403039989992976], "f1_score_pos_neg": [0.44473827676847577, 0.5866465140134096, 0.6118225250393152, 0.6421823147684336, 0.6632130295038223, 0.6869858987629414, 0.6903984425589442, 0.6971261445432901, 0.7015595845878124, 0.733151700347662, 0.7187827127054334, 0.7387087298557162, 0.751587275415659, 0.7493034703657031, 0.7751309778541327, 0.7701916005462408, 0.7885812735185027, 0.7811010871082544, 0.8098211707547307, 0.8194223633036017, 0.8225285205990076, 0.8228886509314179, 0.8242602264508605, 0.8558975076302886, 0.8139953268691897, 0.8710655206814408, 0.8344174418598413, 0.8683635937049985, 0.8748423410579562, 0.8651286046952009, 0.8675017822533846, 0.8769217627122998, 0.9073685463517904, 0.8915742170065641, 0.894994443282485, 0.907673311419785, 0.9001092249527574, 0.9122302392497659, 0.9077540617436171, 0.9154478050768375, 0.9387324014678597, 0.9171338677406311, 0.9171392675489187, 0.9357534125447273, 0.9148032981902361, 0.937916929833591, 0.9446565778926015, 0.9473976893350482, 0.9401540961116552, 0.9203723333775997, 0.9206393202766776, 0.9623503340408206, 0.9541759854182601, 0.9473134241998196, 0.9578039394691586, 0.9587119054049253, 0.9312739400193095, 0.942013144493103], "val_acc": [0.6414896375764676, 0.6821400437053657, 0.6984002109809463, 0.6963021194656596, 0.6795174453848152, 0.6968266497188561, 0.7220036741507325, 0.672698666878707, 0.7091528970426754, 0.7065302933603642, 0.719118789709868, 0.716758457125562, 0.726462094858191, 0.6881720400094173, 0.7167584625654824, 0.7041699505840234, 0.7044321940291, 0.7123000233810529, 0.7149226355671476, 0.7107264572261607, 0.6430632013553026, 0.7036454179547698, 0.7060057685470881, 0.6949908268629895, 0.6949908136070916, 0.6488329438815553, 0.6842381268575565, 0.6724363957807019, 0.6884343020721524, 0.6648308412002636, 0.7073170707321467, 0.704956721296593, 0.6803042214591454, 0.6968266395268213, 0.6913191625961256, 0.697351162432999, 0.6810910059590993, 0.6750589970869559, 0.7049567273461597, 0.7002360369006762, 0.6960398621550389, 0.657225281805183, 0.6233936655937203, 0.6892210794439348, 0.6509310264240998, 0.705218980983271, 0.6894833428041222, 0.6737477070010306, 0.6606346706752542, 0.696564377933045, 0.7015473190924642, 0.6973511684825656, 0.695777604234772, 0.6855494284329688, 0.6666666646032486, 0.6782061377598362, 0.6052976701630403, 0.6847626625506733], "val_loss": [0.7823625694039047, 0.7151268889295627, 0.6845526627565099, 0.6903281331906442, 0.7283799268272084, 0.6908687831628301, 0.6466026196416019, 0.7094987490938118, 0.6507211249236701, 0.6573371521731921, 0.6455528280443011, 0.6489776355245437, 0.6576465596497418, 0.7315890205178459, 0.6445907916167325, 0.7276510024927371, 0.6643610463003583, 0.6939671875734577, 0.6872535479715919, 0.6888257975250662, 1.062356767897027, 0.7262121057873038, 0.7838413984075857, 0.776283147967834, 0.7878939384336144, 1.0887437419506185, 0.888826935506386, 0.7537307131956357, 0.9334401847839106, 1.041441136165582, 0.770698029148338, 0.7565937839153399, 0.9786144588333148, 0.7904998345885288, 0.7953319803892456, 0.9175879251072171, 0.9826447856166749, 1.1034995738583977, 0.8566385289830484, 0.8865512062676022, 0.9891847031278432, 1.266203343790096, 1.5536559172074313, 1.0497325617842495, 0.9257661479838152, 0.9064752787328161, 0.9882213064544382, 1.0894561992240583, 1.27895928898603, 1.0075641556608999, 0.9601031770207205, 1.0287778109601249, 1.0291574996755157, 1.0694232781728108, 1.2628768815351477, 1.204748301783666, 1.847229495812613, 1.0782207675471631],