{"val_f1_score_pos_neg": [0.45804325491776154, 0.5344198920143391, 0.5560222896509148, 0.602685079498301, 0.6232062166142958, 0.6177856121637237, 0.648837479149423, 0.634665263064915, 0.5670518751316986, 0.5386343062033404, 0.6172493253828439, 0.5788633735855827, 0.6566103361361364, 0.5662328740789482, 0.6417258774987238, 0.6498729604421686, 0.6089353415086267, 0.636125231176857, 0.5797783188265889, 0.6321636760544346, 0.5328180113083855, 0.6164224143888642, 0.6159565398113451, 0.5993502175060745, 0.614070719444561, 0.5659241635062205, 0.5857208462453032, 0.6026167184888238, 0.5997481797581234, 0.6389098103641057, 0.6199339548183994, 0.5362254076044046, 0.5646569511567142, 0.5997953458686467, 0.5252862930329115, 0.5991198898706104, 0.6002016790013848, 0.5209762557360121, 0.5856746733579428, 0.5853363406680058, 0.5809140911322392, 0.5837600255556504, 0.6154532090528975, 0.5998270640434508, 0.5730954484773251, 0.4825408226887823, 0.6121832299914036, 0.5876818635224234, 0.580767155209458, 0.592862743203358, 0.5443022692575562, 0.6066700340786726, 0.5984080394452993, 0.5953944961042377, 0.5504226890286842, 0.5720113533205352, 0.6098451889502292, 0.593271181053794, 0.5785514900542419, 0.5538212903647044, 0.5475343575541378, 0.5673893937406782, 0.49117938030306946, 0.6051147024118146], "loss": [1.031845984980464, 0.8177743572741747, 0.8197723627090454, 0.7720298217609525, 0.7265058727934957, 0.6845955327153206, 0.6649720780551434, 0.6866804957389832, 0.6356068458408117, 0.6106839580461383, 0.607027979567647, 0.5951946880668402, 0.5762158827856183, 0.5527859753929079, 0.5398755008354783, 0.5558192902244627, 0.5255211866460741, 0.5141659481450915, 0.49763538548722863, 0.46589829539880157, 0.48298221826553345, 0.4434590111486614, 0.4624276412650943, 0.4180019488558173, 0.3703504130244255, 0.37261023558676243, 0.4098711423575878, 0.373038690071553, 0.3837423746008426, 0.3569633290171623, 0.3288502641953528, 0.39151229499839246, 0.3577725163195282, 0.32227471959777176, 0.3418751726858318, 0.29373601102270186, 0.3055849554948509, 0.2834798311814666, 0.29894259688444436, 0.31425463291816413, 0.29268148075789213, 0.22499109944328666, 0.2708706234116107, 0.26495865010656416, 0.23804004350677133, 0.27914545335806906, 0.27697512158192694, 0.22014992870390415, 0.3213680903427303, 0.3390484880656004, 0.2483944594860077, 0.25070663704536855, 0.19624316738918424, 0.21524654678069055, 0.24935802211984992, 0.19452041841577739, 0.17784327815752476, 0.24299532524310052, 0.19472255068831146, 0.18942267005331814, 0.19212700508069247, 0.23812586080748588, 0.19290546444244683, 0.18785136914812028], "f1_score_neu": [0.4056997788720764, 0.6408269917592406, 0.612446810642723, 0.6510664148954675, 0.7196373306214809, 0.747493352741003, 0.7430388061329722, 0.7089704019017518, 0.7446494433097541, 0.7585543757304549, 0.76308239903301, 0.7742728814482689, 0.766435350291431, 0.7907928619533777, 0.7976525444537401, 0.7771914359182119, 0.7936198012903333, 0.8070465205237269, 0.81319769192487, 0.8275506449863315, 0.8106656046584249, 0.8342216210439801, 0.8216738766059279, 0.8234100574627519, 0.8630337351933122, 0.8608473390340805, 0.8530296385288239, 0.8661765540018678, 0.8575977105647326, 0.8660530699416995, 0.8875350961461663, 0.8664170270785689, 0.8734308900311589, 0.8897721823304892, 0.8750931350514293, 0.9030175236985087, 0.8944114465266466, 0.9033953305333853, 0.901432329788804, 0.8893821276724339, 0.8987053092569113, 0.9259590907022357, 0.9067737367004156, 0.9045508680865169, 0.9194750739261508, 0.9040749799460173, 0.9021110627800226, 0.930983904749155, 0.8799227019771934, 0.8605796229094267, 0.9112140955403447, 0.9138191863894463, 0.9364658175036311, 0.9310444248840213, 0.9129112176597118, 0.9361267006024718, 0.9477410456165671, 0.9183859024196863, 0.9364556176587939, 0.9401878835633397, 0.9390986226499081, 0.918457891792059, 0.9373609963804483, 0.9378564050421119], "f1_score_neg": [0.2360839638276957, 0.3962745564058423, 0.42961467802524567, 0.48000431060791016, 0.517012847121805, 0.5352528090588748, 0.542809646576643, 0.5720540746115148, 0.6115454277023673, 0.6189537458121777, 0.5940333670005202, 0.6305965455248952, 0.6665806556120515, 0.6923535820096731, 0.7024782337248325, 0.6924006268382072, 0.683383135125041, 0.6817622855305672, 0.7136495988816023, 0.7430998543277383, 0.7402972877025604, 0.7333072395995259, 0.775282927788794, 0.8093904415145516, 0.820942017249763, 0.8177539361640811, 0.8083754349499941, 0.7991294953972101, 0.8116746712476015, 0.8336844937875867, 0.8604734130203724, 0.7898750966414809, 0.8422763077542186, 0.8367101307958364, 0.8550903955474496, 0.8631962705403566, 0.8628181153908372, 0.8789091939106584, 0.878421044908464, 0.8809661800041795, 0.8730061436071992, 0.9061863366514444, 0.8938182778656483, 0.8800347074866295, 0.8919235924258828, 0.8726894287392497, 0.8803520426154137, 0.9072050685063004, 0.8551608053967357, 0.8872775416821241, 0.8964100992307067, 0.8949036616832018, 0.9019512590020895, 0.9081715438514948, 0.8941412772983313, 0.9185829563066363, 0.9040560992434621, 0.9050564523786306, 0.9124486856162548, 0.9120388254523277, 0.9096296224743128, 0.898293231613934, 0.9104002173990011, 0.9261721400544047], "val_f1_score_neg": [0.2518940801238126, 0.39721388005378705, 0.4338553267500077, 0.5388896512822657, 0.5368014023024487, 0.5547459942601092, 0.5939802775194162, 0.5875851643888962, 0.5020453408262782, 0.3920218382502615, 0.5725677630077846, 0.5599901084977437, 0.5969936392953193, 0.4138189141140064, 0.5663244340978143, 0.5890057889645475, 0.5294320220838468, 0.563592464724395, 0.44668440929148223, 0.5689815628756821, 0.3835263087497494, 0.5225891420417904, 0.5769272947480226, 0.5364180025296545, 0.5642971464445232, 0.49649838601826934, 0.5105394736584984, 0.5178317869394243, 0.5235553298476735, 0.5573312852784714, 0.5444805449211406, 0.40890394272749236, 0.44048972732277325, 0.5537081083818711, 0.4002725976738378, 0.5449772335211811, 0.5028487240708533, 0.5113673717869944, 0.49397163302949054, 0.47674282522392875, 0.4880761332534412, 0.516187552498483, 0.5335035370992545, 0.5112631583726535, 0.5053712416126632, 0.30985661890135957, 0.5317893740607471, 0.48574431080721886, 0.4871434722473826, 0.5019235784007657, 0.49376162041712396, 0.5304844498853186, 0.5127435859860381, 0.5219461241795139, 0.42336681337454113, 0.47151836196393937, 0.5237855286132999, 0.49771327291484146, 0.4651846241097484, 0.46036755175000255, 0.4669803288972131, 0.4499168501355471, 0.3709077183933918, 0.5159714696540503], "val_f1_score_neu": [0.664544213171428, 0.7023052973225772, 0.7034233189179395, 0.7110810996415013, 0.7105039643734857, 0.7154623763535612, 0.5900571409436057, 0.44079331270109595, 0.7122564368631906, 0.7162849046162911, 0.7173610485165944, 0.7088171147687399, 0.6135258790923328, 0.6841922406915164, 0.6542173541970933, 0.5687740495628238, 0.7192450725997867, 0.5269200056361427, 0.6841947772576057, 0.5633467271544944, 0.7068376956791381, 0.7008619317225575, 0.29772110941089297, 0.7109506129280588, 0.7130120183550527, 0.7077977356871938, 0.7050211001280378, 0.6989679325136524, 0.7089805724331315, 0.6811102003586001, 0.6965335708511117, 0.6994220785446877, 0.6955988726026894, 0.6905946405953758, 0.6900177939088833, 0.6915964945201138, 0.626795639602212, 0.6925577464423841, 0.6914513777817387, 0.6892706386504635, 0.6859224962181474, 0.696155180510279, 0.6040489997664931, 0.6825298309138589, 0.6976341018675507, 0.6862082125132021, 0.6478623307786087, 0.6807406397432347, 0.6710907564430827, 0.6765717235006687, 0.6916666659288384, 0.6664213359965573, 0.6764007208386713, 0.5410154266773857, 0.672907744324992, 0.6858831375501239, 0.6420483805205983, 0.6570603984439589, 0.6818444489526085, 0.6953263660287594, 0.690831599321823, 0.672845199059352, 0.6894176167951555, 0.6554831971560693],