{"val_f1_score": [0.1944571611467322, 0.20035252584705757, 0.20035252584705757, 0.20035252584705757, 0.20035252584705757, 0.20035252584705757, 0.20035252584705757, 0.20035252584705757, 0.20035252584705757, 0.20035252584705757, 0.20035252584705757, 0.20035252584705757, 0.20035252584705757, 0.20035252584705757, 0.20035252584705757, 0.20035252584705757, 0.20035252584705757, 0.20035252584705757, 0.20035252584705757, 0.20035252584705757, 0.20035252584705757, 0.20035252584705757, 0.20035252584705757, 0.20035252584705757, 0.20035252584705757, 0.20035252584705757, 0.20035252584705757, 0.20035252584705757, 0.20035252584705757, 0.20035252584705757, 0.20035252584705757, 0.20035252584705757, 0.20035252584705757, 0.20035252584705757, 0.20035252584705757, 0.20035252584705757, 0.20035252584705757, 0.20035252584705757, 0.20035252584705757, 0.20035252584705757, 0.20035252584705757, 0.20035252584705757, 0.20035252584705757, 0.20035252584705757, 0.20035252584705757, 0.20035252584705757, 0.20035252584705757, 0.20035252584705757, 0.20035252584705757, 0.20035252584705757, 0.20035252584705757, 0.20035252584705757], "loss": [7.075454011559486, 6.977198123931885, 8.190007597208023, 8.190007865428925, 8.19000768661499, 8.19000819325447, 8.1900075674057, 8.190007627010345, 8.19000768661499, 8.1900075674057, 8.190007895231247, 8.190007954835892, 8.190007209777832, 8.19000792503357, 8.190008044242859, 8.190007477998734, 8.190007895231247, 8.190007627010345, 8.190007954835892, 8.19000780582428, 8.190007448196411, 8.19000780582428, 8.190007597208023, 8.190007746219635, 8.190008282661438, 8.190007746219635, 8.19000780582428, 8.190008103847504, 8.19000768661499, 8.190007477998734, 8.190008044242859, 8.190007835626602, 8.190641552209854, 8.190008044242859, 8.190007537603378, 8.19000780582428, 8.19000792503357, 8.190007746219635, 8.19000780582428, 8.190007656812668, 8.190007537603378, 8.190007537603378, 8.190007716417313, 8.19000768661499, 8.190007954835892, 8.190007984638214, 8.19000819325447, 8.19000780582428, 8.190007507801056, 8.190007895231247, 8.190007776021957, 8.190007656812668], "val_loss": [3.4449789689151813, 9.185581788534009, 9.185581788534009, 9.185581788534009, 9.185581788534009, 9.185581788534009, 9.185581788534009, 9.185581788534009, 9.185581788534009, 9.185581788534009, 9.185581788534009, 9.185581788534009, 9.185581788534009, 9.185581788534009, 9.185581788534009, 9.185581788534009, 9.185581788534009, 9.185581788534009, 9.185581788534009, 9.185581788534009, 9.185581788534009, 9.185581788534009, 9.185581788534009, 9.185581788534009, 9.185581788534009, 9.185581788534009, 9.185581788534009, 9.185581788534009, 9.185581788534009, 9.185581788534009, 9.185581788534009, 9.185581788534009, 9.185581788534009, 9.185581788534009, 9.185581788534009, 9.185581788534009, 9.185581788534009, 9.185581788534009, 9.185581788534009, 9.185581788534009, 9.185581788534009, 9.185581788534009, 9.185581788534009, 9.185581788534009, 9.185581788534009, 9.185581788534009, 9.185581788534009, 9.185581788534009, 9.185581788534009, 9.185581788534009, 9.185581788534009, 9.185581788534009], "val_f1_score_neg": [0.0, 0.0, 0.0, 0.0, 0.0, 0.0, 0.0, 0.0, 0.0, 0.0, 0.0, 0.0, 0.0, 0.0, 0.0, 0.0, 0.0, 0.0, 0.0, 0.0, 0.0, 0.0, 0.0, 0.0, 0.0, 0.0, 0.0, 0.0, 0.0, 0.0, 0.0, 0.0, 0.0, 0.0, 0.0, 0.0, 0.0, 0.0, 0.0, 0.0, 0.0, 0.0, 0.0, 0.0, 0.0, 0.0, 0.0, 0.0, 0.0, 0.0, 0.0, 0.0], "f1_score": [0.20437848009169102, 0.2573628108948469, 0.21961266826838255, 0.21958638075739145, 0.21976533066481352, 0.21976335532963276, 0.21967646293342113, 0.219718175008893, 0.21978867799043655, 0.21975422836840153, 0.21951064188033342, 0.2195817083120346, 0.2197668505832553, 0.21963538974523544, 0.21942474134266376, 0.21972333919256926, 0.2197172176092863, 0.219718175008893, 0.21972652152180672, 0.21978912502527237, 0.2196491491049528, 0.21977648977190256, 0.2197576705366373, 0.2195836016908288, 0.21960524376481771, 0.21969149447977543, 0.21979764942079782, 0.21977695729583502, 0.21967832930386066, 0.21962858270853758, 0.2197351036593318, 0.21966821048408747, 0.2197740264236927, 0.2197445761412382, 0.2197052789852023, 0.21979261562228203, 0.21969731338322163, 0.21964411810040474, 0.21979915350675583, 0.21973539050668478, 0.21968718990683556, 0.219722636975348, 0.21965725347399712, 0.21977551467716694, 0.21966326236724854, 0.21970546524971724, 0.21962363366037607, 0.2197940545156598, 0.21977900434285402, 0.21967744175344706, 0.21956188511103392, 0.21970113646239042], "val_f1_score_neu": [0.0, 0.6010575536008335, 0.6010575536008335, 0.6010575536008335, 0.6010575536008335, 0.6010575536008335, 0.6010575536008335, 0.6010575536008335, 0.6010575536008335, 0.6010575536008335, 0.6010575536008335, 0.6010575536008335, 0.6010575536008335, 0.6010575536008335, 0.6010575536008335, 0.6010575536008335, 0.6010575536008335, 0.6010575536008335, 0.6010575536008335, 0.6010575536008335, 0.6010575536008335, 0.6010575536008335, 0.6010575536008335, 0.6010575536008335, 0.6010575536008335, 0.6010575536008335, 0.6010575536008335, 0.6010575536008335, 0.6010575536008335, 0.6010575536008335, 0.6010575536008335, 0.6010575536008335, 0.6010575536008335, 0.6010575536008335, 0.6010575536008335, 0.6010575536008335, 0.6010575536008335, 0.6010575536008335, 0.6010575536008335, 0.6010575536008335, 0.6010575536008335, 0.6010575536008335, 0.6010575536008335, 0.6010575536008335, 0.6010575536008335, 0.6010575536008335, 0.6010575536008335, 0.6010575536008335, 0.6010575536008335, 0.6010575536008335, 0.6010575536008335, 0.6010575536008335], "f1_score_neg": [0.07352941669523716, 0.0, 0.0, 0.0, 0.0, 0.0, 0.0, 0.0, 0.0, 0.0, 0.0, 0.0, 0.0, 0.0, 0.0, 0.0, 0.0, 0.0, 0.0, 0.0, 0.0, 0.0, 0.0, 0.0, 0.0, 0.0, 0.0, 0.0, 0.0, 0.0, 0.0, 0.0, 0.0, 0.0, 0.0, 0.0, 0.0, 0.0, 0.0, 0.0, 0.0, 0.0, 0.0, 0.0, 0.0, 0.0, 0.0, 0.0, 0.0, 0.0, 0.0, 0.0], "f1_score_pos": [0.31104193441569805, 0.159114059060812, 0.0, 0.0, 0.0, 0.0, 0.0, 0.0, 0.0, 0.0, 0.0, 0.0, 0.0, 0.0, 0.0, 0.0, 0.0, 0.0, 0.0, 0.0, 0.0, 0.0, 0.0, 0.0, 0.0, 0.0, 0.0, 0.0, 0.0, 0.0, 0.0, 0.0, 0.0, 0.0, 0.0, 0.0, 0.0, 0.0, 0.0, 0.0, 0.0, 0.0, 0.0, 0.0, 0.0, 0.0, 0.0, 0.0, 0.0, 0.0, 0.0, 0.0], "acc": [0.36874999292194843, 0.49499998427927494, 0.4918749947100878, 0.4918749984353781, 0.4918749965727329, 0.4918749984353781, 0.49187500961124897, 0.4918750021606684, 0.4918750002980232, 0.4918750077486038, 0.4918749835342169, 0.4918749965727329, 0.4918749872595072, 0.4918749928474426, 0.4918750021606684, 0.49187500961124897, 0.4918750077486038, 0.4918750021606684, 0.4918749947100878, 0.4918749947100878, 0.4918749872595072, 0.4918749965727329, 0.4918750114738941, 0.4918749984353781, 0.4918750021606684, 0.4918750040233135, 0.4918749947100878, 0.4918749947100878, 0.4918749965727329, 0.4918749984353781, 0.4918749984353781, 0.4918750077486038, 0.4918749872595072, 0.4918750021606684, 0.4918749947100878, 0.4918749947100878, 0.4918750021606684, 0.4918749984353781, 0.4918749947100878, 0.4918750040233135, 0.4918750021606684, 0.4918750021606684, 0.4918749872595072, 0.4918749965727329, 0.4918749909847975, 0.4918750040233135, 0.4918749984353781, 0.4918749965727329, 0.49187498539686203, 0.4918749928474426, 0.4918750002980232, 0.4918750040233135], "val_f1_score_pos_neg": [0.2916857297499287, 0.0, 0.0, 0.0, 0.0, 0.0, 0.0, 0.0, 0.0, 0.0, 0.0, 0.0, 0.0, 0.0, 0.0, 0.0, 0.0, 0.0, 0.0, 0.0, 0.0, 0.0, 0.0, 0.0, 0.0, 0.0, 0.0, 0.0, 0.0, 0.0, 0.0, 0.0, 0.0, 0.0, 0.0, 0.0, 0.0, 0.0, 0.0, 0.0, 0.0, 0.0, 0.0, 0.0, 0.0, 0.0, 0.0, 0.0, 0.0, 0.0, 0.0, 0.0], "val_f1_score_pos": [0.5833714594998574, 0.0, 0.0, 0.0, 0.0, 0.0, 0.0, 0.0, 0.0, 0.0, 0.0, 0.0, 0.0, 0.0, 0.0, 0.0, 0.0, 0.0, 0.0, 0.0, 0.0, 0.0, 0.0, 0.0, 0.0, 0.0, 0.0, 0.0, 0.0, 0.0, 0.0, 0.0, 0.0, 0.0, 0.0, 0.0, 0.0, 0.0, 0.0, 0.0, 0.0, 0.0, 0.0, 0.0, 0.0, 0.0, 0.0, 0.0, 0.0, 0.0, 0.0, 0.0],