{"val_f1_score_pos_neg": [0.38681377112912346, 0.613886246648699, 0.6346425548363882, 0.6222270016685234, 0.6290761172349391, 0.5924934954615737, 0.5921369894983385, 0.6223469709680989, 0.5323444535155137, 0.6187034476438033, 0.616793289729813, 0.6145824627897541, 0.6347753757602612, 0.6307498918816451, 0.6449861322335925, 0.6144878301850586, 0.6525595733070824, 0.6128455657143621, 0.6368739080497857, 0.5587424558665288, 0.5784180982826327, 0.6164344616083844, 0.6382535876109786, 0.6052424449199083, 0.5474031450490203, 0.5758394717607416, 0.6302532772832801, 0.5760721169586042, 0.5085144522713452, 0.5829827359677486, 0.624253998458026, 0.6246311195622646, 0.6042045468018494, 0.556782875822624, 0.6162557183773912, 0.6200554076686732, 0.564984037655406, 0.5880819470933063, 0.6270611484063882, 0.5750005250210966, 0.5941240150972892, 0.6059987802471728, 0.5920187564087515, 0.5822281695056268, 0.6038664960811184, 0.5998238278848431, 0.5477702652035565, 0.581222710508141, 0.6020924328131967, 0.6114304918271176, 0.5786641055506544, 0.5929696178798941, 0.5782807118586909, 0.5829436132797193, 0.5991728247978416, 0.5633606776427073, 0.5730156224135993, 0.5547278242538897, 0.6026933017816251, 0.5944340846184011, 0.6145353359779661, 0.5737136589896169, 0.5874527422674616, 0.6059150714402808, 0.5586312138562186, 0.582482117650517, 0.6171650200605455, 0.611304243061757], "loss": [1.0374755553073354, 0.8058095880680614, 0.7888079442911677, 0.7500773047407469, 0.7297784917884402, 0.6984141907758183, 0.7164504759841495, 0.6358330117331611, 0.6580643372403251, 0.6358373777733909, 0.6048215681480037, 0.5713423151108954, 0.5832333448860381, 0.5473213882909881, 0.5500876245399317, 0.5304473862051964, 0.5225451729363866, 0.5058984942734241, 0.4833599560790592, 0.45193223158518475, 0.5208487655553553, 0.43836939624614185, 0.4629335780110624, 0.4278780668973923, 0.40179962085353005, 0.4320850753121906, 0.3635969099899133, 0.3823064375254843, 0.33870090047518414, 0.36505652632978225, 0.30581811794804203, 0.3795189745724201, 0.36086834429038894, 0.33869114414685303, 0.3191765575773186, 0.31186025424136055, 0.33229030585951275, 0.34916195397575694, 0.306058999357952, 0.302569798918234, 0.29683772743576103, 0.2693945457124048, 0.32949400775962406, 0.22676071669492456, 0.2230692853530248, 0.2964311173806588, 0.22597659255067507, 0.26556902109748787, 0.27386974605421227, 0.19644608907401562, 0.2684927475121286, 0.22706572835644087, 0.18819490861561564, 0.2992834473649661, 0.241024364820785, 0.20059696274499098, 0.28417381789121365, 0.20364922802481386, 0.17597392408384216, 0.1898397429742747, 0.16965544554922316, 0.21025254473918015, 0.19590543003545868, 0.18339366527895132, 0.174996519047353, 0.19727369811799791, 0.2566890821067823, 0.18568089904470575], "f1_score_neu": [0.40544624680963653, 0.6761253608597649, 0.6763870128326945, 0.7017776610122787, 0.7095770682725642, 0.7296537450618215, 0.6701999412228664, 0.7607663720846176, 0.7435764951838387, 0.7464423105120659, 0.7717973540226618, 0.7878657951951027, 0.7623642683029175, 0.7831867577301131, 0.7941544469859865, 0.7929643127653334, 0.8037733609477679, 0.7979462320605913, 0.8172213733196259, 0.8334897466831737, 0.7872497712572416, 0.8460627943277359, 0.8255434648858176, 0.8380569161640273, 0.8526533933149444, 0.8180436566472054, 0.8589068551858267, 0.8650147310561604, 0.8750606262021594, 0.8698889828390546, 0.8887205471595129, 0.8610973656177521, 0.8657076251175668, 0.8863781756824918, 0.889889866941505, 0.8969349852866597, 0.8840119764208794, 0.8861487425035901, 0.8926150881581836, 0.8960362689362632, 0.9019629284739494, 0.9088859011729559, 0.8857715585165553, 0.9289459983507792, 0.92599192675617, 0.8981552595893542, 0.9227659122811424, 0.909789514210489, 0.9041212358408504, 0.9360113077693515, 0.9054640870955255, 0.9273327539364496, 0.9376136470172141, 0.8790618077748351, 0.9218248923619589, 0.9350414781106843, 0.9029028746816847, 0.9326828287707435, 0.9475181160701646, 0.9384314078423712, 0.9468657415774133, 0.9327137536472745, 0.9371954252322515, 0.9398159459233284, 0.943164914018578, 0.939406784872214, 0.9145189672708511, 0.9359806138608191], "f1_score_neg": [0.23931679667698014, 0.356276570715838, 0.444188860969411, 0.46228359184331363, 0.5100147918694549, 0.5306881579260031, 0.5221542571153905, 0.568645816296339, 0.5591857474711206, 0.5788258608016703, 0.6138915850056542, 0.6481903062926399, 0.6403496464093527, 0.6918825490607156, 0.6690338411264949, 0.6880002874467108, 0.7184337187144492, 0.7116417744093471, 0.7334763631224632, 0.7332466095685959, 0.7492558318707678, 0.7733458504080772, 0.7623599362042215, 0.7737998374634318, 0.8085403533445464, 0.7906880693303214, 0.8120013640986549, 0.7996499944064352, 0.8287295930915408, 0.7992797262138791, 0.8539014011621475, 0.8110247304042181, 0.8466987195942137, 0.8172707499729263, 0.8650481626391411, 0.8310467493202951, 0.8531046898828613, 0.8530989935000738, 0.8653349702556928, 0.8488646878136529, 0.8544795190294584, 0.8720201477408409, 0.8571612396174006, 0.8848641787966093, 0.891254562470648, 0.8743085496955447, 0.8969280968109766, 0.8634725088874499, 0.8693857201271586, 0.9085316417945756, 0.8788505908515718, 0.8852507480316691, 0.9115103714995914, 0.8583474357922872, 0.8913241641388999, 0.8906302601099014, 0.877983082499769, 0.9075367608004146, 0.9156792966855897, 0.9101886591977544, 0.9051340123017629, 0.9140566744738154, 0.8986997339460585, 0.9093085941341188, 0.9316608549820052, 0.9002099053727256, 0.8913314657078849, 0.9142425068550639], "val_f1_score_neg": [0.1128092836984305, 0.5406860247578734, 0.5689715693198943, 0.5457930247395363, 0.5327685839261341, 0.46101914137922306, 0.4724048124487057, 0.5750203663959548, 0.3501073348375246, 0.5898752020876644, 0.55042074385072, 0.5101240864270258, 0.5539397145080467, 0.5507110396989712, 0.5784209983542058, 0.5515019530203285, 0.5957930724576425, 0.5322960779606248, 0.5623701454740855, 0.43349439430168035, 0.48939768507697595, 0.5547535748829405, 0.5786680807724669, 0.5120492363238691, 0.4623191072782631, 0.4932069011382346, 0.5620159825689675, 0.5136707041040356, 0.39759153633364036, 0.46613215071430303, 0.5604348950363537, 0.5546330738780444, 0.49462231563796466, 0.5222439305412778, 0.5441628133659753, 0.5392028002047395, 0.5038895618405956, 0.4936539975795851, 0.5504819464095771, 0.47534368244831937, 0.5013215162608369, 0.5403826076497313, 0.5143505459284489, 0.49823236277089045, 0.528502982118578, 0.5257372734054567, 0.430810427278038, 0.4918279460556326, 0.5152426261993146, 0.5395305152174497, 0.5416287804819172, 0.5014773897695753, 0.4792808853920257, 0.4794436973159844, 0.5264265142164298, 0.48195332793654216, 0.5241568068209953, 0.49995795591841086, 0.5533470868626637, 0.5100527588945344, 0.5561904482037384, 0.47648887260829936, 0.5025323203330336, 0.533276787422912, 0.4385537941750347, 0.5034062583053203, 0.5447840514518819, 0.5341763290995036],