{"1": {"val_f1_score": [0.5421206285845349, 0.6043088840212748, 0.6670519930935581, 0.6434423553171416, 0.680057893079502, 0.6741161036766516, 0.6012757740369657, 0.6526288176158141, 0.6036222955232026, 0.625719909464128, 0.6571282332505637, 0.673969703617291, 0.6603113872592855, 0.5981538400323629, 0.6109281134299022, 0.6621588211718613, 0.548904628694886, 0.6804166697874302, 0.6687885872529242, 0.6352531573073995, 0.6791178400892303, 0.6479153056454853, 0.6722496197100484, 0.6618564037272475, 0.5775473401860993, 0.6503052524997592, 0.49543616592243156, 0.6734928407914177, 0.584150262339172, 0.6739167190742342, 0.6511201799119078, 0.5616823482194536, 0.6718763971216185, 0.6502665657244296, 0.6591126587395276, 0.6703723789261858, 0.653984399033193, 0.5887250357214435, 0.6277278256078671, 0.6713580038958323, 0.6473071008037464, 0.6496275011210688, 0.6187755291992806, 0.6632233869676167, 0.665285389222656, 0.6489308929462118, 0.6624777227007058, 0.6400465059868157, 0.6428151377348521, 0.6544543594755027, 0.6320285549508972, 0.6615249455334663, 0.6573561184868361, 0.6447341967967124, 0.6285729438277514, 0.6624212627519687, 0.6535558666483862, 0.6421532999209272, 0.647506750930553, 0.6644663210931864, 0.6480125654034499, 0.6427479020385582, 0.6489880465629562, 0.6328841213350874], "val_f1_score_neu": [0.6638062339019125, 0.6864839890420265, 0.7101003723040735, 0.7211055516602641, 0.7301418356872936, 0.7323341439034787, 0.7078666787056231, 0.7256895037826641, 0.713361734422273, 0.7182165928440959, 0.7298850776046835, 0.7331176373453988, 0.6268529591052638, 0.7054054616099732, 0.7188125776863148, 0.7277379845528661, 0.6976860700521511, 0.7053114354469755, 0.7002111157344265, 0.7231025047699923, 0.6909208957554317, 0.7244334286540441, 0.6753077712266613, 0.7176783478794653, 0.7014956619056103, 0.7235996800396907, 0.6803250864456871, 0.7170866049714768, 0.6920439937656832, 0.6927369155659939, 0.7200446066942673, 0.6952667887242735, 0.7119790377217955, 0.7194043946897706, 0.7160782661457997, 0.7051286235619741, 0.7194231551149339, 0.707280808942011, 0.7169392460323587, 0.7232808194822006, 0.7183326874978581, 0.7209855134237666, 0.7087856094699002, 0.6893519306476742, 0.7099354735610055, 0.7121141832111828, 0.7104726093915263, 0.6806527515143007, 0.7121555263090096, 0.7110846532851168, 0.7091619642331723, 0.711813016166657, 0.6987204441804133, 0.7111040413489093, 0.7131255228720154, 0.7072351686197287, 0.7127830988461034, 0.7131681270309236, 0.7147065250072584, 0.708692500793243, 0.7148818940963765, 0.712394977081738, 0.7086180859808843, 0.6831563713823814], "f1_score_pos": [0.5679363256151025, 0.6424864205447111, 0.6887772123922001, 0.7087593186985363, 0.7187299091707576, 0.7376129694960334, 0.7366223714568398, 0.752586917443709, 0.7689374224706129, 0.7573975297537717, 0.7708928178657185, 0.7843976982615211, 0.7961644259366122, 0.7692817774685946, 0.7862482165748422, 0.8007543859156695, 0.8442517044869337, 0.8097747943618081, 0.8440750512209806, 0.7869317030364816, 0.872188001871109, 0.8663138963959434, 0.8603186404163187, 0.8706420199437575, 0.8689715957099741, 0.869422120126811, 0.905274666168473, 0.8794618574055758, 0.8785846355286512, 0.887726061723449, 0.8732789172367617, 0.9086562395095825, 0.9052102863788605, 0.893745941194621, 0.9046567773277109, 0.8774514496326447, 0.8959961018779061, 0.9401879947293889, 0.929208751429211, 0.9330343292518095, 0.9462910700928081, 0.9076231420040131, 0.9499106285246935, 0.9461526504971765, 0.9335090951486067, 0.9508199718865481, 0.9110960486260328, 0.9477028115229174, 0.9490536532618783, 0.9596471312371168, 0.9508325484665957, 0.9339261163364757, 0.9635136520320718, 0.9377580230886285, 0.9651903333989057, 0.9635065401142294, 0.9573628076098182, 0.9366225803440268, 0.9751165238293734, 0.972797610542991, 0.9676222625103864, 0.9629876274954189, 0.975247251716527, 0.9652919362891804], "f1_score_pos_neg": [0.4320601705800403, 0.5433949211781676, 0.6054733774878762, 0.6293450052087958, 0.6473489119247957, 0.6718930141492323, 0.6910887956619263, 0.7026690637523477, 0.7145811102607034, 0.7067532132972371, 0.7490503584796732, 0.7293861345811323, 0.7591965902935375, 0.7513799125497992, 0.7780554484237324, 0.7713708430528641, 0.8177032592621717, 0.7966766804456711, 0.8315464596856724, 0.7946866127577695, 0.8471535132689909, 0.8440688347274606, 0.8531644994562323, 0.8669808127663352, 0.8473432416265662, 0.8858091709288684, 0.8893515372818167, 0.8536816754124381, 0.894646095958623, 0.8908912146633322, 0.88898804648356, 0.9071690724654631, 0.89376139505343, 0.9087605029344559, 0.9098532687533986, 0.8906111527572979, 0.8999277488751845, 0.9321360479701649, 0.9325571764599193, 0.8635166477073323, 0.9393142719160427, 0.9282202517444437, 0.9522147408940576, 0.9391696615652605, 0.937714931639758, 0.9535793282768943, 0.9284243841062892, 0.9376607252792879, 0.9345963001251221, 0.9571794257922606, 0.9542948170141741, 0.940345592119477, 0.9645703827792947, 0.9438531005924399, 0.9629659463058818, 0.9629531638188795, 0.9570323689417406, 0.9302212690765207, 0.9750497815283862, 0.9666185880249197, 0.9666919721798464, 0.9549925503405657, 0.9679261947220023, 0.95797284218398], "val_acc": [0.6273275528434316, 0.6608969279858748, 0.6886965582260084, 0.6787306662466218, 0.7015473509660206, 0.700236037979281, 0.6493574543603287, 0.696302130814459, 0.6839758773629133, 0.6643063212172615, 0.6963021229984815, 0.6949908196566582, 0.6716496189404059, 0.6396538082020757, 0.6692892810724991, 0.6868607408100621, 0.6312614727951928, 0.6994492455851897, 0.6968266580037923, 0.6761080528412345, 0.693154988984814, 0.6784684011200235, 0.6881720459808242, 0.678992919883733, 0.6344086078874651, 0.6915814409786217, 0.5974298523005744, 0.6965643863586688, 0.6157880972258976, 0.6936795198476567, 0.6829268203893422, 0.6191974778110325, 0.6928927310645471, 0.6763703047119348, 0.682402307065553, 0.6921059519263537, 0.6787306591184502, 0.6485706793646033, 0.6708628362850226, 0.6963021253745386, 0.6795174358024267, 0.681353270616739, 0.6506687619071478, 0.6824023040016899, 0.6913191704121031, 0.6761080540605271, 0.6881720423854745, 0.6535536290278061, 0.6677157046474124, 0.6782061359934253, 0.6624704929214745, 0.6889588143173366, 0.6839758766751073, 0.6703383168335071, 0.6611591944099254, 0.6845003841681772, 0.6789929181173221, 0.6732231833445191, 0.6713873634743559, 0.6855494410010607, 0.6729609133876467, 0.6650931057172156, 0.678730657820998, 0.6737476985754067], "val_loss": [0.8112239421054881, 0.753757378512907, 0.7130364403929762, 0.7184962139897481, 0.6907754669876008, 0.686456525588392, 0.7984298997403066, 0.6880316798873939, 0.722176688145128, 0.7909819814685508, 0.6970630193863395, 0.7317443053896834, 0.7298116728667352, 0.9221667371301429, 0.8018416112687936, 0.7693125180081373, 1.018408991144362, 0.6957087545860104, 0.7161195159364866, 0.7976130684498193, 0.7522132552235952, 0.8876854106568928, 0.7452810686496871, 0.8746847467818911, 1.1440226628715962, 0.8516281438786747, 1.5187730025719883, 0.7958521202671662, 1.3595801420234301, 0.7937005155673653, 0.8910560404069462, 1.4021006366758249, 0.8467523367299266, 0.9993877671473363, 0.8907597983192966, 0.8190079227914467, 0.90407443055949, 1.1955639841423364, 1.0925089525419867, 0.8761292991130458, 1.0264608453272397, 1.01256391359945, 1.2679172784926351, 0.9260107448117926, 0.9555448116263223, 1.0577512078168916, 0.9299647469643123, 1.1128096245043615, 1.0605149880938727, 1.011972269016459, 1.1864734743324878, 0.9797166635788178, 0.9754019051970005, 1.091370124595546, 1.2665124330938315, 1.0142759924450166, 1.0998866787864692, 1.122996818478452, 1.1686019386608646, 1.0380881440129894, 1.1575770404999757, 1.1944510318962196, 1.1488297592458718, 1.137714548246022],