{"val_loss": [0.8290259018520842, 0.7814274543293999, 0.7506623921699483, 0.7396392538233001, 0.7177637063109465, 0.7074166649037573, 0.7306998450237717, 0.7071876866499208, 0.6991494714416546, 0.7041277830725169, 0.7423068854460527, 0.7170665510332931, 0.7711416339267748, 0.8843503107775736, 0.7135505901057045, 0.7527289525624057, 0.7337883762446658, 0.7772438670280191, 0.7176847506188483, 0.7517736836927881, 0.7975018127459164, 0.9225948226442494, 0.7442117995738108, 0.9133466735712787, 0.9555387186497614, 0.8261671883210153, 0.8427978545982256, 0.9062075923191354, 0.9074509841639821, 0.9711595651455011, 1.0669494520608065, 1.1271305537242575, 1.2770194740017786, 0.9158613304437817, 1.0378036540604438, 1.1264943426561393, 1.0783214880167704, 1.0159617864707309, 0.9792394743264581, 1.0036361621897458, 1.0696330337802038, 0.9876643899948366, 1.086674194932453, 1.3316278644912423, 1.1895468063064363, 1.6442080239689385, 1.2158595497389963, 1.148018353353671, 1.1569180517349222, 1.1558493572428192, 1.1863097791874344, 1.6267588893916392, 1.2028582394044918, 1.0755796885509177, 1.2095299012511538, 1.2407610893186984, 1.3201248764897968, 1.1980916407988074, 1.5201562176593608, 1.9162781107872764, 1.357679291406767, 1.185539778811457, 1.4601839365622769, 1.7548342918493038, 1.4509708666282473, 1.8014858035068326, 1.2957710232473314, 1.4652700132814693, 1.3150959472283583, 1.6435939353687257], "acc": [0.5188235322780469, 0.6260294142891379, 0.6376470528981265, 0.6445588101358974, 0.6494117721038706, 0.6714705930036657, 0.672205882913926, 0.6785294124308754, 0.6900000063812032, 0.6945588203037486, 0.6977941209779066, 0.7260294135879067, 0.724411757553325, 0.7180882280363756, 0.7372058875420514, 0.7558823499609443, 0.7574999989832149, 0.7427941148771959, 0.7670588186558556, 0.7775000026997398, 0.7880882357849794, 0.7951470604714226, 0.7814705810126137, 0.8125000052592334, 0.8229411682661842, 0.8089705916012034, 0.8260294111335978, 0.8245588207946104, 0.8558823510127909, 0.83867647542673, 0.8722058788818472, 0.8432352893492755, 0.8751470630659777, 0.8716176450252533, 0.884558824931874, 0.8744117705261006, 0.9004411846399307, 0.9035294012111776, 0.9139705861316008, 0.9016176444642684, 0.917647056719836, 0.8911764691857731, 0.9197058870511896, 0.9394117567469092, 0.8916176373467726, 0.938235293416416, 0.9304411735604791, 0.9283823502414367, 0.9430882325943779, 0.9286764693610808, 0.9469117636189741, 0.9522058744640911, 0.9480882436037064, 0.8819117624970043, 0.9310294082936119, 0.9599999987027225, 0.949852945173488, 0.9585294022279627, 0.9632352923645693, 0.9582352980094797, 0.9550000043476329, 0.9372058808803558, 0.9586764740593293, 0.9585294144995072, 0.9572058828438029, 0.9605882334358552, 0.9623529437710258, 0.9616176477249931, 0.9502941238529542, 0.9624999928123811], "val_f1_score_pos_neg": [0.4411414737405034, 0.4861766571155096, 0.5497401341065128, 0.49789096579569203, 0.5426280384391367, 0.5927363511554969, 0.5513885351981886, 0.614017937241531, 0.6143823327462942, 0.6605055577136574, 0.5072440352928848, 0.6257724732262175, 0.6187921796700412, 0.49015897817259035, 0.6252851613762809, 0.5903931704681751, 0.6192952049331906, 0.542995461025108, 0.6670849937608541, 0.6578284221279506, 0.5978991335344352, 0.5388788235271943, 0.644178176657784, 0.5625261935292346, 0.5280514005097761, 0.5907822167532606, 0.6366463563056434, 0.606801740881842, 0.6439689702947653, 0.5985989423677298, 0.5778792030443021, 0.5456189123814481, 0.4819393208840998, 0.6384347474640697, 0.5370092878746855, 0.4942817266550772, 0.5740234197796157, 0.6101927795248835, 0.6337004602346212, 0.6204383032171238, 0.5790093459702839, 0.6320730342097148, 0.5957390950978537, 0.5113495364140376, 0.5579792610028895, 0.48068770701385627, 0.586397376705773, 0.60959232028563, 0.598070557649574, 0.5981317637881487, 0.6037971210579781, 0.5337519198929641, 0.6026723579787657, 0.6082202121087832, 0.5751342150973048, 0.5894548442305588, 0.5797594946699445, 0.6134113681119413, 0.5480616400318761, 0.4493364071145697, 0.5995960912771998, 0.5930172222322784, 0.5552033167982114, 0.48997357902706934, 0.5528383060387042, 0.48328582326977576, 0.6064192666145813, 0.5549682578701627, 0.5831042812654048, 0.5538647875459433], "val_f1_score_neu": [0.6236935268228773, 0.6560633306955997, 0.6960563440820597, 0.692510350886024, 0.6981739952687419, 0.6993271100405412, 0.7095279946059591, 0.7159814287788937, 0.7206981476135464, 0.7252397962420624, 0.701195071852179, 0.7214582039557697, 0.7174161176746547, 0.6939216437316023, 0.7223666190725907, 0.7158907268293067, 0.7158579212331785, 0.7139509921933046, 0.7009975233323112, 0.607644061169348, 0.6816683357667961, 0.7061490755427581, 0.7051708964953859, 0.7158482969354338, 0.7051150495225039, 0.7014833404547018, 0.6431589995567297, 0.7198852436954569, 0.545762755506282, 0.7171592628927703, 0.7101785601858014, 0.7063811129389427, 0.6993153969071652, 0.6864747716284411, 0.6872693314472271, 0.6901642670945298, 0.6915279992321424, 0.7010071669980481, 0.6576109383320702, 0.6943764652975769, 0.6589856909198646, 0.682466994252944, 0.6973791667679117, 0.6865869044726082, 0.6972817969453513, 0.685392110031357, 0.6942255620158566, 0.6843185865313182, 0.6642982368077814, 0.6902644347087811, 0.6862719609391618, 0.6948705996361549, 0.6852906273632515, 0.6921555984060876, 0.7054591233762205, 0.6927504348310936, 0.6893728796090787, 0.678264263152701, 0.6954487799941602, 0.6843921685981651, 0.6834551729994623, 0.6741588317969638, 0.6915886537346538, 0.6813012880663718, 0.683081218851166, 0.6865985831218913, 0.656316199328935, 0.663914580233229, 0.679428332251512, 0.6766432737103604], "val_f1_score": [0.5019921577730236, 0.5428055561248505, 0.5985122255975106, 0.5627641176070687, 0.5944766949519316, 0.6282666135640899, 0.6041017160183046, 0.6480057755699627, 0.6498209725456728, 0.6820836590401244, 0.5718943876542352, 0.657667715828343, 0.6516668585664233, 0.5580798692975868, 0.657645663563548, 0.6322257133596937, 0.6514828099280306, 0.5999806647909741, 0.6783892002563416, 0.6411003128862619, 0.6258222243931548, 0.5946355956981978, 0.6645091054260089, 0.6136335896720356, 0.5870726435571526, 0.6276826007673192, 0.6388172618116633, 0.6444962678729722, 0.6112335777457792, 0.6381190560509956, 0.6219790086263501, 0.5992063334098864, 0.5543980353653291, 0.6544481224035797, 0.5870959759071184, 0.5595759266697763, 0.6131916249826953, 0.640464267094805, 0.6416706274164151, 0.6450843745068305, 0.6056681543299447, 0.6488710355483545, 0.6296191268038506, 0.5697620061167326, 0.6044134673345692, 0.5489225288622966, 0.6223401338010518, 0.634501099148792, 0.6201464722014587, 0.6288426746197833, 0.6312887724572018, 0.5874581653678508, 0.6302118120529882, 0.6361986992867512, 0.6185758580318624, 0.6238867266578935, 0.6162972990965674, 0.635029007608172, 0.5971907143701632, 0.5276883432410565, 0.6275491256773894, 0.6200644478940476, 0.6006651172761744, 0.5537495139606224, 0.5962526223617621, 0.5510567696020104, 0.623051597069731, 0.5912837028941113, 0.6152123086820773, 0.5947909538370088],