{"f1_score_pos": [0.13071304356509988, 0.0, 0.0, 0.0, 0.0, 0.0, 0.0, 0.0, 0.0, 0.0, 0.0, 0.0, 0.0, 0.0, 0.0, 0.0, 0.0, 0.0, 0.0, 0.0, 0.0, 0.0, 0.0, 0.0, 0.0, 0.0, 0.0, 0.0, 0.0, 0.0, 0.0, 0.0, 0.0, 0.0, 0.0, 0.0, 0.0, 0.0, 0.0, 0.0, 0.0, 0.0, 0.0, 0.0, 0.0, 0.0, 0.0, 0.0, 0.0, 0.0, 0.0, 0.0], "val_f1_score_pos": [0.0, 0.0, 0.0, 0.0, 0.0, 0.0, 0.0, 0.0, 0.0, 0.0, 0.0, 0.0, 0.0, 0.0, 0.0, 0.0, 0.0, 0.0, 0.0, 0.0, 0.0, 0.0, 0.0, 0.0, 0.0, 0.0, 0.0, 0.0, 0.0, 0.0, 0.0, 0.0, 0.0, 0.0, 0.0, 0.0, 0.0, 0.0, 0.0, 0.0, 0.0, 0.0, 0.0, 0.0, 0.0, 0.0, 0.0, 0.0, 0.0, 0.0, 0.0, 0.0], "val_f1_score_neg": [0.0, 0.0, 0.0, 0.0, 0.0, 0.0, 0.0, 0.0, 0.0, 0.0, 0.0, 0.0, 0.0, 0.0, 0.0, 0.0, 0.0, 0.0, 0.0, 0.0, 0.0, 0.0, 0.0, 0.0, 0.0, 0.0, 0.0, 0.0, 0.0, 0.0, 0.0, 0.0, 0.0, 0.0, 0.0, 0.0, 0.0, 0.0, 0.0, 0.0, 0.0, 0.0, 0.0, 0.0, 0.0, 0.0, 0.0, 0.0, 0.0, 0.0, 0.0, 0.0], "val_f1_score": [0.20035252584705757, 0.20035252584705757, 0.20035252584705757, 0.20035252584705757, 0.20035252584705757, 0.20035252584705757, 0.20035252584705757, 0.20035252584705757, 0.20035252584705757, 0.20035252584705757, 0.20035252584705757, 0.20035252584705757, 0.20035252584705757, 0.20035252584705757, 0.20035252584705757, 0.20035252584705757, 0.20035252584705757, 0.20035252584705757, 0.20035252584705757, 0.20035252584705757, 0.20035252584705757, 0.20035252584705757, 0.20035252584705757, 0.20035252584705757, 0.20035252584705757, 0.20035252584705757, 0.20035252584705757, 0.20035252584705757, 0.20035252584705757, 0.20035252584705757, 0.20035252584705757, 0.20035252584705757, 0.20035252584705757, 0.20035252584705757, 0.20035252584705757, 0.20035252584705757, 0.20035252584705757, 0.20035252584705757, 0.20035252584705757, 0.20035252584705757, 0.20035252584705757, 0.20035252584705757, 0.20035252584705757, 0.20035252584705757, 0.20035252584705757, 0.20035252584705757, 0.20035252584705757, 0.20035252584705757, 0.20035252584705757, 0.20035252584705757, 0.20035252584705757, 0.20035252584705757], "val_f1_score_neu": [0.6010575536008335, 0.6010575536008335, 0.6010575536008335, 0.6010575536008335, 0.6010575536008335, 0.6010575536008335, 0.6010575536008335, 0.6010575536008335, 0.6010575536008335, 0.6010575536008335, 0.6010575536008335, 0.6010575536008335, 0.6010575536008335, 0.6010575536008335, 0.6010575536008335, 0.6010575536008335, 0.6010575536008335, 0.6010575536008335, 0.6010575536008335, 0.6010575536008335, 0.6010575536008335, 0.6010575536008335, 0.6010575536008335, 0.6010575536008335, 0.6010575536008335, 0.6010575536008335, 0.6010575536008335, 0.6010575536008335, 0.6010575536008335, 0.6010575536008335, 0.6010575536008335, 0.6010575536008335, 0.6010575536008335, 0.6010575536008335, 0.6010575536008335, 0.6010575536008335, 0.6010575536008335, 0.6010575536008335, 0.6010575536008335, 0.6010575536008335, 0.6010575536008335, 0.6010575536008335, 0.6010575536008335, 0.6010575536008335, 0.6010575536008335, 0.6010575536008335, 0.6010575536008335, 0.6010575536008335, 0.6010575536008335, 0.6010575536008335, 0.6010575536008335, 0.6010575536008335], "f1_score_neg": [0.02740977501327341, 0.0, 0.0, 0.0, 0.0, 0.0, 0.0, 0.0, 0.0, 0.0, 0.0, 0.0, 0.0, 0.0, 0.0, 0.0, 0.0, 0.0, 0.0, 0.0, 0.0, 0.0, 0.0, 0.0, 0.0, 0.0, 0.0, 0.0, 0.0, 0.0, 0.0, 0.0, 0.0, 0.0, 0.0, 0.0, 0.0, 0.0, 0.0, 0.0, 0.0, 0.0, 0.0, 0.0, 0.0, 0.0, 0.0, 0.0, 0.0, 0.0, 0.0, 0.0], "f1_score_neu": [0.5313726070083, 0.6554083769971674, 0.6557369733398611, 0.6559014564210718, 0.6557469354434446, 0.6557704305106943, 0.6557778472250159, 0.6558027985421094, 0.6559587784788825, 0.6559427204457197, 0.6559461991895329, 0.6558760526505384, 0.65593352236531, 0.6554803550243378, 0.65587802502242, 0.6556815315376628, 0.6558173325928774, 0.6559792960231955, 0.6558971581133929, 0.6560387259179895, 0.6557803587480024, 0.6559749218550596, 0.655634111978791, 0.6558220372958616, 0.6555049270391464, 0.6556682844053615, 0.6558297222310846, 0.6559275402264162, 0.6558813493360173, 0.6557960225777193, 0.6559079208157279, 0.6556502092968334, 0.6559031619267031, 0.6557957394556566, 0.6557060385292227, 0.6557509885592894, 0.6558872109109705, 0.6559338407082991, 0.6557640568776564, 0.655941676009785, 0.6557971767403863, 0.6559821638193998, 0.6556278616189957, 0.6559366258707914, 0.6557589403607629, 0.6560159406878732, 0.6557345498691906, 0.6557962799614127, 0.6558177538893439, 0.6559285399588671, 0.655919374390082, 0.6558211337436329], "f1_score": [0.22983181476593018, 0.21846946464343506, 0.21857899766076694, 0.2186338264833797, 0.21858231621709737, 0.21859015016393227, 0.21859262240203944, 0.2186009365726601, 0.21865293044935574, 0.21864757856184786, 0.21864873746579344, 0.21862535585056653, 0.21864451400258325, 0.2184934544969689, 0.2186260148882866, 0.21856051649559627, 0.2186057814820246, 0.218659772452983, 0.21863239055330103, 0.21867958253080194, 0.21859345889904283, 0.21865831112319772, 0.2185447094115344, 0.2186073511838913, 0.21850165115161377, 0.2185561013492671, 0.2186099145222794, 0.21864251826297154, 0.21862711960619147, 0.218598682094704, 0.21863597868518395, 0.2185500751842152, 0.2186343934048306, 0.21859858591448178, 0.21856868571855806, 0.2185836684974757, 0.21862907470627266, 0.21864462237466464, 0.21858802166852084, 0.21864723244851286, 0.21859906715425578, 0.2186607261272994, 0.21854262324896725, 0.2186455469239842, 0.2185863202268427, 0.2186719880185344, 0.2185781875794584, 0.21859876506707884, 0.21860592338171872, 0.21864285150712187, 0.2186397947371006, 0.21860705079002815], "val_loss": [9.185581788534009, 9.185581788534009, 9.185581788534009, 9.185581788534009, 9.185581788534009, 9.185581788534009, 9.185581788534009, 9.185581788534009, 9.185581788534009, 9.185581788534009, 9.185581788534009, 9.185581788534009, 9.185581788534009, 9.185581788534009, 9.185581788534009, 9.185581788534009, 9.185581788534009, 9.185581788534009, 9.185581788534009, 9.185581788534009, 9.185581788534009, 9.185581788534009, 9.185581788534009, 9.185581788534009, 9.185581788534009, 9.185581788534009, 9.185581788534009, 9.185581788534009, 9.185581788534009, 9.185581788534009, 9.185581788534009, 9.185581788534009, 9.185581788534009, 9.185581788534009, 9.185581788534009, 9.185581788534009, 9.185581788534009, 9.185581788534009, 9.185581788534009, 9.185581788534009, 9.185581788534009, 9.185581788534009, 9.185581788534009, 9.185581788534009, 9.185581788534009, 9.185581788534009, 9.185581788534009, 9.185581788534009, 9.185581788534009, 9.185581788534009, 9.185581788534009, 9.185581788534009], "val_f1_score_pos_neg": [0.0, 0.0, 0.0, 0.0, 0.0, 0.0, 0.0, 0.0, 0.0, 0.0, 0.0, 0.0, 0.0, 0.0, 0.0, 0.0, 0.0, 0.0, 0.0, 0.0, 0.0, 0.0, 0.0, 0.0, 0.0, 0.0, 0.0, 0.0, 0.0, 0.0, 0.0, 0.0, 0.0, 0.0, 0.0, 0.0, 0.0, 0.0, 0.0, 0.0, 0.0, 0.0, 0.0, 0.0, 0.0, 0.0, 0.0, 0.0, 0.0, 0.0, 0.0, 0.0], "acc": [0.4499999921430241, 0.4881818077780984, 0.4881818213246085, 0.4881818138740279, 0.488181815228679, 0.488181819292632, 0.4881818186153065, 0.488181817937981, 0.4881818111647259, 0.4881818138740279, 0.48818181658333, 0.48818181658333, 0.48818181455135345, 0.488181815228679, 0.48818181590600446, 0.488181815228679, 0.48818181590600446, 0.488181817937981, 0.4881818199699575, 0.4881818186153065, 0.488181817937981, 0.488181819292632, 0.4881818118420514, 0.4881818172606555, 0.488181815228679, 0.4881818172606555, 0.4881818077780984, 0.4881818186153065, 0.4881818118420514, 0.48818181319670245, 0.48818181319670245, 0.4881818125193769, 0.488181819292632, 0.48818182335658505, 0.4881818260658871, 0.48818181590600446, 0.488181819292632, 0.488181817937981, 0.4881818186153065, 0.48818181455135345, 0.488181817937981, 0.488181815228679, 0.4881818186153065, 0.488181815228679, 0.488181819292632, 0.4881818186153065, 0.4881818118420514, 0.4881818172606555, 0.48818181455135345, 0.48818182064728305, 0.4881818118420514, 0.4881818172606555],