{"f1_score_pos": [0.2630662879673764, 0.3096094252541661, 0.3095162441022694, 0.2882049713807646, 0.2405863191233948, 0.049328630353556946, 0.044405402237316594, 0.06886277536978014, 0.1573460310464725, 0.1568730839062482, 0.2682424867525697, 0.16313828612328507, 0.2576436829986051, 0.25247441267129034, 0.2922667916864157, 0.3757609439198859, 0.3323086828459054, 0.3153787455521524, 0.35731860107625835, 0.3027919632731937, 0.4259694430511445, 0.37191319558769464, 0.4277077887672931, 0.4635692770825699, 0.4730400312691927, 0.5175364650785923, 0.3996328856155742, 0.5425985818728805, 0.5443603647872806, 0.5452737607993186, 0.4826168082654476, 0.6379256462678313, 0.5447239591740072, 0.6293839002028108, 0.5677887038327754, 0.6224313862621784, 0.551868945476599, 0.613020526478067, 0.6922957571223378, 0.6775810830295086, 0.6679336689412594, 0.65029470436275, 0.6225260184146464, 0.6796296583488584, 0.7587548466399312, 0.7464814996346831, 0.7137208594940603, 0.7507210304029286, 0.7752031977288425, 0.7747630337253213, 0.6760510785970837, 0.8112481469288468, 0.7802228881046176, 0.7468274650163949, 0.720196729991585, 0.7660362590104342, 0.807950921356678, 0.8499414129182696, 0.8182972520589828, 0.7894384912215173, 0.8315811222419143, 0.7766605233773589, 0.8062168918550014, 0.8266125740483403, 0.854098086245358, 0.8126353556290269, 0.7464530426077545, 0.882913263514638, 0.8848933903500438], "val_f1_score_pos": [0.23068435571239812, 0.23068435571239812, 0.23068435571239812, 0.23068435571239812, 0.0, 0.011995800922059605, 0.0, 0.10679414265739237, 0.0, 0.0, 0.0, 0.0, 0.04304815287853864, 0.05918666027952195, 0.032349952148442, 0.18898207879634896, 0.006162226736357874, 0.37610612575717195, 0.0, 0.19597449631933367, 0.12524569962296034, 0.3235226785123107, 0.3524304861106478, 0.11401574172203571, 0.31323420595221835, 0.014514827810050236, 0.10272243415858903, 0.13913808767719416, 0.30995286808751804, 0.3631363521810593, 0.14465247726740732, 0.020447387802027067, 0.20415642692653435, 0.33114445882502086, 0.3162193395804029, 0.17717994653690627, 0.06351418821689947, 0.33354530865900484, 0.26163063193300634, 0.23973345528622764, 0.31511805810158283, 0.24690856814411274, 0.13869298977783226, 0.13391896574228024, 0.22159723424718447, 0.3170859097254689, 0.3490559235248703, 0.2073684795933482, 0.2991301525405973, 0.27273544549834766, 0.2923028548987556, 0.25527537617123564, 0.09769851821958617, 0.15851241228176138, 0.3715087020123697, 0.2959276935269154, 0.27952068482386977, 0.3701744527093902, 0.35250406233351667, 0.3558389367523142, 0.3243123206049807, 0.15664477086635628, 0.3713907076467333, 0.26225959062844423, 0.3482023922377109, 0.2707146517312371, 0.28378872182580517, 0.29640067635867384, 0.31374121322269327], "val_f1_score_neg": [0.0, 0.0, 0.0, 0.0, 0.48271807924992216, 0.0, 0.0030394767972863157, 0.18272149420058034, 0.4477827511174798, 0.4499663389243899, 0.5626275829511669, 0.2669952495632759, 0.5573861955309365, 0.5338667063792439, 0.46579142533547696, 0.06570673478223481, 0.4460499444846575, 0.5803777522403701, 0.005819923585859763, 0.07039511525685917, 0.4943759703201804, 0.5995728463618218, 0.07344349949640355, 0.5321200010586686, 0.5027340502820463, 0.48653352409400114, 0.5032700126202215, 0.40946591104197705, 0.2544531156244012, 0.5014645123583639, 0.4165317412303259, 0.5243081674482497, 0.48137948577917755, 0.1708676153094287, 0.28738981610045905, 0.5001946751244477, 0.5530770057447848, 0.5749173617234276, 0.3513732586446454, 0.5578973878893936, 0.5238615285958784, 0.5365467315260698, 0.43275365674490335, 0.5813241481941882, 0.5136454504618385, 0.4870980916476925, 0.5853933641838694, 0.34398010929479184, 0.5321517595824389, 0.39493195601963965, 0.32918191189386264, 0.13247797415967574, 0.35282567544290194, 0.5666858338580387, 0.5324813096549025, 0.31931177811262257, 0.5951481403073265, 0.5846694035407825, 0.5809388868560997, 0.5853442988897625, 0.5209950994678408, 0.48499742181141314, 0.5754839163667385, 0.5640545870825561, 0.5846820661359899, 0.5331302179418272, 0.5034131316574533, 0.5771987883024692, 0.5239881420264199], "val_f1_score": [0.07689478803045623, 0.07689478803045623, 0.07689478803045623, 0.07689478803045623, 0.16090603361808659, 0.24109819796216203, 0.23744951989593882, 0.3300010886376793, 0.37991697505096356, 0.38559911616257164, 0.4112690580062806, 0.3294597544275422, 0.42935032880472485, 0.43209565479477624, 0.4049261964043142, 0.32114918021216243, 0.39031817412462205, 0.4782096867324316, 0.23881343866434926, 0.3254048884370764, 0.44843098822875543, 0.5216554832308345, 0.3689600821958165, 0.3303590929030943, 0.5014226864277647, 0.4078609124663924, 0.44208318764596066, 0.4242118239349146, 0.4239579901012064, 0.5186516525533035, 0.4288903719339615, 0.42051084617800505, 0.46626598511630224, 0.4004552858239404, 0.4416619283735779, 0.46608125396639283, 0.3745106172438307, 0.4518275951352465, 0.4463795757057749, 0.49817408957140324, 0.5079093863177933, 0.5018470693267363, 0.43425683514309316, 0.4570383544017536, 0.4844627871713926, 0.5096121020162636, 0.5058896427507397, 0.4291007281475865, 0.5169020283613665, 0.4641130940232039, 0.4496517863109527, 0.36800317346272143, 0.39420489231530903, 0.4619138452634584, 0.5234542046910302, 0.4443663163089666, 0.5239165435355363, 0.5235641013916366, 0.5350471077553066, 0.5021647966449667, 0.5146918899161398, 0.4598110855778648, 0.5003209220253022, 0.507525074015423, 0.5245967362037501, 0.509046611113426, 0.503324528722896, 0.5034287590541874, 0.5153802469191764], "val_f1_score_neu": [0.0, 0.0, 0.0, 0.0, 0.0, 0.7112987621432213, 0.7093090747210339, 0.7004875925495664, 0.6919681814625303, 0.7068309663546498, 0.6711795277494704, 0.7213839917530415, 0.6876166454318189, 0.7032335583444013, 0.716637192038443, 0.7087586879247596, 0.7187423515148222, 0.47814515611099007, 0.7106203903124454, 0.7098450208643349, 0.7256712254456877, 0.6418708309739011, 0.6810062387426105, 0.3449414943956975, 0.6882997806738262, 0.7225343360591997, 0.7202570844329375, 0.7240314790648058, 0.7074679981412729, 0.6913540327918996, 0.7254868701294741, 0.7167769689255344, 0.7132619863901383, 0.6993537744154439, 0.7213766033511091, 0.7208691469410009, 0.5069406502857113, 0.4470201358567794, 0.7261348063753791, 0.6968913431967694, 0.6847485044063666, 0.7220858796405406, 0.7313238501656018, 0.6558719164768533, 0.7181456201901266, 0.7246522487845445, 0.5832196070275969, 0.7359535393015629, 0.7194241521275907, 0.7246718098063003, 0.7274705891506231, 0.7162560996739006, 0.7320904464159685, 0.6605432637897205, 0.6663725249573179, 0.7178594213962769, 0.6970807793866499, 0.6158484017264452, 0.6716982794140461, 0.5653111282040608, 0.698768202753363, 0.7377910700350584, 0.5540880720410538, 0.696261040621709, 0.6409056899089616, 0.7232949476332156, 0.7227717237165797, 0.6366867595999508, 0.7084114086075618],