{"1": {"f1_score_neu": [0.46499267872422934, 0.6297215191381318, 0.6703440472483635, 0.7027062885463238, 0.7277540468743869, 0.7433200659496444, 0.7215907690780503, 0.7392571110810552, 0.742406644991466, 0.7497981520635741, 0.753280690738133, 0.7605439041342054, 0.78341087273189, 0.7770947058285985, 0.78322370243924, 0.7867818559919085, 0.8013670870235988, 0.7990818907107625, 0.8226966559886932, 0.8269059477107865, 0.8191100944365773, 0.8325163902980941, 0.8255855121782848, 0.8364983722567558, 0.835773270045008, 0.8691109025052616, 0.8576802515557834, 0.8766654431819916, 0.8610108356390681, 0.87680213366236, 0.874289337013449, 0.8795155925410134, 0.870106825871127, 0.8916183656879834, 0.9005989623921258, 0.9117039090820721, 0.8905392523322787, 0.8966205556477819, 0.9009110895650727, 0.9118989706039429, 0.9063921592065266, 0.9178564218538148, 0.9253388728414264, 0.913526713848114, 0.9359993359872273, 0.9175705228533063, 0.9352519842130798, 0.8787314710872514, 0.9225147270730564, 0.9318279826215335, 0.9416701165693147, 0.9292349953736577, 0.9414411570344653, 0.9305285768849509, 0.9325411883848054, 0.9449979332940919, 0.9345067281808171, 0.9448052282844271, 0.9450380355119705, 0.9424230254122189, 0.9471232720783779], "loss": [1.1507612892559596, 0.9433293864130974, 0.8909150276865277, 0.8605259199227605, 0.8173049560614994, 0.7678467578121594, 0.8036006029163089, 0.7571419562612262, 0.7429564041750771, 0.7303731579865728, 0.7014301302177566, 0.6887028568557331, 0.6478076609117644, 0.6504681780934334, 0.6337793405566897, 0.6102463081479073, 0.5795645277415004, 0.5704684582139764, 0.5306785223739487, 0.5202755316027573, 0.5469800106116703, 0.5293686714555536, 0.510424731033189, 0.5025298398520265, 0.4830534942448139, 0.40933719064508167, 0.427981648594141, 0.3990360679371016, 0.4425500865493502, 0.3878556303679943, 0.3920779973268509, 0.3850941152444908, 0.3979498584355627, 0.3503827899694443, 0.32834678036826, 0.29012468616877285, 0.351405479280012, 0.32974910443382605, 0.31657271832227707, 0.29617912748030256, 0.30793340504169464, 0.2846162210085562, 0.2649480178952217, 0.2905959931335279, 0.2184371597000531, 0.2769575853432928, 0.22976810139204776, 0.4012544666017805, 0.2604640884591, 0.2280852704175881, 0.20518566428550652, 0.23562676379723207, 0.20668729953467846, 0.2314013833446162, 0.24760658160916396, 0.19027274820421422, 0.22527180931397847, 0.18525286497814314, 0.19501773401030473, 0.21086816915443965, 0.19110158285392181], "val_acc": [0.47338054477465047, 0.6278520815490645, 0.611854176336219, 0.6509310379917466, 0.6045108928694176, 0.6011014869917792, 0.6506687728651483, 0.638080248847084, 0.6359821626310301, 0.6296879072499469, 0.6134277483999901, 0.6270653022701834, 0.6504065107242535, 0.6386047754267711, 0.6328350412636143, 0.6467348489116066, 0.6000524549824404, 0.6286388708792926, 0.6380802530677119, 0.6456858136195571, 0.6131654857276088, 0.6194597345901668, 0.6239181689443221, 0.613952273291426, 0.6307369557978942, 0.5937581952400418, 0.629163385500534, 0.6189352216571765, 0.602150541667453, 0.5940204538481147, 0.6170993941898831, 0.6286388624536687, 0.6275898175792309, 0.6212955675599083, 0.6089693044634463, 0.5987411479671078, 0.6121164380081551, 0.6113296762683277, 0.5963808057378853, 0.5969053155288526, 0.6018882717887404, 0.6047731369241404, 0.5900865503568021, 0.6181484360004578, 0.6278520898340006, 0.6029373231817036, 0.5976921102990012, 0.6236559110240552, 0.6052976624252225, 0.6100183547778045, 0.6231313921821858, 0.6220823413363411, 0.5997901897776824, 0.6008392238504393, 0.5990034155479229, 0.6042486260545682, 0.6092315780156684, 0.6207710499529635, 0.6136900016463025, 0.6113296593389204, 0.618410703581273], "f1_score_neg": [0.19368116288179799, 0.23398841305502824, 0.3057774913364223, 0.38112542525466, 0.4056683752153601, 0.44885936179863556, 0.4431043096951076, 0.4716612262917416, 0.5105784120969474, 0.5154342635401657, 0.5641976068062442, 0.5454912504979542, 0.5990176051855087, 0.5918975711933204, 0.6073015731360231, 0.621349038290126, 0.6335155676518168, 0.6366881430149078, 0.6868387102814657, 0.6899309333946023, 0.6791594188128199, 0.6759256603462356, 0.6943006632583482, 0.7592518276401928, 0.6879595911928585, 0.7821655347943306, 0.7672766830239978, 0.7730438975351197, 0.7333286207701478, 0.7846896616475922, 0.7812423780560493, 0.7650052298392568, 0.8056842003549848, 0.7949159783976418, 0.8166670394795281, 0.8440922349691391, 0.7891770037157195, 0.8107907431466239, 0.8076467641762325, 0.8664792467440877, 0.8536655487758773, 0.8474537474768502, 0.8670513236096927, 0.8539226001926831, 0.8984385132789612, 0.8626064764601844, 0.8953502412353244, 0.8106454685330391, 0.8710883845176015, 0.8887810951897076, 0.9060266007270131, 0.8707355973975999, 0.9042656144925526, 0.8847002397690501, 0.885892071894237, 0.9151888425861087, 0.8717912073646273, 0.914219716829913, 0.9045549226658685, 0.9150718876293727, 0.9162070357373783], "f1_score_pos_neg": [0.2823342811316252, 0.33340124120669706, 0.38740813359618187, 0.43048829425658497, 0.46140019063438686, 0.499607509800366, 0.48662281196032253, 0.5198144891432354, 0.5436349787882396, 0.5509473734668323, 0.5934066314782415, 0.5877841210791043, 0.6174814882022994, 0.6294277001704488, 0.643160916864872, 0.6505392034138952, 0.6678403658526284, 0.6836839222482273, 0.7119645928697926, 0.7185404098459652, 0.7134891365255628, 0.7099045153175082, 0.7276527551668031, 0.7537528915064675, 0.7492888878498759, 0.8019065707921982, 0.79065688593047, 0.8063978265438762, 0.775762999696391, 0.8116529307195118, 0.8089215255209378, 0.8073324571762767, 0.8128458506294659, 0.8278494594352586, 0.8468662308795112, 0.8660204761794635, 0.8279428758791515, 0.8422797971538135, 0.8437199198773929, 0.8640656588332993, 0.8613333010247776, 0.8669584840536118, 0.8863881251641682, 0.8627646022609302, 0.9051892065576145, 0.8766930401325226, 0.8985564431973866, 0.8273090411509786, 0.8817462931786265, 0.8975451471550124, 0.9089357139808791, 0.8929944889886039, 0.9138854220509529, 0.8922908444489751, 0.8896896328244891, 0.9158393229757037, 0.8976679401738303, 0.9165992545230048, 0.9103973827191761, 0.9125958212784359, 0.9147149611796651], "val_f1_score_pos": [0.6238952422592229, 0.6746101931515185, 0.6004741794632202, 0.6755126063010213, 0.5951702773899286, 0.6853717601021037, 0.6955631730783464, 0.6488440040525351, 0.6629677652656141, 0.6879088821887595, 0.6952668034339432, 0.6744911872962314, 0.7001002689624689, 0.6827652998055619, 0.687082021232668, 0.6642241810457994, 0.5410549987997559, 0.6374397593284885, 0.6306523112778022, 0.6695640298940677, 0.5354303420762393, 0.5628072134222285, 0.6763745775974362, 0.6655913750205551, 0.6356244345146498, 0.6499144595625392, 0.6669772845880272, 0.6497999879746746, 0.5781817005401579, 0.5183865064215292, 0.6086565560003981, 0.6297312925220192, 0.6368910921173336, 0.6460070234410505, 0.6553690008938297, 0.5971402801493163, 0.6130850075768761, 0.5899951024190541, 0.6450414003864411, 0.5640474622592881, 0.6031476897015335, 0.5822908193177824, 0.5475541957557092, 0.6503326886131042, 0.6335026545378282, 0.5987858355686229, 0.6028890453890619, 0.6290454296905663, 0.5606872747177656, 0.6564142174868329, 0.6261476424151194, 0.6358892215289315, 0.6149311282958004, 0.6087454517088379, 0.5898782089254908, 0.6058556797652616, 0.6513322066860564, 0.6487776817001135, 0.6281669371214996, 0.6303997608954407, 0.6427087380977994],