{"1": {"f1_score_pos": [0.6158032957278068, 0.6684773069787137, 0.678231129891241, 0.691232040514542, 0.7028697262592042, 0.7014137777767633, 0.7072256355185442, 0.7220349854095687, 0.7271777393421863, 0.7304496786807521, 0.7387512724068739, 0.750768186242442, 0.750939919172803, 0.7673991226887528, 0.7705491374956918, 0.7692472022064055, 0.7835305853435562, 0.7841217386237457, 0.7947780484354758, 0.8028642697740667, 0.8031422150699674, 0.80792623216546, 0.8159442349244468, 0.8382092255345975, 0.8262976425102825, 0.8350610639788136, 0.8409166559626692, 0.84590167840017, 0.8567795646317885, 0.8549301183227701, 0.8652826058737352, 0.870517736727035, 0.8739159535554507, 0.8712207062332689, 0.8834073054762662, 0.8890220770603661, 0.8910033667262511, 0.8774866727072053, 0.8984560115664223, 0.8874694148427729, 0.89506018775117, 0.9018227851255645, 0.9055735613999166, 0.8995495797138042, 0.9128091570494412, 0.9044223888525571, 0.9214728207310651, 0.9209490516151564, 0.9124554812490662, 0.9177905039003167, 0.9247227428534415, 0.9218380288074938, 0.925334378878143, 0.9338467861708997, 0.9284726626738617, 0.9238263839399758, 0.9299354898762592, 0.9304889630503937, 0.9296099979273871, 0.9343028953367268, 0.934464268103053, 0.9338763486333017, 0.9329481101716018, 0.937727492449282, 0.9390216583188491, 0.9409269967661292, 0.9424941649808336, 0.9400204885912546, 0.9368050022074348, 0.9419907887750184], "val_f1_score_pos": [0.6995381213093377, 0.69518640261638, 0.7134641250663792, 0.7268610094053257, 0.721822664251003, 0.6964872789589702, 0.6650047775425062, 0.7227605859226509, 0.7213675800842632, 0.7268380965289472, 0.7235110016804365, 0.7205849154700114, 0.7253268578197258, 0.687125773013155, 0.6994751844110292, 0.7148369513327794, 0.7223681447663413, 0.7051356292868393, 0.7183488510385047, 0.6788234078462637, 0.690703769220043, 0.7081490147105848, 0.6997373153401503, 0.6921321879314374, 0.7079756003844889, 0.7035029559552153, 0.701401973462566, 0.7022470758309597, 0.6605832765228037, 0.6664787753969132, 0.696015113270068, 0.666930852451668, 0.6925697922706604, 0.6971965180865282, 0.7038645792834516, 0.6524060094571257, 0.6862459340598124, 0.7056606885112867, 0.698617417546731, 0.6833219133352263, 0.6942997055899867, 0.6868821608773703, 0.673843024133284, 0.6885118772380745, 0.6971708078874279, 0.6794474959930156, 0.7006179627137951, 0.6953890375728365, 0.6921363416475165, 0.695016343924425, 0.6754840779018211, 0.6701300062283904, 0.6796712166790647, 0.6921651770147663, 0.6856488620861122, 0.6704750143742069, 0.6879344657709632, 0.6913526179871613, 0.6906486507492753, 0.6843318198027811, 0.6769536110939702, 0.6889155352807507, 0.6734991365468367, 0.6945878125732147, 0.6615209773510913, 0.6981957068118833, 0.6872960280545001, 0.6843534363676024, 0.6749439895590438, 0.6840982021213453], "val_loss": [0.7465119036616604, 0.6999457106342151, 0.6900905328961194, 0.6773040444951124, 0.677447557966259, 0.6684177811341416, 0.6814447993274686, 0.6600918416343903, 0.6528813538350925, 0.6556524848683506, 0.6610889028437222, 0.6649379088450782, 0.6503889114956922, 0.7550592425666387, 0.7539270700734007, 0.6594178999480285, 0.6708478474712436, 0.6837497972265094, 0.7097357245506327, 0.7084465281338275, 0.7725656617475081, 0.7917311427750693, 0.7663628527766629, 0.766945483208975, 0.7610719851289613, 0.7992971729564221, 0.7696162023251656, 0.8012567815023554, 0.8623022878464259, 0.8240872665673117, 0.8193749262143009, 0.854672466022639, 0.9185224709867079, 0.8713618336000627, 0.8843901322792974, 0.9484177053253041, 0.9197616887299358, 0.8986824227222369, 0.9092422703491043, 0.9610597563632891, 1.0156379162350682, 0.9936796774301153, 1.0342284279159104, 0.9865636449006496, 1.0704641679750433, 0.9635194956739399, 1.0275587801379789, 1.0335340229887577, 1.0823406586653397, 1.023460574154857, 1.0192016567127795, 1.064088332008886, 1.0657258158210439, 1.0529129966407558, 1.039671019206769, 1.1242201176383162, 1.100806122425797, 1.1432121867653209, 1.1171156700409755, 1.1161049143563437, 1.1594399768881514, 1.1056242855967802, 1.165365990755795, 1.1836152809949776, 1.1738894567082452, 1.1840566923174562, 1.2904661234575086, 1.2093963581693419, 1.1986139054454272, 1.1568536612890497], "acc": [0.6108655754707908, 0.6704052674265366, 0.678243831078397, 0.6908355528032724, 0.7013425575625188, 0.7029269514698597, 0.7088058730556298, 0.7229402945131521, 0.7250250202166867, 0.7318212136755473, 0.7405770524908813, 0.7480403592063237, 0.7525433644781596, 0.7662608404410848, 0.7700967299910367, 0.7721397602077005, 0.7821464313615394, 0.7889843248203645, 0.7964476354126934, 0.8017428324690177, 0.8056204184601512, 0.8146681141125671, 0.8163775870448514, 0.8345563704765503, 0.833097062483082, 0.8348065356638846, 0.8460223440073426, 0.8492328202907367, 0.8576134071698421, 0.8592394918720272, 0.8687041367965193, 0.8719563066283411, 0.8747498357868576, 0.8734156133493954, 0.8852568403572302, 0.8885923970870927, 0.8901767898413083, 0.8864242825271926, 0.8999749860559169, 0.8935957314114796, 0.9013509037615539, 0.9058539036554524, 0.9093145434959004, 0.9023932662504843, 0.9150266886612349, 0.9083972661554058, 0.9212808535248538, 0.921781186354884, 0.918278852230394, 0.9188208770879195, 0.9266177437021543, 0.9251167421204953, 0.9293695770059927, 0.930411940737515, 0.9317878599640844, 0.9250750496754891, 0.9335390278066771, 0.9333305551935785, 0.9313709126304515, 0.9373332213727215, 0.9392511657550384, 0.9377084701279149, 0.937499997793157, 0.9424616411338257, 0.9386674446750276, 0.9443378956259052, 0.9453385575283679, 0.9439209452007038, 0.9410023350788006, 0.9441294205176822], "val_f1_score_neu": [0.7144282771158886, 0.7345380341314808, 0.7361452542121129, 0.7486855064812623, 0.7345085047419029, 0.7525999302304213, 0.7533018626396938, 0.7591413562102187, 0.7532945497183898, 0.7475509062220527, 0.7575586317299683, 0.756817268482282, 0.7538731578511345, 0.6369229529284095, 0.6533503102174674, 0.7623777250356083, 0.7458209782699651, 0.7609971356916777, 0.7088563973065454, 0.7606665434401539, 0.7526740385660575, 0.7431292362496247, 0.6950068020916049, 0.756017338800144, 0.7471973738565375, 0.7048173009991408, 0.7441631635083128, 0.6989920156013179, 0.7506832578645061, 0.745075613081336, 0.7536236891911935, 0.7490661214239364, 0.7073918000867638, 0.7376849003996031, 0.7347004794136057, 0.7468931401388259, 0.743158958728032, 0.7354754530405346, 0.746992584703126, 0.7499309040610992, 0.7476225492952664, 0.7505355041928893, 0.7485089735081388, 0.7540136668346499, 0.6976836637070053, 0.7450334478251691, 0.7402261696790678, 0.7164565442879253, 0.7478324178062017, 0.7212356497161463, 0.7441420439802224, 0.7345774489454304, 0.7339798965559076, 0.7333333567828636, 0.7334966340647132, 0.7465032948661916, 0.7056956981085714, 0.6859001339157873, 0.7337427087192777, 0.7351791391060939, 0.7497223202111802, 0.7350157727950251, 0.7437147545846324, 0.7195223023924849, 0.7321914135018057, 0.7241378444842771, 0.6758398704722852, 0.7362090557555185, 0.7461159247967145, 0.7361617966681182],