{"f1_score_pos": [0.42177426964044573, 0.06581738442182541, 0.08655268689617515, 0.26112866066396234, 0.37044762205332515, 0.4180982634425163, 0.4992938183248043, 0.5332692317664623, 0.5371071606874466, 0.5540749192237854, 0.5789757944643498, 0.5656536050140858, 0.5835449561476708, 0.5822648100554944, 0.5919487178325653, 0.5938703283667565, 0.6047906532883645, 0.5859833806753159, 0.626556670665741, 0.6542395919561386, 0.6091763563454151, 0.6427461579442024, 0.6538715392351151, 0.6366736397147179, 0.662129881978035, 0.6645279750227928, 0.6859330803155899, 0.6523539181798697, 0.6820785760879516, 0.7143368661403656, 0.7063442721962929, 0.6853435590863228, 0.687902994453907, 0.7076341792941093, 0.7323303163051605, 0.7093120813369751, 0.7162512302398681, 0.7223321467638015, 0.7544399678707123, 0.7527734398841858, 0.7553909152746201, 0.7560100927948952, 0.7366305977106095, 0.7768454700708389, 0.7348635077476502, 0.7656149819493294, 0.7967552214860916, 0.7758520007133484, 0.7866185516119003, 0.7833128497004509, 0.8143623828887939, 0.8009598970413208, 0.8067856594920159, 0.8052872106432915, 0.8152911901473999, 0.8075047194957733, 0.8166653871536255, 0.8303575962781906, 0.7966168239712715, 0.8501849144697189, 0.8410576075315476, 0.8245236217975617, 0.843558382987976, 0.8203502207994461, 0.838767284154892], "val_f1_score_pos": [0.5833714594998574, 0.0, 0.04822170087144877, 0.3023822310400422, 0.6060769898260543, 0.42124470593170826, 0.6396269889569426, 0.4659250950347461, 0.6682151719837904, 0.6734916854336166, 0.640893734817645, 0.6626846442033761, 0.6619076974086177, 0.6884452464572407, 0.6312537500153619, 0.6724994839128784, 0.5567930713432716, 0.5800041239029649, 0.6851781104419478, 0.5303201802659153, 0.6529329701605476, 0.5209262523005836, 0.6844150221726102, 0.6453162661350339, 0.6726859910044807, 0.6819231515789858, 0.6729171573724955, 0.5440780912488582, 0.6545178041882068, 0.5906714153921326, 0.6008853577985996, 0.6683675994905561, 0.6103497625272667, 0.6836740666570046, 0.6739929926198454, 0.3069210044596097, 0.6399406802926262, 0.6598042768035196, 0.5817653221500035, 0.6501220603205543, 0.5766346010672837, 0.5537206562772812, 0.6594439446691638, 0.6265711746377142, 0.6248134832165856, 0.6312813787143936, 0.6540920609037237, 0.6086451119711291, 0.6508645538798536, 0.6520063709531154, 0.6350525802838155, 0.6569846629033462, 0.6539493795301606, 0.6626470746438772, 0.6384228088397415, 0.6588762509926016, 0.6539334823789479, 0.6451412831552067, 0.6614481201485765, 0.6347443445786197, 0.6193162488587222, 0.6578036571874601, 0.5602831270417734, 0.6148242782552256, 0.6448096945596561], "val_f1_score_neg": [0.0, 0.0, 0.008984372154593374, 0.01570389017955137, 0.018978872536487414, 0.03946677789213211, 0.012516351101625444, 0.15911649008873344, 0.0929345882170678, 0.5258077411960499, 0.34770128814810813, 0.5110444808425223, 0.2186164246193543, 0.5383681297427302, 0.4538526069514557, 0.0035926123698521184, 0.31825945947447254, 0.34633962745557706, 0.3491932254762372, 0.2490768138619192, 0.006112308892839823, 0.4574964437589788, 0.47610225652166466, 0.17013763628925452, 0.5190994873342006, 0.21875794907192092, 0.24270582914258626, 0.04185659802596212, 0.15117470180499032, 0.41745823939860166, 0.4657522493105312, 0.26360877367836144, 0.41124207322252976, 0.5187929789287788, 0.34964680476292453, 0.3963387289245454, 0.26179799054930786, 0.019094366223643904, 0.3403735066410628, 0.0841338566863221, 0.4805945268131884, 0.3822787420395757, 0.4591637609779069, 0.17905160680378074, 0.42088930629664695, 0.2755630258426809, 0.5055602557103277, 0.34654327761992487, 0.039283349358743176, 0.03607730204598534, 0.46197800032272757, 0.4366467251744509, 0.44496883922851277, 0.4864667525777284, 0.4591647755621363, 0.3174577320681886, 0.4690432678346336, 0.26086602419216176, 0.4481622498397467, 0.3733623012951156, 0.35076885932844953, 0.35218294060608546, 0.4293130656067793, 0.45943540775522673, 0.3340986369789788], "val_f1_score": [0.1944571611467322, 0.20035252584705757, 0.21973106233804143, 0.3100294061073505, 0.424147817912203, 0.37089978132290446, 0.44092327686172755, 0.43126850341706335, 0.4795163882675991, 0.6112952038368277, 0.5610727906195848, 0.620026228983134, 0.5262685682152689, 0.6125948758941918, 0.5957557644676481, 0.45460549338483575, 0.5212120141315235, 0.5396332855522242, 0.5640623932775162, 0.485363350486993, 0.4512772001433554, 0.5543345337835722, 0.5849751294237593, 0.502165628540963, 0.6171697542763056, 0.5188312774219758, 0.5350354095003031, 0.41713486253480536, 0.4986242122406913, 0.566062413001667, 0.5811316724715194, 0.5346721986241769, 0.5699428424665129, 0.6121897522683473, 0.5440403207327605, 0.4530694563652067, 0.5273446690339039, 0.44659147675569494, 0.5341815870013914, 0.4615799695714515, 0.5786612577054434, 0.5375998686875004, 0.5870487342629882, 0.4937926718030675, 0.5728472355560715, 0.5253271651008515, 0.5561249835454289, 0.5439740476288134, 0.4510582162034565, 0.4514884694476719, 0.5860986451042189, 0.5786045094252946, 0.5790448763881366, 0.6006917808426667, 0.5890109399438623, 0.5425967652670142, 0.5904958260956631, 0.5234719753312277, 0.585963506805531, 0.5485187523201823, 0.5485728012274295, 0.5496438106713945, 0.552068841729363, 0.579884405730748, 0.5474619442260457], "val_f1_score_neu": [0.0, 0.6010575536008335, 0.6019871017140664, 0.6120020524585713, 0.6473875589924724, 0.6519877983458925, 0.6706264631628771, 0.6687638857938034, 0.6773993961147645, 0.6345861291841607, 0.694623281472379, 0.6863495374707578, 0.6982815164204129, 0.6109712104330906, 0.7021608631691532, 0.687724353821297, 0.6885834749433396, 0.6925560823269725, 0.6578157945720974, 0.6766930150760617, 0.6947862710691393, 0.6845808261465658, 0.5944080177236347, 0.6910428988036289, 0.6597237180544265, 0.6558127103594699, 0.6894832043675279, 0.6654698785414948, 0.6901801034843331, 0.6900574987152884, 0.6767573536239582, 0.6720401775077232, 0.6882366476770526, 0.6341021359826585, 0.6084811340440079, 0.6559486034627414, 0.6802952431988409, 0.6608757457019087, 0.6804058755472705, 0.6504839717982293, 0.6787546193415244, 0.6768002092072322, 0.6425384301980461, 0.6757552005035997, 0.6728388731822923, 0.6691370460419964, 0.5087225788023538, 0.6767336907675658, 0.6630266936407482, 0.6663817096938307, 0.6612653419973342, 0.6421821025797866, 0.6382164079593355, 0.6529614903968743, 0.6694451406531655, 0.6514562897690944, 0.6485106943630966, 0.664408582982009, 0.6482800947316137, 0.6374495729604731, 0.6756332263745194, 0.6389447819395638, 0.6666102768428801, 0.6653934403132367, 0.6634774630287955], "f1_score_neg": [0.014332246780395509, 0.0, 0.0, 0.0892309688962996, 0.12825024779886007, 0.1591390863992274, 0.22494583148509265, 0.24093310609459878, 0.29607520196586845, 0.2841783262789249, 0.33545302636921404, 0.32587127210572364, 0.3637516270391643, 0.4115988567471504, 0.39510039128363134, 0.4375442244112492, 0.41031816620379685, 0.41854787394404414, 0.47326196581125257, 0.48216741625219584, 0.4828216563910246, 0.4610208921134472, 0.49304460976272824, 0.5653248354792595, 0.5326879024505615, 0.5386699117720127, 0.5603824205696583, 0.556443028151989, 0.5697519443929195, 0.5804078390821814, 0.6403669387102127, 0.5923097435384989, 0.6306226402521133, 0.598988090083003, 0.6174464277923107, 0.6285301521420479, 0.6806262835860253, 0.6514089092612266, 0.6454009562730789, 0.6769624948501587, 0.7067473873496055, 0.6783773984760046, 0.6872428230941295, 0.7660893768072128, 0.7046432852745056, 0.7016343370079994, 0.7478221595287323, 0.7170503333210945, 0.7197480380535126, 0.7681765332818031, 0.7555685862898827, 0.7593363612890244, 0.7577559299767017, 0.7692742705345154, 0.7849130228161811, 0.771245899796486, 0.7537735983729362, 0.8347419053316116, 0.7454102732241153, 0.8011019349098205, 0.7791278928518295, 0.8058105379343032, 0.8072976619005203, 0.8092153638601303, 0.8228776305913925],