{"f1_score": [0.5389877620641188, 0.6235468914224904, 0.6529110245516428, 0.6701664925553655, 0.6700301698806167, 0.691662092042332, 0.6979949470380469, 0.7007787344789345, 0.712211598837279, 0.7238793509472988, 0.7290825881122193, 0.7422652281201157, 0.7435853217318403, 0.7509111827800314, 0.764582483295535, 0.7703159192622637, 0.7810231018438105, 0.778527437149278, 0.7940179078108845, 0.7993844194965374, 0.7967899712133152, 0.8182087437222931, 0.8129168248671421, 0.8303342446757567, 0.8388438686705175, 0.8453215337678595, 0.8428260262462249, 0.8488111640697169, 0.856821847415019, 0.8543921458078878, 0.8679624947050717, 0.8704617255469417, 0.876460411582734, 0.8790277044722149, 0.8859600728113878, 0.894669808161031, 0.890743981332783, 0.9007164744558489, 0.9022562075343645, 0.8968271789621731, 0.9060634528777726, 0.9085195868641077, 0.911283586972337, 0.9116453708379024, 0.9142875129767675, 0.9152317664038371, 0.9197395725825983, 0.9230447767447766, 0.927464077355528, 0.9282273761792155, 0.9203514539082062, 0.92858654236345, 0.9227961927761101, 0.9311390450479453, 0.934824262250912, 0.9397449989609881, 0.9317741884991144, 0.9358935591982805, 0.9395585605834145, 0.9357886487927103, 0.9367946161735975, 0.9407675332527774, 0.9450076927320994], "loss": [0.8570102249164353, 0.7349808236205148, 0.6977418291903738, 0.6786491395522988, 0.6696949275060892, 0.6415009326925324, 0.6204682226255144, 0.6206786489450541, 0.6071018461383915, 0.5837844532513253, 0.5737205573050879, 0.5577752443928744, 0.5492466607150526, 0.534633548993926, 0.5078279908780198, 0.49979145705646255, 0.48050244873137077, 0.480549999462995, 0.4579067837286463, 0.4460387425781827, 0.44653804861854696, 0.412285405979537, 0.4179066694534678, 0.38596005117317594, 0.37526921644564665, 0.36161120855960216, 0.3650442338360377, 0.3514754617871738, 0.33470871599710356, 0.34089710083650887, 0.31246660221234795, 0.3115536982454587, 0.2946464240435192, 0.286796439897504, 0.2758487595874303, 0.2612512982911828, 0.26519084045097613, 0.24647464810465938, 0.2372607402000383, 0.2512225272508276, 0.2316285905279108, 0.22580318808744843, 0.228074103445542, 0.2210005868011101, 0.21344084917315542, 0.2064446564745249, 0.2033496664165575, 0.19485484010313595, 0.1872810169257231, 0.1859535387001495, 0.19986328827918481, 0.17527873661867427, 0.18970533625150762, 0.17736841258559582, 0.16496659939093528, 0.1533090400889559, 0.17330560302534403, 0.16003669293854456, 0.15677756271415744, 0.16212712367685442, 0.16078729752423113, 0.1500452972910774, 0.14348990797208497], "val_loss": [0.760240155821799, 0.7156267938446906, 0.7115581171676497, 0.7037510445145782, 0.6992167802636261, 0.7370856347096415, 0.7092525649781976, 0.7375047514565415, 0.7010691681569962, 0.6855280972176488, 0.7195181623970952, 0.6971464538234062, 0.7459793262444582, 0.770817804506626, 0.7526192188881405, 0.6982641888035874, 0.7901851987869668, 0.7284998718248112, 0.8463436091456432, 0.7469249300455769, 0.7909446954727173, 0.7991875539184699, 0.8593024927663742, 0.8665486739612585, 0.8646145952350899, 0.8719327060938191, 0.7854627791391118, 0.9280737555753705, 0.8684882717992236, 0.8815668529109733, 0.9103162095395199, 0.9260430008984726, 1.2073798885450597, 0.946844918795906, 1.1665099876245482, 1.2746517788111469, 0.9822818616794087, 1.1366331213952348, 1.3750709638521366, 1.2309393913674758, 1.1989260270283226, 1.234070636109774, 1.1440206874360062, 1.185495408901754, 1.2142916395197274, 1.2627613546010277, 1.2717345283498405, 1.0268193653430766, 1.091098282742284, 1.1704399332152884, 1.1769273128027118, 1.2450277019876759, 1.0304843328806212, 1.2178557430878378, 1.588821974400571, 1.1812272914498079, 1.114475721051257, 1.3443436947314191, 1.2129259981533898, 1.2217396796136206, 1.164625177742133, 1.2860814481393836, 1.2713722732744328], "f1_score_neu": [0.6761077246722041, 0.7427645063409307, 0.758215500735866, 0.7647582286314699, 0.7659970645412406, 0.7799324009371376, 0.7834423653481668, 0.7821306294498526, 0.7893081207509934, 0.7965233691839202, 0.8003556906191234, 0.8065250284444809, 0.8078672742722741, 0.8161410151802125, 0.821267603511681, 0.8279153422140451, 0.8348224963282305, 0.833084723373016, 0.8427579604025357, 0.847503541598008, 0.8474807770863555, 0.8606047136339707, 0.8572289206171264, 0.871393836813335, 0.8775152109027762, 0.881292001913437, 0.8770391813461313, 0.8852529575241429, 0.8890229649342208, 0.8901270275567204, 0.9010583352450595, 0.9012392910573119, 0.9065121194850052, 0.9074998791226955, 0.9143294113448224, 0.9190858954225949, 0.9164082951547523, 0.9232360283125126, 0.9256312946530307, 0.9209395695996896, 0.9294605421346607, 0.929856386918149, 0.9324133499213341, 0.9343132037622287, 0.9362833940298734, 0.9380280861768464, 0.9386805175170172, 0.9414699248034305, 0.944269600018717, 0.9461890354725002, 0.9396650730611724, 0.9468915928473819, 0.9413841600012046, 0.9484183695685415, 0.9510118895072324, 0.9545129278805088, 0.9475211896037952, 0.9523848317044892, 0.9545406786400024, 0.951267592885373, 0.9529250519216803, 0.9552788684217082, 0.9582094116944846], "acc": [0.615125809917121, 0.6739326212686684, 0.6942614802550248, 0.7069610986348968, 0.7074349646584567, 0.7256314286161858, 0.7313178213451709, 0.7317916835867748, 0.7419798202392179, 0.7518362267341726, 0.7561484190438509, 0.7669525651752579, 0.7677581401813066, 0.7759086436718746, 0.7866180203556704, 0.7926361203724663, 0.8016395790087851, 0.7992702475069982, 0.8126332776832201, 0.818082734148056, 0.8164242059084181, 0.8343837359717224, 0.8300241668100171, 0.8460882319684605, 0.8535753168641959, 0.8590721657240791, 0.8558024879638004, 0.8624840091259193, 0.8693550680591242, 0.8681230165012436, 0.880633083513064, 0.8816755937636308, 0.887504147149, 0.8905368924807503, 0.8966497605131547, 0.9035682174733864, 0.9001563804407106, 0.908780746938312, 0.9110553009399435, 0.9055110637126972, 0.9147988450598933, 0.9159361233543131, 0.9186845493278237, 0.9197744350266593, 0.921954228500334, 0.9234232101367897, 0.926645501941797, 0.9296308558529397, 0.9335165584713838, 0.934416907153265, 0.927119364440427, 0.9352224755896125, 0.9294413103710694, 0.936928395049321, 0.9405297810803238, 0.9450788980569059, 0.9374496513269854, 0.9416670544093375, 0.944794577032233, 0.9410036459289072, 0.9425200163987623, 0.9456949221778864, 0.9493910842262014], "f1_score_pos_neg": [0.47042775290959005, 0.5639380591037584, 0.6002587641335627, 0.6228706012154926, 0.6220467000788763, 0.6475269053833398, 0.6552712104899315, 0.6601027617187674, 0.6736633083478357, 0.6875573097628587, 0.6934459922280135, 0.7101352926521444, 0.7114443269571534, 0.7182962472238953, 0.7362398743200137, 0.7415161723351245, 0.7541233765024294, 0.7512487629683149, 0.769647853270428, 0.7753248304709074, 0.7714445329710063, 0.7970107244365177, 0.7907607648427218, 0.8098044319299252, 0.8195081585725608, 0.82733627115952, 0.8257194242731393, 0.8305902376856413, 0.8407212461430117, 0.8365246704792584, 0.8514145521091092, 0.8550729056373567, 0.861434521474234, 0.8647915833776937, 0.8717753680934218, 0.8824617338763511, 0.8779117833216236, 0.8894566747863525, 0.8905686391155194, 0.8847709538410926, 0.894364879153122, 0.8978511633898068, 0.9007186745742043, 0.9003114296616872, 0.9032895505606255, 0.903833568511357, 0.91026905957587, 0.9138321734737831, 0.9190612914341578, 0.9192465209669453, 0.9106946182054394, 0.9194339840795024, 0.9135021803582759, 0.9224993572220195, 0.9267304326518251, 0.932361010784211, 0.9239006623811464, 0.9276478980856643, 0.9320674680767593, 0.9280491397374389, 0.9287293699094652, 0.9335118304867996, 0.9384068011847773],