{"1": {"f1_score_pos_neg": [0.33264465682377653, 0.4049574766052632, 0.47199959677666536, 0.5417021040085372, 0.5496824160631316, 0.6043530653614753, 0.6212625783952735, 0.6483069716745805, 0.6734498062444706, 0.6942806162777904, 0.7040771847764773, 0.7361215309910778, 0.7451722776585324, 0.7690995208929993, 0.780012501250374, 0.7902014613552624, 0.8221981130871893, 0.8092660358159659, 0.8333123395698633, 0.8417625024449411, 0.8440004570763331, 0.8647612158830644, 0.8507161830740676, 0.8860400633010255, 0.8741233818724117, 0.8996062253214412, 0.8964967633888958, 0.9023180584915892, 0.9033077561233369, 0.9087701348090677, 0.9165935707008681, 0.9169727045371341, 0.9268122657703483, 0.9271974084061287, 0.9208024461896522, 0.9442141728113541, 0.9350225127986646, 0.9392212784409506, 0.9385947222134143, 0.9412044239757084, 0.9390222557979653, 0.9370994767193455, 0.9538574888260732, 0.9481789144312539, 0.9433931669217063, 0.9538180981010914, 0.9481137111865643, 0.9516184137075743, 0.9509638683528057, 0.9536989226429596, 0.9487529244489796, 0.9606351902353499, 0.9495485851800042, 0.9614633991724733, 0.9636585951777864, 0.9668535622398938, 0.9591421472039409, 0.9619530878100684, 0.9672098341233548, 0.9566279827139025, 0.9603137048404883, 0.9681693520844449], "val_f1_score": [0.5222099212357042, 0.5405889482813586, 0.5948695434515887, 0.6034899054025088, 0.5661030318950401, 0.5437125707414827, 0.6305627761029393, 0.5755746749588487, 0.6185677452000817, 0.5398535429271742, 0.6259863432279357, 0.6213228915142797, 0.6033332163876287, 0.6270535128280501, 0.4710270497276316, 0.6191283937558126, 0.5979416719825043, 0.5836534258920395, 0.6204893687201226, 0.6145299571033581, 0.6194538589272208, 0.6174848673408597, 0.6023031599945287, 0.6187416782020441, 0.5259994743476427, 0.6027908149705632, 0.5256901631172838, 0.6119183519934865, 0.6127711913310445, 0.585560052620607, 0.6155672201695919, 0.5955554804294799, 0.6144386886313422, 0.5998021145429747, 0.601382210638118, 0.5571729410947065, 0.5943170808323317, 0.5139589574859609, 0.599787515888882, 0.585473628359546, 0.5791318677897274, 0.5814286866231342, 0.6078574875449392, 0.5994181820854603, 0.6039087283008293, 0.5954591702239832, 0.5480864103666075, 0.5797422651960074, 0.5703057161255723, 0.6012048822587257, 0.5948634163878771, 0.5807423448593545, 0.5605072938050741, 0.5917003973448787, 0.5975690954854053, 0.5682028987373668, 0.6052545134350175, 0.5842267866264521, 0.5979046858702188, 0.5455553268798748, 0.6053243856176482, 0.5978346681161922], "val_f1_score_neg": [0.4921409813965032, 0.43286372804301565, 0.585709738437613, 0.5096873538194154, 0.6078442747181646, 0.6123675713279368, 0.5757049274970276, 0.6174070698277959, 0.5436934820254334, 0.6194453319068394, 0.610906682744255, 0.605626795465071, 0.5442797241662417, 0.597958057384392, 0.601840158767428, 0.5562696153860921, 0.5909724643722118, 0.5639054502339987, 0.580004906607973, 0.5749987424115727, 0.5384061572307434, 0.5335204350036097, 0.5896768672766234, 0.580450934813335, 0.5717664541128236, 0.5735582587165436, 0.5650049269044755, 0.5770055064895274, 0.5550638669195807, 0.4898264078005433, 0.5795091327216993, 0.5809162797940226, 0.5588261670639543, 0.5709466723152635, 0.5668495909713122, 0.5665843544767061, 0.5610522134604002, 0.535426729538716, 0.5653214773933866, 0.5070033437160512, 0.5045170996594213, 0.496061141930047, 0.5585209313688266, 0.5504835305201559, 0.5330524226570872, 0.5695369921614997, 0.5389657255972405, 0.5580914268697746, 0.5437832947061838, 0.5594770353282627, 0.521866405597766, 0.519654013535392, 0.4303494399237107, 0.5130245222114558, 0.540000542360521, 0.562595887136212, 0.5622172473933447, 0.5496824437078335, 0.5566550820254166, 0.5530252894616158, 0.5568748084796851, 0.5612441038884387], "f1_score": [0.36510175443800547, 0.4461383355746748, 0.5130844964679653, 0.585580265991429, 0.5864078925553303, 0.6434167221824756, 0.6573436906714747, 0.683217708394408, 0.7049717097233151, 0.7250460092814529, 0.7319798884683043, 0.7631420942865175, 0.7703986705120597, 0.7925001761588261, 0.8013689370566124, 0.809953896800404, 0.8390899190138749, 0.8265544870552427, 0.8484123093801805, 0.8562362296137376, 0.8604745536241882, 0.8777823279758418, 0.8656877726846038, 0.8966908564399454, 0.8862241134651238, 0.9090300257249008, 0.9070838328244556, 0.9112285386102096, 0.913018888917765, 0.9177553555256257, 0.9245225999308204, 0.9247157816321331, 0.9341201219508779, 0.9352763787901233, 0.9284586993144123, 0.9500778128975055, 0.9413864836079111, 0.9450483485228054, 0.9448016439010446, 0.946884194841341, 0.9447433440847849, 0.9428984038000429, 0.9586146816859137, 0.9537067531223168, 0.9487987486766943, 0.9588766890736274, 0.9530688313287067, 0.956218389158638, 0.9556829373525714, 0.958968925618992, 0.9540084040301087, 0.9647733811229935, 0.9539154595584884, 0.9652644100050471, 0.9673882169937718, 0.9702142611254009, 0.9631907495566354, 0.9657223211364916, 0.9706423982977161, 0.9601642261809807, 0.9643630697982196, 0.9713535074463943], "val_f1_score_pos_neg": [0.49895032038175335, 0.4728438594461879, 0.5878888549507824, 0.5486110440333375, 0.5968188219033327, 0.592590816908464, 0.5957308197454411, 0.6077274385593281, 0.5668874035858767, 0.5987051985916306, 0.6141633513527313, 0.6114807612082683, 0.5452871763288742, 0.585222692959658, 0.5729908516434844, 0.5858468551734697, 0.5974238460011365, 0.5832694500646084, 0.5895345158459456, 0.5807612621830596, 0.5739325049167786, 0.571324872754118, 0.5983170079195391, 0.5987194590995284, 0.5653095491201497, 0.5883823749156314, 0.5740976883279674, 0.5765077778646763, 0.5682084860350217, 0.518962034378225, 0.5928432745846948, 0.5917397373381292, 0.5727081701604, 0.5862373248148521, 0.5839358822535603, 0.5791502217683656, 0.5754903690205783, 0.5569875526366376, 0.5666240832530416, 0.5516308329603242, 0.5516643441450116, 0.5473711522327478, 0.5789163235560465, 0.5736019698716942, 0.570517476817204, 0.55730478262623, 0.565327918637742, 0.574840184934099, 0.5637571769929581, 0.5630536736526687, 0.553259655040835, 0.5541008757246144, 0.5132330689294174, 0.5561375130166031, 0.5483994738291829, 0.5744535134460211, 0.577269279152812, 0.5643908771095573, 0.5755928723110144, 0.5651275610645458, 0.579556034310164, 0.5777014435188006], "f1_score_pos": [0.36989792198929883, 0.44712043616894054, 0.52882715154868, 0.5755258161033188, 0.5852559215761624, 0.6256330443638589, 0.6450871411406112, 0.6681069825908186, 0.6868720086627632, 0.7016662635583141, 0.708877343688142, 0.7446782492926994, 0.7463213145289439, 0.7716771078771796, 0.7792910428452321, 0.7878664347485208, 0.8172518382765911, 0.8074538307647956, 0.8223838074051508, 0.841423152826558, 0.8409639044248147, 0.8597881797478164, 0.8458222354163956, 0.8769493367171133, 0.8787928818413608, 0.895134931293499, 0.8871568281017976, 0.9046673618526428, 0.8957615502212916, 0.9070636543347271, 0.9092596402632842, 0.9076793824971663, 0.9189576763556093, 0.9421235679343024, 0.9127551502838681, 0.9444663318498369, 0.9339980977872805, 0.9334748615581594, 0.94203593239131, 0.938589684438893, 0.9359660183672193, 0.9251801613094242, 0.9524035497575565, 0.9448304341731125, 0.9380790031516076, 0.951697674915191, 0.9469867436088092, 0.9536773428269338, 0.9554700995205602, 0.9496146794806632, 0.9577990912890618, 0.9627161706216425, 0.9338549983923409, 0.9603335672417269, 0.9622876338781816, 0.965124987157234, 0.9541215694261909, 0.9616860789789021, 0.9667949933172634, 0.9485302884527977, 0.9631819471173878, 0.9669749177316238],