{"1": {"val_f1_score_neg": [0.30828212338765715, 0.4210898635458077, 0.5800562978197263, 0.5485761653335895, 0.5777878679849018, 0.5635288206104716, 0.6305403114928368, 0.45606036567481645, 0.4400937332198465, 0.5768341283581871, 0.48551817568555894, 0.4835636529230302, 0.5474731981394768, 0.49730219052058644, 0.6424928003648057, 0.5676443403298043, 0.4648297246503542, 0.6408721342225604, 0.5783476201436852, 0.5403104348817961, 0.5409536354816276, 0.6293629794617259, 0.6015517826065315, 0.5126336970074171, 0.5186363692331152, 0.5812203243996195, 0.5435503060005482, 0.6016784309715603, 0.5816765488397722, 0.4212628431108221, 0.33815614182336917, 0.6109892666855729, 0.5684344207493301, 0.512307757315847, 0.47037305232111065, 0.542603275343217, 0.5963692445471128, 0.6016900182989617, 0.4097542853968806, 0.5000694930209534, 0.28266009419507754, 0.5178336766395799, 0.5562633890165234, 0.5165554459814696, 0.5231801287070553, 0.3445243766121498, 0.5534499332781636, 0.46171395837432155, 0.572680611060793, 0.48330422247953686, 0.5761984549042687, 0.48983840802633133, 0.5789317680787077, 0.5471497429283216, 0.5596079528800715, 0.5188319772489735, 0.5850917885317879, 0.5313948223495809, 0.5666422388261615, 0.5817037160834896, 0.5402950963853945, 0.5415501352560792, 0.5190002591535546, 0.5601361930104588, 0.46709487925449944, 0.46241010519547193], "val_f1_score": [0.5455190236881715, 0.6051758005023159, 0.6743425810834163, 0.6659823772383899, 0.6736198787672951, 0.6649313920787898, 0.6945212421347206, 0.6348989064412701, 0.6262968560075497, 0.6532251207559027, 0.6424754180840673, 0.6055076803524538, 0.6179466201913285, 0.6391017467932473, 0.6662401895244198, 0.6687378572911188, 0.6389009576284007, 0.6913295373684023, 0.6601280340553112, 0.6549781983585893, 0.6000082680880789, 0.6497155510782101, 0.6621540262103237, 0.6299287883309345, 0.5816268802564537, 0.6622475953418503, 0.6414683718334931, 0.6672815676126898, 0.6524589072992069, 0.5750664731445132, 0.5423507475490305, 0.6614648140292764, 0.6346004280617566, 0.6379078752938887, 0.5976978468513539, 0.6482696640438337, 0.6616275538742902, 0.6568915026725011, 0.5644815950421189, 0.6289761317798606, 0.5486418057263382, 0.6198294534790776, 0.6482481447818115, 0.6307680402063429, 0.6300966531905858, 0.5668321828063067, 0.6462964758671647, 0.5705197667812945, 0.6519723566160595, 0.6237107138448645, 0.6457924841271278, 0.6130306945208518, 0.6429404694359352, 0.6387319131501541, 0.6355101462583544, 0.6207484569006819, 0.6363082018356263, 0.6289776089370892, 0.6375387769623313, 0.6430744615058839, 0.6330452482124467, 0.6334340945491946, 0.6230062742637206, 0.6384755181822288, 0.6076109194392892, 0.6054729518695294], "f1_score_pos_neg": [0.41909813577378235, 0.5169005029731326, 0.5509875411236728, 0.5818885608955666, 0.5945866168649109, 0.6077289012847124, 0.6368532705086248, 0.623889377547635, 0.634133912898876, 0.6661369132774847, 0.6632951525626359, 0.6873215745996546, 0.6750023144262808, 0.7016602428974928, 0.7237049225303862, 0.726285527701731, 0.7377834507712612, 0.7434049342517499, 0.7549185068519028, 0.7659152900731122, 0.7816825498033453, 0.7651699373015651, 0.8015480151882878, 0.7989885376559364, 0.8075355892931974, 0.8157617129661419, 0.8370587936154118, 0.848809117520297, 0.856538912764302, 0.8482788723927958, 0.8721016650950467, 0.8586432023180856, 0.8762178812865857, 0.8884246205842053, 0.8776580890019735, 0.9092337152472248, 0.8901785385829432, 0.884987516535653, 0.9004799988534715, 0.912443408259639, 0.9005669018736592, 0.9222895983192656, 0.917535412090796, 0.9286744462119209, 0.9226082475097092, 0.9214593994396704, 0.9081157098213831, 0.9293077692941383, 0.9301348113351398, 0.942666815938773, 0.9290641220631423, 0.9360646804173788, 0.9170318295558294, 0.9410385638475418, 0.9433669354076739, 0.949864285963553, 0.9355114383829964, 0.942180535307637, 0.9312389504026484, 0.9496444364388784, 0.9555442123501389, 0.9370010726981692, 0.953907412511331, 0.9524113221300973, 0.9605680461283084, 0.9596686103829631], "f1_score": [0.4797442807919449, 0.5869496635816716, 0.6135327010243027, 0.637125038990268, 0.6465998832826261, 0.6572171902215039, 0.6824093124380818, 0.6687043789360259, 0.6774246140762612, 0.7052030348115497, 0.702267222934299, 0.7223453654183282, 0.7082797161958836, 0.735130348139339, 0.7531423143766545, 0.7514482819371753, 0.7658100437234949, 0.7702134869716786, 0.7793744653463364, 0.7882800825216152, 0.8033088153159177, 0.7899146063460244, 0.8215826744282687, 0.8151351516997373, 0.8284446547428767, 0.8333553633204213, 0.8511267298901523, 0.8632614187620304, 0.8683114934850622, 0.8629875884011939, 0.8839486097847974, 0.8708711111987079, 0.8871663405939385, 0.8982253538237678, 0.8880945510334439, 0.9172786275545756, 0.8998373051484426, 0.8953327111623905, 0.9110586069248341, 0.9220620101248777, 0.9105176318574835, 0.9302491060009709, 0.9242935914684225, 0.9359891541578151, 0.9301373047961129, 0.9294774068726434, 0.9176492404054712, 0.9351264817847146, 0.937025918452828, 0.949331729500382, 0.9362387083194874, 0.9423921124802696, 0.9252075884077284, 0.9471693541164752, 0.9497395069510849, 0.9539109082133682, 0.94263120105973, 0.9474840633295201, 0.936685409810808, 0.9553720487488641, 0.9600579959374888, 0.9435794088575575, 0.9590287793565679, 0.9568962598288501, 0.9642814557861399, 0.9645232039469259], "val_f1_score_pos": [0.6383686663283471, 0.683774351854822, 0.7257547592854143, 0.7271741299437876, 0.7098858529052614, 0.6977235381915254, 0.7218716991813734, 0.724662559632082, 0.7111118786328113, 0.6521684450956895, 0.7152723911206865, 0.6183395786232877, 0.5897297760554258, 0.6922086461804028, 0.7223083855065967, 0.7054406573320354, 0.7212600450393193, 0.7194578020928446, 0.6737324326269089, 0.698307481769999, 0.554768172956157, 0.7150125028172285, 0.656872596604412, 0.6587289355259507, 0.5301981642744593, 0.6806502712388818, 0.6695616047994503, 0.685000608044286, 0.6532147792327945, 0.6018315285108172, 0.5966205543149903, 0.6876163942089176, 0.6178448644017035, 0.700331859253474, 0.6153142773789306, 0.6959897602851892, 0.6856936254340021, 0.6551806181864634, 0.5876215956606892, 0.694480714196456, 0.671066715652912, 0.6334645037353429, 0.6778812767356954, 0.6844682220302165, 0.6567725266898801, 0.6577972968106753, 0.677970237629388, 0.5565272053020256, 0.6765753676533043, 0.6827761478196471, 0.7065045009470974, 0.6385433562871762, 0.6725549659734006, 0.6657653994332641, 0.6778516896809613, 0.6337206461534017, 0.6729753468407441, 0.6887028680334184, 0.6461774097819545, 0.6614465977993657, 0.6534425494178774, 0.6585885065139012, 0.6729984056314958, 0.6783968705596994, 0.6471258612902121, 0.6600100959876126],