{"val_loss": [4.38374226868012, 4.679576335164652, 4.724519588426439, 4.744284113341981, 4.757809713635268, 5.111711459806389, 5.287924348729631, 5.471744994181772, 5.487769806944664, 5.493313589403706, 5.503706752613026, 5.530047372667426, 5.539229181286172, 6.170649160839834, 6.172772720045785, 6.1972453948740505, 6.19778811434514, 6.202298646207059, 6.205360691971958, 6.250332524199327, 6.258980578585869, 6.265404978231154, 6.324830300095761, 6.326224735143958, 6.326501378980547, 6.369748412921864, 6.417429375892357, 6.425374221026413, 6.426905393913103, 7.0130795333256035, 7.048768875513244, 7.082281900646491, 7.088742259666109, 7.091002274084804, 7.091434085709887, 7.121698130780932, 7.122935491692448, 7.595286602427445, 7.595354000664808, 7.618958419931864, 7.619578863359517, 7.7695622494175085, 7.769610511640724, 7.769736623376366, 7.770201008369252, 7.770592624360171, 8.000960107428678, 8.001208969654451, 8.006800335159522, 8.006800335159522, 8.012531369307084, 8.012747040515242], "f1_score_pos_neg": [0.0, 0.5, 0.5, 0.5, 0.5, 0.5, 0.5, 0.5, 0.5, 0.5, 0.5, 0.5, 0.5, 0.5, 0.5, 0.5, 0.5, 0.5, 0.5, 0.5, 0.5, 0.5, 0.5, 0.5, 0.5, 0.5, 0.5, 0.5, 0.5, 0.5, 0.5, 0.5, 0.5, 0.5, 0.5, 0.5, 0.5, 0.5, 0.5, 0.5, 0.5, 0.5, 0.5, 0.5, 0.5, 0.5, 0.5, 0.5, 0.5, 0.5, 0.5, 0.5], "val_f1_score_pos_neg": [0.13600900136530322, 0.13600900136530322, 0.13600900136530322, 0.13600900136530322, 0.13600900136530322, 0.13600900136530322, 0.13600900136530322, 0.13600900136530322, 0.13600900136530322, 0.13600900136530322, 0.13600900136530322, 0.13600900136530322, 0.13600900136530322, 0.13600900136530322, 0.13600900136530322, 0.13600900136530322, 0.13600900136530322, 0.13600900136530322, 0.13600900136530322, 0.13600900136530322, 0.13600900136530322, 0.13600900136530322, 0.13600900136530322, 0.13600900136530322, 0.13600900136530322, 0.13600900136530322, 0.13600900136530322, 0.13600900136530322, 0.13600900136530322, 0.13600900136530322, 0.13600900136530322, 0.13600900136530322, 0.13600900136530322, 0.13600900136530322, 0.13600900136530322, 0.13600900136530322, 0.13600900136530322, 0.13600900136530322, 0.13600900136530322, 0.13600900136530322, 0.13600900136530322, 0.13600900136530322, 0.13600900136530322, 0.13600900136530322, 0.13600900136530322, 0.13600900136530322, 0.13600900136530322, 0.13600900136530322, 0.13600900136530322, 0.13600900136530322, 0.13600900136530322, 0.13600900136530322], "f1_score": [0.0, 0.3333333432674408, 0.3333333432674408, 0.3333333432674408, 0.3333333432674408, 0.3333333432674408, 0.3333333432674408, 0.3333333432674408, 0.3333333432674408, 0.3333333432674408, 0.3333333432674408, 0.3333333432674408, 0.3333333432674408, 0.3333333432674408, 0.3333333432674408, 0.3333333432674408, 0.3333333432674408, 0.3333333432674408, 0.3333333432674408, 0.3333333432674408, 0.3333333432674408, 0.3333333432674408, 0.3333333432674408, 0.3333333432674408, 0.3333333432674408, 0.3333333432674408, 0.3333333432674408, 0.3333333432674408, 0.3333333432674408, 0.3333333432674408, 0.3333333432674408, 0.3333333432674408, 0.3333333432674408, 0.3333333432674408, 0.3333333432674408, 0.3333333432674408, 0.3333333432674408, 0.3333333432674408, 0.3333333432674408, 0.3333333432674408, 0.3333333432674408, 0.3333333432674408, 0.3333333432674408, 0.3333333432674408, 0.3333333432674408, 0.3333333432674408, 0.3333333432674408, 0.3333333432674408, 0.3333333432674408, 0.3333333432674408, 0.3333333432674408, 0.3333333432674408], "acc": [0.0, 1.0, 1.0, 1.0, 1.0, 1.0, 1.0, 1.0, 1.0, 1.0, 1.0, 1.0, 1.0, 1.0, 1.0, 1.0, 1.0, 1.0, 1.0, 1.0, 1.0, 1.0, 1.0, 1.0, 1.0, 1.0, 1.0, 1.0, 1.0, 1.0, 1.0, 1.0, 1.0, 1.0, 1.0, 1.0, 1.0, 1.0, 1.0, 1.0, 1.0, 1.0, 1.0, 1.0, 1.0, 1.0, 1.0, 1.0, 1.0, 1.0, 1.0, 1.0], "loss": [1.211887001991272, 0.0044621690176427364, 0.0004012793651781976, 0.0001759087754180655, 0.00010979778016917408, 0.0037576735485345125, 0.001683459267951548, 0.001682205474935472, 0.000129827341879718, 3.445207767072134e-05, 7.40317118470557e-05, 0.00016714539378881454, 6.002367808832787e-05, 0.009651897475123405, 1.3351529560168274e-05, 0.00019128959684167057, 2.920631914093974e-06, 2.9325914510991424e-05, 1.7047073924914002e-05, 0.0004684830200858414, 7.045517122605816e-05, 3.993590871687047e-05, 0.0005680147442035377, 8.463895028398838e-06, 1.3113030945532955e-06, 0.0004080174257978797, 0.000284652691334486, 4.685034946305677e-05, 7.569818535557715e-06, 0.006363449152559042, 0.00028405647026374936, 0.0002617582504171878, 4.1068444261327386e-05, 1.0490472959645558e-05, 1.7285361764152185e-06, 0.00016744346066843718, 5.602852525044e-06, 0.004175486974418163, 2.3841860752327193e-07, 0.000111645735159982, 2.563002908573253e-06, 0.0010502487421035767, 1.1920930376163597e-07, 4.1723259869286267e-07, 1.6689314179529902e-06, 1.4305124977909145e-06, 0.0016252485802397132, 9.536747711536009e-07, 3.051804378628731e-05, 1.1920930376163597e-07, 2.2769234419683926e-05, 7.152560215217818e-07], "val_f1_score_pos": [0.0, 0.0, 0.0, 0.0, 0.0, 0.0, 0.0, 0.0, 0.0, 0.0, 0.0, 0.0, 0.0, 0.0, 0.0, 0.0, 0.0, 0.0, 0.0, 0.0, 0.0, 0.0, 0.0, 0.0, 0.0, 0.0, 0.0, 0.0, 0.0, 0.0, 0.0, 0.0, 0.0, 0.0, 0.0, 0.0, 0.0, 0.0, 0.0, 0.0, 0.0, 0.0, 0.0, 0.0, 0.0, 0.0, 0.0, 0.0, 0.0, 0.0, 0.0, 0.0], "f1_score_neu": [0.0, 0.0, 0.0, 0.0, 0.0, 0.0, 0.0, 0.0, 0.0, 0.0, 0.0, 0.0, 0.0, 0.0, 0.0, 0.0, 0.0, 0.0, 0.0, 0.0, 0.0, 0.0, 0.0, 0.0, 0.0, 0.0, 0.0, 0.0, 0.0, 0.0, 0.0, 0.0, 0.0, 0.0, 0.0, 0.0, 0.0, 0.0, 0.0, 0.0, 0.0, 0.0, 0.0, 0.0, 0.0, 0.0, 0.0, 0.0, 0.0, 0.0, 0.0, 0.0], "val_acc": [0.1576186726326521, 0.1576186726326521, 0.1576186726326521, 0.1576186726326521, 0.1576186726326521, 0.1576186726326521, 0.1576186726326521, 0.1576186726326521, 0.1576186726326521, 0.1576186726326521, 0.1576186726326521, 0.1576186726326521, 0.1576186726326521, 0.1576186726326521, 0.1576186726326521, 0.1576186726326521, 0.1576186726326521, 0.1576186726326521, 0.1576186726326521, 0.1576186726326521, 0.1576186726326521, 0.1576186726326521, 0.1576186726326521, 0.1576186726326521, 0.1576186726326521, 0.1576186726326521, 0.1576186726326521, 0.1576186726326521, 0.1576186726326521, 0.1576186726326521, 0.1576186726326521, 0.1576186726326521, 0.1576186726326521, 0.1576186726326521, 0.1576186726326521, 0.1576186726326521, 0.1576186726326521, 0.1576186726326521, 0.1576186726326521, 0.1576186726326521, 0.1576186726326521, 0.1576186726326521, 0.1576186726326521, 0.1576186726326521, 0.1576186726326521, 0.1576186726326521, 0.1576186726326521, 0.1576186726326521, 0.1576186726326521, 0.1576186726326521, 0.1576186726326521, 0.1576186726326521], "val_f1_score": [0.09067266993859668, 0.09067266993859668, 0.09067266993859668, 0.09067266993859668, 0.09067266993859668, 0.09067266993859668, 0.09067266993859668, 0.09067266993859668, 0.09067266993859668, 0.09067266993859668, 0.09067266993859668, 0.09067266993859668, 0.09067266993859668, 0.09067266993859668, 0.09067266993859668, 0.09067266993859668, 0.09067266993859668, 0.09067266993859668, 0.09067266993859668, 0.09067266993859668, 0.09067266993859668, 0.09067266993859668, 0.09067266993859668, 0.09067266993859668, 0.09067266993859668, 0.09067266993859668, 0.09067266993859668, 0.09067266993859668, 0.09067266993859668, 0.09067266993859668, 0.09067266993859668, 0.09067266993859668, 0.09067266993859668, 0.09067266993859668, 0.09067266993859668, 0.09067266993859668, 0.09067266993859668, 0.09067266993859668, 0.09067266993859668, 0.09067266993859668, 0.09067266993859668, 0.09067266993859668, 0.09067266993859668, 0.09067266993859668, 0.09067266993859668, 0.09067266993859668, 0.09067266993859668, 0.09067266993859668, 0.09067266993859668, 0.09067266993859668, 0.09067266993859668, 0.09067266993859668], "val_f1_score_neu": [0.0, 0.0, 0.0, 0.0, 0.0, 0.0, 0.0, 0.0, 0.0, 0.0, 0.0, 0.0, 0.0, 0.0, 0.0, 0.0, 0.0, 0.0, 0.0, 0.0, 0.0, 0.0, 0.0, 0.0, 0.0, 0.0, 0.0, 0.0, 0.0, 0.0, 0.0, 0.0, 0.0, 0.0, 0.0, 0.0, 0.0, 0.0, 0.0, 0.0, 0.0, 0.0, 0.0, 0.0, 0.0, 0.0, 0.0, 0.0, 0.0, 0.0, 0.0, 0.0],