{"1": {"val_f1_score_pos_neg": [0.1453969732389437, 0.1431787145255763, 0.14172959168162155, 0.14022562679974174, 0.14020854040303318, 0.14059153309127956, 0.13777080293555438, 0.13777080293555438, 0.13777080293555438, 0.13777080293555438, 0.13777080293555438, 0.13777080293555438, 0.13777080293555438, 0.13640323428758028, 0.13640323428758028, 0.13637054624774142, 0.13637054624774142, 0.13637054624774142, 0.13637054624774142, 0.13635992841628344, 0.13635992841628344, 0.13635992841628344, 0.13635992841628344, 0.13635992841628344, 0.13635992841628344, 0.13635992841628344, 0.13635992841628344, 0.13635992841628344, 0.13635992841628344, 0.13635992841628344, 0.13635992841628344, 0.13635992841628344, 0.13635992841628344, 0.13635992841628344, 0.13635992841628344, 0.13635992841628344, 0.13635992841628344, 0.13635992841628344, 0.1363448965431493, 0.1363448965431493, 0.1363448965431493, 0.1363448965431493, 0.1363448965431493, 0.1363448965431493, 0.1363448965431493, 0.1363448965431493, 0.1363448965431493, 0.1363448965431493, 0.1363448965431493, 0.1363448965431493, 0.13631650188781097, 0.13631650188781097], "loss": [0.45861583948135376, 0.01222708635032177, 0.007565714884549379, 0.005174210295081139, 0.0053064520470798016, 0.0016945205861702561, 0.0041970075108110905, 0.0024583919439464808, 0.0008283827337436378, 0.0034680510871112347, 0.002468489110469818, 0.0016208449378609657, 0.0004964616964571178, 0.00044678919948637486, 0.0013139663496986032, 0.0013937666080892086, 0.00046157953329384327, 0.0003887693164870143, 0.0007540564984083176, 0.0010827212827280164, 0.0009946514619514346, 0.000194522988749668, 0.0011698993621394038, 0.0003455998084973544, 0.00035215908428654075, 0.00031024179770611227, 0.00027947654598392546, 0.0004029617120977491, 7.219704275485128e-05, 0.00022313965018838644, 0.0001887990947579965, 7.946878031361848e-05, 0.0005466156871989369, 5.956091990810819e-05, 9.914290421875194e-05, 0.0002624250191729516, 0.0006413236842490733, 0.0005871128523722291, 0.00023023302492219955, 0.00024644637596793473, 4.3465872295200825e-05, 0.0001489749556640163, 8.352281292900443e-05, 0.000418644689489156, 0.0003339126706123352, 0.0003187084221281111, 0.00011917090159840882, 0.00017270124226342887, 0.0001570830208947882, 0.0005001590470783412, 0.00026266436907462776, 2.5821109375101514e-05], "f1_score_neu": [0.0, 0.0, 0.0, 0.0, 0.0, 0.0, 0.0, 0.0, 0.0, 0.0, 0.0, 0.0, 0.0, 0.0, 0.0, 0.0, 0.0, 0.0, 0.0, 0.0, 0.0, 0.0, 0.0, 0.0, 0.0, 0.0, 0.0, 0.0, 0.0, 0.0, 0.0, 0.0, 0.0, 0.0, 0.0, 0.0, 0.0, 0.0, 0.0, 0.0, 0.0, 0.0, 0.0, 0.0, 0.0, 0.0, 0.0, 0.0, 0.0, 0.0, 0.0, 0.0], "f1_score_neg": [0.0, 0.0, 0.0, 0.0, 0.0, 0.0, 0.0, 0.0, 0.0, 0.0, 0.0, 0.0, 0.0, 0.0, 0.0, 0.0, 0.0, 0.0, 0.0, 0.0, 0.0, 0.0, 0.0, 0.0, 0.0, 0.0, 0.0, 0.0, 0.0, 0.0, 0.0, 0.0, 0.0, 0.0, 0.0, 0.0, 0.0, 0.0, 0.0, 0.0, 0.0, 0.0, 0.0, 0.0, 0.0, 0.0, 0.0, 0.0, 0.0, 0.0, 0.0, 0.0], "val_f1_score_neg": [0.05783183746680021, 0.05316248185533797, 0.05035329121782926, 0.0476124243818314, 0.04767811802449229, 0.04774461353463307, 0.042402044927355304, 0.042402044927355304, 0.042402044927355304, 0.042402044927355304, 0.042402044927355304, 0.042402044927355304, 0.042402044927355304, 0.039756478826392626, 0.039756478826392626, 0.03979097337227816, 0.03979097337227816, 0.03979097337227816, 0.03979097337227816, 0.03986744656052828, 0.03986744656052828, 0.03986744656052828, 0.03986744656052828, 0.03986744656052828, 0.03986744656052828, 0.03986744656052828, 0.03986744656052828, 0.03986744656052828, 0.03986744656052828, 0.03986744656052828, 0.03986744656052828, 0.03986744656052828, 0.03986744656052828, 0.03986744656052828, 0.03986744656052828, 0.03986744656052828, 0.03986744656052828, 0.03986744656052828, 0.03992547595884368, 0.03992547595884368, 0.03992547595884368, 0.03992547595884368, 0.03992547595884368, 0.03992547595884368, 0.03992547595884368, 0.03992547595884368, 0.03992547595884368, 0.03992547595884368, 0.03992547595884368, 0.03992547595884368, 0.039957929806456176, 0.039957929806456176], "val_f1_score_neu": [0.0, 0.0, 0.0, 0.0, 0.0, 0.0, 0.0, 0.0, 0.0, 0.0, 0.0, 0.0, 0.0, 0.0, 0.0, 0.0, 0.0, 0.0, 0.0, 0.0, 0.0, 0.0, 0.0, 0.0, 0.0, 0.0, 0.0, 0.0, 0.0, 0.0, 0.0, 0.0, 0.0, 0.0, 0.0, 0.0, 0.0, 0.0, 0.0, 0.0, 0.0, 0.0, 0.0, 0.0, 0.0, 0.0, 0.0, 0.0, 0.0, 0.0, 0.0, 0.0], "val_f1_score_pos": [0.2329621046406162, 0.23319494282534356, 0.2331058844233546, 0.23283882317138693, 0.2327389592490001, 0.23343844576376385, 0.2331395544785398, 0.2331395544785398, 0.2331395544785398, 0.2331395544785398, 0.2331395544785398, 0.2331395544785398, 0.2331395544785398, 0.23304998328355428, 0.23304998328355428, 0.232950112657991, 0.232950112657991, 0.232950112657991, 0.232950112657991, 0.23285240715841318, 0.23285240715841318, 0.23285240715841318, 0.23285240715841318, 0.23285240715841318, 0.23285240715841318, 0.23285240715841318, 0.23285240715841318, 0.23285240715841318, 0.23285240715841318, 0.23285240715841318, 0.23285240715841318, 0.23285240715841318, 0.23285240715841318, 0.23285240715841318, 0.23285240715841318, 0.23285240715841318, 0.23285240715841318, 0.23285240715841318, 0.2327643140138295, 0.2327643140138295, 0.2327643140138295, 0.2327643140138295, 0.2327643140138295, 0.2327643140138295, 0.2327643140138295, 0.2327643140138295, 0.2327643140138295, 0.2327643140138295, 0.2327643140138295, 0.2327643140138295, 0.23267507127448883, 0.23267507127448883], "f1_score_pos": [1.0, 1.0, 1.0, 1.0, 1.0, 1.0, 1.0, 1.0, 1.0, 1.0, 1.0, 1.0, 1.0, 1.0, 1.0, 1.0, 1.0, 1.0, 1.0, 1.0, 1.0, 1.0, 1.0, 1.0, 1.0, 1.0, 1.0, 1.0, 1.0, 1.0, 1.0, 1.0, 1.0, 1.0, 1.0, 1.0, 1.0, 1.0, 1.0, 1.0, 1.0, 1.0, 1.0, 1.0, 1.0, 1.0, 1.0, 1.0, 1.0, 1.0, 1.0, 1.0], "val_acc": [0.13900135475614292, 0.138551507937817, 0.13810166782266753, 0.13765182435592982, 0.13765182435592982, 0.13810166782266753, 0.1372019808891921, 0.1372019808891921, 0.1372019808891921, 0.1372019808891921, 0.1372019808891921, 0.1372019808891921, 0.1372019808891921, 0.1367521374224544, 0.1367521374224544, 0.1367521374224544, 0.1367521374224544, 0.1367521374224544, 0.1367521374224544, 0.1367521374224544, 0.1367521374224544, 0.1367521374224544, 0.1367521374224544, 0.1367521374224544, 0.1367521374224544, 0.1367521374224544, 0.1367521374224544, 0.1367521374224544, 0.1367521374224544, 0.1367521374224544, 0.1367521374224544, 0.1367521374224544, 0.1367521374224544, 0.1367521374224544, 0.1367521374224544, 0.1367521374224544, 0.1367521374224544, 0.1367521374224544, 0.1367521374224544, 0.1367521374224544, 0.1367521374224544, 0.1367521374224544, 0.1367521374224544, 0.1367521374224544, 0.1367521374224544, 0.1367521374224544, 0.1367521374224544, 0.1367521374224544, 0.1367521374224544, 0.1367521374224544, 0.1367521374224544, 0.1367521374224544], "acc": [1.0, 1.0, 1.0, 1.0, 1.0, 1.0, 1.0, 1.0, 1.0, 1.0, 1.0, 1.0, 1.0, 1.0, 1.0, 1.0, 1.0, 1.0, 1.0, 1.0, 1.0, 1.0, 1.0, 1.0, 1.0, 1.0, 1.0, 1.0, 1.0, 1.0, 1.0, 1.0, 1.0, 1.0, 1.0, 1.0, 1.0, 1.0, 1.0, 1.0, 1.0, 1.0, 1.0, 1.0, 1.0, 1.0, 1.0, 1.0, 1.0, 1.0, 1.0, 1.0],