{"1": {"val_f1_score": [0.4371257570617863, 0.4278065366381415, 0.3479602466791104, 0.3817417594933907, 0.34653030600678636, 0.4945168768667821, 0.47871726893434857, 0.43076107789415846, 0.47202742346438853, 0.5287005573149152, 0.48940873070981555, 0.4510208621011143, 0.5551948531543784, 0.4497370848074401, 0.5014540212303467, 0.4903025427113446, 0.47841975804765213, 0.4238294650588119, 0.5605551788145178, 0.5550342123089103, 0.5298118850587458, 0.5558130412931866, 0.4954331793658539, 0.5586248676464786, 0.49775421545680343, 0.5594264187096369, 0.5194383028172396, 0.5297328111721061, 0.5118334983256396, 0.45885105292324113, 0.5479895869086467, 0.40615751968007124, 0.4812576927502736, 0.529593485971855, 0.49356112103981314, 0.5540014427897633, 0.49286150016658115, 0.5122135449946597, 0.4279829095571469, 0.5376999528355497, 0.5150340774066803, 0.530349125531789, 0.5200734051615603, 0.5389418418054585, 0.45170765763942156, 0.48625035102014547, 0.5296469388434976, 0.5476822801876111, 0.5574585796206908, 0.5481076877073184, 0.49752386697927037, 0.5024625409898916, 0.5142863957505477, 0.5412043292968594, 0.48501512642867706, 0.5317017362560713, 0.524966463520352, 0.5164612777400435, 0.4843907228231537, 0.5413082995449054, 0.5205496690909283, 0.4245357825795756, 0.5143867506940141, 0.5364428084281667, 0.5402971518720746, 0.5157134053115098, 0.5241803179653818, 0.5159188917747125, 0.5255616588523889, 0.4576993469874493], "val_f1_score_neu": [0.7081781709939576, 0.7123912163966956, 0.7148558472493077, 0.718879058427549, 0.7164424606609388, 0.6730669095234135, 0.7015876831420628, 0.7156559582556683, 0.7235435082791252, 0.7108969198815521, 0.7166935039757073, 0.7167187359115319, 0.6688570718050968, 0.7012423273147467, 0.7180924982945232, 0.7129133832760346, 0.7266928035291637, 0.7148760021456823, 0.6513153317539851, 0.7094643398603232, 0.7047019841378195, 0.7014781059684702, 0.7090320754201359, 0.6632321136414978, 0.7308824229658696, 0.690254046634892, 0.7085658633328213, 0.7181931321705669, 0.5332597067669282, 0.7270942124170706, 0.7265684204062952, 0.6780267503687352, 0.736633369207275, 0.6006190913033496, 0.7356706664361666, 0.7063385729204145, 0.7227712306309219, 0.7283753113761658, 0.7258965093918979, 0.7112945377478126, 0.7246756201867204, 0.6335143432443441, 0.7218444144141283, 0.7252785059390066, 0.7302971672379, 0.6817631742410493, 0.6912527997591342, 0.6600373829210121, 0.7100367588445617, 0.704935848176667, 0.7206987063733511, 0.7121354573973117, 0.7147539805786812, 0.7099191012599154, 0.724735053712808, 0.6801191421977261, 0.6899917866536963, 0.7100042010608473, 0.7053363764012551, 0.6892591851067553, 0.7058408834137361, 0.7170400303116908, 0.7184373020482289, 0.7048976145721586, 0.6834184278843374, 0.7106978598340267, 0.695959698092117, 0.7063943084113189, 0.708358510598051, 0.7218065413064481], "f1_score_pos": [0.4282916279302703, 0.4799043991499477, 0.5150997853941388, 0.5114945483704408, 0.5378636192116473, 0.5394316953089502, 0.562341266622146, 0.5933248773217201, 0.6037342738774087, 0.5763628578020467, 0.6399432569742203, 0.6272099225057496, 0.6474765510194831, 0.6596454969710774, 0.6366311663554775, 0.6599521661798159, 0.7087786164548662, 0.7026495809356371, 0.7013165073262321, 0.714551616874006, 0.742781702015135, 0.7266717470354505, 0.7689039665791724, 0.7323110144999292, 0.7944939525591003, 0.7443251576688554, 0.8102546284596125, 0.8100211587217119, 0.8282041566239463, 0.7965595490402646, 0.8297139687670602, 0.7831789321369595, 0.8606841721468501, 0.8677387924657928, 0.824085596534941, 0.8954657142361006, 0.8539030220773485, 0.9063192481795946, 0.8463503867387772, 0.9072114527225494, 0.8482487739788162, 0.9061037815279431, 0.905433900654316, 0.9167835091551145, 0.9357943874266412, 0.8974772310919232, 0.9331362661388185, 0.9230667452017466, 0.8965181484818459, 0.9338897872302268, 0.934566367831495, 0.9426164651910464, 0.9436349852217568, 0.9293534557024637, 0.9443312163154284, 0.9363824874162674, 0.9310750903354751, 0.9174186231361495, 0.949114143020577, 0.9295856199330754, 0.953824310666985, 0.9514184842507044, 0.9503285098407004, 0.939110149939855, 0.9595990512106154, 0.9384624345435036, 0.9513628954688708, 0.9589052796363831, 0.9549023235837618, 0.9662000776992904], "f1_score_pos_neg": [0.3356102605660756, 0.4058446917268965, 0.45717277253667515, 0.4869172221256627, 0.5192809311880006, 0.5102769562767612, 0.5463759919835461, 0.5706358659598563, 0.5895218340059122, 0.5730768454571565, 0.6084111713700824, 0.614613726735115, 0.6118523851037025, 0.6433062197433578, 0.6370785103903877, 0.64151821202702, 0.6789079639646742, 0.6724627572629187, 0.6790113598108292, 0.70511830266979, 0.7164744668536716, 0.7098481191529168, 0.7274105110102229, 0.7332016304135323, 0.7633291607101759, 0.7368619193633398, 0.7688279143638082, 0.7796903997659683, 0.7915993920630879, 0.7859966605901718, 0.7877334405978521, 0.7892916260494126, 0.8234424069523811, 0.8259961100088226, 0.8301313627097342, 0.8554820352130466, 0.8577144626114104, 0.8538085743784904, 0.8567675708068742, 0.8611446445186933, 0.8606915324926376, 0.8567465121547381, 0.8786442826191584, 0.8757455034388436, 0.9222984198066924, 0.888476102716393, 0.9064817850788435, 0.9045032577382194, 0.8946439201633135, 0.9270850163367059, 0.8959541047612826, 0.9338299557566643, 0.924489906264676, 0.9256039526727464, 0.9347817086511188, 0.93527668962876, 0.9317520591947768, 0.8954470695720779, 0.9454609428842863, 0.9358151563339763, 0.9555407704578506, 0.946031297246615, 0.9350202712747786, 0.9443925453556908, 0.9541801876491971, 0.9201836884021759, 0.9499785063995255, 0.9552818180786239, 0.9484146742357148, 0.962969677315818], "val_acc": [0.6027890335478548, 0.5955915430404022, 0.5798470601808151, 0.5951417013969285, 0.582546102694976, 0.6041385487988893, 0.6216824019593373, 0.5960413798039634, 0.6194331828023848, 0.6302294112839143, 0.6329284672044281, 0.5946918682798951, 0.6198830450648292, 0.574898797195879, 0.6333783343467849, 0.6338281468448476, 0.6176338357481397, 0.5847953266514029, 0.6108861842565154, 0.6302294282563571, 0.6104363511394821, 0.6347278423047634, 0.6000899728278668, 0.612235721359905, 0.6252811483794164, 0.6225821022187275, 0.6333783052013738, 0.6419253181724789, 0.5303643812910158, 0.635177691160855, 0.6464237662462088, 0.5353126405489858, 0.6369770699077182, 0.5596041341274105, 0.6365272099779792, 0.6320287998710405, 0.6248312994428867, 0.6288799022266149, 0.6207827221580416, 0.6401259662383213, 0.6360773708817126, 0.5901934165596372, 0.6198830499447416, 0.6401259504188249, 0.6149347749477134, 0.612685581289644, 0.6023391712854105, 0.5987404258842142, 0.6347278629237341, 0.6261808414261887, 0.6243814662454152, 0.6293297255838234, 0.6158344690938067, 0.6171839892247535, 0.6270805222463672, 0.6036887107215054, 0.6027890164949741, 0.6225820826186396, 0.6198830266981258, 0.6086369749398259, 0.6207827283517766, 0.584795323085313, 0.6239316125094113, 0.6216824104053396, 0.6113360173735488, 0.615384623803805, 0.6180836711978783, 0.6117858748365188, 0.6162843107372804, 0.609086818916005],