{"val_acc": [0.6139522715250151, 0.6569630257920146, 0.6590611083345591, 0.6740099565738334, 0.6601101567418188, 0.6532913681218357, 0.6747967423712398, 0.6231313866015779, 0.6716496227702349, 0.6490952061631378, 0.6669289249777325, 0.6635195336534444, 0.6679779663193486, 0.6220823423367863, 0.6504065101146073, 0.6425386789962434, 0.650931025345495, 0.6438499859334164, 0.6278520928197041, 0.6414896347314518, 0.652766848060674, 0.6441122354280595, 0.6635195377959124, 0.6483084246488872, 0.6522423418650564, 0.6228691426875427, 0.655651712805275, 0.6302124290775196, 0.6643063260475357, 0.6532913747810486, 0.6493574670065803, 0.6593233710851002, 0.6370312081151143, 0.6309992142652796, 0.6619459785190805, 0.6414896388739199, 0.6538158827430771, 0.6551271873041928, 0.6220823551237255, 0.6351953811167795, 0.6443745059945781, 0.6488329410365395, 0.6414896516608591, 0.6480461576151905, 0.6532913724049914, 0.6294256540817943, 0.6553894524307912, 0.6446367669787083, 0.6477838961621016, 0.6365066928842266, 0.6401783366888613, 0.6393915606145311, 0.6205087764007414, 0.6514555380596379, 0.6488329379726763, 0.6388670381773122, 0.6420141667510593, 0.6519800587304458, 0.644636765681256], "loss": [1.026783974333243, 0.8582250679081137, 0.8177500340071592, 0.7930794568224386, 0.7604713534766977, 0.7472195076671514, 0.7239139811559157, 0.7074718929149888, 0.6949731694026426, 0.6936484135010026, 0.6628472513773225, 0.6330645815892653, 0.608406781472943, 0.607648138972846, 0.6068332621997053, 0.5942913835698908, 0.5392370264638554, 0.536340883848342, 0.5426141799173572, 0.5887342119081453, 0.49527187882499263, 0.4734141660684889, 0.4961445199495012, 0.48516163704070175, 0.4594138637185097, 0.4052517732436007, 0.4234072894535281, 0.3743185790424997, 0.40924636647105217, 0.39030845869671216, 0.3759364306249402, 0.37227181514555757, 0.37205311249602924, 0.36825167353857646, 0.34172934327613225, 0.34112698144533415, 0.32533771984956483, 0.31000942465933884, 0.33303142728453333, 0.3077429612590508, 0.30940672873773356, 0.3051344779404727, 0.31698554720390926, 0.27342354895716364, 0.26931282691657543, 0.2563224272294478, 0.31251001866026357, 0.2609976250678301, 0.26049098321659997, 0.2297709154134447, 0.2770223902030425, 0.2626230572773652, 0.24622752991589633, 0.21970290436663412, 0.21162589588625866, 0.25955465994775295, 0.2820680925453251, 0.21790466745468703, 0.2890026869082993], "val_loss": [0.8300112360673659, 0.7750859901625561, 0.7471389355010446, 0.7416697079323109, 0.7503916784093163, 0.7496331954702692, 0.7338042625473017, 0.7917827265236967, 0.7411031293300016, 0.8018156208924474, 0.7667714645629351, 0.7448385649861672, 0.7900826146744568, 0.8294594556585623, 0.8386559730247659, 0.8217318288741573, 0.8659245408553637, 0.9037207624995424, 0.943600711236624, 0.8775644047879935, 0.8392053897412718, 0.8529005030962916, 0.8409663081450504, 0.8311412432923456, 0.8627787636641345, 1.120400264698972, 0.8653785380953227, 1.1068624577871182, 0.8817447981370455, 0.9453748647321906, 0.9429664835197045, 0.9383955927399116, 0.9779730200798781, 1.1362582337596803, 0.9938309165770508, 1.0709781925289956, 1.047880964394226, 0.967953932541673, 1.2027796137029656, 1.2234836461004421, 1.0909553231950386, 1.026604536884637, 0.9888245822124646, 1.075389436621257, 1.109847762251413, 1.2581638821835222, 1.0298429621257026, 1.0575993052624417, 1.1416176712922528, 1.2317338673236207, 1.1593120264438015, 1.1508107910061207, 1.3586244342710414, 1.1020362030137345, 1.188251852957933, 1.176247466432745, 1.060012380657251, 1.1073461139167728, 1.1449355773027883], "val_f1_score_pos": [0.6542322171068929, 0.7126817542550572, 0.7096066289363244, 0.701496714358251, 0.6852829530424813, 0.6906078698877084, 0.6960254618416863, 0.698527951378726, 0.7196647717106727, 0.6557077435005252, 0.6705713510794681, 0.7033959533203439, 0.6981124635478064, 0.6915603987726051, 0.6608945351556127, 0.6841117975719951, 0.647896283009907, 0.6359210009497356, 0.6068344744302894, 0.6625104327230606, 0.6910412612000132, 0.6996565127416511, 0.6844751921314096, 0.7065553521972424, 0.6761907733646616, 0.6183101211261974, 0.6981083970197443, 0.6054672086266999, 0.6980414380715834, 0.6816450206901407, 0.6728339933705023, 0.6871477899168721, 0.7038401745292979, 0.617067445959596, 0.6891454527329935, 0.6448426141127369, 0.6494709292078406, 0.6867610251781605, 0.6143879182470648, 0.606946473074122, 0.6944485787891385, 0.6847803032901573, 0.6711913380227688, 0.6634003521262458, 0.6647853278563525, 0.6256194800458929, 0.6827735686095844, 0.671217698798291, 0.6634727233731149, 0.6353185545607186, 0.6572545884226427, 0.6358245798305299, 0.5830068330798536, 0.6861265566822365, 0.6704113389949864, 0.6419395036563578, 0.6744837922716028, 0.6878227776284297, 0.6586228057746026], "val_f1_score_neu": [0.663549878326514, 0.6490046946732916, 0.6772009658588376, 0.7048258546328501, 0.7063416690923959, 0.6959920196967146, 0.7048676832279382, 0.5251786299899842, 0.6877752937671552, 0.7010605829049057, 0.7119085800607092, 0.6868872274540867, 0.7010311639874807, 0.5846825358500607, 0.7043105424185172, 0.679427553186134, 0.6974688875153094, 0.6951607071037152, 0.6898339784836288, 0.6857390561317666, 0.6782837915758182, 0.6236778956650124, 0.6891455604527962, 0.6462855000774784, 0.6851202578423313, 0.6843791936064779, 0.6758570742050619, 0.6908464361418898, 0.6750072787947896, 0.6863999273437482, 0.6726852190516422, 0.684848107145491, 0.6178227376662744, 0.6924175871597198, 0.6871396914073685, 0.6910161729906914, 0.7000971202490182, 0.6791949336246778, 0.6834948421650098, 0.6945035643318711, 0.665107725065523, 0.6621354703136607, 0.6626978575511145, 0.6822189655542812, 0.6858528557644096, 0.6842673078097292, 0.6859891054482089, 0.6724003664221064, 0.6886819317495294, 0.6860214344416583, 0.6855960226015191, 0.6824902079876345, 0.6859438701029872, 0.6625022997763599, 0.6845133241442849, 0.6838814177726967, 0.6619735654495283, 0.6722537124997952, 0.6816634564083328], "val_f1_score_pos_neg": [0.3911056449461446, 0.6082859308176268, 0.5504964860974414, 0.579648021291067, 0.5046528477760053, 0.48508929706076265, 0.5935280597838335, 0.6406693307239804, 0.5715300320891173, 0.5050851421549413, 0.5654533411491708, 0.5619055016785508, 0.5529710067528425, 0.563942573575751, 0.4949037464794261, 0.47418092107197574, 0.5575648998763972, 0.5274059362465273, 0.49154209792066866, 0.5008834120703907, 0.5557415821469115, 0.6148982621102141, 0.6051592797611506, 0.5672844495480686, 0.5642949610659371, 0.4507311263126305, 0.5633675752741566, 0.49838018322003474, 0.6115681108389194, 0.5605555427627804, 0.595993560504138, 0.5805274712861194, 0.5703541582693055, 0.48659438584190384, 0.5851838335164288, 0.5168717234678041, 0.5707286079349463, 0.5884135866177667, 0.4705593554313309, 0.5259111305249822, 0.5180964022288633, 0.5966766604656877, 0.5893344060504903, 0.5762882404930161, 0.590524616061375, 0.49887195689109815, 0.5687731599795234, 0.554834762865122, 0.5363951212866488, 0.5371040781745441, 0.5157014793403, 0.5713376469916007, 0.5074863188259876, 0.5968288584953526, 0.5490902574425635, 0.555478177044356, 0.5752080347542371, 0.5708737326456186, 0.5592588135929143],