{"1": {"val_acc": [0.5911355868056163, 0.593758185048007, 0.6268030269515505, 0.6270653106958073, 0.6462103336025591, 0.6247049618698999, 0.633359556494502, 0.6454235478051529, 0.6624705050987676, 0.6635195390933647, 0.6296879107827688, 0.6527668554076929, 0.6525045859979389, 0.6362444283672746, 0.6548649330574354, 0.6498819954933659, 0.647259379164803, 0.6414896364978627, 0.6451612864302239, 0.6157881015090532, 0.6496197268339458, 0.6391292948782866, 0.6407028452605361, 0.64175189985805, 0.6370312166188978, 0.6026750556008884, 0.6176239170960607, 0.6328350399661621, 0.634146341682262, 0.6328350316812259, 0.6262785188488343, 0.5709415183366204, 0.6265407798329645, 0.6273275554383361, 0.6286388786952701, 0.6168371288444375, 0.612903212785033, 0.6176239044498091, 0.614739056024969, 0.6247049547417284, 0.6136900135265884, 0.625491749433717, 0.609493841235168, 0.6142145341973964, 0.5990034081227442, 0.5974298486270649, 0.6092315712782957, 0.612116438398954, 0.6210333065757782, 0.614739051882501, 0.5816941942063149, 0.6108051338378382, 0.6136900124479835, 0.6142145420915337, 0.5761867324386154, 0.6236559200593251, 0.5916601139167897, 0.6168371355818102, 0.6160503599764386, 0.5979543753474396, 0.6108051518458505], "loss": [1.0913338363170624, 0.9012216133996844, 0.8518860200420022, 0.8265685671940446, 0.7720112400129437, 0.790176386013627, 0.7303468575701118, 0.7343076793476939, 0.7167375469580293, 0.6792132779955864, 0.6601538863033056, 0.6518294839188457, 0.6485371189191937, 0.6511302078142762, 0.5879813991487026, 0.5614383742213249, 0.5961190750822425, 0.547950342297554, 0.586419740691781, 0.5386612112633884, 0.49043496511876583, 0.4922308558598161, 0.48086080700159073, 0.5183372437022626, 0.4445549361407757, 0.4463720233179629, 0.3845850648358464, 0.41428807750344276, 0.446943452116102, 0.3754107072018087, 0.388629840221256, 0.3238053461536765, 0.3407794435042888, 0.6044266549870372, 0.3028985445853323, 0.28291449206881225, 0.2948996254708618, 0.3329166150651872, 0.2967250884976238, 0.2836022668052465, 0.252787688979879, 0.32380947936326265, 0.24847569270059466, 0.24461641628295183, 0.2732847335282713, 0.27068551792763174, 0.24396426463499665, 0.2935339210089296, 0.21079449588432908, 0.21651357179507613, 0.3065166960004717, 0.20662504993379116, 0.19892676663585007, 0.1844876033719629, 0.2405801780987531, 0.21113729197531939, 0.19539243401959538, 0.25184804387390614, 0.1741436142474413, 0.20201908180024475, 0.2196229975670576], "val_loss": [0.8830356200848731, 0.8692704923441177, 0.8006740265745458, 0.8079984382228717, 0.7733885131575071, 0.8130691070554139, 0.812460576428099, 0.7688415957472626, 0.7612021721287909, 0.7716198626259885, 0.8822507187821813, 0.796009554954892, 0.7885308493287302, 0.8280205701768727, 0.7975553481590707, 0.8362096952010164, 0.8322000128216798, 0.8668691781665783, 0.8816198982999858, 1.0436084015363787, 0.8670196364221691, 0.9796116738815868, 0.8978009479364134, 0.8734215600047248, 1.0132881562102662, 1.200227735300812, 1.2471398260535262, 0.9498629585014001, 1.0058355515877968, 0.9863609095867806, 1.0631838461372942, 1.649352375334903, 1.0375869149396402, 1.040691511761695, 1.0054218801900592, 1.1735811513332504, 1.23252336937644, 1.167114337566735, 1.0547573007750692, 1.146300640563905, 1.1787222148301, 1.1820853076642686, 1.3985711761637682, 1.1615467455141382, 1.5008043908022408, 1.5826550847490473, 1.3514247717208323, 1.3170623852141785, 1.220847792116451, 1.20041357057788, 1.4344867674222057, 1.3994423827567253, 1.2854316125790215, 1.2609954379282065, 1.8078970525510474, 1.295612918683434, 1.7865069654711332, 1.2475453807461647, 1.3127068063576892, 1.8612200339697742, 1.3021927983186203], "val_f1_score_pos": [0.6474893325087344, 0.5941081314833496, 0.7018067098151597, 0.6457671113849592, 0.6858974287211661, 0.6328434800182525, 0.6381863797708287, 0.7113182397455236, 0.6973501128566381, 0.694438577495533, 0.60791699448002, 0.696619702736099, 0.6988120902375602, 0.6745821333856931, 0.6856275953209809, 0.6874433846227335, 0.6633059564394617, 0.6554606898450613, 0.6661022086797534, 0.6036174432861814, 0.6806674186494949, 0.6627748283757146, 0.6843672000358275, 0.6672314482975782, 0.677171048657212, 0.5699067709485346, 0.6215370078740894, 0.6675793443675307, 0.6578189451926467, 0.6814251267750557, 0.682115906169025, 0.46567647900445047, 0.6782892460495413, 0.6463402094191965, 0.6713846034651005, 0.6413729731223103, 0.6394900499039237, 0.6227820799821573, 0.6593771750865068, 0.6419417598789644, 0.668668420803131, 0.637309652409027, 0.5764271358226873, 0.658920020216755, 0.5802228626478322, 0.5573547445755445, 0.6119704904626305, 0.6114912839220978, 0.6481123738422689, 0.6406068601634538, 0.5509151812147475, 0.6092855127627474, 0.6322679628451727, 0.6512825997551689, 0.5337029294551217, 0.6326310192697666, 0.567551800437465, 0.6450343428713551, 0.6397142058246692, 0.6269487551338492, 0.6376499145042855], "val_f1_score_neu": [0.6268987662361389, 0.6646546618287531, 0.6448028672407407, 0.6826245421472885, 0.6835140039406203, 0.6847794102834586, 0.6862228834938572, 0.6478800002339941, 0.6835317111159134, 0.6812841437196219, 0.6914964695787167, 0.6716827883546571, 0.6572437669047214, 0.6477294807480353, 0.6798233629648622, 0.6730129894171054, 0.6774499476065386, 0.6825730646497585, 0.6902511430918435, 0.6826700210696345, 0.6699786637356486, 0.680022225975834, 0.6501944239859252, 0.6630830486990665, 0.665608174073049, 0.6793030410059286, 0.679655929406484, 0.6530801276350284, 0.6783979637179511, 0.6432138702671202, 0.6282937925005097, 0.6625163282523967, 0.6336273960231829, 0.6761009566995875, 0.6458806733180931, 0.6633199181357863, 0.6593925172251539, 0.6679672729052992, 0.6193895189899051, 0.666358797452658, 0.6061590813039764, 0.6706952556768427, 0.6753768048479024, 0.6192688101112702, 0.6674119875776839, 0.6706705026166382, 0.6605159635935247, 0.6621702991381049, 0.6477875591199791, 0.644166186088469, 0.6556872250744279, 0.6653617793044924, 0.6525740177494442, 0.6355076179303055, 0.6568772033572103, 0.6666284580103156, 0.6641229523188042, 0.6451861871811402, 0.6490980729386464, 0.6586786532633392, 0.6440565878095009], "val_f1_score_pos_neg": [0.38581544536009815, 0.3400235270581594, 0.43433618462682866, 0.432565275215271, 0.496682926500497, 0.4302031664422513, 0.4911996503061364, 0.5400987294693803, 0.5814227456343696, 0.6099623927849971, 0.4988040845599851, 0.5537205214673004, 0.5881283620727553, 0.6000975374784052, 0.5741607315140761, 0.5530220903172882, 0.5788306296887812, 0.5398890052353214, 0.5002982135038503, 0.4275634584935231, 0.5769976763283834, 0.5139206631146733, 0.5784213427418085, 0.5821014714622448, 0.510057151810003, 0.3951905527016074, 0.4278459638521298, 0.5721630169249193, 0.49436151956342633, 0.5559006044003646, 0.5423931827421361, 0.4068426087463493, 0.549012528546301, 0.48546789092965054, 0.5568299634372847, 0.4762752615511339, 0.4566308441763627, 0.49591258103347907, 0.5636075871402811, 0.5176739056232936, 0.5766458517761641, 0.5203541243073198, 0.4964458154719113, 0.5777916752569887, 0.4319236884662994, 0.4598010747475853, 0.48617841238866727, 0.5178060304796542, 0.550517869095711, 0.5423797780592674, 0.40326801093269327, 0.49303986147386086, 0.5221648409927482, 0.5375291231639611, 0.3698755652923894, 0.5372324688929195, 0.40230900754992366, 0.5391411836960796, 0.5275456825798339, 0.3419194789014712, 0.5201365034660892],