{"val_f1_score_neg": [0.34443873853280793, 0.41181510663426457, 0.5570034298439086, 0.384140119953103, 0.5363801914877132, 0.5683950294886804, 0.48410488320028505, 0.619610957811112, 0.5324055371933524, 0.6032528875538786, 0.5883313364755004, 0.548643555051537, 0.6568242737604757, 0.58751264732715, 0.5773178676029469, 0.4711018754464887, 0.6406391277702156, 0.6178329789885504, 0.6181443634540928, 0.5773090450369152, 0.6114432948204028, 0.6353493278932609, 0.5859509809355457, 0.5066543830416504, 0.6557743402250227, 0.5322290790181069, 0.6012252100865234, 0.43087675791539576, 0.5885239385445538, 0.3028823641413877, 0.505774050247566, 0.6232745705893932, 0.5329856614006057, 0.4718449826538172, 0.6031600245021317, 0.507864299828444, 0.43750380486476587, 0.5625315526011357, 0.587557583539279, 0.6192607413337451, 0.5864017320811014, 0.5524933123382221, 0.5158541946938867, 0.6024826092261077, 0.5609979613103049, 0.4476373476007308, 0.5213099775932106, 0.5590611625430529, 0.5471118085815185, 0.48924470406612824, 0.5496033436352269, 0.5909905959044796, 0.502530303287156, 0.5083332381753699, 0.5341861516729666, 0.5295086213837701, 0.49188759556411915, 0.5836614610452899, 0.5492228889071407, 0.5434551279969394, 0.46627816632136004, 0.5556636849257567, 0.5783514626970949, 0.5549757268808346], "val_f1_score": [0.569854825461533, 0.6058079931575296, 0.6533913188114462, 0.587437119066262, 0.638789052291708, 0.6790435395151995, 0.6211517077088825, 0.6916662696275129, 0.6459409233125026, 0.683715080592753, 0.6857987117679795, 0.6579440680195457, 0.7125043450551117, 0.6629252753294017, 0.6701531754589256, 0.6441275729865438, 0.6936145992126485, 0.6936718736956696, 0.6610070716168603, 0.6616217493229327, 0.669294659715608, 0.690086697440994, 0.6732893431871355, 0.5850638305925179, 0.6805772883136098, 0.6587733095035508, 0.6731723027688263, 0.6174824751176892, 0.6619420918991895, 0.5616067613856298, 0.5978305326213431, 0.686648864618537, 0.6348160827938353, 0.612520788008542, 0.6720644419755393, 0.6091012614247933, 0.594731516438521, 0.657707393200667, 0.658165980129457, 0.6710694098047406, 0.6625038448231695, 0.6483717121666509, 0.637390805438157, 0.6703613685898789, 0.6451239490834177, 0.6128710340771999, 0.6307258610333979, 0.6516715277688822, 0.6483063560253737, 0.6242311969692551, 0.6394309223933136, 0.6656506385448064, 0.628577644122169, 0.6301180665461122, 0.6433320452370983, 0.6403194418298644, 0.60491468682553, 0.6339066893823685, 0.6387160068698796, 0.6374752237482268, 0.5916744570328187, 0.6427400660833723, 0.6523886249973928, 0.6238363959049572], "f1_score_pos_neg": [0.43145569910605747, 0.5383219930032889, 0.5636708252131939, 0.5955051233371099, 0.6051919609308243, 0.6117832511663437, 0.6412667458256086, 0.6327200829982758, 0.6406359821557999, 0.6544459809859594, 0.6766740183035532, 0.6821553930640221, 0.6868398934602737, 0.7041864320635796, 0.7310362954934438, 0.7125095004836718, 0.7394189462065697, 0.7443541164199511, 0.7588627561926842, 0.7555084427197775, 0.7804987678925196, 0.7880733634034792, 0.7933542852600416, 0.7944438233971596, 0.809766968091329, 0.8175415347019831, 0.8212101832032204, 0.8406548996766409, 0.8394818231463432, 0.8331728900472323, 0.8558560758829117, 0.8520025983452797, 0.8885088860988617, 0.862748883664608, 0.8837396825353304, 0.87792140742143, 0.8855603113770485, 0.8965269401669502, 0.8890552694598833, 0.9003640115261078, 0.9219196910659472, 0.9002858549356461, 0.9269907946387926, 0.9020904103914896, 0.9178584044178327, 0.9079356640577316, 0.9158700232704481, 0.9285819679498672, 0.9178294241428375, 0.9268437176942825, 0.9336358656485876, 0.919834665954113, 0.9365498696764311, 0.944067120552063, 0.9298341423273087, 0.9385639900962511, 0.944300964474678, 0.9304255843162537, 0.9350502515832583, 0.9486366808414459, 0.9473142350713412, 0.9305117428302765, 0.9504950270056725, 0.9525237207611402], "f1_score": [0.49257549581428367, 0.6028956100344658, 0.6208188732465109, 0.6448486397663752, 0.6559896295269331, 0.6595400174458822, 0.6851252168416977, 0.6750355834762255, 0.6833656703432401, 0.695053942501545, 0.7115245883663496, 0.7166543925801913, 0.7220134163896242, 0.735071043173472, 0.7581113626559576, 0.7411881337563196, 0.7658194477359453, 0.7688212047020594, 0.7824336936076483, 0.7803088674942652, 0.800735908250014, 0.8089680646856626, 0.8122078056136767, 0.8137050519386927, 0.8291390612721443, 0.8341859007875124, 0.837217390537262, 0.8543175409237543, 0.8545481388767561, 0.8487284034490585, 0.8690106123685837, 0.8657891303300858, 0.8998773743708929, 0.8746700088183085, 0.8940877467393875, 0.8875243787964185, 0.8958310758074125, 0.9064748187859853, 0.8987972239653269, 0.9096802348891894, 0.9304861128330231, 0.908759742975235, 0.9339412574966749, 0.9097327366471291, 0.9263081923127174, 0.9164279450972875, 0.9230559095740318, 0.9356818820039431, 0.9238833089669546, 0.93365195641915, 0.9395803088943163, 0.9276237934827805, 0.9423598498106003, 0.9492632100979487, 0.9349785521626472, 0.9451174189647039, 0.9491421778996786, 0.9377086063226064, 0.9416881824533144, 0.953865813712279, 0.9510084340969721, 0.9365187436342239, 0.9546108121673266, 0.9572603479027748], "val_f1_score_pos": [0.6713641383283382, 0.6899021853620287, 0.7277428890631451, 0.665797866785148, 0.653545052336796, 0.7290064575413909, 0.6564564591563345, 0.7153704319449193, 0.675018569552739, 0.706767967983459, 0.7265750476140348, 0.6897076791645254, 0.7422555123387189, 0.6686946057660543, 0.740960660769875, 0.7370270434527644, 0.7049440382941952, 0.7313387606389685, 0.6439402342436665, 0.6761749357399339, 0.6650331065218936, 0.7398100727472973, 0.7257936380211525, 0.5455671299357381, 0.7317033330505676, 0.7275765958246271, 0.7013773466700992, 0.7077179654608116, 0.67521465564068, 0.6736962271899711, 0.5829526502536471, 0.7173125718854839, 0.6545899252300027, 0.6549082062640217, 0.7176139478979854, 0.6116047881889494, 0.640699946267568, 0.70210280055422, 0.6692872414306302, 0.7031731535342307, 0.6922336104439526, 0.6734005855569807, 0.7088659188424137, 0.699742075983008, 0.7140654657820594, 0.6933500631537739, 0.653534278465074, 0.6793588179945477, 0.695884547863862, 0.6744998641724416, 0.6591425551975489, 0.7003834003886932, 0.6690553484893427, 0.6682129652519536, 0.6900678719400015, 0.6898113337833676, 0.6175230105436602, 0.6907022984015982, 0.6942845071015507, 0.6750349510288164, 0.6114320562731835, 0.6724699817083966, 0.6672766477830948, 0.6088951054189639], "f1_score_pos": [0.5690848380327225, 0.6251657431324323, 0.6463465591271719, 0.6741127421458563, 0.6770997693141302, 0.68440280854702, 0.7032115782300631, 0.6917319049437841, 0.7015027677019438, 0.707496444384257, 0.7246501818299294, 0.7328313663601875, 0.7358198389410973, 0.7487077663342158, 0.7783597583572069, 0.7500953574975332, 0.7756868029634157, 0.7809254676103592, 0.7932933593789736, 0.8017720505595207, 0.7930181647340456, 0.8139126673340797, 0.8273265833655993, 0.823384016752243, 0.8315100570519766, 0.846132347981135, 0.8511117771267891, 0.861624946196874, 0.8553973262508711, 0.8498171667257944, 0.8646130189299583, 0.8703821872671446, 0.901597278813521, 0.86887659629186, 0.8876946369806925, 0.8904843454559644, 0.8912103126446406, 0.9123163744807243, 0.8965187023083369, 0.9170413687825203, 0.9343192825714747, 0.9053833236296972, 0.9322748730580012, 0.9116993596156439, 0.9193038617571195, 0.919130044678847, 0.919374518096447, 0.9338875710964203, 0.9159088134765625, 0.9341451302170753, 0.9307911122838656, 0.9362461119890213, 0.9414338370164236, 0.9474475905299187, 0.9292918816208839, 0.9453559219837189, 0.9442078048984209, 0.9374491348862648, 0.9483612775802612, 0.9553017939130465, 0.946259376903375, 0.9400945181647936, 0.9513077264030775, 0.953234851360321],