{"val_f1_score_neg": [0.2578993055839019, 0.2740454529973783, 0.4728709353005994, 0.4380808420063766, 0.5097129838553229, 0.5607034741054094, 0.5318387462316629, 0.5862367151235018, 0.4545185367652878, 0.4462247959757284, 0.5143426575549381, 0.5405431878010123, 0.4785504976212592, 0.5822011326305597, 0.5913745113074702, 0.46845043969525435, 0.5964165083319916, 0.504502173411707, 0.565035319591156, 0.5661588023995302, 0.5267063773173148, 0.4436179005218387, 0.5749481859219523, 0.5292372240475953, 0.46817240030075946, 0.5764608121876896, 0.5590740678066101, 0.543540162644343, 0.4508335665351531, 0.48911517870101484, 0.5323166870034931, 0.528883403609235, 0.5299080041673242, 0.5750582399844505, 0.5400232690472238, 0.5371204176301623, 0.41648583521948096, 0.5476150993552499, 0.43225710579084203, 0.4644851271357827, 0.5637718634691993, 0.46182664610377855, 0.5054026391023791, 0.4294748586130204, 0.47640876242004326, 0.40764816891976985, 0.4032309242800825, 0.5531440364479555, 0.5371198934030594, 0.4942821377910065, 0.4419885707195322, 0.5339059308654449, 0.5342182951910487, 0.5502891390162837, 0.4966797756391122, 0.47303017931380315, 0.5428902456191418, 0.5060887336730957, 0.47449767388567693], "val_f1_score_pos": [0.5445419335798222, 0.512648885236176, 0.62409385022177, 0.6291713439382313, 0.5660903550462191, 0.575876455130744, 0.5962375288034382, 0.6200860473587047, 0.6118826335815449, 0.4374248125673732, 0.5464502870649989, 0.4662201317599775, 0.46950392311996986, 0.5973056713276181, 0.6063792697805066, 0.5328009299421743, 0.5845444671684047, 0.4657910988411242, 0.6379432737749993, 0.602064172581476, 0.5361294155764054, 0.6036854576507895, 0.5156721056048817, 0.5887040244620753, 0.557603467067392, 0.5219330878882402, 0.573434161073039, 0.5009106992902149, 0.6116319982148949, 0.6117519515961525, 0.6277670830140318, 0.5889159881651169, 0.47175448962841204, 0.5636424932498413, 0.6096367081470218, 0.6142862696591982, 0.5540974759406153, 0.532150086339191, 0.5758619749128586, 0.5502446664910372, 0.6133077848900772, 0.5996169110834985, 0.5979211935737254, 0.5444063974880213, 0.5592530240653864, 0.5623801233858141, 0.6009158595681345, 0.5798643973550908, 0.6120275025547092, 0.5658732387496959, 0.6112641888524463, 0.5151523377181028, 0.5658152656950994, 0.6095986775232506, 0.5776573832396867, 0.516055879503218, 0.5969806196006201, 0.571720058352103, 0.5295267445258748], "loss": [0.8933015633791943, 0.7776375017487901, 0.7492130836965755, 0.7254235122840235, 0.7165712186246609, 0.6944946339247561, 0.6740748124320783, 0.6603151161495681, 0.6582445197323908, 0.638169216721599, 0.6183844228601566, 0.6031127464052163, 0.5935194300276597, 0.5750859019395125, 0.5616513902568333, 0.5463269631630921, 0.5551219621111599, 0.5327826031168473, 0.5057576022565927, 0.47699394109932297, 0.47548393178357845, 0.4580929451704375, 0.43937405449307054, 0.43469082558148847, 0.42156051946709927, 0.4027881711962912, 0.3964275921633282, 0.39788685336060103, 0.37075892170023617, 0.3567051553208755, 0.3473169882068847, 0.3349327960480606, 0.3333595054782759, 0.3144014466008275, 0.30604988919532294, 0.28610934754691913, 0.29831734885523986, 0.27665912713399177, 0.2831866229006404, 0.2586647327130526, 0.26805416375168445, 0.24147415195202898, 0.26765073418888397, 0.2381961130935739, 0.23422786477139926, 0.22298535870338104, 0.23609754638056593, 0.21111687499838622, 0.20752518277894047, 0.210806965304004, 0.20945671974937594, 0.2046124201594713, 0.19962557669779657, 0.20210874211783658, 0.23186863207740252, 0.16151013817147938, 0.18931546549133196, 0.18522772987829544, 0.16881347490035994], "val_f1_score": [0.505851213647543, 0.5032419065247868, 0.6025510012098478, 0.5969285464008495, 0.6032955441648085, 0.6226654916267296, 0.6200960872238248, 0.6410524806469177, 0.5997290538597354, 0.5349858057638087, 0.5983837530616037, 0.5783733332821985, 0.5579733296591021, 0.6377688968691845, 0.6427641680268462, 0.5777705293221232, 0.6363699447783978, 0.5654448153289221, 0.6303843349488948, 0.6308687132156313, 0.5978785560752631, 0.5901678688485953, 0.6055515461858608, 0.6150729661631058, 0.5843464558226589, 0.605829060000359, 0.6184725541085121, 0.5882171154331449, 0.5953331576556392, 0.6039016222830104, 0.6168378388989915, 0.6123044268166509, 0.5747945653480006, 0.6210783763309088, 0.58822358419923, 0.6088817648386677, 0.5636358228638942, 0.5998996020754952, 0.576563044822015, 0.5783563134889813, 0.6224724944154267, 0.5928592262874163, 0.6019418434410244, 0.5635753630354865, 0.5837506423819081, 0.5605263440216253, 0.5650563617315428, 0.6112898849482357, 0.5959991272321471, 0.5910394521075, 0.5762899736022207, 0.584705409372827, 0.6042469191025512, 0.5967110843046166, 0.5940688900291997, 0.5677911384869487, 0.6046779195931481, 0.5971079300195172, 0.5725321433423558], "f1_score_pos": [0.4907843225833698, 0.5576368947167626, 0.5771993200445562, 0.5968389177313349, 0.6050638219324248, 0.6245396609459535, 0.6410683597658831, 0.6561682244186147, 0.6461298642342438, 0.6691101853900491, 0.6809742094662293, 0.697154753531166, 0.6978948876393755, 0.704021798662228, 0.7259472245170862, 0.732613892827628, 0.7205680706419324, 0.7386500096849845, 0.7570681895304985, 0.7653330218586906, 0.7770712344882466, 0.7911497246132797, 0.8018484114753247, 0.7969617791940254, 0.8122520685020806, 0.8211320372225012, 0.8244397608340083, 0.8222730160437393, 0.8401973399314723, 0.8429030077449406, 0.8479531787641974, 0.857511004503206, 0.852833025812374, 0.8645555130317923, 0.869012937810485, 0.8863779024643305, 0.8744445341670423, 0.8772008701680888, 0.8818525316217796, 0.8910834191958666, 0.8872932837070777, 0.8926236025983053, 0.8942458130469035, 0.9022182485071318, 0.9010299097072093, 0.904363190286652, 0.9066885186050625, 0.9120103742976564, 0.9160225615763288, 0.9122071691453725, 0.913146655658283, 0.9111820903117243, 0.9143348665636919, 0.9058511477366774, 0.897299517727924, 0.9341612491275283, 0.9162575143019531, 0.9212202797573008, 0.9354044672708819], "val_loss": [0.8121422436450706, 0.8165751082578676, 0.7586073613352349, 0.7573558771656645, 0.7410006019082669, 0.7362332799400646, 0.7284925928684833, 0.726931622829264, 0.7405371718524186, 0.8867789693225064, 0.7780727369930648, 0.8515184641502865, 0.8526538451976504, 0.7471678621883368, 0.7592523490717749, 0.8804099258281841, 0.7979968122161935, 0.9453342953544647, 0.7905977192092034, 0.7985452770722979, 0.8775721117370942, 0.8523829474214141, 0.9698630569819192, 0.8511679869836097, 0.9597531070814368, 1.008120895514383, 0.9524841459344797, 1.0040027070138242, 0.9935725922714411, 0.9448994982567279, 0.9583833349044839, 0.9496957859176606, 1.1619943420556114, 1.0992756284164547, 1.1310442531464473, 0.980223490647614, 1.1891045769828767, 1.145790412268286, 1.2255624190997212, 1.1953423510265722, 1.0274349553111926, 1.1705360101818574, 1.0930442534841298, 1.2804965535335813, 1.2248175844608113, 1.3025754218590089, 1.2012819095035163, 1.1772547978835348, 1.2497378988179406, 1.2135660543206754, 1.16850975499852, 1.3267666588497533, 1.2187083228243618, 1.2206094755118304, 1.1438531889525834, 1.539108793713858, 1.1966607448501192, 1.2678425018270965, 1.386678599971123],