{"val_f1_score_pos": [0.2939830859381499, 0.33952102179040367, 0.29417482782632876, 0.19304739019916875, 0.3407587668432398, 0.2910710425860593, 0.3730581107704799, 0.3800799894643913, 0.41078913152834556, 0.39367872927031217, 0.39360862975714717, 0.31261803730618454, 0.40836545704347404, 0.4117270735433066, 0.3524756026707734, 0.3875828648385731, 0.295793274039628, 0.35189681574936876, 0.29045957455590027, 0.3040056967998055, 0.3693058509388004, 0.3859089005384904, 0.38735976584634424, 0.38578973191040783, 0.306001509718674, 0.3496321807881491, 0.37557271204711185, 0.36778806189508306, 0.36138038807793665, 0.3324501425550695, 0.40678244874759456, 0.3843538536582506, 0.3791828718450334, 0.36699909328395486, 0.35040551468267456, 0.4128101321152615, 0.31791314051004343, 0.39945851827439993, 0.3761170062056759, 0.3987192853286467, 0.3994350085052562, 0.39345556059186115, 0.26208250799052524, 0.3449566820640581, 0.29974606870478787, 0.36630718105020577, 0.3501556859968806, 0.35125075990532734, 0.40715484189064827, 0.38535284636742456, 0.16286964827810813, 0.3992666208658248, 0.3966525773904477, 0.2596172262661853, 0.1304550578183437, 0.40929145476220696, 0.3634950061719588, 0.36155997665144013, 0.3523805400057521, 0.26698250896990755, 0.3984216387830658, 0.3882078517276963, 0.38756068040806596, 0.35850742916453815, 0.388768609329971, 0.3282630738914951, 0.2534821406911742], "loss": [1.032628406496609, 0.9040395288782961, 0.8574222427080659, 0.8295332955963471, 0.8169355050605887, 0.7916451017646229, 0.7818025731865097, 0.7506554043468308, 0.7400139031164786, 0.7268868377980064, 0.7071790042168954, 0.7044235555564656, 0.7012754481504945, 0.6643595318583881, 0.6673438614782166, 0.6415506474235478, 0.6392228480647592, 0.6137579841648831, 0.6033565621165669, 0.5872937861610862, 0.5904777569367605, 0.5674700432402247, 0.5745278268175966, 0.5475522213998962, 0.53046360677656, 0.5333423035986283, 0.5363351569017943, 0.5161392129957676, 0.5036279068273657, 0.4569397524875753, 0.4863029413801782, 0.467235752107466, 0.44730281764093566, 0.47778864226797046, 0.4330012086121475, 0.43638531600727754, 0.4180087114081663, 0.42538049422642765, 0.4142080825917861, 0.3897626329870785, 0.3673536683268407, 0.3923879103625522, 0.377316627651453, 0.3513036553254899, 0.3669541470487328, 0.3588290937683162, 0.3599242202061064, 0.35942982991828637, 0.33436208240249576, 0.3490616020691745, 0.3292796017930788, 0.313606571406126, 0.3313074877814335, 0.3120629657059908, 0.3357231279506403, 0.3116975234931006, 0.2855430651894387, 0.2977364351425101, 0.292057032313417, 0.30244911955121684, 0.3233728052719551, 0.2654397069093059, 0.2925491981646594, 0.300030250540551, 0.2780080275500522, 0.2714746117810993, 0.26802389849634733], "f1_score_pos": [0.4613234190379872, 0.49799010946470146, 0.528539310045102, 0.547163234475781, 0.5660992521135246, 0.5830924366326893, 0.5949152028735947, 0.6167292147874832, 0.6364462029408006, 0.6396587802206769, 0.6591540566262077, 0.6524287321988274, 0.652317637906355, 0.6988179850227693, 0.685731466202175, 0.7111218966105405, 0.7125848956844386, 0.722718757303322, 0.7348311109577909, 0.7461733449907864, 0.7373907224220388, 0.7601862396387493, 0.7519699374542517, 0.7775420147706481, 0.7809603056486916, 0.7846280196133781, 0.771603577715509, 0.7815649535726098, 0.7837786363328204, 0.8238187335869845, 0.8097216600880903, 0.8172659711802707, 0.8202595114707947, 0.8112111078465686, 0.8239213188781458, 0.8220287223949152, 0.8338361588471076, 0.8403405542759335, 0.8331933683332275, 0.8604189065449378, 0.8575015059288811, 0.8566206864574376, 0.8583777568796102, 0.8609549639856114, 0.8523480515269672, 0.8696841615087846, 0.8645861109389978, 0.858798119075158, 0.8738126754760742, 0.8599982976036913, 0.8780947928042973, 0.8784875409568057, 0.8723548102904769, 0.8692612165913862, 0.8686979825005812, 0.8707296361818033, 0.8993632885463098, 0.8862915792885948, 0.8868786210522932, 0.8919412769815501, 0.8767965786597308, 0.8886663611320889, 0.8854219282374662, 0.8808883231352357, 0.89389277775498, 0.8970069543403738, 0.8918116127743441], "acc": [0.48522058655233946, 0.5686029441216413, 0.596911766073283, 0.6102941150174421, 0.6211029370041454, 0.635735294836409, 0.6361029393532697, 0.6576470636269626, 0.6586029376177227, 0.6723529446650954, 0.681470587849617, 0.678602942649056, 0.6838970561237896, 0.7080882353817716, 0.7068382339442477, 0.7167647099670242, 0.71977940464721, 0.7307352905764299, 0.7367647036033518, 0.7509558805648018, 0.744191174121464, 0.7591911734027021, 0.7550735350917367, 0.7663970655378174, 0.7754411749980029, 0.7744852922418538, 0.7717647105455399, 0.7813970604363609, 0.7871323508374831, 0.8118382376783034, 0.8012500037165249, 0.8081617596394876, 0.8207352915230919, 0.8069852932411081, 0.8261029474875506, 0.8248529412290629, 0.8350735280443641, 0.8314705907421953, 0.8339705879197401, 0.8486764750936452, 0.857573530253242, 0.8475735283949796, 0.8541176450603148, 0.8633823486811975, 0.8557352953973938, 0.862573528991026, 0.8615441190845826, 0.8602941141409033, 0.8721323526080917, 0.8662499995792613, 0.8772794100291589, 0.8818382349084405, 0.877499999368892, 0.8822794078904039, 0.8752205801360747, 0.8834558869985973, 0.8934558866655126, 0.8895588249844664, 0.8911029429120176, 0.8878676488119013, 0.8797058796181398, 0.9045588181299322, 0.8882352968349176, 0.8911029407206703, 0.8976470530033112, 0.8992647046551985, 0.9008823563070858], "val_f1_score": [0.523584197165995, 0.5004822336576353, 0.5387519538482995, 0.5032485621875329, 0.5431326477848298, 0.4740082023517001, 0.5260147207018174, 0.4924611795661796, 0.5665552508332308, 0.5584071494414363, 0.5276401800933422, 0.5445394568544114, 0.5615924855797236, 0.5395972599492006, 0.5427937996961274, 0.5435996137649907, 0.5214514612910236, 0.45534551733525763, 0.5332731265931638, 0.5374491613323068, 0.54122718628387, 0.5133739072784238, 0.5477179001431931, 0.540505887069951, 0.46058383697976524, 0.4073700049654943, 0.5546511849786482, 0.5376453958569053, 0.5504406247383509, 0.5392722034046793, 0.5266936677723815, 0.5518433109522403, 0.4824938713512172, 0.5443096485456475, 0.5483887972753433, 0.5366419989195055, 0.4944921497873932, 0.5388405147137215, 0.509177238365792, 0.5547342632088209, 0.5481659179059868, 0.5399714217655732, 0.476516516960477, 0.548634826627552, 0.5039557668736965, 0.5288639483932327, 0.5354795007758242, 0.5150905461982731, 0.5309141569452891, 0.5498989146677052, 0.4735783534547632, 0.5111968847770064, 0.5529197258719764, 0.47090441457763, 0.4674474150813811, 0.5465243430326395, 0.53497145621561, 0.49319073653038803, 0.5384730932629972, 0.505965069693807, 0.5418415535316776, 0.5054784497322394, 0.5495032576950509, 0.5335304972640684, 0.5323273343542273, 0.4710068903390856, 0.48945562239171575],