{"val_f1_score_pos_neg": [0.44079957646458223, 0.50197855708107, 0.5064278588718921, 0.5123615966142083, 0.5212873359255487, 0.5208990928728437, 0.5225738030451663, 0.5271312470296033, 0.5271312470296033, 0.5255250214373631, 0.5251784453609626, 0.5257320901305226, 0.5257320901305226, 0.5248581934969412, 0.5247433337988955, 0.5248511942890476, 0.5238837599441695, 0.5250635846468398, 0.5253498302867898, 0.5264428283109648, 0.5268071544723751, 0.5263565555507981, 0.5270975883820537, 0.5272097867397445, 0.5292596638343355, 0.529919988881438, 0.5302078747824363, 0.5308810883765142, 0.5366512450714171, 0.5366512450714171, 0.5366512450714171, 0.5366512450714171, 0.5366512450714171, 0.5364421129601852, 0.5364421129601852, 0.5364421129601852, 0.5364421129601852, 0.5364421129601852, 0.5364421129601852, 0.5364421129601852, 0.5368540384248583, 0.5368540384248583, 0.5368540384248583, 0.5366884569405196, 0.53734098164203, 0.5379213364518849, 0.5379213364518849, 0.539630573501807, 0.540240360438089, 0.540240360438089, 0.540240360438089, 0.540240360438089, 0.540240360438089, 0.540240360438089, 0.540240360438089, 0.539924125986527, 0.539924125986527, 0.539924125986527, 0.5398382674731703, 0.5397408960248865, 0.5397408960248865, 0.5391298976120847, 0.5387423970772468, 0.5387423970772468, 0.5384352025071562, 0.5384352025071562, 0.5382962891382087, 0.5382962891382087, 0.5382962891382087, 0.5382962891382087, 0.5382962891382087, 0.5380127411047493, 0.5378619161860199, 0.5378619161860199, 0.5378619161860199, 0.5378619161860199, 0.5378619161860199, 0.5374621758303428, 0.5371631990572051, 0.5371631990572051, 0.5371631990572051, 0.5371631990572051, 0.5368653008889689, 0.5374787222548104, 0.5370721507347571, 0.5369645012759987, 0.5369645012759987, 0.5364497739000018, 0.5364497739000018, 0.5364497739000018, 0.5369493555528674, 0.5369493555528674, 0.5369493555528674, 0.5369493555528674, 0.5369493555528674, 0.5369493555528674, 0.5367645311318074, 0.5367645311318074, 0.5367645311318074, 0.5367645311318074], "loss": [2.9347946643829346, 0.21061088144779205, 0.014585520140826702, 0.009963351301848888, 0.011209579184651375, 0.0011878634104505181, 0.0008778964984230697, 0.009076250717043877, 2.451074578857515e-05, 0.004050370305776596, 0.001292419619858265, 0.00040534776053391397, 0.0001570830208947882, 0.0007964675896801054, 0.000493479601573199, 0.00040367699693888426, 0.0019189206650480628, 0.001134573365561664, 0.0012708758004009724, 0.0006330945179797709, 0.0008552863146178424, 0.0005670125246979296, 4.1200903069693595e-05, 0.0005611666128970683, 0.00268236780539155, 0.0007232782081700861, 0.00022963606170378625, 0.0002730383421294391, 0.03473712131381035, 2.4390605176449753e-05, 1.6282536307699047e-05, 1.318592421739595e-05, 1.998081643250771e-05, 8.566857286496088e-05, 6.33737217867747e-05, 1.8073476894642226e-05, 2.454326477163704e-06, 6.778445094823837e-05, 1.4139593986328691e-05, 5.383702591643669e-05, 0.0001716311671771109, 2.105182284140028e-05, 0.00013550155563279986, 5.0379978347336873e-05, 3.3570609957678244e-05, 1.6165198758244514e-05, 4.838500899495557e-06, 0.0004683753941208124, 6.444660539273173e-05, 3.690939047373831e-05, 3.047399513889104e-05, 1.382381242365227e-06, 1.6045058146119118e-05, 1.2468795830500312e-05, 1.819081444409676e-05, 3.0353854526765645e-05, 5.228825466474518e-05, 1.6207986845984124e-06, 2.2604344849241897e-05, 4.358601654530503e-05, 2.665837928361725e-05, 0.0006931559182703495, 0.00015314726624637842, 6.866919648018666e-06, 4.859278124058619e-05, 1.8907941921497695e-05, 9.251093615603168e-06, 6.866919648018666e-06, 2.176895213779062e-05, 1.1753543731174432e-05, 5.675770808011293e-06, 1.235145828104578e-05, 0.0001608986349310726, 6.2699432419321965e-06, 1.3661820958077442e-05, 4.167867518845014e-05, 2.2159092623041943e-06, 7.636653754161671e-05, 6.742775440216064e-05, 2.2159092623041943e-06, 1.8310955056222156e-05, 8.892534424376208e-06, 2.0457649952732027e-05, 6.85015766066499e-05, 3.71487440133933e-05, 7.946878031361848e-05, 3.883892986777937e-06, 0.00017198598652612418, 5.460491934172751e-07, 3.2140102121047676e-05, 7.64866781537421e-05, 1.8601541569296387e-06, 1.8601541569296387e-06, 3.237945929868147e-05, 7.463906513294205e-06, 3.345046570757404e-05, 0.0004155434144195169, 1.9765536762861302e-06, 5.912312190048397e-06, 1.1430257700340007e-06], "f1_score_neu": [0.0, 0.0, 0.0, 0.0, 0.0, 0.0, 0.0, 0.0, 0.0, 0.0, 0.0, 0.0, 0.0, 0.0, 0.0, 0.0, 0.0, 0.0, 0.0, 0.0, 0.0, 0.0, 0.0, 0.0, 0.0, 0.0, 0.0, 0.0, 0.0, 0.0, 0.0, 0.0, 0.0, 0.0, 0.0, 0.0, 0.0, 0.0, 0.0, 0.0, 0.0, 0.0, 0.0, 0.0, 0.0, 0.0, 0.0, 0.0, 0.0, 0.0, 0.0, 0.0, 0.0, 0.0, 0.0, 0.0, 0.0, 0.0, 0.0, 0.0, 0.0, 0.0, 0.0, 0.0, 0.0, 0.0, 0.0, 0.0, 0.0, 0.0, 0.0, 0.0, 0.0, 0.0, 0.0, 0.0, 0.0, 0.0, 0.0, 0.0, 0.0, 0.0, 0.0, 0.0, 0.0, 0.0, 0.0, 0.0, 0.0, 0.0, 0.0, 0.0, 0.0, 0.0, 0.0, 0.0, 0.0, 0.0, 0.0, 0.0], "f1_score_neg": [0.0, 1.0, 1.0, 1.0, 1.0, 1.0, 1.0, 1.0, 1.0, 1.0, 1.0, 1.0, 1.0, 1.0, 1.0, 1.0, 1.0, 1.0, 1.0, 1.0, 1.0, 1.0, 1.0, 1.0, 1.0, 1.0, 1.0, 1.0, 1.0, 1.0, 1.0, 1.0, 1.0, 1.0, 1.0, 1.0, 1.0, 1.0, 1.0, 1.0, 1.0, 1.0, 1.0, 1.0, 1.0, 1.0, 1.0, 1.0, 1.0, 1.0, 1.0, 1.0, 1.0, 1.0, 1.0, 1.0, 1.0, 1.0, 1.0, 1.0, 1.0, 1.0, 1.0, 1.0, 1.0, 1.0, 1.0, 1.0, 1.0, 1.0, 1.0, 1.0, 1.0, 1.0, 1.0, 1.0, 1.0, 1.0, 1.0, 1.0, 1.0, 1.0, 1.0, 1.0, 1.0, 1.0, 1.0, 1.0, 1.0, 1.0, 1.0, 1.0, 1.0, 1.0, 1.0, 1.0, 1.0, 1.0, 1.0, 1.0], "val_f1_score_neg": [0.28883786067667516, 0.4025180443296775, 0.40996960367457375, 0.41992111731913656, 0.43390731352100276, 0.4338692497103476, 0.43739051327847944, 0.44666278311470314, 0.44666278311470314, 0.4430970361609175, 0.44269818682668094, 0.4438782040368782, 0.4438782040368782, 0.44192308805728564, 0.441571404239558, 0.4418209058748216, 0.440331770660619, 0.442052441711911, 0.4422983979963112, 0.4449047451331301, 0.4456639383882167, 0.4449233158957824, 0.4462812560188655, 0.4463983276385571, 0.4494367082491654, 0.45063156409273614, 0.451247982885967, 0.45246960454464835, 0.46107449253775334, 0.46107449253775334, 0.46107449253775334, 0.46107449253775334, 0.46107449253775334, 0.46039237263726024, 0.46039237263726024, 0.46039237263726024, 0.46039237263726024, 0.46039237263726024, 0.46039237263726024, 0.46039237263726024, 0.46094347330612867, 0.46094347330612867, 0.46094347330612867, 0.4603377624021376, 0.46150998317473146, 0.4625274609103154, 0.4625274609103154, 0.4658129031643166, 0.46689790544346066, 0.46689790544346066, 0.46689790544346066, 0.46689790544346066, 0.46689790544346066, 0.46689790544346066, 0.46689790544346066, 0.4666037003246155, 0.4666037003246155, 0.4666037003246155, 0.46629696619376215, 0.465969840177488, 0.465969840177488, 0.46449350362651903, 0.46392403931840337, 0.46392403931840337, 0.4636011119436599, 0.4636011119436599, 0.46332329692973134, 0.46332329692973134, 0.46332329692973134, 0.46332329692973134, 0.46332329692973134, 0.4630486004908442, 0.462469960225088, 0.462469960225088, 0.462469960225088, 0.462469960225088, 0.462469960225088, 0.46184410754695765, 0.46154373562182777, 0.46154373562182777, 0.46154373562182777, 0.46154373562182777, 0.46124649008771673, 0.46234052372891665, 0.46169277458968766, 0.46134282982696423, 0.46134282982696423, 0.4603357620824518, 0.4603357620824518, 0.4603357620824518, 0.4611919164470009, 0.4611919164470009, 0.4611919164470009, 0.4611919164470009, 0.4611919164470009, 0.4611919164470009, 0.4605446010945258, 0.4605446010945258, 0.4605446010945258, 0.4605446010945258], "val_f1_score_neu": [0.0, 0.0, 0.0, 0.0, 0.0, 0.0, 0.0, 0.0, 0.0, 0.0, 0.0, 0.0, 0.0, 0.0, 0.0, 0.0, 0.0, 0.0, 0.0, 0.0, 0.0, 0.0, 0.0, 0.0, 0.0, 0.0, 0.0, 0.0, 0.0, 0.0, 0.0, 0.0, 0.0, 0.0, 0.0, 0.0, 0.0, 0.0, 0.0, 0.0, 0.0, 0.0, 0.0, 0.0, 0.0, 0.0, 0.0, 0.0, 0.0, 0.0, 0.0, 0.0, 0.0, 0.0, 0.0, 0.0, 0.0, 0.0, 0.0, 0.0, 0.0, 0.0, 0.0, 0.0, 0.0, 0.0, 0.0, 0.0, 0.0, 0.0, 0.0, 0.0, 0.0, 0.0, 0.0, 0.0, 0.0, 0.0, 0.0, 0.0, 0.0, 0.0, 0.0, 0.0, 0.0, 0.0, 0.0, 0.0, 0.0, 0.0, 0.0, 0.0, 0.0, 0.0, 0.0, 0.0, 0.0, 0.0, 0.0, 0.0],