{"loss": [0.9989086995603574, 0.9701184723761624, 0.9614916994842849, 0.9453495850895465, 0.9364211235819815, 0.9336959929238458, 0.9111407782084212, 0.9073059405159444, 0.8997649242937226, 0.8863289564239567, 0.8665900314422038, 0.8705692965940309, 0.8611715565852168, 0.8612351098700938, 0.833583650912134, 0.8332142961007029, 0.8047752431938506, 0.7976923720933649, 0.7996153266061397, 0.7845595892792426, 0.7788949542584609, 0.7541180410048743, 0.7394787938772613, 0.723121429694856, 0.7054928998088956, 0.7231764491689385, 0.6819141687344982, 0.6318569463618082, 0.6497240038385591, 0.6158418415437356, 0.6138848362821885, 0.5791870936215412, 0.5664573972911541, 0.5209583392070078, 0.5402848582320073, 0.5154886098971484, 0.4377369190103361, 0.45261498528741295, 0.42240733557187127, 0.4484710702878239, 0.3640890655840723, 0.3087133091781689, 0.37031801906398165, 0.31708303697944235, 0.2872305857176715, 0.22661096428752095, 0.27260782412895973, 0.18951689773815372, 0.2399587588763174, 0.17258115336474836, 0.29558804445822295, 0.15484940475547435, 0.13339673971619942, 0.22167763028409213, 0.19305586639816041, 0.11652228535318387, 0.12220143955037951, 0.09341038354005007, 0.12952615130098308, 0.08067307970851946, 0.08878975565310006, 0.14712910027805923, 0.0971205672105639, 0.07570562098543109, 0.08318119957358154, 0.12726866804273357, 0.08212326258656846, 0.07556162040368697, 0.05805149453981455, 0.10401554191721725], "val_loss": [0.9624782026336249, 0.9600565094822489, 0.9789367574028139, 0.9556694278430581, 0.9575562251822671, 0.9904380253468348, 0.9337745233530992, 0.9255725961453625, 0.9279185053105646, 0.9633672043438698, 1.0426750108506413, 0.9644089541089103, 0.9863432321291841, 0.9220882430392899, 0.9410665332152041, 0.9715987296963813, 0.9426576494424602, 1.3204661146720151, 0.9151152476798906, 0.923976271412101, 0.9265382756876558, 1.0156394455101672, 0.9803165533814173, 1.0546751049194527, 0.9276496507647041, 1.0712725138932802, 1.0012149356482771, 1.044412620971737, 1.0311689440986243, 1.048555972131531, 1.2478333538554338, 1.393362748011182, 1.1865281476843192, 1.422405343777844, 1.2141131720644363, 1.236458098187166, 1.1680774839410795, 1.1339489490129473, 1.8522644684520622, 1.1825465377191728, 1.0804526143438078, 1.6309605983082434, 1.4360038744791577, 1.4938406480268782, 1.1544909231057006, 1.4221510940857316, 1.330693650902138, 1.785741759182067, 1.311216682307562, 1.6871036086721027, 1.8914838801039027, 1.9919521863827567, 1.9835449384061505, 1.5942810530656568, 1.6720054788195595, 1.6161856984017937, 1.6264250846917698, 2.6104969668000453, 1.7848657348725911, 1.9272475361973234, 2.7936499324698323, 1.7742420370796594, 1.943157439834633, 2.045562077374273, 1.631064841833819, 1.7343546328168638, 2.521207454058345, 1.8672209942296092, 1.8642495411060032, 2.719696793597989], "f1_score_neg": [0.0075355602575497335, 0.0, 0.0, 0.006702605315735399, 0.002564219071159527, 0.04411001666840241, 0.05538159081992499, 0.10323087279870434, 0.09152567418287767, 0.14716807073593935, 0.17442718343575156, 0.18528124218665135, 0.219710244683487, 0.19738445231097884, 0.27826910461092835, 0.27867022223037047, 0.29897274481283426, 0.318648753607812, 0.380131933751735, 0.3350706839582983, 0.4107232706556882, 0.378804667116271, 0.46044059432789514, 0.4325784087437687, 0.48830070153422994, 0.509058418360506, 0.49969600827027455, 0.5701507567332993, 0.5624584962391816, 0.588717996552659, 0.5748984821470823, 0.6411329443554732, 0.6246263756137509, 0.6628565738770948, 0.672068457142576, 0.6539386550993774, 0.6662105650905767, 0.7178618528415488, 0.7605811343095713, 0.7165550527730231, 0.7636762904700364, 0.8053481476271489, 0.7807044269657519, 0.8244314150104356, 0.8255490953682894, 0.8678364722683369, 0.8646218195058889, 0.8894428617092425, 0.8195653475418536, 0.9116067301563183, 0.8574062951355076, 0.9241975016882644, 0.9387455962545557, 0.927774285288457, 0.8722439335462302, 0.9386730431318449, 0.9311819195813593, 0.961006455968741, 0.9333775625959269, 0.9624309049697571, 0.9621909858617265, 0.9558260855931671, 0.9539296168649284, 0.9659630146693429, 0.9665225274512179, 0.9214516923073646, 0.9528137431957874, 0.9566350903399801, 0.9757381984797174, 0.9389563650161818], "val_f1_score": [0.2449048420738368, 0.2449048420738368, 0.2449048420738368, 0.2449048420738368, 0.2449048420738368, 0.25527987346631265, 0.2657290179753333, 0.32084485392397427, 0.36618307631961694, 0.3684874188914914, 0.32743958545119056, 0.36926041590108144, 0.3515533645997507, 0.37226607765214464, 0.43345710415118033, 0.3596254045584324, 0.37773062879958647, 0.16038014832068145, 0.46977720951407365, 0.4165603301775769, 0.3919842018651425, 0.3543861921648209, 0.4067806224053136, 0.38281695744272165, 0.4141063380226474, 0.35844605918670625, 0.396795577191292, 0.37957677677814594, 0.37925927264520315, 0.395788066900418, 0.29973834447180375, 0.26738809599297514, 0.3606529844941126, 0.31120528357199045, 0.350025973421462, 0.3528581276181642, 0.35959991704537364, 0.43864195725795474, 0.23989824061101309, 0.39084771749224323, 0.45823166221939726, 0.37573440938031716, 0.356627701109133, 0.3509921865334946, 0.45460426024113487, 0.3601416885778215, 0.4073707947369959, 0.3299404731083274, 0.42278861734685075, 0.38274911874077644, 0.33442649166933136, 0.3102506756484136, 0.3214814087028647, 0.38332546645022453, 0.36393373578003557, 0.4087222989121725, 0.41639147980490676, 0.29620539459477974, 0.38301115608931485, 0.36411801193175236, 0.30809363256557115, 0.40718072317121023, 0.3822357386760927, 0.3685461487131513, 0.45296696477449583, 0.4120354318574015, 0.31363875330315066, 0.39742078597614255, 0.43176597908829273, 0.3041157380809474], "val_f1_score_neg": [0.0, 0.0, 0.0, 0.0, 0.0, 0.0, 0.0, 0.0, 0.04345114045637719, 0.04364408391792425, 0.0, 0.034902915195357966, 0.0, 0.01663190139007658, 0.24711548541678355, 0.0, 0.02499346783354375, 0.018008122073768524, 0.30152876080201474, 0.2584994495735598, 0.0, 0.0, 0.28445104118879505, 0.340014961134358, 0.09712091244952999, 0.0, 0.20942039026858958, 0.11186601491050517, 0.2613770664857237, 0.2792101313496412, 0.27665905003553637, 0.12075469714679168, 0.025405846522172194, 0.009135506902640693, 0.340872883237199, 0.20778516005813255, 0.06547425216406547, 0.2821714337798621, 0.0, 0.18785276093306918, 0.24384647139694277, 0.0, 0.22694565460216418, 0.00920268043745146, 0.25596261673486875, 0.3888661348551176, 0.39160225436893364, 0.049064307602982644, 0.33178282026504546, 0.20367108598743125, 0.32463384398232414, 0.08300853250210216, 0.10715682103353388, 0.21006220097983436, 0.026629027795135155, 0.2669513445436134, 0.12749910376993975, 0.15499914391840505, 0.13835510510825394, 0.1170368014796356, 0.21280782245500515, 0.34263136915778636, 0.2295726734272977, 0.1099290826331092, 0.32179368191278623, 0.25018017007054316, 0.05755038057758154, 0.17338693899117663, 0.17711836317826868, 0.04209343493171269],