{"1": {"f1_score_neg": [0.21681075977782407, 0.36944570144017536, 0.45890047401189804, 0.5277559707562128, 0.5348629057407379, 0.6013496567805608, 0.6063608378171921, 0.6089595903952917, 0.6471657454967499, 0.65262903769811, 0.6445662826299667, 0.6800029377142588, 0.7180021901925405, 0.7209790746370951, 0.7012681563695272, 0.7209621916214625, 0.762364019950231, 0.7740817417701086, 0.7429310977458954, 0.782235120733579, 0.7919665575027466, 0.7828357021013895, 0.8259424517552058, 0.8101645857095718, 0.8366492638985316, 0.8176645487546921, 0.7923600524663925, 0.844603051741918, 0.8565456221501032, 0.8518413404623667, 0.8712064474821091, 0.8669022818406423, 0.866789643963178, 0.9022570053736368, 0.8914660662412643, 0.9034620473782221, 0.8982772876818975, 0.9140763084093729, 0.8792718400557836, 0.9146730701128641, 0.8932793239752451, 0.922010158499082, 0.9254462023576101, 0.9372076392173767, 0.9307718227307001, 0.887523020307223, 0.9386143088340759, 0.9360162814458212, 0.921128049492836, 0.9357316792011261, 0.9382327745358149, 0.9419612934192022, 0.9380006790161133, 0.9145534137884775, 0.9474723388751348, 0.9515841255585352, 0.9614755610624949, 0.9354692151149114, 0.9500798483689626, 0.9561019142468771, 0.957047904531161, 0.96023857096831, 0.944886177778244, 0.9419913242260615, 0.954081172744433, 0.9460013409455618], "val_acc": [0.6157880978355438, 0.6110674078590189, 0.6860739628286334, 0.6910569172439505, 0.6233936517281761, 0.6858116983116814, 0.6784683913969475, 0.6963021265938312, 0.7128245517271509, 0.6847626450116198, 0.7033831623324003, 0.7204301105125851, 0.6926304725971617, 0.6944662851203061, 0.7201678423221237, 0.7157094037473405, 0.7162339351573017, 0.6475216399300858, 0.7036454274589985, 0.7120377671490371, 0.6726986554673798, 0.6845003883106453, 0.6430632048881245, 0.6931549913608712, 0.6863362159186263, 0.6873852607930642, 0.669027006832471, 0.688696558694967, 0.6724364029088734, 0.6677156968314348, 0.7012850780234449, 0.6913191595322624, 0.6774193488985667, 0.6711250929078373, 0.6973511714682691, 0.6692892784775945, 0.69131916734824, 0.6711250929078373, 0.6664044102783313, 0.6729609241893277, 0.7007605458631498, 0.6611592033045078, 0.6858117006877386, 0.679779706150098, 0.6991870002330147, 0.694728553842254, 0.6713873525945152, 0.679255177116194, 0.6868607310088263, 0.6784683937730046, 0.6931549835448937, 0.6370312013777416, 0.6700760595228864, 0.6826645661425846, 0.6839758688591298, 0.6831890902680547, 0.6792551735208443, 0.689483343882727, 0.6944663019715536, 0.684500385246782, 0.6805664841315267, 0.6897456126046749, 0.6797797013979836, 0.6708628355972166, 0.6724364029088734, 0.6892210769897179], "acc": [0.557666669289271, 0.7010000000397364, 0.7101666728655497, 0.7439999977747599, 0.741499995191892, 0.7566666652758917, 0.7660000075896581, 0.7783333361148834, 0.7823333293199539, 0.7994999984900156, 0.7913333276907603, 0.8106666753689448, 0.8131666680177053, 0.8259999950726827, 0.8128333340088526, 0.8353333373864492, 0.8353333373864492, 0.8578333407640457, 0.8213333338499069, 0.8578333308299383, 0.8429999947547913, 0.8588333378235499, 0.8744999965031942, 0.8688333332538605, 0.887500007947286, 0.8561666707197825, 0.8686666587988535, 0.8923333287239075, 0.9108333388964335, 0.8876666774352392, 0.918833335240682, 0.8978333324193954, 0.8934999952713648, 0.9306666602691015, 0.9013333320617676, 0.929833322763443, 0.9341666648785273, 0.9376666694879532, 0.93299999833107, 0.9131666719913483, 0.9241666694482168, 0.9476666649182638, 0.9461666544278463, 0.9388333310683569, 0.9463333239157995, 0.9276666641235352, 0.9551666627327601, 0.9583333333333334, 0.9383333226044973, 0.9586666574080785, 0.9488333364327749, 0.9553333322207133, 0.9491666654745737, 0.9498333285252253, 0.9633333384990692, 0.9500000029802322, 0.9675000061591467, 0.9608333259820938, 0.9590000013510386, 0.9663333296775818, 0.9590000013510386, 0.9718333333730698, 0.968666672706604, 0.9671666671832403, 0.9598333239555359, 0.9675000011920929], "f1_score_pos": [0.5835657268762589, 0.6645740667978922, 0.6811545789241791, 0.71133092045784, 0.7100861221551895, 0.7283964107433955, 0.7468078980843226, 0.7668173710505167, 0.7585062185923258, 0.7787745942672094, 0.7719636261463165, 0.7929791957139969, 0.788451741139094, 0.8054240196943283, 0.796699066956838, 0.8258631328741709, 0.8057190626859665, 0.847070649266243, 0.798749585946401, 0.8466160496075948, 0.8237265646457672, 0.8434031158685684, 0.855057954788208, 0.8500252018372217, 0.8715487668911616, 0.8154386331637701, 0.8599775234858195, 0.8773308992385864, 0.9047581056753794, 0.8687705049912134, 0.9139533241589864, 0.8746954252322515, 0.8735462129116058, 0.9191306481758753, 0.8756366868813833, 0.9209188421567281, 0.9274609684944153, 0.9283515959978104, 0.9339340428511301, 0.8836066275835037, 0.913245439529419, 0.9429337580998739, 0.9366958141326904, 0.9221809556086858, 0.939051349957784, 0.9236393620570501, 0.948488841454188, 0.9534499595562617, 0.9240779380003611, 0.9523989955584208, 0.9395052542289098, 0.9481178224086761, 0.9362839460372925, 0.9439997474352518, 0.9582586139440536, 0.9310723741849264, 0.9599712590376536, 0.9569439142942429, 0.9511129756768545, 0.9586718479792277, 0.9470250209172567, 0.966372420390447, 0.965741847952207, 0.96581169962883, 0.9477843046188354, 0.9666289041439692], "f1_score_pos_neg": [0.40018824487924576, 0.5170098841190338, 0.5700275301933289, 0.6195434331893921, 0.6224745164314905, 0.6648730337619781, 0.6765843679507574, 0.6878884782393774, 0.7028359870115916, 0.7157018184661865, 0.7082649568716685, 0.736491064230601, 0.7532269656658173, 0.7632015446821848, 0.7489836166302363, 0.7734126597642899, 0.7840415388345718, 0.8105762004852295, 0.7708403418461481, 0.8144255777200063, 0.8078465610742569, 0.8131194065014521, 0.8405001958211263, 0.8300948838392893, 0.8540990203619003, 0.8165515959262848, 0.8261687854925791, 0.8609669754902521, 0.880651851495107, 0.8603059202432632, 0.8925798932711283, 0.87079885105292, 0.8701679309209188, 0.9106938342253367, 0.8835513740777969, 0.9121904373168945, 0.9128691355387369, 0.9212139497200648, 0.90660293896993, 0.8991398513317108, 0.9032623718182246, 0.9324719657500585, 0.9310710181792577, 0.9296942949295044, 0.9349115838607153, 0.9055811862150828, 0.943551575144132, 0.9447331180175146, 0.9226029962301254, 0.9440653423468272, 0.9388690143823624, 0.9450395653645197, 0.9371423174937566, 0.929276575644811, 0.9528654714425405, 0.9413282523552576, 0.960723415017128, 0.9462065597375234, 0.950596402088801, 0.9573868711789449, 0.952036460240682, 0.9633054931958517, 0.9553140153487524, 0.9539015144109726, 0.9509327510992686, 0.9563151299953461], "val_f1_score_neg": [0.23552781534169936, 0.4054019406355806, 0.514766006778614, 0.5864568877620332, 0.6151809108841929, 0.5506144120503748, 0.34153714599398033, 0.5689816153834193, 0.6230485394280506, 0.4149248997683041, 0.5548037207567439, 0.6087294259378987, 0.49629530374721814, 0.494381196810572, 0.6155832386098132, 0.5791816573708257, 0.5851782057624835, 0.4341569427599158, 0.6093250920758171, 0.6098978628707064, 0.6360855934471713, 0.5053232006597731, 0.42626898201344177, 0.5765092609874727, 0.5595671192667411, 0.526679516198158, 0.5256186887375677, 0.4172419540734545, 0.42492655621499115, 0.4319643390138037, 0.5157118700571708, 0.6082110154075382, 0.5260735458662402, 0.4221898816621682, 0.5200187237969915, 0.5041470579234377, 0.5165452250276311, 0.36573693495455795, 0.3804077778217707, 0.4795057351996259, 0.5829626864690403, 0.5579281268768851, 0.5295851629705152, 0.49111321376997624, 0.558305736292137, 0.5333290336140178, 0.3336252040072685, 0.5519523593249548, 0.5466726273493663, 0.49204541176534095, 0.5910424139754152, 0.5636196065505533, 0.49902390895976567, 0.5834616825176042, 0.5227976875170116, 0.5231238952028198, 0.5751715480046357, 0.5879779922315026, 0.5796141755133828, 0.5219621492782791, 0.5438048818465953, 0.5450812703100615, 0.5761543078088648, 0.5280555282525744, 0.5057212035392733, 0.5570820368652484],