{"val_f1_score": [0.43638563464474045, 0.4120179879949589, 0.469467425341012, 0.5214569934359339, 0.46930220559594654, 0.5284030908032468, 0.5231073013147791, 0.5518063112684483, 0.46025201458411874, 0.4871630294334765, 0.5565254944056152, 0.5629027254453823, 0.5792567177876341, 0.5613477927202369, 0.5103350994799302, 0.5442137532120506, 0.5620290714773143, 0.498915147255843, 0.5656777440938551, 0.57778806084188, 0.5578851269753302, 0.4741812673603904, 0.5797126486770108, 0.5365958701261142, 0.571601527690673, 0.5208260440043485, 0.5006461453984784, 0.4667231566027591, 0.509908406277578, 0.5684260538286097, 0.580835163888232, 0.5790839238151794, 0.5393657499854757, 0.4927321787197956, 0.5776608427311996, 0.5182732661672396, 0.5671184512874965, 0.5664881294341008, 0.564579418689026, 0.5481950552464604, 0.5242262994765806, 0.5252749423051921, 0.566455991135167, 0.5757189369984591, 0.4974023799235575, 0.5547123998068391, 0.4945886054931328, 0.5724583705212691, 0.5560710640893131, 0.5613387008534859, 0.5392497657281667, 0.5768252696424683, 0.5647483882580155, 0.5620861351624085, 0.5470539266817537, 0.5621118650638033, 0.5420704663362902, 0.565194662524621, 0.5269957671978428, 0.5440742030531985, 0.5026513873002468, 0.5739152895079719, 0.5644056436128569, 0.5624992879617874, 0.5515820858878592, 0.5362027351297455, 0.555829046816103, 0.5633006644474189, 0.5300124793561042, 0.5485602392037066], "val_f1_score_neu": [0.7063276947643968, 0.7222311192678537, 0.7216217347055848, 0.7117280663266355, 0.7274498508902106, 0.7137127185371938, 0.7272844485640257, 0.6472091006095807, 0.731027142694819, 0.7334309414706143, 0.7206151179510143, 0.7161566270829534, 0.6978879647109083, 0.6187397025213872, 0.723715750392471, 0.7394558953584661, 0.7372700242485702, 0.7281397585390497, 0.6313097366490881, 0.7261785974225856, 0.6957422060254346, 0.7166699989926316, 0.6926397933007573, 0.7380186202984054, 0.6731199557803742, 0.7427366821282199, 0.7299258624761962, 0.7131714749003765, 0.7453933570012818, 0.73356517818239, 0.7017819420528798, 0.6780447386376127, 0.7262921693675753, 0.7252909579740362, 0.7363284558687884, 0.7400041609747797, 0.6497824972296855, 0.7444368539712368, 0.7358804715682513, 0.7431042169162512, 0.7364136869983527, 0.7382708517377891, 0.6950962798208253, 0.6973298519407367, 0.7218067995932421, 0.7208463210165098, 0.7358200733210125, 0.7190250495881901, 0.7433607618228519, 0.7267956737189265, 0.7370458358963277, 0.6906721519823285, 0.7255604168717732, 0.7302208002815899, 0.7313728715136841, 0.7208927501926431, 0.7242316647365293, 0.6838486470781464, 0.7288234248066935, 0.7271339838375018, 0.7333195480847755, 0.698779079327431, 0.7140218383870144, 0.6933534355030583, 0.7114986606776795, 0.7315532367239114, 0.7100690917501137, 0.7180773650425487, 0.7252946674850573, 0.7090695040535937], "f1_score_pos": [0.39061459666118026, 0.4424439421854913, 0.4621660471893847, 0.4956648121587932, 0.5165372518822551, 0.5410399385727942, 0.5573824127204716, 0.5537941525690258, 0.6063179457560182, 0.5836001681163907, 0.6336272601038218, 0.6323095532134175, 0.6342986864037812, 0.6572899259626865, 0.6693031778559089, 0.6929561523720622, 0.6845112480223179, 0.6872176276519895, 0.7277768487110734, 0.7436040984466672, 0.7248790189623833, 0.758626127615571, 0.7389900721609592, 0.7890797546133399, 0.7754516052082181, 0.7972191637381911, 0.8028311720117927, 0.8216332923620939, 0.8281276831403375, 0.8492615586146712, 0.8525345968082547, 0.8590378975495696, 0.8825609609484673, 0.7984270034357905, 0.8879900947213173, 0.9080982133746147, 0.8931891759857535, 0.852340942248702, 0.9045135648921132, 0.9203534899279475, 0.92784961219877, 0.9070419995114207, 0.8538190769031644, 0.9350297190248966, 0.931542094796896, 0.9239888396114111, 0.9478498566895723, 0.9339348180219531, 0.9372451584786177, 0.9404644258320332, 0.9436039477586746, 0.8905606726184487, 0.9421598259359598, 0.945940020494163, 0.9285982493311167, 0.9594776248559356, 0.9584863306954503, 0.9450356513261795, 0.9314930895343423, 0.9636414228007197, 0.9478351669386029, 0.955155779607594, 0.9524389263242483, 0.9619353199377656, 0.942767783999443, 0.9668891783803701, 0.9527392107993364, 0.9691372467204928, 0.9673293903470039, 0.9590837089344859], "f1_score_pos_neg": [0.325753225479275, 0.42032480565831065, 0.4454154376871884, 0.4944478804245591, 0.5116617302410305, 0.5276679014787078, 0.551766661927104, 0.5579963512718678, 0.5907828733325005, 0.5843814481049776, 0.6205670246854424, 0.6298663448542356, 0.6346797682344913, 0.6466036299243569, 0.6537613086402416, 0.6747840130701661, 0.676872911863029, 0.6727537857368588, 0.7049497524276376, 0.7150150379166007, 0.6971762282773852, 0.7236171802505851, 0.7237375266849995, 0.7472989140078425, 0.7671664813533425, 0.7561165289953351, 0.7671080846339464, 0.7911002403125167, 0.8154327962547541, 0.7973485449329019, 0.8109532035887241, 0.8317100591957569, 0.8353112190961838, 0.8133673164993525, 0.821611660066992, 0.8910623770207167, 0.8607202293351293, 0.8653258122503757, 0.8477130671963096, 0.8873258912935853, 0.900289480574429, 0.8872929774224758, 0.8587350593879819, 0.927880298346281, 0.9198543960228562, 0.883262830786407, 0.9343003435060382, 0.9273037007078528, 0.8962402082979679, 0.9369308510795236, 0.9438362112268806, 0.9105629166588187, 0.9387214994058013, 0.9465301223099232, 0.8868649750947952, 0.9548559030517936, 0.9564672214910388, 0.9478980395942926, 0.9359442517161369, 0.942267837934196, 0.9512155698612332, 0.9430128568783402, 0.9547501280903816, 0.9620114108547568, 0.8893116787075996, 0.9664362855255604, 0.9554353430867195, 0.967090836726129, 0.9651877516880631, 0.9623282849788666], "val_acc": [0.5928924907664163, 0.6059379141393997, 0.6243814650120308, 0.6360773708012745, 0.6216824104857778, 0.6185335030815272, 0.6392262756583179, 0.6054880687689599, 0.6279802056137528, 0.6333783101617244, 0.6414754765290052, 0.6351776960407675, 0.6306792600595678, 0.5978407401036852, 0.6459739039033262, 0.650922187507233, 0.660368871592317, 0.617633838080845, 0.6045883902814868, 0.6477732983892478, 0.613135396120412, 0.6423751744556899, 0.6437246980722885, 0.6549707513052871, 0.6266306732293995, 0.6504723592701122, 0.6455240573799401, 0.6356275328043287, 0.6450742291428192, 0.6572199619357992, 0.6464237478795054, 0.6302294232960065, 0.6293297413228817, 0.6410256423126509, 0.6626180750102113, 0.6536212397812188, 0.6005398107443743, 0.6626180822228291, 0.6617184001692662, 0.6630679409191836, 0.6563202920552047, 0.63832658384493, 0.6378767434348408, 0.6387764133154353, 0.6108861940163404, 0.6500225005737575, 0.6450742268101138, 0.6536212494606056, 0.6626180786567393, 0.6558704454513804, 0.6563202871752922, 0.6320287935968675, 0.6495726601636683, 0.6527215577276558, 0.6491228185201946, 0.6473234263669785, 0.6495726552837559, 0.6221322507349908, 0.6428250027732488, 0.643724710325695, 0.643274850395956, 0.6347278288179724, 0.643274852943163, 0.632028788716955, 0.642375174536128, 0.649572651717666, 0.63967612947476, 0.6423751695757774, 0.6464237663266469, 0.623931629481854],