{"1": {"val_f1_score_neg": [0.21178576179042188, 0.44361245264820687, 0.43647585140573925, 0.44165596554293707, 0.4050636925848644, 0.3302920201601333, 0.4284246311533523, 0.52624613085726, 0.4838236073574744, 0.37423132791814295, 0.5991529952563734, 0.5698254899718522, 0.6052479291881379, 0.5466780932344166, 0.5132910161233467, 0.4369020413655232, 0.4884165805873676, 0.43330693441896717, 0.3091332286307107, 0.47009508971807806, 0.49604749532625053, 0.4936547837262387, 0.5873551039191766, 0.5788638266152732, 0.4820313878785335, 0.5054643252781924, 0.5797384974370626, 0.5085796119814747, 0.28096170380707647, 0.5615089039554941, 0.35592436834235786, 0.44244267875335985, 0.3707045313569776, 0.5376420630078099, 0.37204023330442365, 0.5630715601155991, 0.5208841677322308, 0.5203440926877214, 0.5016651876229737, 0.5519356980212492, 0.5569538740138823, 0.3826273465419172, 0.5254169524950897, 0.5033689384037762, 0.49930677586204575, 0.41027831755345995, 0.299297024657837, 0.5414295013170369, 0.48126599192619324, 0.5437958334769722, 0.535538556051792, 0.5319841997128849, 0.5286888949145115, 0.5284172917737944, 0.5080687697090691, 0.5036090080925025, 0.48437891524981674, 0.5619882902635104, 0.5010553186970873, 0.5282959523177229, 0.5003205705526899, 0.47218963536664693, 0.4364811441981508, 0.5483810199767062], "val_f1_score": [0.4785606629917886, 0.5778889271833438, 0.5964335970856091, 0.6123919637535239, 0.5574225544648129, 0.5513391923848144, 0.6007345905148886, 0.644559488861135, 0.6317847502566122, 0.5933097727086767, 0.6639099762003909, 0.6594391164740896, 0.670114524887204, 0.6293711581318953, 0.6355186390839254, 0.6134122229297737, 0.6298655759090831, 0.6107777266123462, 0.5177324533994011, 0.6014148996253355, 0.6093575930364045, 0.5856860366794278, 0.6523823669630181, 0.627908112134891, 0.6143225955112757, 0.5886957023577086, 0.6492565754921206, 0.5526880068382566, 0.5297590077251642, 0.6279622036235838, 0.5681868951338781, 0.5980132333944077, 0.5393450630796008, 0.6340216378855511, 0.544315586213893, 0.6391702335305393, 0.620140220404234, 0.6171012521259058, 0.6224480234291683, 0.6260291704692585, 0.6174306786970113, 0.5535923363872941, 0.601387996983722, 0.5968587608622529, 0.5873145051056277, 0.5642391831862967, 0.5425688386932621, 0.606038336737588, 0.59288359276116, 0.6251252007990912, 0.6257244332894046, 0.6266862638910206, 0.6231505417179755, 0.5838399360788297, 0.6099490659961605, 0.5732871278389652, 0.5876528245084028, 0.6308470029015569, 0.6099581485059735, 0.6118763355235869, 0.6145582837818365, 0.6047746137843618, 0.5489237665536052, 0.6239103686456258], "f1_score_pos_neg": [0.3400076797697693, 0.4276207028888166, 0.47915754094719887, 0.5144386305473745, 0.5385348270647228, 0.5507307923398912, 0.5558307291939855, 0.5998403560370207, 0.6026457035914063, 0.6100811399519444, 0.642465396784246, 0.6315192710608244, 0.6552167339250445, 0.6765016429126263, 0.6848581144586205, 0.6878931587561965, 0.7107766773551702, 0.7175776930525899, 0.7185750398784876, 0.744366860948503, 0.7528285654261708, 0.7539953123778105, 0.7741853902116418, 0.7936887154355645, 0.7922059139236808, 0.8116672532632947, 0.8377692243084311, 0.7983998684212565, 0.8424712335690856, 0.8467221343889832, 0.834373963996768, 0.8615598799660802, 0.856790566816926, 0.8654252495616674, 0.886853776872158, 0.859261954203248, 0.9156759437173605, 0.8765548737719655, 0.8910815408453345, 0.9280889267101884, 0.9178963992744684, 0.895889081992209, 0.918858234770596, 0.9251064751297235, 0.9466221425682306, 0.9323015930131078, 0.9467723220586777, 0.8982046535238624, 0.9498353265225887, 0.9561761608347297, 0.9451923705637455, 0.9491005055606365, 0.9504785621538758, 0.9397113155573606, 0.9499025205150247, 0.9594603814184666, 0.9415587345138192, 0.9496958749368787, 0.913499416783452, 0.961154748685658, 0.965882420539856, 0.9597789598628879, 0.9672298263758421, 0.9519494473934174], "f1_score": [0.4066966585814953, 0.5299671837128699, 0.5648201396688819, 0.5909838704392314, 0.6082634329795837, 0.6181487683206797, 0.6208392875269055, 0.659235404804349, 0.6554520195350051, 0.662599571980536, 0.691890780813992, 0.6771004581823945, 0.7030103392899036, 0.7167521836236119, 0.7257034070789814, 0.7258333908393979, 0.7461951402947307, 0.7519794190302491, 0.7506205653771758, 0.7768982835114002, 0.7845138516277075, 0.7814193405210972, 0.8020999180153012, 0.8179981093853712, 0.815061891451478, 0.8307563597336411, 0.8572795940563083, 0.8202208830043674, 0.8612254979088902, 0.8669062256813049, 0.85094687435776, 0.8769899597391486, 0.8730587661266327, 0.881455060094595, 0.900785475037992, 0.8742851885035634, 0.9256450077518821, 0.8909181132912636, 0.9022137504070997, 0.9373075533658266, 0.9271649187430739, 0.9065683931112289, 0.9281716011464596, 0.9341186443343759, 0.9518395289778709, 0.9407113660126925, 0.9534273874014616, 0.9079424124211073, 0.9563797088339925, 0.9617516435682774, 0.9520880877971649, 0.9551817197352648, 0.9563307827338576, 0.9466696046292782, 0.9556829035282135, 0.9635052401572466, 0.947723719291389, 0.9550580307841301, 0.9218373317271471, 0.9666313389316201, 0.9700177349150181, 0.9645708613097668, 0.9709819052368402, 0.9576753685250878], "val_f1_score_pos": [0.5599294409738136, 0.6053871865226251, 0.6651316008447756, 0.7019062077720866, 0.5745588259499372, 0.6276694192931372, 0.6689727984636499, 0.7235975394779198, 0.7074116407933899, 0.7016551737518971, 0.6729968419982916, 0.696027919216291, 0.718705613454308, 0.6277115211191685, 0.7178169542368147, 0.7013330466785426, 0.7108157125789913, 0.7072000918255807, 0.5568531426644344, 0.6314716885604478, 0.6285326318449465, 0.5707318731220945, 0.7067406717917439, 0.6042645191883684, 0.6602090581677075, 0.5666377767158436, 0.7025000346854325, 0.46945662504570584, 0.6204509441695625, 0.6984379040172586, 0.6638654312717299, 0.6689848016010568, 0.5631358472968911, 0.6848537692272098, 0.5786740595419639, 0.6879695163228335, 0.6969377006910431, 0.6328713912023449, 0.6711566939992977, 0.6284983201255768, 0.6158167019060456, 0.5955027268841421, 0.5911532613101232, 0.5973473691327535, 0.5772054933857611, 0.5975092855645326, 0.6516609460295201, 0.5890317007121595, 0.6177782899371101, 0.6523778707906701, 0.6581743096948889, 0.6676582912432063, 0.6609598551870737, 0.539689084863275, 0.6451924056197726, 0.5364373631437338, 0.5958216412311897, 0.6627616298627016, 0.6397162392762837, 0.6261831785230039, 0.6608882273959888, 0.6642567789714042, 0.5347442401696653, 0.6806472080634892], "f1_score_pos": [0.4415298504754901, 0.5205922457389534, 0.537829059176147, 0.5731583503074944, 0.5835538366809487, 0.5966892098076642, 0.6173588559031487, 0.6428216900676489, 0.635169168934226, 0.6569014620035887, 0.6782392784953117, 0.6475926134735346, 0.6790870223194361, 0.7053486285731196, 0.7194610945880413, 0.7077771285548806, 0.7509938646107912, 0.7495216010138392, 0.7319319657981396, 0.7819419223815203, 0.7808827580884099, 0.7912602899596095, 0.7959062242880464, 0.7866906290873885, 0.8376215863972902, 0.8537913924083114, 0.8373806085437536, 0.8511226335540414, 0.8287851419299841, 0.8861765805631876, 0.834909743629396, 0.9064460648223758, 0.8686802135780454, 0.8819175474345684, 0.9085224894806743, 0.8897000811994076, 0.920859893783927, 0.8848884636536241, 0.9005299536511302, 0.9302189527079463, 0.9254894936457276, 0.9215224469080567, 0.9275495884940028, 0.9231557548046112, 0.953947190195322, 0.9394264807924628, 0.9468687316402793, 0.9336694236844778, 0.9547325549647212, 0.9561028033494949, 0.9444403806701303, 0.9469366557896137, 0.9428321281448007, 0.9493077890947461, 0.946086473762989, 0.9669741094112396, 0.9224484106525779, 0.9580833651125431, 0.9562855968251824, 0.964851463213563, 0.9683008613064885, 0.9626221256330609, 0.9665081361308694, 0.943705121986568],