{"1": {"val_f1_score_pos": [0.24471839301177525, 0.3081937218323732, 0.3747223008874832, 0.34441684663054434, 0.3531895114718071, 0.36966709140394916, 0.39799716917180394, 0.3853731899448091, 0.39086577599240596, 0.4082266301975774, 0.38523321080947853, 0.4068899063902077, 0.38681344018291364, 0.24182904974544472, 0.32792484085944873, 0.38045735743686093, 0.3880669707738222, 0.4200685730508143, 0.38189126787773403, 0.2776707727604496, 0.36857558838483506, 0.40530199792489136, 0.4040443089782682, 0.41335668544537624, 0.40095844128836505, 0.37657018277326576, 0.34812417067336004, 0.3975959188810512, 0.33316848105639957, 0.29560601318467056, 0.3733997773705867, 0.3505628105760747, 0.41410989535857684, 0.3742465558510024, 0.3830200184372916, 0.3200584295977894, 0.28973636466857283, 0.38405566820409776, 0.38436200159710376, 0.2855531460682229, 0.29305234436135114, 0.39253092344366, 0.3752308506661045, 0.36495888694363354, 0.3788991389755081, 0.35639246538100455, 0.3219461747375202, 0.37246490913739466, 0.3772412899829652, 0.3587822135616625, 0.3736356639320444, 0.28815390729335744, 0.3113944677152561, 0.32720811435139185, 0.3738159076002767, 0.4056233861561139, 0.322901444155195, 0.34612672660354016, 0.3481294312725934, 0.3163737542474801, 0.35072571155835097], "loss": [1.097192025997422, 0.9325310418551619, 0.8996544378724965, 0.822455910796469, 0.8013261895288121, 0.7851576500318267, 0.7622377899560061, 0.7289545007727363, 0.7232116724957119, 0.6974432705478235, 0.6866257847710089, 0.6888322417031635, 0.6591202819889243, 0.6525056240233508, 0.6114267943934961, 0.6204012463038618, 0.5756512345238165, 0.6163067072629929, 0.5575365793298591, 0.5493715855885636, 0.5523317507044836, 0.5289914784106341, 0.5661634376103227, 0.4775884253057567, 0.4757883548736572, 0.46248517016118224, 0.506877198476683, 0.44629732045260345, 0.42692754485390405, 0.3966991359537298, 0.4326323050666939, 0.4276609735732729, 0.38857029750943184, 0.37416061758995056, 0.3838579688559879, 0.3546541580422358, 0.3508451105180112, 0.37767893550070847, 0.3559423752806403, 0.31593714705245063, 0.3637165969068354, 0.33708079548721964, 0.2700732377442447, 0.3057347527620467, 0.2853584010154009, 0.2955440709536726, 0.24251143956048923, 0.3164678014476191, 0.2676915463737466, 0.305480563335798, 0.2746550081805749, 0.2773408762771975, 0.25672695955092256, 0.21308490498499436, 0.23956875773993405, 0.32521002790467307, 0.21971771578219804, 0.20047110954130237, 0.23091762919317593, 0.23967683789404956, 0.21171710809523409], "val_f1_score_pos_neg": [0.20272086651219048, 0.44905518181035503, 0.46664966252061413, 0.4862603970706543, 0.4790604030876829, 0.3966525908370196, 0.5227383465258538, 0.5163067260734465, 0.38139877856126303, 0.5268269031904755, 0.3182671624987821, 0.5162405146707354, 0.3432119497966509, 0.42540221076477125, 0.4707557933050611, 0.5026267014587993, 0.47053677283371564, 0.45468821932590603, 0.49575681813493594, 0.4323680780248174, 0.4429703165805935, 0.5169847099511837, 0.5104518667352773, 0.431072857269445, 0.4383621519876395, 0.484765574034409, 0.4417116614113077, 0.5071451696146194, 0.44032564967052923, 0.45804793401392957, 0.49202248393765347, 0.483891462614769, 0.5106648789887165, 0.46950371408591224, 0.50116172680917, 0.4662634644538392, 0.31472807799541785, 0.4385970769784389, 0.48221359792401325, 0.40738240003693066, 0.4337445828649733, 0.4349721662777263, 0.4990128940469877, 0.4586628598240223, 0.44221419163024805, 0.4559640767496017, 0.4152746505690114, 0.4708008769391841, 0.5059732250731859, 0.4845063013103809, 0.49797377648570224, 0.44865542253394736, 0.3919232864933297, 0.45653286416735456, 0.4041388459533815, 0.49831409998375503, 0.4141634774942737, 0.4303259248943732, 0.4209966719070105, 0.4568611775976122, 0.42468633326763405], "f1_score_pos": [0.3242472234097394, 0.33965003299950197, 0.38027529685165395, 0.4370367933403362, 0.4751547121188857, 0.5041214339435101, 0.5350886491889303, 0.5424445196986198, 0.5419941422614184, 0.5869248492473905, 0.5835588852112944, 0.5883644345131788, 0.6334722130136057, 0.6349026350812479, 0.674418297003616, 0.6542166464708068, 0.695122174241326, 0.6597990092228759, 0.7137770822102373, 0.7545916241678324, 0.7228606370362368, 0.7495117119767449, 0.734628652645783, 0.7849263352426615, 0.7961670160293579, 0.8090611940080469, 0.7887415675954386, 0.800872147760608, 0.821846330030398, 0.830522551455281, 0.8066578805446625, 0.8019613210450519, 0.8245526308363135, 0.837446700442921, 0.8596105643294074, 0.8490452691912651, 0.8321681442585859, 0.8512163460254669, 0.8400391766970808, 0.8795554597269405, 0.8241831883788109, 0.874981592324647, 0.8878572258082303, 0.8848693546923724, 0.8882689347321336, 0.8824577866630121, 0.8916998004371469, 0.8665978041562167, 0.8889362520792268, 0.8787130557677962, 0.8723661946979436, 0.8726298463615504, 0.8922884484583681, 0.9163713373921134, 0.9041146737608042, 0.8705593625252898, 0.8973197848959402, 0.9085031178864565, 0.915551482276483, 0.9107958484779705, 0.896493208679286], "val_loss": [0.9071872943272421, 1.0442086532209245, 0.8628020942666967, 0.8348217586434965, 0.7896684587564867, 0.802358459498611, 0.817008424679331, 0.7730479069352418, 0.8574986263700718, 0.7733370100277477, 0.8971813455445242, 0.7833663631386442, 0.8874518572077578, 0.8457353982472816, 0.8269016137007277, 0.7906797267647407, 0.8594766434548515, 0.819861447387486, 0.8148445345183186, 0.9413787650997661, 0.8686156435641307, 0.8839710020986806, 0.8483056353653974, 0.9243484839254063, 0.9631575354036853, 0.9272295917898377, 0.9756995768789445, 0.9272384886209674, 1.0629449068186148, 1.0646806120657997, 1.2111367810914713, 0.991155660050547, 0.9416404886659716, 1.033736246263879, 1.0792050378793432, 1.0758996878558325, 1.544790954885856, 1.083151347884926, 0.9892717209207652, 1.2557928209845353, 1.109499384892507, 1.1335176907838382, 1.0259160700007381, 1.1367870332741061, 1.1336073108583864, 1.1893779700584257, 1.2841575372556926, 1.0925080426576916, 1.2370377159633457, 1.0407613499230004, 1.0686351210482208, 1.1903894016241845, 1.3283573811085332, 1.2975362596134319, 1.413818255770705, 1.0686681648658516, 1.3006824523652936, 1.353606634294456, 1.3977705269207357, 1.3069360644443047, 1.334740148221272], "acc": [0.45000000044026156, 0.5668181824413213, 0.5684090944176371, 0.6254545389251276, 0.6360227289524946, 0.6440909037535841, 0.6564772786064581, 0.669431821866469, 0.6653409051624212, 0.6897727251052856, 0.6919318180192601, 0.6911363669417121, 0.7095454538410361, 0.7154545479200103, 0.7307954545725476, 0.7235227288170294, 0.7513636323538694, 0.7331818233836781, 0.7644318227063526, 0.7677272727543657, 0.7594318207014691, 0.7812500054186041, 0.7577272734858773, 0.8021590899337422, 0.8034090961922299, 0.8120454549789429, 0.8030681867491115, 0.820113638585264, 0.8309090902859514, 0.8420454582030122, 0.8280681825496934, 0.8296590948646719, 0.8472727279771458, 0.8560227250510996, 0.8435227227481928, 0.8637499965050004, 0.8626136380163106, 0.8539772751656446, 0.8656818155537952, 0.8751136416738684, 0.8602272719144821, 0.8710227276791226, 0.900227271697738, 0.8820454505356875, 0.8946590985764157, 0.8873863599517129, 0.9123863625255498, 0.8813636404546824, 0.900000003928488, 0.8857954489913854, 0.9036363593556664, 0.8990909098224207, 0.9025000035762787, 0.9232954518361525, 0.9120454571463845, 0.8790909112854437, 0.9213636429472403, 0.9264772703701799, 0.9185227243737741, 0.9118181859905069, 0.9245454499667342],