{"val_acc": [0.5992656697946804, 0.6504065064410979, 0.6685024935868416, 0.6181484419093368, 0.6186729612045329, 0.6501442551800437, 0.6666666671981532, 0.6763703077757981, 0.6519800761288118, 0.688696566729792, 0.658274323146799, 0.5961185464420063, 0.6383425120665838, 0.675058997774762, 0.6493574561267396, 0.6729609134658066, 0.6671911961538973, 0.6753212658870636, 0.6462103395114381, 0.6522423292188047, 0.6540781610474135, 0.6585365798477735, 0.6606346797886841, 0.6401783251993743, 0.6475216453700062, 0.6538158917783472, 0.6567007504733816, 0.6448990349503224, 0.643849980493496, 0.6446367788589942, 0.6517178079383504, 0.6509310210623392, 0.6483084094858907, 0.6448990260557399, 0.6304746840120832, 0.6509310246576889, 0.6561762376185512, 0.6414896438448816, 0.6401783385959599, 0.6551271946512117, 0.6115919129760315, 0.6013637588557502, 0.6357199005682951, 0.6291633818270246, 0.6351953846496013, 0.6294256469536228, 0.6226068751848872, 0.6433254786591939, 0.6338840806981318, 0.6254917290496476, 0.6286388659083308, 0.6333595613247761, 0.6270653053340467, 0.6344086007592936, 0.6309992107324578, 0.6205087733368783, 0.6157881008994069, 0.6299501723765452, 0.6094938310431334, 0.6097561004528873], "loss": [1.0325133115053178, 0.8635065674781799, 0.8345390051603317, 0.8199990421533585, 0.7609862953424453, 0.7572716265916825, 0.7299598515033722, 0.710799565911293, 0.683083426952362, 0.6784369260072708, 0.6608093112707139, 0.631716513633728, 0.6424267172813416, 0.6363737523555756, 0.5990483373403549, 0.598190937936306, 0.5745794117450714, 0.5610593900084495, 0.5313637256622314, 0.5691029861569404, 0.5031678065657615, 0.5022623762488365, 0.5160932183265686, 0.5039127722382546, 0.4658960670232773, 0.4530577287077904, 0.4367711141705513, 0.4182940170168877, 0.41946023404598237, 0.38430710732936857, 0.4160644248127937, 0.38705694377422334, 0.3545101597905159, 0.36218971759080887, 0.339799864590168, 0.35893103331327436, 0.37654628306627275, 0.3509698256850243, 0.32370300889015197, 0.3494363486766815, 0.3235043816268444, 0.3191063471138477, 0.3026020109653473, 0.3340150661766529, 0.3019217252731323, 0.2992106929421425, 0.27647652849555016, 0.27662540823221204, 0.25366611778736115, 0.2802389919757843, 0.314894700050354, 0.23709098920226096, 0.24097495302557945, 0.2703904822468758, 0.25627427995204927, 0.2502486914396286, 0.22544926628470421, 0.24891537055373192, 0.247342748939991, 0.249711874127388], "val_loss": [0.8392558017334787, 0.7674369485772816, 0.7456505918577842, 0.7867306040835887, 0.7817166910501656, 0.7617471004420304, 0.7374509731647132, 0.7229396291614485, 0.7737778778811499, 0.7263363796583536, 0.7516958743857487, 0.8356945758224815, 0.7684239334175976, 0.7464841236412885, 0.8725328554545617, 0.7756934921603299, 0.8032053983839922, 0.8155394228243183, 0.7764167686068977, 0.7897716853801828, 0.821596463021099, 0.8490714954010558, 0.8187412364164613, 0.8661542595167533, 0.9013024096629015, 0.8813728192894908, 0.9386639299900426, 0.9082528119664977, 0.9944715063433743, 0.9335591489018776, 0.9337480305343546, 1.0046004589042294, 1.0428774573813577, 0.9590337740415168, 1.2021382552196183, 0.9292966958546682, 0.9930342999212454, 0.9995977822608157, 0.9792908580166256, 0.9713898023032091, 1.2259373138996987, 1.3441316370822738, 1.0101335323797946, 1.0700528277145294, 1.1298774593995058, 1.0962891226642688, 1.134916214032527, 1.0762830892323259, 1.2105764175630636, 1.387831799383086, 1.0570931916408204, 1.0977706738478739, 1.217797378964728, 1.145806118349625, 1.1299475025011427, 1.164799468554195, 1.4388851258125075, 1.2417299854389614, 1.320933363364495, 1.5123124425879557], "val_f1_score_pos": [0.6773761391264542, 0.6926679336239965, 0.6971462528880049, 0.7027249156631512, 0.6989953770838851, 0.6560422693404381, 0.706511094943451, 0.7168360492734811, 0.7028883520993479, 0.7000318031563647, 0.7086934120268013, 0.6748001338333212, 0.7066993088100703, 0.7011823246337097, 0.6764226798432222, 0.683344110991115, 0.6898773776525092, 0.6747026569162364, 0.6954768477791787, 0.6935976968798273, 0.6883475040782946, 0.6869205224398331, 0.6771601770545065, 0.6742236909202287, 0.6418849934657477, 0.6930082331890514, 0.6678197680106164, 0.675908664111981, 0.6408202075564327, 0.6977210711720044, 0.6655379151097439, 0.6745616796446259, 0.6423810660104379, 0.6937938744772334, 0.6655578846978979, 0.6906256040750199, 0.6795018131483455, 0.696692302381464, 0.6842174276947944, 0.6910027941630764, 0.6137083385705385, 0.5617867504678121, 0.6954103359830933, 0.6238893495592707, 0.6304526401416479, 0.6761086315205802, 0.6740173284788005, 0.6756236005448432, 0.6345341624845959, 0.6287588425080294, 0.6255831595421337, 0.6679594491430383, 0.6599714380219762, 0.6459939492333445, 0.6775535881878852, 0.649003502955563, 0.6305751506343714, 0.6534682295937067, 0.5927314672637667, 0.5794139287148502], "val_f1_score_neu": [0.5590674607984482, 0.6818830944439448, 0.6938975345828919, 0.5603624002501435, 0.5207278425537818, 0.700040228311202, 0.6866820440528714, 0.6880943613542586, 0.6318168238239154, 0.7171228226794991, 0.6365182553255555, 0.4950866756900664, 0.5779236284354025, 0.6953873040011446, 0.6985944458077094, 0.7058461467143653, 0.705504623698713, 0.7100459527006432, 0.6305441091356395, 0.6499755586222217, 0.6563696910507748, 0.6852975768927918, 0.6948167051100962, 0.6821392549012797, 0.6959343838810514, 0.6600586940477503, 0.6923335672925534, 0.6557418761089534, 0.6831983950330053, 0.618323959580188, 0.6829833950609977, 0.6853745183449482, 0.6914329687472938, 0.6359846444071168, 0.6796479844653072, 0.6616565573568767, 0.6800227552582015, 0.6314731602308602, 0.6556603644202458, 0.6678133055571649, 0.669153113815999, 0.6759426754164377, 0.6093001489779345, 0.6760082909700097, 0.6737461790868438, 0.6410857572381715, 0.6358325194724739, 0.6594010514910378, 0.6757235195953766, 0.6805987958829296, 0.6717354092359105, 0.6510080931663763, 0.6610186191140401, 0.6695978902094701, 0.6336040254530868, 0.6467325067757748, 0.670565405762355, 0.6669779085531468, 0.6715118291651268, 0.6772361041647288], "val_f1_score_pos_neg": [0.559905567226715, 0.5164338143016296, 0.5815977349295067, 0.5712667713476671, 0.6332356623392733, 0.5109863569581412, 0.5636380260427761, 0.6032378877081522, 0.6417021192248775, 0.6261682484114292, 0.6343359295664701, 0.5965151613602137, 0.6311473409366083, 0.6150956139488231, 0.464107689341941, 0.5954459892962506, 0.5466466862136787, 0.6128880051593596, 0.6180991276086487, 0.6109775782506859, 0.627174375096613, 0.5654567384107076, 0.5737936621164982, 0.4714791552541514, 0.5494251430362909, 0.6104691731407672, 0.5808790963589598, 0.6042299510736713, 0.5851654760049079, 0.6193998226993139, 0.5817316243444063, 0.5447451792581169, 0.567624893020902, 0.6133194647215496, 0.42153711191412974, 0.5945572585938267, 0.5925624590516559, 0.5998658709034593, 0.5544363329675046, 0.5961494368735243, 0.4462440366542405, 0.4231446055314874, 0.6132158005984787, 0.5513135148507855, 0.5708081546243707, 0.5410013211358103, 0.5205237688806905, 0.5869360426702181, 0.5590251600714202, 0.48029118746620697, 0.5557222688351283, 0.5625506450959212, 0.5013284123916186, 0.568635119655268, 0.5795412085796009, 0.5533075287308932, 0.43682301265656276, 0.5310808102539947, 0.46531213943082267, 0.45601415011221863],