{"val_acc": [0.4537109861747818, 0.5780225520899313, 0.6388670362702137, 0.6383425048602525, 0.6365066892107172, 0.6467348608700522, 0.652242336425136, 0.6511932813586634, 0.6178861869747733, 0.5843168172722503, 0.6383425139736822, 0.642538690266883, 0.6341463427608669, 0.6375557420418202, 0.6144767956504852, 0.6590611053488556, 0.6417519070643813, 0.6627327653950917, 0.6170994007084084, 0.5788093368087326, 0.6205087780889926, 0.623918181512414, 0.6291633896430021, 0.6561762466538212, 0.6454235491026051, 0.6181484310294961, 0.6247049625577059, 0.6351953883231108, 0.6330972913679037, 0.5958562849889175, 0.6430632055759304, 0.6220823549830379, 0.6462103251769353, 0.6249672222443837, 0.6283766105048086, 0.5890375047945582, 0.5790715846151246, 0.6380802601958835, 0.6241804346805666, 0.6257539996161662, 0.624180432773468, 0.6312614667456262, 0.631523739688202, 0.6338840880451507, 0.6105428704776509, 0.617623917705707, 0.6241804340709203, 0.6307369534218371, 0.6134277460239329, 0.6202465299699614, 0.6328350436396715, 0.6197220068449365, 0.6236559129311536, 0.6241804287091597, 0.6254917356463326, 0.6152635856685194, 0.629425659052756, 0.6136900135265884, 0.6197220020928221, 0.6176239140321975, 0.605035418980146, 0.6299501645605676, 0.6205087913448905], "loss": [1.0587770971986983, 0.9620614548524221, 0.8522508011923896, 0.8096853767832121, 0.7786744121048186, 0.7768465255697569, 0.7628037325210042, 0.7293213912182384, 0.7008365210559633, 0.6910013829668363, 0.7012375535236465, 0.6365780689650111, 0.6354284501738019, 0.6672821756866243, 0.5955435815784667, 0.6074887174699042, 0.5640549949473805, 0.5290034285022153, 0.5400194778210587, 0.5117857845293151, 0.5007616877555847, 0.539343481262525, 0.48815036772025955, 0.46485407319333816, 0.4548262308041255, 0.46029045639766586, 0.42744575399491525, 0.44722970243957305, 0.42447540619307095, 0.3680215800801913, 0.41695243244369823, 0.3631274298661285, 0.37863097132907975, 0.29937032734354335, 0.3888887574689256, 0.3123898067408138, 0.36164724578460056, 0.3287793869773547, 0.3361075930297375, 0.29208255538509953, 0.32095058262348175, 0.26947101205587387, 0.2698117643594742, 0.2826409147431453, 0.24915874749422073, 0.3043242026534345, 0.27596744439668125, 0.2587684479852517, 0.27794325889812577, 0.23964964101711908, 0.24380660491685072, 0.21866154339578417, 0.22386423953705364, 0.23135999528070292, 0.22207281676431498, 0.2497986869679557, 0.1758231541348828, 0.19533996966977915, 0.23211152230699858, 0.17738630808889866, 0.23385935318138865, 0.17877466583417523, 0.24404222249156898], "val_loss": [0.976893429849331, 0.8363243602030614, 0.7966966397988025, 0.7840260442335587, 0.7718783805697351, 0.7602186874239082, 0.7579096954324693, 0.7730434752811198, 0.822027297430141, 0.9965307659406284, 0.8119024621543064, 0.7812332417312771, 0.7989506424176797, 0.8077742665294835, 0.8506792842825973, 0.7847312182508489, 0.9006780506493444, 0.8511260762447264, 1.037360585708178, 1.0008596945021555, 1.1109013859443455, 0.8701932628011566, 0.9081607462538842, 0.8994230149050507, 0.9709217720009228, 0.9278435161849692, 1.0000101406055895, 0.9316217691730146, 1.0157889313126311, 1.4169127511878106, 1.0323549586895597, 1.0031471614946446, 1.07484371237576, 1.205861360545925, 1.0800883885665482, 1.5506326515406346, 1.6485767722786364, 1.0756792801745194, 1.0628656764496913, 1.2320016503740476, 1.1582784702106939, 1.1336185093973992, 1.112529147837439, 1.0836410098834954, 1.2071208760333818, 1.0290827680190593, 1.2304534030779746, 1.1677624264821398, 1.1430881241003796, 1.3181392175145203, 1.1282462611962516, 1.2996434359734308, 1.150490196114477, 1.2164198861733653, 1.3229050240177762, 1.1765907186865339, 1.3181459739581514, 1.1960361960238746, 1.1307848272065995, 1.2378784905823077, 1.3322678720922942, 1.287296370230664, 1.205324579091826], "val_f1_score_pos": [0.6076603720358842, 0.672661206649102, 0.648530017679331, 0.7051262276209529, 0.7098670260442889, 0.7034092244437883, 0.7154858349940922, 0.6723603778800844, 0.610916075198756, 0.4878634227766567, 0.6396891070012498, 0.6943038833163212, 0.7025021764352319, 0.6828022774298173, 0.6827722707508806, 0.7050212313270369, 0.6553373931431564, 0.6759976517206848, 0.5702690952817755, 0.665800738000132, 0.5844496535310713, 0.6879836564735574, 0.6877555434484355, 0.6725746378197058, 0.6708974059629152, 0.6813693235403842, 0.6806433795944712, 0.67818839338049, 0.634313721013388, 0.5465605714769461, 0.6356734700194188, 0.6794525992673368, 0.6429372656354747, 0.6271749094593659, 0.6455587053155136, 0.5514214446999225, 0.48544223293556554, 0.6707119293766887, 0.6740885151204805, 0.6158055441447703, 0.650038579271248, 0.6339852858208747, 0.6635431624478065, 0.658474234217832, 0.6590142731525253, 0.6632244518632936, 0.6429179232795189, 0.6412667890342865, 0.6686018161844963, 0.6089115523147733, 0.6674774746522171, 0.6264462293272971, 0.6685597067144391, 0.6604559336970429, 0.616069219648885, 0.6480106092987491, 0.6603129831255811, 0.6665480117487713, 0.6591511510845998, 0.6640419590169915, 0.5951572765117238, 0.6606887649620671, 0.6682331961438689], "val_f1_score_neu": [0.026970012711862737, 0.4661868402815978, 0.6876330043023382, 0.6351297574189589, 0.6480307232167444, 0.6753675979233589, 0.6640854588400308, 0.6982998994589165, 0.6840551774582462, 0.6733620548354589, 0.6935929352143541, 0.628905193514315, 0.6024167487666953, 0.6421555130306017, 0.5578533996599039, 0.669306080078097, 0.6933732459215614, 0.6997744592662374, 0.6830415814653832, 0.477754708392208, 0.6847447580375792, 0.601990429100764, 0.6154717898200011, 0.6875946860347181, 0.6746329279231049, 0.5688632187210542, 0.6467649403001079, 0.6490254062947219, 0.6803229907319954, 0.6743701364685787, 0.690313882084303, 0.59225451925937, 0.692905613843331, 0.6791297645353752, 0.6627861995288089, 0.668703468693794, 0.668305101996171, 0.652161390175508, 0.6334541561314042, 0.6821965577875633, 0.6632324354622954, 0.6775243797391035, 0.6575994039188368, 0.6640969862814122, 0.618296969086987, 0.6190342556420443, 0.6697875306014154, 0.6663133204999384, 0.6020210071901871, 0.6776149980889947, 0.6534979131757634, 0.6666072784463095, 0.6345412610179322, 0.6609303037888291, 0.669455435796263, 0.6434496897210482, 0.6652857406915345, 0.6114800452498229, 0.6318410162127865, 0.6267478157771781, 0.6560995269878437, 0.6633086975184195, 0.6315754055664229], "val_f1_score_pos_neg": [0.49691785422954665, 0.5752967181181989, 0.5098026972913755, 0.5399094403587299, 0.468727329819652, 0.48158232145912216, 0.5233770657204718, 0.50482870192469, 0.4243165824143179, 0.39551710760440223, 0.49194736711127907, 0.6132821652197069, 0.5790831668465087, 0.6057273522781444, 0.6035984869613568, 0.5777029161249406, 0.4859094265530874, 0.5733685954924552, 0.4973980777381819, 0.5739075146007813, 0.4934169997419862, 0.5714767858202364, 0.566047959570931, 0.5817909493960329, 0.5718206596943515, 0.6105663947723933, 0.4749023370423281, 0.5515190897543162, 0.5237243197547649, 0.41913050569451266, 0.5551806075067117, 0.5939864370724738, 0.5616570838379978, 0.5014256056199823, 0.5581099834931106, 0.3806153512004164, 0.4285708611292255, 0.5854908800831686, 0.5367818851187071, 0.5316861971231887, 0.49949851057643874, 0.5296995984016677, 0.5419972081088095, 0.55386706527812, 0.5223471986131345, 0.567603120646263, 0.4831398846735455, 0.5468725955239313, 0.5569847673529438, 0.5091472660075828, 0.5558046644952646, 0.504894223467684, 0.5392111146228069, 0.48885796286914096, 0.5563112886721713, 0.5156967038561783, 0.5110354617202872, 0.5405023608687917, 0.5644027151337391, 0.5819710285495405, 0.5157988327962033, 0.5217737311489026, 0.5367499787820595],