{"val_f1_score_neg": [0.20529116558850422, 0.5486323231322666, 0.3660093973838467, 0.4115405380256902, 0.6304401739075713, 0.42946442692823183, 0.45595288465819017, 0.46595219672585986, 0.42954993235480277, 0.5623389039332242, 0.590185773003736, 0.5555155942079247, 0.520218736030222, 0.6032386887051632, 0.4242515552084558, 0.618189225164324, 0.6204545102718463, 0.6019416033924642, 0.36335490095687295, 0.5414878937349588, 0.3283265302914695, 0.6078567393270653, 0.6066142823669249, 0.32042304520809584, 0.5717471959457727, 0.5789676569998187, 0.5616412631583095, 0.6013319342585958, 0.4244261151406823, 0.384279513152728, 0.4653806627625216, 0.5311775883914228, 0.5890365937642154, 0.39158025500407345, 0.43597231053818314, 0.5279705652157654, 0.23590878188735132, 0.5740101785757333, 0.5216097688381046, 0.597335387082854, 0.491389289213046, 0.5714006187595034, 0.5761112277663476, 0.5611946504947053, 0.30047508777203974, 0.5197229273763817, 0.471798508218227, 0.5185000518942142, 0.5025884109690156, 0.49608515933402214, 0.5531114317474796, 0.5640033813495821, 0.5362393110873285, 0.5098252953693306, 0.5025202043563589, 0.5693684269867324], "val_f1_score": [0.5078462335402466, 0.6481473248304421, 0.5910413678849803, 0.6136235440618374, 0.6915508623264481, 0.6031462478881554, 0.611399730437389, 0.6116093806854046, 0.608000238924054, 0.6693135984544831, 0.6767585849999569, 0.6666161839554949, 0.6436004813749772, 0.6808065018596344, 0.6221514698435495, 0.6660204394545857, 0.6886076079933092, 0.6580651804996294, 0.5366873683155349, 0.6308202683347246, 0.5700013099803469, 0.676265908497511, 0.671791278296745, 0.5785347326609084, 0.6583833800755302, 0.66266441154505, 0.6252452907304641, 0.662379347337002, 0.5931423735093357, 0.5831882047146723, 0.5642083739627856, 0.6314600628722287, 0.6595689421121511, 0.5923924759682976, 0.5877843936722078, 0.6387649826449483, 0.522331504724234, 0.6567690711680466, 0.6325135288231022, 0.6599999066259553, 0.5597507595046749, 0.6491972440939202, 0.6431769064771451, 0.6427109950707398, 0.505186646340433, 0.6206346183288388, 0.5884983329487823, 0.625826404409211, 0.6154729799120063, 0.6184452490452672, 0.6386063171127103, 0.6410472993302965, 0.6266347975390745, 0.5976445773064918, 0.6167149345861656, 0.6402227586878274], "f1_score_pos_neg": [0.38275721719996497, 0.4893094904043458, 0.5369707511907275, 0.5462104871191762, 0.5609776458956979, 0.6000974855639718, 0.6231082115661014, 0.6018095629459078, 0.6233585686846213, 0.6301261914724653, 0.6708958792415533, 0.6626728773117065, 0.671787066893144, 0.6932440020821311, 0.7076281410726634, 0.7190626195885919, 0.7299809808080847, 0.7286897965452888, 0.7596202546899969, 0.7675361389463599, 0.7818516438657587, 0.7803070904179052, 0.7837492789734494, 0.7969865954735063, 0.8198224299333312, 0.798334617506374, 0.8291916196996515, 0.8568678870797157, 0.8270099928433244, 0.8499923544851217, 0.8856663311069662, 0.8631815957752141, 0.8594122501936826, 0.8808968155221506, 0.8788610927083276, 0.88621747629209, 0.9078802730549466, 0.8964141526005485, 0.9273216514424845, 0.9048906754363667, 0.9078424898060885, 0.9217070632360198, 0.9329091615297578, 0.9110271822322499, 0.920609937472777, 0.9375232864509929, 0.939769946038723, 0.9175036739219319, 0.9493641203100031, 0.9265903268348087, 0.947187681089748, 0.9492609013210643, 0.9233328198844736, 0.9538894824006341, 0.9506884088570421, 0.9546697742559693], "f1_score": [0.44790300930088217, 0.5701916001059792, 0.6047290895472873, 0.6132614253596826, 0.6209162480451844, 0.652722415598956, 0.6707777827978134, 0.6528582274913788, 0.6706411208618771, 0.675790011882782, 0.7092150903560899, 0.7014547511935234, 0.7108126919377934, 0.7285253276879137, 0.7400670329278166, 0.7494548532095823, 0.7605420581319116, 0.7576989843086763, 0.7874608351425691, 0.789291379803961, 0.8046303073113615, 0.8027617870406671, 0.80753013423898, 0.8195377059958198, 0.8388296480883252, 0.8181842043995857, 0.8470658097754825, 0.8707164167003199, 0.8471405411308462, 0.864956905218688, 0.8970828029242429, 0.8775409446521238, 0.8742687512527813, 0.8942722915248438, 0.8906464793465354, 0.8979460210962729, 0.9179189658977769, 0.9081088399345224, 0.9352366626262665, 0.9152875434268605, 0.9169747131791982, 0.9305842674591325, 0.9397415965795517, 0.9202554727142508, 0.9289791380817239, 0.9439561895348809, 0.9471192434430122, 0.9240601692687381, 0.9555971371856603, 0.934179884466258, 0.9526574862274256, 0.9542436267841946, 0.9313635351982984, 0.9584794701500372, 0.9559081501581452, 0.9589339955286547], "val_f1_score_pos": [0.6376932478470031, 0.6785850015925886, 0.7035246376224681, 0.7230952387246252, 0.7201990095643024, 0.66246070711437, 0.658091108051148, 0.6507018284318705, 0.6723387552283112, 0.7145268284927476, 0.7340106858126673, 0.7097170861755929, 0.7301346024690324, 0.7382275295826571, 0.7296886658405901, 0.6495125723454135, 0.7111254765110131, 0.6437142159317911, 0.5536854715601153, 0.6312154005776232, 0.676248877670019, 0.7020666590519786, 0.6836428117351897, 0.7246066255892102, 0.7209427716098619, 0.7095521383638179, 0.603002472480951, 0.705626646677653, 0.6458394612942097, 0.658040763307612, 0.5322153602032845, 0.6499945201055916, 0.6872532791019643, 0.6962464253420346, 0.6252627385872541, 0.6810763534241513, 0.6425853677224901, 0.6921940640986763, 0.6711930503940257, 0.7106305256841566, 0.49991240380725116, 0.693590101985021, 0.6507670508886678, 0.6978343791952916, 0.5352564908968568, 0.6402037262510134, 0.5983429389177518, 0.6678766378917439, 0.6414149370276018, 0.6542226377510193, 0.6540944980193147, 0.6654269202875397, 0.707093301655394, 0.5870050971132234, 0.6518434245943429, 0.6612214792315615], "f1_score_pos": [0.5272367481480945, 0.5927538417957046, 0.6105872975154356, 0.624804441224445, 0.6154936829751189, 0.6629522029649128, 0.6811802549795671, 0.6596593118526719, 0.6706543950871988, 0.6833339990539984, 0.7072886303067207, 0.697369702837684, 0.713982186534188, 0.7401003363457593, 0.7338053861802275, 0.7486884790388021, 0.7657862298867919, 0.7667183334177191, 0.7889784594828432, 0.7885504127903418, 0.8181967830116098, 0.8114945414391431, 0.8222547512162816, 0.8302765251560644, 0.8425389968536117, 0.8107465302402322, 0.8643231832168319, 0.8551607728004456, 0.8710493919524279, 0.8712613467465747, 0.8988003805279732, 0.8726705007932403, 0.8518190722573887, 0.9096059507944367, 0.9164493707093325, 0.8746737566861239, 0.9294058328325098, 0.904203446751291, 0.9351642416282133, 0.9277119751680981, 0.9180700704455376, 0.920230976559899, 0.9384690367362716, 0.9315327575260942, 0.9181394089352001, 0.941221449862827, 0.9455985034053976, 0.9174763113260269, 0.9511808421124112, 0.9401798024773598, 0.9554918184876442, 0.9530504461039196, 0.931234559552236, 0.9524842920628461, 0.9534663889895786, 0.9577882730148055], "val_f1_score_pos_neg": [0.4214922039098637, 0.6136086486844669, 0.5347670167723635, 0.5673178876443639, 0.6753195800119706, 0.5459625716600836, 0.5570219963546691, 0.558327009163283, 0.5509443481919524, 0.638432869628568, 0.6620982367317726, 0.6326163440997477, 0.6251766621644435, 0.6707331013279326, 0.5769700973389689, 0.6338508894773034, 0.6657899933914296, 0.6228279199245061, 0.4585201901664829, 0.5863516412943078, 0.5022877147277134, 0.6549617109134883, 0.6451285548670349, 0.5225148366218535, 0.6463449759618397, 0.6442598913274286, 0.5823218678196302, 0.6534792943761132, 0.535132788217446, 0.5211601367685822, 0.4987980056209199, 0.5905860586489026, 0.6381449291095188, 0.5439133396806475, 0.5306175147927467, 0.6045234436880033, 0.4392470803015069, 0.6331021227987926, 0.5964013934917035, 0.6539829510139287, 0.4956508440637476, 0.6324953735578164, 0.6134391490974797, 0.6295145211993882, 0.4178657920192365, 0.5799633268136976, 0.5350707247911899, 0.5931883541705444, 0.5720016681363256, 0.5751538926805375, 0.6036029682989793, 0.6147151425101768, 0.6216663102793499, 0.5484151974644774, 0.5771818125213565, 0.6152949511551525],