{"f1_score_pos_neg": [0.38200393883498907, 0.4478578830755696, 0.6529795511801504, 0.653297874500785, 0.7310307884478467, 0.7575328238285672, 0.7460789201313501, 0.8152882676337212, 0.7951391332748101, 0.8027861441645451, 0.8557770341070381, 0.8615707360030531, 0.8884963285070989, 0.8727786877421831, 0.8981974681267013, 0.8997480155639556, 0.8598073423454946, 0.91305155796326, 0.9339792959997402, 0.9331099066562455, 0.9311529985636418, 0.9313471179658054, 0.9539238616833253, 0.9586815744110485, 0.9267912939254583, 0.9530452040542389, 0.9321670834072932, 0.9480613163497729, 0.9380342319889919, 0.9691112144516238, 0.9522625936847237, 0.9575609702778504, 0.9631940862647483, 0.9640020431362425, 0.9560122275104884, 0.948142069465297, 0.9700820223907909, 0.9601070719225493, 0.9733961758703885, 0.9730427276818725, 0.9681070859139477, 0.9356720963846858, 0.9567209959175795, 0.8307477024610842, 0.965295002237645, 0.9668566340269952, 0.9676404330667812, 0.9674870696967888, 0.9722843156693982, 0.9796016107773592, 0.9711340193203767, 0.9685413320398069, 0.9761519930168996, 0.9750576645554605, 0.975726058079691, 0.9822045636745073, 0.976757337206664, 0.9775408574117709], "val_f1_score": [0.5871979177216471, 0.7245065115746998, 0.6981140428992564, 0.7576015854347611, 0.768836941183414, 0.7178249542529767, 0.7769270874787308, 0.7717565771860954, 0.7577269340755011, 0.7649276843146672, 0.7392430862955413, 0.7563326073507978, 0.7579232386616996, 0.750630395971375, 0.744507884513473, 0.7624502406888829, 0.7538158478026571, 0.7605996845114944, 0.7428658620632903, 0.7478204198518225, 0.7556908009107587, 0.7443109985818502, 0.750136778177068, 0.7372468624068412, 0.7465303568612962, 0.7376788696672163, 0.7399394288750067, 0.7302312145011911, 0.7460076427576161, 0.758784817251967, 0.7434672401064918, 0.7030548861611894, 0.7324085114057538, 0.7425393216921442, 0.7507637531766088, 0.7477193065033145, 0.7250327165892418, 0.7465895469663199, 0.7341154596889994, 0.7368090962024544, 0.7331661504121345, 0.7230295281998258, 0.6571302932842893, 0.7482784383899563, 0.7533356274440611, 0.7487148244447906, 0.7476812882010025, 0.743414264604431, 0.743487002139272, 0.7541084510793907, 0.745177192711277, 0.7460372145213778, 0.7435193793968694, 0.74256164425022, 0.7302936519313062, 0.7318907338620979, 0.7470067826819508, 0.7525513621185871], "val_f1_score_neg": [0.24114772559158384, 0.571119022966159, 0.6053138630002992, 0.6280718046230275, 0.649310829584124, 0.6245632157803164, 0.6453375868744903, 0.6429933893229353, 0.6452551238120549, 0.6582844165655283, 0.6108360463009649, 0.6378148374976692, 0.6292171755553165, 0.6365763762640575, 0.6101477877560989, 0.6319504807429145, 0.6291787390743856, 0.6475581226185856, 0.6195837048238305, 0.6148352068422478, 0.6295715087936038, 0.6224743877429519, 0.6107376777499878, 0.6295370087664351, 0.6100310153431363, 0.5941511731008033, 0.6037262965616871, 0.603296038431999, 0.6312533419065277, 0.6456666536383576, 0.6267222278866285, 0.6183986226426522, 0.6199361895175789, 0.6096115665412503, 0.6398129829993615, 0.6393861825940664, 0.5818982310638614, 0.6334426340457139, 0.5871319725691035, 0.61223077468383, 0.6371050841642387, 0.5957194257422972, 0.48386788710278616, 0.603240776193011, 0.6404786172512832, 0.6350914874501863, 0.6258459646477659, 0.6003346547975645, 0.6176794819051675, 0.6201063057587406, 0.6156598083556645, 0.6280556575137035, 0.6240697926654047, 0.6146808808103149, 0.6198450356030494, 0.6161854042966142, 0.6255738594010927, 0.6313254892898857], "f1_score": [0.37504908648218843, 0.5809928295666223, 0.7300854209871939, 0.7280209059386117, 0.7876326848838704, 0.8083054874827386, 0.7970003751115095, 0.8529903132083871, 0.8377658600623679, 0.844060542711632, 0.8845110320433218, 0.8897815601594141, 0.9102665856617139, 0.8987286070460726, 0.9189556943037631, 0.9199690184144619, 0.8863597962283913, 0.9304579202183588, 0.9474125525247927, 0.9472893211778957, 0.9451500763963037, 0.9451215734697364, 0.9630201926082828, 0.9669208791682686, 0.941391875777364, 0.9628725433102016, 0.9456698276243635, 0.9584871117269111, 0.9505015691752542, 0.9757797805798367, 0.9624502296919639, 0.965998160562358, 0.9703094751716899, 0.9710201888675725, 0.9643709465870424, 0.9598972668499209, 0.976260463821502, 0.968021391584295, 0.9790539809604498, 0.9782951763292311, 0.9744098076896108, 0.9479284404834452, 0.9656986364811458, 0.8547589920538551, 0.9714259234374809, 0.9735857225731516, 0.9747411879593086, 0.9740570994798338, 0.9779737794188078, 0.9835066783697632, 0.9772627556112822, 0.975165047438755, 0.9808101258266242, 0.9803410562787321, 0.9806470660880782, 0.9856962699968784, 0.981548634839626, 0.9820574448468413], "val_f1_score_pos_neg": [0.4497704606353145, 0.6449228777699128, 0.6330761352010408, 0.692875703466972, 0.7015499204069704, 0.6547493460123065, 0.7159877202595255, 0.7081293928754199, 0.6855781875250541, 0.7049516044984662, 0.6756995695123451, 0.6947043930363451, 0.6865401810924358, 0.688659858354282, 0.6752018258976267, 0.6928266341432984, 0.6935758654742304, 0.6980922313836905, 0.679815362079094, 0.6786853910511376, 0.6862271634068099, 0.679657815431355, 0.6827030155684922, 0.673064617592482, 0.679471124077309, 0.6650246547691988, 0.6697188481888637, 0.6527954495724595, 0.6850701525388911, 0.6954590451149714, 0.6758726023055694, 0.6390236713656284, 0.6697772147454621, 0.6710502016966451, 0.6876768993079589, 0.6855947515757821, 0.6490155228473911, 0.68301971433218, 0.6617862843477391, 0.6630147499042552, 0.670075126037784, 0.6540351739296546, 0.5477047882819496, 0.6763789090481434, 0.6887232075389634, 0.6835142433716118, 0.680926766587701, 0.6737998568240249, 0.676491862251645, 0.6873386903269096, 0.6795601948131427, 0.6814732804839865, 0.6768998814444257, 0.6732859246168963, 0.6650227848281208, 0.667496495922261, 0.680594810344943, 0.6832577058538267], "f1_score_pos": [0.4326813578168721, 0.6173705170994935, 0.7270105836154049, 0.7025038210007208, 0.7755528633450326, 0.8151580634900689, 0.7652000614106838, 0.8246414833631032, 0.8146854099443793, 0.7974974848398292, 0.8689137891289951, 0.8880966364718387, 0.9110307505601196, 0.8790107511789536, 0.9126204007925897, 0.9007391967129693, 0.8691625874728492, 0.924497011418596, 0.9402183214192282, 0.9522226843152312, 0.9438857406323176, 0.9431160760129743, 0.9610555969001173, 0.9681980936135471, 0.9249352207253747, 0.9652988494862561, 0.9263909304731854, 0.9567985075526508, 0.9375571671898364, 0.9767450725952153, 0.9528351213120803, 0.9615620687813313, 0.9695227744743893, 0.9626962564380415, 0.954939623613072, 0.9667450796924281, 0.97350197109276, 0.9687446277900374, 0.9830586425254603, 0.9662299410337053, 0.9726427587781218, 0.9271461758660192, 0.9622163520619573, 0.7433125654152419, 0.9511393392748707, 0.9675024635702936, 0.9709197897407145, 0.9691638759017064, 0.9702609549518322, 0.9762337923632501, 0.9774612775647065, 0.9761313583039626, 0.9775411697080678, 0.9801064743162585, 0.9791505928802723, 0.9817918537954914, 0.9746234044114045, 0.9755672431967939],