{"val_acc": [0.6223446057751333, 0.5974298342144023, 0.6525045926571518, 0.6860739552315033, 0.6831890807638261, 0.6543404185768815, 0.6795174304406661, 0.6845003944383716, 0.6755835215094331, 0.6803042336364384, 0.6362444342761536, 0.6504064998444128, 0.6719118764073462, 0.6309992044640438, 0.6601101465497841, 0.6637818000774949, 0.6761080588908012, 0.6624704924525159, 0.6438499889972796, 0.6687647519760672, 0.663257277640276, 0.6648308442641268, 0.6535536266517489, 0.6585365913372605, 0.647259367675316, 0.6546026835627923, 0.6451612922609431, 0.6590610938593686, 0.6504064998444128, 0.648570686101976, 0.6433254742978785, 0.654340415981977, 0.6601101393434528, 0.6614214589268774, 0.6247049497707666, 0.6488329415054982, 0.6393915606145311, 0.6493574663187743, 0.6299501832563859, 0.6197220033121147, 0.6519800665464234, 0.6244427046374389, 0.6433254743760382, 0.6168371355818102, 0.6330972996528399, 0.6307369545786018, 0.6459480684759609, 0.6430632133919081, 0.650406502908276, 0.6386047821641437, 0.6365066971673823, 0.646210337135381, 0.6420141686581577, 0.6333595600273239, 0.6451612898848859, 0.6438499846359641, 0.654078151465025, 0.6283766074409455, 0.6401783288728837], "loss": [1.0161595156899206, 0.8445747864467127, 0.8203410037137844, 0.7875229374126151, 0.7874388672687389, 0.7324398480079792, 0.7284764581256442, 0.6955890081546925, 0.7075061323466124, 0.6590987283874441, 0.6494726240634918, 0.6328895566640077, 0.6488933121716535, 0.6153638500858236, 0.6092819367293958, 0.5686992177808726, 0.5582562229699559, 0.5734386777988186, 0.5423429001260687, 0.5179738173330272, 0.5089628122470997, 0.5062160864472389, 0.4772600401882772, 0.5063058314500032, 0.45521102873263536, 0.4249431604036578, 0.4447421508806723, 0.48917092106960436, 0.39663021597597337, 0.41597046509937, 0.39034755803920607, 0.39840020874032267, 0.4198714458832034, 0.38794478166986396, 0.3762356178076179, 0.3670367620609425, 0.3695486709475517, 0.3624524799761949, 0.3318246790656337, 0.351000034008865, 0.3203890064248332, 0.33675424147535254, 0.29751338795931254, 0.3352654029925664, 0.31682510591215557, 0.34260513150581606, 0.27457754093187825, 0.28809571155795344, 0.2779572269430867, 0.27640030643454305, 0.24002308784811585, 0.29129665137992966, 0.26603393229069533, 0.25017837931712467, 0.27803775309412565, 0.22141415736189596, 0.2819438102068724, 0.2537550607489215, 0.2795956017518485], "val_loss": [0.8057706971009697, 0.8168876009946604, 0.7669778384156907, 0.7294032524459293, 0.7257018618279794, 0.7359642577927912, 0.7167658287804176, 0.730049265656545, 0.7200299328529643, 0.7237708405219068, 0.7796818085333321, 0.7625898836386226, 0.7505537663236428, 0.7971999331968774, 0.7979719084671655, 0.7969843526384257, 0.7544008094808607, 0.8331748666551961, 0.8470423760108988, 0.8007146931057242, 0.8439280953177185, 0.8087261922553928, 0.8647259220406667, 0.8619645304045839, 0.8372587285234395, 0.925289080770129, 0.9727745648134484, 0.8308022522469878, 0.9041294867742915, 0.9723158800598832, 1.031176876809195, 0.8750474103129257, 0.9375926372012596, 0.8854187476863206, 1.1243248364133156, 0.940127210607061, 1.0184483235194368, 0.9380313225096366, 1.1327880619705863, 1.1759724980916308, 0.9451004499186064, 1.13202165653785, 1.1152226238028133, 1.234095970258105, 1.0191125056264034, 1.0683777630250972, 1.0609866619235162, 1.0308254761799658, 1.0032831376973894, 1.1502399729706938, 1.0953596025322354, 1.0018317684738336, 1.1585655434063467, 1.0311984548473683, 1.0278361189749934, 1.1635391542738327, 1.1237362724509792, 1.218988216207811, 1.1163001873660143], "val_f1_score_pos": [0.6769371584366539, 0.6885021957018043, 0.6714356785648425, 0.7151170418920899, 0.7199105334788397, 0.6939920878554153, 0.7264248174286689, 0.7191158510117339, 0.7088917048934749, 0.6975395597562433, 0.7074220261328682, 0.7101778658612519, 0.7114731533115316, 0.7014641257649233, 0.6695584731717263, 0.6737642996648213, 0.7023599709609097, 0.6655912000051859, 0.6491542414608447, 0.6968833816167159, 0.6513663781867889, 0.688017500047136, 0.6966297427813212, 0.6914703790015384, 0.7068117934670187, 0.6604174013654297, 0.6605135202095198, 0.6935011743561289, 0.6848273162700484, 0.658555688349681, 0.6539394167849563, 0.6959252922109128, 0.662683609664956, 0.6881049935692037, 0.5887017497045925, 0.7045976252434544, 0.6626650322743548, 0.6806999636921957, 0.6080821934660494, 0.5877378510109496, 0.696401766629598, 0.5955837360836532, 0.6703418454816265, 0.607354027046921, 0.6989300824543513, 0.6648841148719618, 0.6678184749665549, 0.6918342549313781, 0.6838855981326559, 0.6265372680048289, 0.6715629353255635, 0.6936142332216838, 0.6414942870045034, 0.6871248138347948, 0.6660462229732701, 0.6951900427184516, 0.6756860227088368, 0.6327612663766015, 0.6482201524366084], "val_f1_score_neu": [0.6657445553310143, 0.5054436116949517, 0.7012318702404373, 0.7087707987864624, 0.6881691680909954, 0.6997028291303593, 0.7064582554493055, 0.6932687418310154, 0.704159641184583, 0.7168556313611002, 0.5805049517352907, 0.6220405507269038, 0.701078694134974, 0.5680949283246446, 0.704805999642559, 0.7059490971917903, 0.6941215624310293, 0.7073553316304917, 0.6970729728617945, 0.6846174597427535, 0.7021598291465875, 0.6931118052711707, 0.6759546598423943, 0.691931286243951, 0.6467780372835725, 0.6973530366575189, 0.6878127615469946, 0.6623348652800644, 0.6542098107470511, 0.6882446438910421, 0.6892058473855155, 0.654056657214131, 0.696087709928228, 0.6778512183306195, 0.6835735126208233, 0.6522168702038761, 0.6777297052973186, 0.664512814154251, 0.680606609703267, 0.6790315760204306, 0.6567593357271014, 0.678744148417092, 0.6837245096942742, 0.6739165231433091, 0.5942288933074165, 0.6777671910382743, 0.6707790437690111, 0.6343573904431401, 0.6637916547746255, 0.6864306754150511, 0.6566709824162394, 0.6457349223287719, 0.6843897540551173, 0.6205218998491061, 0.6720494710020339, 0.6451422752685007, 0.682922438814857, 0.6791730141220773, 0.6760269229005023], "val_f1_score_pos_neg": [0.38535846668592816, 0.5763863150353761, 0.4972052968395622, 0.6076654224079361, 0.6396214986391465, 0.46002846856990137, 0.5458889841220524, 0.6468413951295022, 0.5730770473682815, 0.589451170611688, 0.6198161045553926, 0.605536286095575, 0.5515438095653523, 0.619529697937569, 0.5453000936081739, 0.554670834319347, 0.6192591081539728, 0.5599433072683163, 0.49234984795189957, 0.6138375019139266, 0.6002921357481241, 0.5865495115510754, 0.5417784494644633, 0.5355633903668992, 0.5533270356288083, 0.5567277051350153, 0.5196574240211674, 0.6194120853740713, 0.6139419211385884, 0.5494834671738327, 0.5160234080519602, 0.6161658311496717, 0.5904875696721491, 0.6068843907332001, 0.5168931699161795, 0.5567488387254415, 0.5169808535775331, 0.5941169076693705, 0.5362118093197721, 0.5083107488254784, 0.6108217059925038, 0.5224191674465837, 0.50289378295475, 0.4701523064410252, 0.6187957321568921, 0.4386179350803069, 0.5712185005737733, 0.5865484197215398, 0.5846052333153735, 0.546684733251246, 0.5449990785687795, 0.5869728428405193, 0.5484788198968791, 0.6016578048725564, 0.5830297936550314, 0.5646270516660937, 0.5717822406475168, 0.4897609926601923, 0.5652619501971023],