{"f1_score_neu": [0.4842378718133729, 0.6131293059040147, 0.6838589760546501, 0.6926934360884703, 0.7117493937794979, 0.7317137219584905, 0.7499929500313905, 0.7522221379555188, 0.7333297276726136, 0.7579336859858953, 0.7762788213216342, 0.7722338839219167, 0.7896251953565158, 0.7711838111281395, 0.788417287170887, 0.7973030673769804, 0.7998673417247258, 0.8044426750678283, 0.8077687409061652, 0.8204654799057887, 0.8223287027615768, 0.833314594741051, 0.821375786111905, 0.841733690064687, 0.829941811469885, 0.8428334811559091, 0.8465106441424444, 0.8589464128017426, 0.8560472761209195, 0.8547499283001974, 0.8591895326972008, 0.8594545951256385, 0.8756441198862516, 0.8934392424730154, 0.8704194105588473, 0.8756281951299081, 0.8736399589822843, 0.8985058315671407, 0.9056513911256423, 0.8840512432731115, 0.9070764831625499, 0.89402747211548, 0.9040351630403445, 0.9017914802982256, 0.8893696533945891, 0.9133019023216687, 0.9136180419188279, 0.9027929294567841, 0.9104995761926358, 0.9164272386294144, 0.9082547936301965, 0.9231997590798598, 0.9151279353178464, 0.9230260424889051, 0.9121196568012238, 0.9270217126378646, 0.9131446068103497, 0.9079252355373822, 0.911943080333563, 0.925268333691817, 0.9167132251537763, 0.9299521727057604], "loss": [1.0236789996807392, 0.8892092842322129, 0.8286820885080558, 0.792010597884655, 0.7593545449467806, 0.7429821244799174, 0.7120416038311445, 0.6918287036510614, 0.7163317226446592, 0.6657175696813143, 0.6438711944680947, 0.645353000324506, 0.5992049087698643, 0.6270356109509101, 0.5904455631971359, 0.5877825044668638, 0.5758861827735717, 0.5555450695638473, 0.5503096036039866, 0.5098587472278339, 0.5169488675892353, 0.4924046566280035, 0.5164443988066453, 0.47074382952772653, 0.48909907788038254, 0.47037726869949925, 0.44559892582205624, 0.4341012526016969, 0.4264812194384061, 0.4404366466288383, 0.4021595687820361, 0.41505464567587924, 0.3836280399790177, 0.3382905979569142, 0.39043428290348786, 0.38933648340977156, 0.3916067730348844, 0.3230074652685569, 0.30267678358807015, 0.35995420469687534, 0.29613401941381967, 0.33523893685868156, 0.3040112533534949, 0.3088717512213267, 0.34330284495193225, 0.28585732341385806, 0.297228832800801, 0.3013429160301502, 0.2832097148952576, 0.26981907266263777, 0.2938718023495032, 0.25940640600254905, 0.27630548651974934, 0.2554655896069912, 0.2735409912868188, 0.23137673305777404, 0.28605579857069713, 0.2917594863818242, 0.2851991647711167, 0.2480999525063313, 0.2705945927076615, 0.23255250645944706], "val_acc": [0.6273275601904504, 0.6315237312625782, 0.5620246548337509, 0.5633359696650612, 0.6708628297664974, 0.6561762274265164, 0.6734854443286492, 0.6648308418880696, 0.6792551682997713, 0.6897456061643095, 0.691843683814052, 0.6687647502096563, 0.67374770163927, 0.6637818083624311, 0.6734854382790826, 0.6451612803024974, 0.6721741397675335, 0.6789929145219724, 0.6698137920983908, 0.6645685672572427, 0.6732231966004171, 0.6682402230203229, 0.6771571037652391, 0.6695515371638272, 0.6525045967996198, 0.6546026750590087, 0.6469971168832206, 0.6587988389248052, 0.6590611113984223, 0.6585365852876939, 0.6640440513385489, 0.6383425229464245, 0.6464726011833744, 0.6619459742359248, 0.6312614770158207, 0.6540781515431848, 0.649357458033838, 0.6635195367173076, 0.6367689423788697, 0.6635195356387027, 0.6546026769661072, 0.6577497984116827, 0.6501442486615184, 0.6362444416231725, 0.6139522732132663, 0.6525045902810945, 0.6498819895844868, 0.6582743123451181, 0.6228691329644667, 0.6370312129453883, 0.6165748902296351, 0.6365066863657013, 0.6483084185993205, 0.6428009543148764, 0.6509310331614725, 0.646472582487556, 0.6202465275157445, 0.6475216340993666, 0.6451612930894367, 0.6504064962490631, 0.6472593767887459, 0.6477838961621016], "f1_score_neg": [0.22758592903399125, 0.3233773552167874, 0.33895152606643164, 0.4210696302067775, 0.4355690483576976, 0.4707161457492755, 0.4844847719829816, 0.4936400611813252, 0.5069542379619983, 0.5595235924881238, 0.5743853295078645, 0.5797500381102929, 0.6037962935291804, 0.581611348172793, 0.5925086561876994, 0.6156545797219644, 0.6259856636707599, 0.64567423124726, 0.6527586590785247, 0.6771866782353475, 0.6784032766635602, 0.711159369120231, 0.6578611936420202, 0.7035042500266662, 0.7114717421623377, 0.7233160648208398, 0.716089305969385, 0.749595963037931, 0.7369839193729254, 0.7680586020533855, 0.7612271907810981, 0.7716307869324317, 0.7984754534868094, 0.8063942979161556, 0.785903954735169, 0.7824205142947344, 0.7853549604232495, 0.813254391344694, 0.8423155741049693, 0.8108320459723473, 0.8487476935753455, 0.8148980186535761, 0.8338948683096812, 0.8411723914054724, 0.8301518570918304, 0.8656460235898311, 0.8400309492762272, 0.8428713856981351, 0.8545021523649876, 0.8569934001335731, 0.8492783290835527, 0.8697667924257425, 0.8589503782299849, 0.8710461247425813, 0.8780067568788161, 0.8741627897207553, 0.8500988099437493, 0.8680920583697466, 0.8499611272261693, 0.8730421862923182, 0.8678240300371096, 0.8877794536260458], "f1_score_pos_neg": [0.3665829010021228, 0.43995218408795506, 0.4677078274007027, 0.5182615501376299, 0.5370838599136243, 0.5608148655066123, 0.5726337407070857, 0.5866705471506486, 0.5905117650444691, 0.62384766798753, 0.6350182271920718, 0.6418818292709497, 0.6704444845135396, 0.6483241663529322, 0.6636481732130051, 0.6808196266110127, 0.6854336003844554, 0.7028732563440616, 0.7059333840241799, 0.7328166113449976, 0.7297560807604057, 0.7531351710741336, 0.7230810107519994, 0.7557662072090002, 0.7506620832360708, 0.7648618651124147, 0.7714799086634929, 0.7858194336295128, 0.7856587011080521, 0.7912369221448898, 0.8019866221226178, 0.8028760403394699, 0.8202140296881015, 0.8403256403712126, 0.8159648730204656, 0.8149793211084145, 0.8118237153841898, 0.8477969221197642, 0.8612965758030231, 0.834390266583516, 0.8674908578395844, 0.8427281202032015, 0.8597746371076658, 0.8579902860980767, 0.845564756829005, 0.8758824502046292, 0.8674113870813296, 0.8599954717434369, 0.8734314327056591, 0.8790563150094106, 0.8690821620134207, 0.884290367938005, 0.8800737147147839, 0.8903047528404456, 0.8793364276106541, 0.8929758564783976, 0.8696250073038615, 0.8728810875461652, 0.8706804095552518, 0.8878081641518153, 0.8820176479908136, 0.9008891737231841], "val_f1_score_pos": [0.6639728696521986, 0.6954437255890639, 0.661989727515484, 0.6666562437948642, 0.7168587670218685, 0.6808933626470558, 0.7005824239867395, 0.714891657315306, 0.7001493597261993, 0.717006236525805, 0.716413574396329, 0.6755871915642183, 0.7171708342286817, 0.6738698951941039, 0.6940766177620126, 0.6078225867566305, 0.7128585116806351, 0.7051463649399851, 0.7041834744292859, 0.6694642055419183, 0.6991129042656441, 0.6954180752702689, 0.7001518535857872, 0.6883940537114047, 0.7026558879038933, 0.6872268860620868, 0.6737254393122624, 0.6755372359625723, 0.6789438200847326, 0.6688757126580815, 0.678468664455939, 0.689789419892639, 0.6170113594426341, 0.6637743587197514, 0.597182370329541, 0.6725102749484873, 0.6965498503130501, 0.6616075912423562, 0.6861925029454505, 0.6895118906464816, 0.6842229259536237, 0.6864259625994374, 0.662524990778472, 0.637518449324246, 0.6845231172984083, 0.6856479886601736, 0.6775247625969477, 0.6673967824687552, 0.5536741206972986, 0.6806654241996083, 0.571674422504331, 0.6469826515253029, 0.6704999845139848, 0.685267426806299, 0.6717573725236172, 0.6746958248452067, 0.658639112107872, 0.6671765949855537, 0.6648927769603424, 0.6551611903080814, 0.6633379195044743, 0.6726841488567326],