{"f1_score_pos": [0.02418207690904015, 0.0, 0.1789278225899723, 0.2481524857667912, 0.3588548085015071, 0.33867394296746506, 0.43699960665483223, 0.40937027962584244, 0.46464020053022786, 0.4726622759511596, 0.5350445634440372, 0.5136128101301821, 0.4945122053552615, 0.5420965756240644, 0.5654468010914954, 0.5215272926970532, 0.5681299343705177, 0.5773495967058759, 0.5381071871440661, 0.6145233280564609, 0.5725875634111857, 0.6026769059857255, 0.597337751796371, 0.5946622232073232, 0.6428691701669442, 0.6485951115426264, 0.6056395563247957, 0.6666011606392107, 0.6547136334212202, 0.6551951436620009, 0.6770588955596873, 0.672489835243476, 0.6965691059043533, 0.684539256519393, 0.7230251654982567, 0.6886823220472587, 0.7287411960332018, 0.7462001599763569, 0.6894685041747595, 0.7242887165201338, 0.7334206763066744, 0.7522706593337812, 0.7270526360524329, 0.7530505853263956, 0.7163792668204558, 0.7619433704959718, 0.7979407122260646, 0.738408592382544, 0.7996053687835994, 0.8131447928516489, 0.799205133789464, 0.78484855200115, 0.8209491638760817, 0.720672364493734, 0.8526440537289569, 0.8207659070429049, 0.819089233091003, 0.8186321948703966, 0.8373261619555322, 0.7777527455044421, 0.8491104958873046, 0.7949281303506148, 0.8644154087493294, 0.8610017644731622, 0.870746636861249], "val_f1_score_pos": [0.0, 0.579311067761632, 0.3503800792907312, 0.0, 0.060937951480368444, 0.30061283482909357, 0.6157110712673919, 0.661785792325883, 0.5200040538793094, 0.5869583202696459, 0.5652537629449896, 0.49049618884768664, 0.6475175288353197, 0.6500459142066412, 0.4904511334106361, 0.6497012725534197, 0.6322160868891074, 0.519445587620784, 0.6367850907668647, 0.6290733514574923, 0.6582967673047083, 0.5188376855465674, 0.6752336411816287, 0.6023891937566997, 0.6114142243392569, 0.6109778188421068, 0.6477947269966682, 0.5602346666835282, 0.617802296555827, 0.536471751608187, 0.6468044429384378, 0.6528964035003916, 0.4451943370197315, 0.5978150450898817, 0.6547551495866953, 0.6387834903795576, 0.6436462355916843, 0.5632008368375575, 0.6733513733016954, 0.6456337842827483, 0.6169913325164689, 0.654672942604257, 0.6344677537812544, 0.648348730754077, 0.41605626708280063, 0.6408837819831001, 0.6097652378308626, 0.45957243333111714, 0.5813213515212897, 0.6084158434318865, 0.635750363497105, 0.5436106417049675, 0.614577150738774, 0.5714560978812181, 0.653879119363195, 0.6294129218700018, 0.612025914669287, 0.5578418731877036, 0.6537335069511557, 0.6485613939520133, 0.5929461327588311, 0.48398175161090573, 0.6465976736597461, 0.6422728925060169, 0.6276099134892139], "val_f1_score_neg": [0.27201800419219424, 0.027872827915250552, 0.0, 0.2686968544689089, 0.003973646648765517, 0.3469994606353966, 0.03171058866512172, 0.12415104084070543, 0.02935943270672221, 0.02609043160574098, 0.02598236798224035, 0.289760842462115, 0.022831564652397662, 0.4802993332389268, 0.21404231210534042, 0.25211046189812264, 0.010139136023403246, 0.06517913436759903, 0.2054976111059579, 0.04994205240460165, 0.16598398421118962, 0.2388576591265755, 0.02897849303435504, 0.41230920304190355, 0.10478395640990755, 0.1722405320573222, 0.26289007215011534, 0.08835523855942552, 0.4596750758277629, 0.05255543400328084, 0.10845861274826224, 0.47669300884829086, 0.3597613545796579, 0.2922279984071566, 0.18011835022076453, 0.021490307244890604, 0.324458357225151, 0.3434204019150833, 0.34812539619330873, 0.20287343773305994, 0.42214252570155036, 0.2876083073405309, 0.17659941479786467, 0.28616339435672433, 0.18106569493970565, 0.08883787759787574, 0.27975234410408256, 0.4483689399660337, 0.16554511852177492, 0.1146285982366281, 0.35445194539985037, 0.26943447065891135, 0.31944537035380327, 0.34497920925336467, 0.34267728929128227, 0.3467024741618614, 0.30563328832333214, 0.17213655024602786, 0.285441464571824, 0.2814199704527386, 0.3078734755922483, 0.33258118048415797, 0.32431375619279035, 0.2754050087747441, 0.33761156289214195], "val_f1_score": [0.0906726696923934, 0.20239463751002806, 0.32213928202866193, 0.2924928271079545, 0.22382845653188282, 0.4288223309214272, 0.30766764636462424, 0.45523159295406485, 0.4032547537060569, 0.4277702967872965, 0.4212585700924491, 0.48201033673103855, 0.3934486608101319, 0.5989361165422109, 0.45765430920085914, 0.5303892969475498, 0.4413250306679325, 0.4171031396313349, 0.5085079758898217, 0.4497368270538624, 0.4661400073271175, 0.47537259851701297, 0.45042525105610187, 0.564970053089531, 0.4637850553008349, 0.4851471436420764, 0.5304903082262334, 0.4401676755641784, 0.582091758484419, 0.4178321619156368, 0.47414940406480177, 0.5660186232371246, 0.49093040341690647, 0.5198390091728607, 0.49222645388636227, 0.4396610853398781, 0.5375017738704947, 0.5258792268926629, 0.5465826036390469, 0.5030364427015033, 0.5681917107452285, 0.5202963407071531, 0.48994140117899376, 0.5271551429584462, 0.4161712477956267, 0.45859030478431456, 0.5207694338557916, 0.5260965718767819, 0.4710798213683868, 0.4551854046614127, 0.5478765673128414, 0.4930505137289724, 0.5292124160312149, 0.5290616009137213, 0.5187953215492013, 0.5447842443267599, 0.5256073158180623, 0.46000288403818934, 0.5177195670721633, 0.5228954542974397, 0.5205461751858206, 0.4902144924349401, 0.5193962571253903, 0.5144812231172641, 0.5298670939720118], "val_f1_score_neu": [0.0, 0.0, 0.6160377316233557, 0.6087816051069971, 0.6065737673719193, 0.6388546735978395, 0.2755812459415005, 0.5797578902373375, 0.6604007508477732, 0.6702620959832166, 0.6725395757977556, 0.6657739696057487, 0.5099968527859664, 0.6664630723787424, 0.6684694478838831, 0.6893561033792394, 0.6816198462549545, 0.666684674178713, 0.6832411786467579, 0.6701950487145094, 0.5741392421403521, 0.6684224085016198, 0.6470636036838099, 0.6802116935877797, 0.675156958782232, 0.6722230595020431, 0.6807860803360267, 0.6719130856641283, 0.6687977975539701, 0.6644692851150877, 0.6671850927508224, 0.5684663967732335, 0.667835475155415, 0.6694739769363603, 0.6418058134863579, 0.6587094354435681, 0.6444006628199822, 0.671016396983477, 0.6182709781635224, 0.6606020594312236, 0.6654412134282082, 0.6186077032944614, 0.6587569729068165, 0.6469532578222214, 0.6513917520388262, 0.6460492329087246, 0.6727906678437624, 0.6703483125308727, 0.6663729654751579, 0.642511731397127, 0.6534273681320483, 0.6661063535864385, 0.6536146698271919, 0.6707494477259028, 0.5598295174056452, 0.6582373198548734, 0.6591626877800987, 0.650030211094887, 0.6139836515181026, 0.6387049359441147, 0.6608188874040599, 0.6540805212850493, 0.5872773043977411, 0.6257657016352222, 0.6243797454376281], "f1_score_neg": [0.22946342838143832, 0.3173274561566742, 0.011141469922700995, 0.0583218182192037, 0.14169769043004826, 0.2068362779131061, 0.23607187056423803, 0.2973064368492679, 0.2510361579295836, 0.265699766919409, 0.3224299636326338, 0.32470947798145444, 0.3008601124349393, 0.41555423083666126, 0.41915836538139145, 0.41118760196197973, 0.44141529135307983, 0.4243885933568603, 0.4690904631034324, 0.46157411446696833, 0.46836700917858826, 0.5298502841278127, 0.48294724435790587, 0.5469994301858702, 0.5568495873655928, 0.5360021789215113, 0.5194368000191293, 0.5646085840110716, 0.5838401868547264, 0.6172856257150048, 0.5602673881834275, 0.6483872203450454, 0.5566111018783167, 0.6454724622400183, 0.649184391294655, 0.7098616569450027, 0.6672099634612861, 0.6724073330528642, 0.7070853170007467, 0.718743959539815, 0.6296094040337362, 0.729241310373733, 0.6965582613882265, 0.7308594627599967, 0.7051212448185604, 0.7199332420959285, 0.7574506903949537, 0.7087681011149758, 0.7685188878523675, 0.7635589202767924, 0.7858323121541425, 0.8028809161562669, 0.7741560169348591, 0.6794878097839261, 0.8351563881886633, 0.7778966893490992, 0.7939569071719521, 0.80222229973266, 0.8519023029427779, 0.7826709221852454, 0.8541816394580038, 0.7522680556009474, 0.8473045669103924, 0.8720234083501917, 0.8108542518396127],