{"1": {"val_acc": [0.5486493553666346, 0.5536323114702029, 0.5979543663121696, 0.634670856772462, 0.6338840794006796, 0.6561762423706655, 0.6504065045965272, 0.6328350399661621, 0.6556517164006247, 0.6567007541468911, 0.6483084118619479, 0.6247049497707666, 0.6543404106202164, 0.6567007684813939, 0.6386047669229875, 0.6446367721997813, 0.6283766074409455, 0.6433254543827677, 0.6519800671560696, 0.6063467048454435, 0.6438499913733368, 0.6291633817488648, 0.6448990327149527, 0.6249672107548968, 0.6328350442493178, 0.6349331316221364, 0.643849991982983, 0.6247049558203333, 0.6283766081287515, 0.6147390638409467, 0.633097309375916, 0.5507474522436818, 0.6223446002570532, 0.6286388749436009, 0.6428009404493322, 0.5974298451724028, 0.6307369575643051, 0.6315237377811035, 0.6186729686297114, 0.626016260381449, 0.6289011166222666, 0.622344615279362, 0.6252294752718488, 0.6210333048093672, 0.6045108893365958, 0.6273275632543136, 0.6202465238422351, 0.6273275693038802, 0.6218200954370476, 0.5717282986941064, 0.6249672178830683, 0.6296879090163578, 0.6307369502172863, 0.6294256499393263, 0.624967219039833, 0.5979543663121696, 0.6249672168826231, 0.6202465220758242, 0.6252294819310616, 0.6129032307930453, 0.6150013127259435, 0.6084448006438858, 0.5987411406200888], "loss": [1.1055551977718578, 0.899278404081569, 0.8672836633289561, 0.8230287958593929, 0.8024876310544855, 0.775817029616412, 0.726077659165158, 0.7331624451805564, 0.6966910160639707, 0.6972336611327004, 0.6680450527107015, 0.6496381838532055, 0.6544421963831958, 0.6196272846530465, 0.6028410266427433, 0.5546576674370205, 0.5543827015687438, 0.5710138292873607, 0.5573731389115838, 0.5307224467396736, 0.5323513917186681, 0.4596497232423109, 0.5082549557966345, 0.4695517008795458, 0.45420213481959176, 0.4922376029631671, 0.43653109012281194, 0.4083383043899256, 0.41249022983452854, 0.3685317078933996, 0.3436406136435621, 0.33998387328842106, 0.4296015115345226, 0.3946352127720328, 0.32707173925112276, 0.2831142058267313, 0.32543974720379887, 0.29010885362239447, 0.3503053622210727, 0.28422220401904164, 0.2965792630086927, 0.29284679078880477, 0.27412988442708464, 0.26592568658730564, 0.277201381895472, 0.2657606231377405, 0.2532951717867571, 0.2704399149207508, 0.23407980974982767, 0.27989671729943333, 0.22862170855788624, 0.1837260049274739, 0.25415779781692166, 0.1909606183933861, 0.25187472714220777, 0.2128993307842928, 0.23235929801183589, 0.19577036447384777, 0.18676472564830499, 0.16792109564823263, 0.2710198689909542, 0.16728755809804974, 0.1807481448220856], "val_loss": [0.9009434663027002, 0.857557807980389, 0.8150265164929301, 0.8039328567224509, 0.7788833373023742, 0.777793155265486, 0.793684062731413, 0.8362801532997973, 0.8066925851966714, 0.7689940537363408, 0.8626402991198818, 0.8043058552580683, 0.8048301512195218, 0.8597642860323809, 0.9016388921390016, 0.8351782281630752, 0.9889304487216889, 1.0171033202460704, 0.865039823063396, 1.0921911027779767, 0.8978323210670728, 0.9304167164019203, 0.8839220210007098, 1.020107616441568, 0.8945599159105162, 0.9319979965671166, 0.9243883912468907, 0.9400059819190233, 1.0811895363730393, 1.0228386220424281, 1.005335607586212, 1.0367423843405799, 1.011664705891763, 1.1463590780331212, 1.022576354445981, 1.1281267408620583, 1.108754280386964, 1.1623126122697018, 1.2540779807828337, 1.1516941977772785, 1.1104379525310937, 1.1052525953267336, 1.3634577620664108, 1.3472604176643606, 1.4753542884328439, 1.2585748729510724, 1.3917425141821, 1.2058782227046214, 1.232022718091415, 1.6371026261097297, 1.1772903731073758, 1.2421080988909734, 1.2892364191314913, 1.3478499183247103, 1.1458305371517339, 1.6912121929398303, 1.2848231838720539, 1.2324565795347693, 1.3447633967635952, 1.4543606535893803, 1.5246940798688178, 1.417421962281334, 1.5649062538597174], "val_f1_score_pos": [0.6572577559882313, 0.6665631214246142, 0.6815721870500397, 0.6429682517501897, 0.6972193711703761, 0.6813671908258547, 0.6462910554867356, 0.6430215576080834, 0.649413278557452, 0.6904433801234816, 0.6237027496451191, 0.6895674845692744, 0.6984980032414612, 0.6465303982582863, 0.6294509400353481, 0.6926358490517969, 0.6291297979627479, 0.6230579976675362, 0.6644103919743803, 0.5915939433350201, 0.6549593820022905, 0.6827377525021202, 0.687797777458279, 0.6028565479612963, 0.675540686544708, 0.6527520502110713, 0.6765022307376426, 0.6672303698177323, 0.6122465801464114, 0.6733026393529721, 0.6592963869697367, 0.6395845467450892, 0.6800524402940301, 0.6308132435060566, 0.6793755871431114, 0.6806301184285822, 0.6648898081863267, 0.6595112466449472, 0.6140798705942888, 0.6607222948804665, 0.6762858170897761, 0.6693729399821904, 0.6300093212247739, 0.6424386505532884, 0.5651035005890601, 0.642359481547531, 0.609142770956046, 0.6726080730084575, 0.6542041955455657, 0.4734953813686666, 0.6497800177612425, 0.663284443289534, 0.6459452903336376, 0.6499523856087741, 0.6728960009594148, 0.5945347480157401, 0.654559197636561, 0.6671850374137014, 0.6323647015275462, 0.5910444482398914, 0.6281868622523732, 0.6125093853414262, 0.590514901723569], "val_f1_score_neu": [0.4331854438878656, 0.3713996040517816, 0.5230763517916125, 0.686920310830057, 0.6027548479621191, 0.6913799634606326, 0.6935575574269108, 0.6923535109472938, 0.7012995228878695, 0.6776699604964338, 0.700317757369776, 0.5902466286582456, 0.682893862319124, 0.7020106889618184, 0.691315430044784, 0.6455605762885869, 0.6841599791968491, 0.698042520084251, 0.6841148596687827, 0.675938993012408, 0.6781910130460526, 0.6254697105967714, 0.6691344630333685, 0.6798030417515104, 0.6332442235859116, 0.6648928730343384, 0.6643592031677971, 0.6316621697952577, 0.6820607133934637, 0.6021758715936965, 0.6644312015456413, 0.44028594924213693, 0.6155764515431822, 0.6816908790313007, 0.6715603367787724, 0.5187489814780811, 0.6559839581930509, 0.6627993108155126, 0.6714254261595103, 0.6527443101735619, 0.6351807553750025, 0.6220542137903583, 0.6802823436313372, 0.6666978498378077, 0.6734372458212837, 0.6698954460222578, 0.674699228187574, 0.6484570599996665, 0.6582943552784053, 0.6606819555573722, 0.6527134881631115, 0.6592366129370959, 0.6730012661854864, 0.6667851825226895, 0.6258784624619212, 0.6656248503990634, 0.6566907491797761, 0.629716621947795, 0.6674107512776194, 0.6701447170549198, 0.669725506974117, 0.6587739744712886, 0.6581129402805431], "val_f1_score_pos_neg": [0.5439370155897223, 0.590938132765285, 0.5751623754860252, 0.4820547197048288, 0.599086587553477, 0.5532803604554667, 0.5657746205328644, 0.43731794306026994, 0.5589909704532519, 0.5757576188733501, 0.5580461840288176, 0.6077585866561938, 0.5208930930705512, 0.5704993395676552, 0.5128442489534983, 0.5733262455716647, 0.46515794575542657, 0.531835185099611, 0.5708361429990573, 0.3980468091707107, 0.564628941444409, 0.5653921116095593, 0.5248914513255304, 0.5183331842282423, 0.5935743021864982, 0.5588276913526832, 0.5747128656740236, 0.574289164204251, 0.5316103638984886, 0.5431296432108945, 0.5371987860158395, 0.5476363282831453, 0.569657398792755, 0.4876468800635529, 0.5469976765978783, 0.5899332344391325, 0.5369809507823446, 0.5334203742540261, 0.4995448726573517, 0.5416468524914103, 0.582593290817697, 0.5753910727242051, 0.47017162548191993, 0.4722065049583381, 0.4716333051209934, 0.5161687741043872, 0.5175713946148381, 0.5297862467351874, 0.4936435218639584, 0.42044392865910296, 0.5511562272128614, 0.5384037247049255, 0.5314885679658804, 0.5333894464621355, 0.5719481527477057, 0.3855011387428461, 0.5274556364376589, 0.5586153258496996, 0.5325771934742881, 0.5125716978988403, 0.4442063154447057, 0.5007819033907118, 0.45596972931691304],