{"1": {"val_f1_score": [0.5110467740503347, 0.6045853404307222, 0.5564471125884097, 0.6558911667669223, 0.6385978857363549, 0.6938371143564914, 0.6899317852193341, 0.6265035986650218, 0.6990636305298794, 0.6687700438930892, 0.6291632732318325, 0.6745766087557555, 0.6677365928161435, 0.6890268095078007, 0.6455268534405976, 0.6862604989956721, 0.6804739816151921, 0.6248208785851171, 0.6803062556141979, 0.6671783805768883, 0.6736766790236947, 0.6304576178720046, 0.6650897549920091, 0.6860083160267831, 0.6777215305664018, 0.6810969486344121, 0.5715104659304605, 0.6855853076935314, 0.6387082815733038, 0.6114370404282736, 0.6775704606011443, 0.6324069366628905, 0.6440188005906592, 0.66627351868162, 0.6793069959843593, 0.6250475579723735, 0.6248164154899861, 0.578234521354117, 0.6576933845459493, 0.6557181315443318, 0.636722965922657, 0.6502830727720023, 0.5164562097659988, 0.6643281511174954, 0.6352558080336568, 0.6453319884428289, 0.6559513239231505, 0.617427494655342, 0.6533971422931012, 0.6340892686013503, 0.5889410730925189, 0.6560295020192745, 0.6123917663062991, 0.661127803583893, 0.5121607798745931, 0.6412958582179802, 0.568830618825823, 0.6436291309969963, 0.6532881255384946, 0.6465700875734238], "val_f1_score_neu": [0.6760176922310189, 0.7018502664603556, 0.6946193268222194, 0.7233210886334485, 0.7213138383328368, 0.7256104660540655, 0.7012504737989315, 0.7227781315879062, 0.7176398403870288, 0.7349120113845263, 0.7247029889170779, 0.7133404041505879, 0.7323424884130596, 0.7221101398640595, 0.7293931846539867, 0.7311907647914722, 0.7350342859754154, 0.7259150585445431, 0.7038798206377117, 0.6572179810256118, 0.719311896691071, 0.7285656835849661, 0.7259398694429815, 0.7146746373507972, 0.7280273845962987, 0.7050768132444882, 0.6988266413836476, 0.7138956454586176, 0.7255117656082235, 0.7127384197171079, 0.7240129510717944, 0.718875473779923, 0.725133104756408, 0.7031198869125442, 0.7230294549399525, 0.7209930698795954, 0.71516621004963, 0.6949235911823276, 0.7200493665776977, 0.7102685588693606, 0.7221986832282313, 0.7097282170811695, 0.6811083241800858, 0.7245527304847691, 0.7197444487549707, 0.7213805822165594, 0.6847495652858335, 0.7146382297770483, 0.7217830209134289, 0.7209217279657053, 0.7132038799227612, 0.6968194883919563, 0.7156791506931596, 0.7180264928726708, 0.6748069267463034, 0.721380575776194, 0.6976236451525655, 0.7236261832223237, 0.7096792984721606, 0.7166090438192734], "f1_score_pos": [0.5588843178223161, 0.6716400148237452, 0.6930367631070754, 0.7264083799193887, 0.7237813227316913, 0.7493346000418943, 0.7439978245426627, 0.7647349632838193, 0.7445096750469768, 0.76688732557437, 0.7805197046083563, 0.7913572910953971, 0.784577026963234, 0.797854466473355, 0.7974313497543335, 0.7879133066710304, 0.8301364867126241, 0.8120120912790298, 0.8248590029337827, 0.8271927851087907, 0.844410282724044, 0.8391114578527563, 0.8373739281121422, 0.8618316659156013, 0.8351338523275712, 0.8513249588363311, 0.8752426987185198, 0.8660043013446471, 0.8771710851613213, 0.8736608186188866, 0.9029491342165891, 0.905934379381292, 0.8829619253382963, 0.8548684426966835, 0.905355395639644, 0.9274299074621761, 0.9131494085578358, 0.9218703841461855, 0.9197717633317498, 0.9212020241162356, 0.9190393195432776, 0.9439471784759971, 0.9261532496003544, 0.9212294159566655, 0.9276314912473455, 0.947537271415486, 0.9514500332229278, 0.9490853644469205, 0.8672062290065429, 0.9601131958120009, 0.9690348654985428, 0.9638990523184047, 0.9491068755879122, 0.9645127513829399, 0.950716925017974, 0.9270296543836594, 0.9610053572584601, 0.9528844128636753, 0.9652607037740595, 0.9641055000178954], "f1_score_pos_neg": [0.4135824748698403, 0.5531524029724738, 0.6090119770344566, 0.6439002129961463, 0.6471827109070385, 0.6892761062173283, 0.6827724085134619, 0.7213074486045277, 0.6985803079955718, 0.7209438208271476, 0.7419387233607909, 0.7498218084082884, 0.7568644767298418, 0.7713838885812199, 0.7634918812443229, 0.7599809371373233, 0.8041195299695519, 0.7811569895814446, 0.8113884470042061, 0.8120271598591524, 0.8288974814555224, 0.8200103298706167, 0.8249465674161911, 0.8509943879702512, 0.8165416656171575, 0.8468332614968804, 0.863710484083961, 0.8637290395358029, 0.8706583915387883, 0.8677569803069619, 0.9028927166672314, 0.8987824986962711, 0.8506724685430527, 0.877993230434025, 0.9101448979447869, 0.8953323583392536, 0.9108044259688434, 0.9195450754726634, 0.9160028573344735, 0.8888131318723455, 0.9190333617084167, 0.934409342267934, 0.91843982128536, 0.922019774422926, 0.9291315376758575, 0.9419362588840372, 0.9364072698004106, 0.9356004727237365, 0.8968712889096316, 0.9527705723748487, 0.9545550635632347, 0.9530648124568603, 0.9419653485803043, 0.9528142573202357, 0.9486131562906153, 0.9293596534168019, 0.9524272355963203, 0.947708794299294, 0.9604456494836247, 0.9554459890898537], "val_acc": [0.6330972942129196, 0.6700760679485102, 0.6296879090163578, 0.6944662953123407, 0.6800419551757825, 0.7146603745830175, 0.7062680372690361, 0.675583533389719, 0.7143981280740778, 0.6978756854798642, 0.6910569131014824, 0.7049567296440571, 0.7083661270179118, 0.7025963861173824, 0.7004982952899017, 0.7054812497052189, 0.7075793496461293, 0.6824022998592217, 0.7041699420802399, 0.6805664817554695, 0.7028586398951813, 0.6810910000502204, 0.7028586290935003, 0.7023341209907842, 0.7091528892266978, 0.6981379535921659, 0.6281143344983697, 0.7028586356120256, 0.6876475133515705, 0.6519800604186969, 0.7060057847105297, 0.6821400574927501, 0.682926817325479, 0.6939417825981978, 0.6989247309639484, 0.6771570976375126, 0.6648308412002636, 0.623131400467122, 0.6889588274950748, 0.691843694615733, 0.6795174398667351, 0.6852871734202455, 0.5929714256842369, 0.69158143600766, 0.673747715895613, 0.6782061316321099, 0.6734854483929575, 0.6587988527121895, 0.6902701170338816, 0.6834513542378884, 0.6582743314317353, 0.6821400473007154, 0.6737477074699892, 0.6852871788601659, 0.5793338568698944, 0.679779706150098, 0.6252294650016542, 0.6816155194235761, 0.6860739543248499, 0.6821400466129094], "val_loss": [0.805276464828193, 0.7427855994236804, 0.8487867883675498, 0.7016653477473426, 0.7342703617716473, 0.6708350292097512, 0.6753069123601526, 0.7626158842226354, 0.6634058164168367, 0.7228064286624419, 0.7144886035010035, 0.6760160175327738, 0.6765907656605589, 0.7253449599542175, 0.7104904525960927, 0.7143551238465428, 0.7262067660208671, 0.8220461928059728, 0.6995108774913255, 0.7145472122964477, 0.7093366004806037, 0.85727648285784, 0.7398144608403078, 0.7333295899146566, 0.7383049788545067, 0.72518497564772, 1.2015264316896987, 0.7659045259939414, 0.9090148432655595, 1.0657924288000111, 0.8074828088830657, 0.931337561861849, 0.9653238215503998, 0.8167452261637366, 0.8701714437182356, 1.0131353448295792, 1.0862578836101389, 1.4277633938800622, 0.9281672622286489, 0.8813910911691617, 1.0527964755677814, 0.952519245561014, 1.7254510339463818, 0.9803793736245731, 1.1229570734822902, 1.1305319430663647, 0.9935535880451968, 1.388652396646035, 0.9517195170362759, 1.087350792438378, 1.3993042891587668, 1.036539973485448, 1.2876419764380427, 1.1541492599156657, 2.178983836607954, 1.1573350627435464, 1.6509943975415593, 1.2151601454294356, 1.0843374989428547, 1.1984890982324985],