{"1": {"loss": [1.0412613600492477, 0.9567204291621844, 0.9530683159828186, 0.9528736422459284, 0.958775669336319, 0.9515378226836523, 0.9521176964044571, 0.9533691729108492, 0.9532837842901548, 0.9509307568271955, 0.951029360294342, 0.9520467991630236, 0.950087659060955, 0.9515986541906992, 0.9506632635990778, 0.9508204758167267, 0.9499451741576195, 0.9529819637537003, 0.9489408954977989, 0.950589028497537, 0.9503832186261812, 0.9495745822787285, 0.9482552235325178, 0.9480130101243655, 0.9493413840730985, 0.9484654168287913, 0.9478800098101298, 0.9468874310453733, 0.9458259617288908, 0.9503322939078013, 0.9485745479663213, 0.9454148486256599, 0.9444887091716131, 0.943626215060552, 0.9419252450267473, 0.9491860071818033, 0.9395195618271828, 0.9378825202584267, 0.9336559673150381, 0.9333032667636871, 0.9478842616081238, 0.9506350681185722, 0.934013361732165, 0.949657715857029, 0.9237926055987676, 0.9186733886599541, 0.9277240037918091, 0.9315249646703402, 0.9229713951547941, 0.9257331589857737, 0.9099953869978586, 0.8789230684439341], "val_f1_score_neg": [0.0, 0.0, 0.0, 0.0, 0.0, 0.0, 0.0, 0.0, 0.0, 0.0, 0.0, 0.0, 0.0, 0.0, 0.0, 0.0, 0.0, 0.0, 0.0, 0.0, 0.0, 0.0, 0.0, 0.0, 0.0, 0.0, 0.0, 0.0, 0.0, 0.0, 0.0, 0.0, 0.0, 0.0, 0.0, 0.0, 0.0, 0.0, 0.0, 0.0, 0.0, 0.0, 0.0, 0.0, 0.0, 0.0, 0.0, 0.0, 0.0, 0.0, 0.0, 0.0], "f1_score_pos": [0.0, 0.0, 0.0, 0.0, 0.0, 0.0, 0.0, 0.0, 0.0, 0.0, 0.0, 0.0, 0.0, 0.0, 0.0, 0.0, 0.0, 0.0, 0.0, 0.0, 0.0, 0.0, 0.0, 0.0, 0.0, 0.0, 0.0, 0.0, 0.0, 0.0, 0.0, 0.0, 0.0, 0.0, 0.0, 0.0, 0.0, 0.0, 0.0, 0.0, 0.0, 0.0, 0.0, 0.0, 0.0, 0.0, 0.0, 0.0, 0.0, 0.0, 0.0, 0.0], "val_loss": [0.9701507177859129, 0.9663752537292776, 0.9717694285534761, 0.9606284049519321, 0.9622321417886183, 0.9626572879916958, 0.9605758762874423, 0.9647118226397536, 0.9597955937863898, 0.9668575130600785, 0.9636275406308502, 0.9646842303278207, 0.9678584654696932, 0.96547915270025, 0.9615049312310985, 0.9612958016987594, 0.9600990408720651, 0.9636581112176944, 0.9654866657544512, 0.962376034694162, 0.9607523777331525, 0.9617375424730847, 0.9619798742861454, 0.9600932873480501, 0.9606995953132159, 0.9600919596901146, 0.9606157767842387, 0.9588056346129256, 0.9780499737272378, 0.9645748746003645, 0.9604768868078265, 0.960481944408065, 0.9637618389045983, 0.9590865130688336, 0.9679149150633887, 0.9733805525855229, 0.9571162418529787, 0.9569266220765021, 0.9543916788446544, 0.9870937367146261, 0.96385949895664, 0.9778679222927616, 0.9686847834559212, 0.9518008828163147, 0.9518887196850573, 1.0072641705158214, 0.9823007661375011, 0.956964856914395, 1.0080448007240415, 0.9544506141638573, 0.9836600006457872, 0.9633162736999951], "val_f1_score_pos_neg": [0.0, 0.0, 0.0, 0.0, 0.0, 0.0, 0.0, 0.0, 0.0, 0.0, 0.0, 0.0, 0.0, 0.0, 0.0, 0.0, 0.0, 0.0, 0.0, 0.0, 0.0, 0.0, 0.0, 0.0, 0.0, 0.0, 0.0, 0.0, 0.0, 0.0, 0.0, 0.0, 0.0, 0.0, 0.0, 0.0, 0.0, 0.0, 0.0, 0.0, 0.0, 0.0, 0.0, 0.0, 0.0, 0.0, 0.0, 0.0, 0.0, 0.0, 0.0, 0.0], "f1_score_neu": [0.728973870476087, 0.7311074733734131, 0.7302133738994598, 0.7309834013382593, 0.7308493182063103, 0.7307877987623215, 0.7311064749956131, 0.7310692320267359, 0.7308964555462202, 0.7309661755959193, 0.7310219705104828, 0.731024906039238, 0.7309564600388209, 0.7306692972779274, 0.7309039781490961, 0.7310983041922251, 0.7309484953681628, 0.7308906068404516, 0.7308318912982941, 0.7309215491016706, 0.7311312084396681, 0.731142575542132, 0.7310286511977514, 0.7307120760281881, 0.7309185092647871, 0.7311373700698217, 0.7310550759236017, 0.7311121871074041, 0.7307744001348814, 0.7310691475868225, 0.7308415323495865, 0.7311091621716818, 0.7308983206748962, 0.7310910324255625, 0.7310985401272774, 0.731053871413072, 0.7310370107491811, 0.7310087035099665, 0.7305953875184059, 0.7311058416962624, 0.7310343359907469, 0.7307440166672071, 0.7310809642076492, 0.7310679679115614, 0.7308761551976204, 0.7310265774528185, 0.7310214440027872, 0.7308992172280947, 0.7309688975413641, 0.730926531056563, 0.7311267231901487, 0.7310491700967153], "f1_score_neg": [0.030674847463766735, 0.0, 0.0, 0.0, 0.0, 0.0, 0.0, 0.0, 0.0, 0.0, 0.0, 0.0, 0.0, 0.0, 0.0, 0.0, 0.0, 0.0, 0.0, 0.0, 0.0, 0.0, 0.0, 0.0, 0.0, 0.0, 0.0, 0.0, 0.0, 0.0, 0.0, 0.0, 0.0, 0.0, 0.0, 0.0, 0.0, 0.0, 0.0, 0.0, 0.0, 0.0, 0.0, 0.0, 0.0, 0.0, 0.0, 0.0, 0.0, 0.0, 0.0, 0.0], "val_f1_score_neu": [0.7102054234726495, 0.7102054234726495, 0.7102054234726495, 0.7102054234726495, 0.7102054234726495, 0.7102054234726495, 0.7102054234726495, 0.7102054234726495, 0.7102054234726495, 0.7102054234726495, 0.7102054234726495, 0.7102054234726495, 0.7102054234726495, 0.7102054234726495, 0.7102054234726495, 0.7102054234726495, 0.7102054234726495, 0.7102054234726495, 0.7102054234726495, 0.7102054234726495, 0.7102054234726495, 0.7102054234726495, 0.7102054234726495, 0.7102054234726495, 0.7102054234726495, 0.7102054234726495, 0.7102054234726495, 0.7102054234726495, 0.7102054234726495, 0.7102054234726495, 0.7102054234726495, 0.7102054234726495, 0.7102054234726495, 0.7102054234726495, 0.7102054234726495, 0.7102054234726495, 0.7102054234726495, 0.7102054234726495, 0.7102054234726495, 0.7102054234726495, 0.7102054234726495, 0.7102054234726495, 0.7102054234726495, 0.7102054234726495, 0.7102054234726495, 0.7102054234726495, 0.7102054234726495, 0.7102054234726495, 0.7102054234726495, 0.7102054234726495, 0.7102054234726495, 0.7102054234726495], "f1_score": [0.25321624241769314, 0.24370249919593334, 0.2434044641753038, 0.24366114164392152, 0.24361644933621088, 0.2435959360251824, 0.24370216329892477, 0.24368975001076856, 0.24363215702275434, 0.24365539600451788, 0.24367399824162325, 0.2436749761303266, 0.24365216121077538, 0.24355644173920155, 0.24363466228048006, 0.24369943886995316, 0.24364950135350227, 0.24363020931680998, 0.24361063664158186, 0.24364052154123783, 0.24371040798723698, 0.24371419784923395, 0.24367622720698515, 0.2435707002878189, 0.24363950515786806, 0.243712459380428, 0.24368503130972385, 0.24370406940579414, 0.24359147188564143, 0.24368971896668276, 0.2436138472209374, 0.2437030610938867, 0.24363277852535248, 0.24369701681037745, 0.24369951834281287, 0.24368462773660818, 0.24367900875707468, 0.24366957197586694, 0.2435318020482858, 0.24370195219914118, 0.2436781208962202, 0.24358134592572847, 0.24369366156558195, 0.24368932656943798, 0.24362539499998093, 0.24367553678651652, 0.2436738188068072, 0.2436330784112215, 0.24365630311270556, 0.24364218302071095, 0.24370891662935415, 0.24368306249380112], "val_acc": [0.5510571405418918, 0.5510571405418918, 0.5510571405418918, 0.5510571405418918, 0.5510571405418918, 0.5510571405418918, 0.5510571405418918, 0.5510571405418918, 0.5510571405418918, 0.5510571405418918, 0.5510571405418918, 0.5510571405418918, 0.5510571405418918, 0.5510571405418918, 0.5510571405418918, 0.5510571405418918, 0.5510571405418918, 0.5510571405418918, 0.5510571405418918, 0.5510571405418918, 0.5510571405418918, 0.5510571405418918, 0.5510571405418918, 0.5510571405418918, 0.5510571405418918, 0.5510571405418918, 0.5510571405418918, 0.5510571405418918, 0.5510571405418918, 0.5510571405418918, 0.5510571405418918, 0.5510571405418918, 0.5510571405418918, 0.5510571405418918, 0.5510571405418918, 0.5510571405418918, 0.5510571405418918, 0.5510571405418918, 0.5510571405418918, 0.5510571405418918, 0.5510571405418918, 0.5510571405418918, 0.5510571405418918, 0.5510571405418918, 0.5510571405418918, 0.5510571405418918, 0.5510571405418918, 0.5510571405418918, 0.5510571405418918, 0.5510571405418918, 0.5510571405418918, 0.5510571405418918],