{"val_f1_score_pos": [0.15125418289175346, 0.249313396038475, 0.2676865649931183, 0.31840087213979557, 0.3916760872491458, 0.3340320412875616, 0.38752821984722224, 0.37240025269733157, 0.3085620808228683, 0.4177358263899923, 0.38194349168176, 0.44813346141531185, 0.40828926946416505, 0.41001635787189944, 0.4066554960827006, 0.3913817530245702, 0.39041519221345744, 0.3221561120160249, 0.38868414980304494, 0.40829474349253575, 0.3942569740254011, 0.41198688496140495, 0.27534552850918464, 0.36340221467717404, 0.3837314531361258, 0.3100974300773198, 0.34190186250869403, 0.3107438648653309, 0.297380642932758, 0.23728630968272765, 0.3878089725113215, 0.35579887017761863, 0.3704114823098983, 0.3974246762649358, 0.308023932397875, 0.3325748167700774, 0.33140497171712574, 0.3750865056715299, 0.39190156774589513, 0.3358771951950406, 0.37589244269005523, 0.3011127190980298, 0.33393915546567815, 0.4036449649368274, 0.3427819494079267, 0.41310766756239636, 0.3496003037522196, 0.36106785532594854, 0.34535424686797395, 0.40478411339662446, 0.39019380301384576, 0.35514963170562946, 0.36098906117626745, 0.38434201631790554, 0.36881309888462627, 0.3433770925758446, 0.30139249152982767, 0.37756881388629066, 0.3194517403425422, 0.36778743467886493, 0.39537776587677603, 0.3877691756322263, 0.307502160013875], "loss": [1.0962201612336295, 0.9025053413850921, 0.8709598534873554, 0.8509461613638061, 0.8116212694772652, 0.7856370929096427, 0.7829889804124832, 0.7658253210995879, 0.7500542977026531, 0.7156450785696507, 0.7127414271235466, 0.7090565344052655, 0.6919144333473274, 0.6618437767028809, 0.6507808422403676, 0.6481124769364085, 0.638595923781395, 0.6388829100344863, 0.5990412038351808, 0.569253987765738, 0.5800894235393831, 0.5623134116509131, 0.5526526620877641, 0.5449971213404622, 0.5141237080097198, 0.5252905224582979, 0.5000438597053289, 0.4827699586749077, 0.5577616744807788, 0.4943890616829906, 0.4623629192688635, 0.4759670075561319, 0.4488863854535988, 0.4558104085070746, 0.43462034900273594, 0.42902903099145207, 0.41859915373580797, 0.4215445364160197, 0.4102775888251407, 0.38063775029565605, 0.37935813010803293, 0.35654246248304844, 0.4049419122082846, 0.3437638920066612, 0.34583360941282343, 0.3411423598549196, 0.3497252682490008, 0.3285422846674919, 0.3423063282721809, 0.34154436524425236, 0.3139432148475732, 0.33670486363449265, 0.3240185804398997, 0.31472502808485714, 0.27767371093588217, 0.3113142361066171, 0.28846304757254465, 0.27742472889700104, 0.3018605530794178, 0.27921619213053156, 0.30051533305751427, 0.23568054461585625, 0.2899438681613122], "f1_score_pos": [0.3850827958168728, 0.4384305878941502, 0.4627861779715334, 0.460860226303339, 0.5064895432442427, 0.5438143908977509, 0.5516653170010873, 0.5529581896428551, 0.5730107591620514, 0.5900156466024262, 0.6133755557239056, 0.619345850710358, 0.627119205892086, 0.6518247587872403, 0.6809725048286575, 0.6667032715465341, 0.6829153560101986, 0.67301831766963, 0.7156483014779431, 0.7448264759566102, 0.7343472199780601, 0.7346348661397185, 0.7499999042068209, 0.7553385645151138, 0.7642129920423031, 0.7645694613456726, 0.7883614413440228, 0.797018692961761, 0.7303552015551499, 0.7860241218336991, 0.8006255424448422, 0.7934810375528676, 0.81087822626744, 0.7990613515887942, 0.8277728424540588, 0.8209206834435463, 0.8332029432058334, 0.8077637619738068, 0.8219342694750854, 0.8573359453252384, 0.8550216156457152, 0.8536680101283959, 0.8316656180790493, 0.8585662213819367, 0.8704104146787098, 0.851897517485278, 0.8644703419080803, 0.8559178646121707, 0.8646997867950371, 0.8495494047445911, 0.8686854871256011, 0.8642490399735314, 0.8781356172902244, 0.8859697085406099, 0.8884886774633612, 0.8658480175903865, 0.888095073401928, 0.8983900052096162, 0.8858891800045967, 0.8980689038123403, 0.8843658130083766, 0.8964124470949173, 0.8943238992776189], "acc": [0.4569642868425165, 0.5725892838090658, 0.5913392874811377, 0.5967857135193688, 0.6208035722374916, 0.6408035712582725, 0.6372321476893765, 0.6497321458799499, 0.6550892830959388, 0.6696428550141198, 0.6761607112629073, 0.6738392902272088, 0.6878571403878075, 0.7024107107094356, 0.7036607143070016, 0.7089285712156977, 0.7174107081123761, 0.7159821412393025, 0.7361607147114617, 0.748928578304393, 0.7444642893970013, 0.7623214295932225, 0.7634821433041777, 0.7641964176935809, 0.7801785703216281, 0.7776785748345512, 0.7926785727696759, 0.7983035700661796, 0.7697321416011879, 0.7933035689805236, 0.8094642875449998, 0.8032142908445427, 0.8121428617409298, 0.8149999997445515, 0.8218750043639115, 0.8253571465611458, 0.8282142829682145, 0.8305357082613877, 0.8347321493285043, 0.8495535690869603, 0.8503571392170021, 0.8582142889499664, 0.840892859867641, 0.8641071415373257, 0.8666071354278496, 0.8649107052811554, 0.8621428550354072, 0.8746428521616119, 0.8679464283798423, 0.8760714323392936, 0.8798214239733559, 0.8705357201397419, 0.8754464345318931, 0.885267864380564, 0.8975000051515443, 0.8817857157971177, 0.8902678564190865, 0.8982142864593438, 0.8874999992549419, 0.8983928571854319, 0.8877678529492447, 0.912767868489027, 0.8944642868425164], "val_f1_score": [0.3372042457959805, 0.5132752500886698, 0.4995321971416688, 0.5404306187374442, 0.5416834988252998, 0.5289500791963242, 0.5445023241527864, 0.5230143775931362, 0.5472726572004997, 0.5852050627613197, 0.5199312947110662, 0.5898452048574114, 0.5662302797676152, 0.5679090167025002, 0.56876574531097, 0.44865549575944663, 0.5654543354282817, 0.5487103861728553, 0.5678395207969659, 0.4890449316556315, 0.5589281250054483, 0.5251658013743213, 0.5256100232623688, 0.5669119492662527, 0.5418758450249429, 0.5541474776283021, 0.5175169200388848, 0.5437105110621484, 0.5269860877306463, 0.5193222547188784, 0.4564799401227065, 0.5373090309867224, 0.5567689180052393, 0.5392453977775317, 0.4204736574914506, 0.5483137602962678, 0.4854915259767104, 0.5404746390332845, 0.5229844580455991, 0.5489067612228445, 0.539018294455176, 0.43590760633208653, 0.5105744730069516, 0.5262208203715995, 0.5397457318213733, 0.5259896189416791, 0.5298439728693548, 0.539158577485713, 0.5402889310696937, 0.5017821424269108, 0.5351661262992691, 0.5503207958876094, 0.43859501235988085, 0.5563630755291937, 0.5296716984198858, 0.49830684516272244, 0.5103447711312229, 0.536244420226608, 0.5326658186213261, 0.5430190571245715, 0.562310908058448, 0.5585515521101408, 0.5280311989773515], "val_loss": [0.8714385682593795, 0.8189109596807143, 0.8134331512011443, 0.804120375479442, 0.8632027513799612, 0.7921680297285278, 0.8042216092897759, 0.8915736052403298, 0.7993038454090107, 0.7717481710542927, 0.8973254237794898, 0.7977586308686089, 0.7881723002866212, 0.7971487506198497, 0.813432070059225, 0.9159920373533526, 0.8196913326478359, 0.8357009243385994, 0.8128892925479527, 0.9787762322192035, 0.8239494671813015, 0.9373118501228628, 0.917012333977185, 0.8129701898326436, 0.8587472357301631, 0.9236273168713136, 0.9585440221585726, 0.9564674525072164, 0.9173875455377984, 0.9916714285066736, 1.1258260505563014, 0.9277599089005162, 0.922052827709385, 0.8974924702339756, 1.2232798492377586, 1.0478258882081568, 1.2133732349873663, 0.9974518371121711, 1.0009681168194564, 1.0598962095155944, 1.0615365485377104, 1.4141573089766062, 1.0442747159203698, 1.0205874281641711, 1.0829366968389142, 1.226405237475012, 1.0405914955615354, 1.045100214188559, 1.1106814531072324, 1.173387118143055, 1.1327284529463322, 1.1352045893722753, 1.3272021464061694, 1.0785757629280417, 1.2692762779535285, 1.1733698299539235, 1.168037127118576, 1.120039772247335, 1.1497701408087644, 1.1350082138128448, 1.0716278883877821, 1.1315344979620388, 1.135872772884326],