{"1": {"val_f1_score_pos_neg": [0.40194225879500867, 0.5504740576652789, 0.6331173877155816, 0.6096193798408088, 0.6602598648355166, 0.66325936697613, 0.6463238611141278, 0.6492644231087449, 0.6119809357350248, 0.6304567227706239, 0.6613680929328525, 0.6833520172432029, 0.6467864082267896, 0.5612736329330786, 0.6008984264725936, 0.6340100743656173, 0.6728537479098501, 0.6627091899682241, 0.6136651546849436, 0.6645239527976453, 0.6496653325783435, 0.6623866526185763, 0.5816947809204854, 0.6032319842377829, 0.6761863229470462, 0.6082923889722907, 0.6013652411089961, 0.6593746908249394, 0.652653393769183, 0.6662343692004196, 0.6377437125032667, 0.6405156354969204, 0.6271465879833482, 0.6371837228481894, 0.6423398687743841, 0.5757637680467895, 0.6498364912628846, 0.634956854958563, 0.632186143503957, 0.656135272329447, 0.6446390480717554, 0.6192138680566367, 0.5971758961833871, 0.5392152211217782, 0.5653488656025748, 0.547048113397998, 0.5392332791094075, 0.5918213252223385, 0.6132549710421308, 0.6004929466570202, 0.5857700755081557, 0.615681251265263, 0.4889027140692654, 0.6222394155824462, 0.6159014092197013, 0.6485824368770998, 0.6272438972477147, 0.627637518068139, 0.6327509241500552, 0.6522712178690491, 0.5995127556832356, 0.5940401962101693, 0.6419948455451387], "loss": [1.0285483027497928, 0.7884043330947558, 0.7372227273881435, 0.7164782683054606, 0.6887605289618174, 0.6664310085276762, 0.6344854657848676, 0.63642534861962, 0.6021621376276016, 0.5937064029276371, 0.5611742896338304, 0.5640178310374419, 0.5257055386900902, 0.4917603439340989, 0.5426671598106623, 0.46410309833784896, 0.4984358462194602, 0.48269508716960746, 0.47708528985579807, 0.4765267012019952, 0.4270753550032775, 0.41927024101217586, 0.38521084375679493, 0.43353062060972053, 0.3682286286105712, 0.4111789036542177, 0.35586282797157764, 0.32786809590955573, 0.3933922741562128, 0.3489831394205491, 0.2937230433647831, 0.3662013728171587, 0.2459873277693987, 0.303975244363149, 0.30930406351884204, 0.23651222667346397, 0.21162017062306404, 0.31949459047367174, 0.21339146234095097, 0.3366501114020745, 0.1745463271314899, 0.19769690403093895, 0.2661310842571159, 0.18216586858034134, 0.19283269438892603, 0.20730750976751247, 0.174429627135396, 0.20329147080580393, 0.15362917771562934, 0.15947957538689175, 0.15398553479462862, 0.1729950588196516, 0.23062510276213288, 0.21183030136550465, 0.12016976810991764, 0.13202810535828272, 0.20560781471431255, 0.11986183157811563, 0.12594015275438628, 0.12874706337849298, 0.18493985089783868, 0.10990731604397297, 0.10271723459785183], "f1_score_neu": [0.3940770130138844, 0.6875206331411997, 0.7150921784341335, 0.7245274210969607, 0.73881995677948, 0.7369983059664568, 0.7470036211113135, 0.7482287622988224, 0.7740509286522865, 0.7655741348862648, 0.7935947316388289, 0.7915189787745476, 0.8028933132688204, 0.8196433844665686, 0.7836874574422836, 0.8235950047771136, 0.8094822006920973, 0.8078370268146197, 0.8278103296955427, 0.8099861145019531, 0.84573670104146, 0.8393964655697346, 0.8683901280164719, 0.8421627655625343, 0.8710402188201746, 0.8452256880700588, 0.87266955524683, 0.8876699283719063, 0.8446793345113596, 0.8777410810192426, 0.903614304959774, 0.8638779918352762, 0.9178075554470221, 0.8974175602197647, 0.8808477645119032, 0.9248797831435999, 0.9332330301403999, 0.8689601644873619, 0.9294883385300636, 0.8769622954229513, 0.9461115201314291, 0.9350205262502035, 0.9147875706354777, 0.9456370385984579, 0.9339247283836206, 0.9310829068223635, 0.9451236575841904, 0.9298521541059017, 0.9547824561595917, 0.9529297662278017, 0.9497355557978153, 0.949114608267943, 0.9208406048516432, 0.9313726226488749, 0.9613405155638853, 0.9551062646011511, 0.9271990296741327, 0.9641241903106371, 0.9616109120349089, 0.95766623194019, 0.9345269699891409, 0.9653242963055769, 0.9664561115205288], "f1_score_neg": [0.25056328787468374, 0.31203271681442857, 0.4583595159153144, 0.496253256375591, 0.5299001348515352, 0.5801389217376709, 0.6033174035449823, 0.6107423913975557, 0.6136574819684029, 0.6680332385003567, 0.6773229241371155, 0.6716832717259725, 0.7064756254355112, 0.7049661378065745, 0.7015535483757654, 0.7414008416235447, 0.7544430742661158, 0.7568432266513506, 0.7743924905856451, 0.7391080607970556, 0.8045461537937323, 0.8343638243774573, 0.8070477818449339, 0.8125635149578253, 0.8339191290239493, 0.775175541639328, 0.8469308813412985, 0.8548780592779318, 0.804618996878465, 0.852491899083058, 0.8767388872802258, 0.86538265645504, 0.8870312807460626, 0.8780070953071117, 0.8611123089989027, 0.9032775983214378, 0.9046504398187002, 0.8502984655400118, 0.9089566258092722, 0.8942405308286349, 0.9262918966511885, 0.9233444854617119, 0.9108662183086077, 0.9126221264402071, 0.9078934453427792, 0.908398300409317, 0.9217671764393648, 0.9401895838479201, 0.9382715759178003, 0.9465722950796286, 0.9392128214240074, 0.9434538843731085, 0.9457124881446362, 0.9293686846892039, 0.947490164389213, 0.933058629433314, 0.9420914078752199, 0.9476557523012161, 0.9460511282086372, 0.9463849291205406, 0.9359858011205991, 0.9437707563241323, 0.9502461279431978], "val_f1_score_neg": [0.12658574857519206, 0.40252955256720213, 0.5398140741620138, 0.5012975979392184, 0.6025896093490835, 0.5898809447990075, 0.5788149274680485, 0.5601147674463753, 0.5435011576799592, 0.5963481324037291, 0.5848507252916275, 0.632893936702219, 0.5859808937914879, 0.40592467860696574, 0.47250270183837356, 0.537942569602233, 0.6170885514281348, 0.6060963091092444, 0.5985055356834805, 0.6088465647749972, 0.564653139101249, 0.6226203182911016, 0.4520360605003263, 0.47582452538099124, 0.6367880614167151, 0.5709806916409204, 0.5524496764077498, 0.6094761514269771, 0.6052820760372771, 0.6144456302528771, 0.6104881101757593, 0.5915159154463527, 0.581504571056416, 0.5458378966105382, 0.5825116231689733, 0.4261306244464737, 0.6022967472965561, 0.5934284306279074, 0.540849188682197, 0.6051308874254805, 0.5644746252379329, 0.5159317382889534, 0.497079275941211, 0.3540945307588815, 0.481792216323787, 0.4671708088111227, 0.47159250809425385, 0.5121413837447117, 0.5707202453079294, 0.5590462403099836, 0.576850683020695, 0.5609157081354393, 0.4991522450131942, 0.5441100742289815, 0.5442613066102525, 0.5800651166966166, 0.5653606551762113, 0.5703835837990475, 0.5515285257964255, 0.5976230298131587, 0.5052469177662529, 0.4906116826403588, 0.5852538654099542], "val_f1_score_neu": [0.651774919020545, 0.6924298912747902, 0.6769446805647092, 0.6337867477513535, 0.7240414457186107, 0.691537141002697, 0.735644447969196, 0.7249335757459895, 0.7276239692461387, 0.7333551879289298, 0.6983791685404503, 0.6680630606176845, 0.7374038754908894, 0.7190344939074302, 0.7230713710270933, 0.7222695368154762, 0.6828554160726874, 0.7335157592309731, 0.7269522968377774, 0.730782662574744, 0.6902067323478851, 0.7301706077700489, 0.7169973099291121, 0.7176109528153892, 0.722722084510367, 0.7265179125367892, 0.7262564818908497, 0.724359321416034, 0.7287810740432119, 0.7157610889779218, 0.7301674321383714, 0.726941594044555, 0.7270004871852623, 0.6665467685393827, 0.7249735731200662, 0.7053383246294758, 0.7209146845506428, 0.7259493447056662, 0.7112642656684454, 0.7083459061617117, 0.7179978657450352, 0.6974494128661177, 0.717705386222081, 0.7035227821406623, 0.7135841711093334, 0.7095660616680608, 0.7049590192721518, 0.7198264136140565, 0.7178527192746814, 0.7162255222266533, 0.7112259160743871, 0.7212280918380704, 0.685565663453259, 0.7176005687420993, 0.7206216803254839, 0.6739305666103909, 0.7161257561973283, 0.720138185517606, 0.7147492071383587, 0.5854080099462994, 0.7172374325163746, 0.7192066497387549, 0.7167182872215969],