{"1": {"f1_score_neu": [0.5140899383571066, 0.6603994015604258, 0.7113777973822185, 0.710722089345966, 0.7401138804852962, 0.7395194662468774, 0.7381934475685868, 0.7577146419457027, 0.7494276730077607, 0.7661342668746199, 0.7702763628746782, 0.7584172968885728, 0.779546249125685, 0.778967118688992, 0.7945643296199185, 0.798759363591671, 0.7959607823618821, 0.8090758914394038, 0.8097544035741261, 0.8244594894349575, 0.8190855963953904, 0.829524926841259, 0.8352458471698421, 0.8336474081235272, 0.8356229976883957, 0.8457860217562744, 0.8433941027947834, 0.8561728357204369, 0.8539761757212025, 0.869271499237844, 0.8588605874351093, 0.864156574010849, 0.8673295229673386, 0.8792947073067937, 0.8646548060434205, 0.8694203267140048, 0.8886200029935155, 0.8621552458831242, 0.8958497600896018, 0.8787475462470736, 0.8954064904579094, 0.8994626599763121, 0.866826665188585, 0.9085202924907207, 0.9043125621974468, 0.9061160923114845, 0.9091053354953017, 0.9104493159268584, 0.8978665859571525, 0.9086061029561928, 0.9155866700623717, 0.9203151001461914, 0.899873359394925, 0.9203458268727575, 0.9259667630706515, 0.9098397211304733, 0.9000242293945381], "loss": [1.0260385743209295, 0.855361208319664, 0.7992312902850764, 0.7899216328348432, 0.7454614963914666, 0.7319193689950875, 0.7253156900405884, 0.6957451504256044, 0.6985837242433003, 0.6631201463086265, 0.655549594866378, 0.6600848649229322, 0.6229000331035682, 0.6162092589906284, 0.5904081415917192, 0.5696517340838909, 0.5735407934657165, 0.5469281348798957, 0.5352007924978223, 0.5109320139246327, 0.5166749525815248, 0.48946444663618294, 0.48159233081553665, 0.4813366766486849, 0.47944629485053675, 0.4552839935890266, 0.4582871528608458, 0.4233676692737, 0.43662369277860436, 0.4029329019997801, 0.4267580897680351, 0.3954698094832046, 0.39573945557432516, 0.38086852617561817, 0.4081154279410839, 0.3926351722329855, 0.35473226276891573, 0.41081265333507744, 0.32254120654293467, 0.3726485861199243, 0.3259281723627022, 0.3189331507310271, 0.38698040986699717, 0.29337607683347805, 0.3156503638518708, 0.30046532223267214, 0.29467288098697153, 0.28948602226695846, 0.304469204241676, 0.28676044861120836, 0.2820468969377024, 0.2632906867989472, 0.31611741334199905, 0.2529902085661888, 0.24823950537081277, 0.2983426484944565, 0.2918450316148145], "val_acc": [0.4891161859395027, 0.6254917373345839, 0.669027008208083, 0.6716496148760976, 0.6758457859482254, 0.683451351939991, 0.6892210776775239, 0.6661421482155963, 0.6726986537009688, 0.6750590079667966, 0.6551271920563072, 0.6818777840186878, 0.6677157029591612, 0.6698137855017057, 0.6682402283820836, 0.6682402260060264, 0.6724364103340521, 0.6645685791375285, 0.6522423358154897, 0.6422764227642277, 0.6506687704109314, 0.6574875397254499, 0.6131654802876885, 0.6527668492799664, 0.6286388749436009, 0.6635195366391478, 0.6469971138193574, 0.6483084183804732, 0.6485706811310142, 0.6365066891325574, 0.643325459822688, 0.6412273724498694, 0.6399160811446515, 0.6404406120074942, 0.644899040312083, 0.614214528757476, 0.6448990361696149, 0.6498819893656395, 0.6341463566264111, 0.6359821697592016, 0.6433254790499927, 0.6312614684338773, 0.6362444300555258, 0.6357199028661924, 0.6315237370932975, 0.6354576412724161, 0.6184107009082087, 0.6304746905306085, 0.6231313861326192, 0.6281143349673284, 0.6391292918144235, 0.6304746929066656, 0.6367689495070412, 0.6244426948362031, 0.6084447952039655, 0.6328350327598308, 0.6309992220030974], "f1_score_neg": [0.23363411240279675, 0.36592763955039637, 0.42478736490011215, 0.42745606122272356, 0.465922195996557, 0.4967164471745491, 0.5077299276100737, 0.5342964317117419, 0.5266582693106362, 0.5599307904818228, 0.5806140074772494, 0.5845030335975545, 0.6217264219054154, 0.5916949353579964, 0.6152490119316748, 0.6388458018856389, 0.6792965329119137, 0.6701222940215043, 0.6770858674177102, 0.7040485159627029, 0.7044182771018573, 0.707868116242545, 0.7302194839077336, 0.7388405900980745, 0.7208296486309597, 0.739174434915185, 0.728629204045449, 0.7543472823287759, 0.7598837858864239, 0.7853176668286324, 0.7577546909451485, 0.7986497304269246, 0.7675067377941949, 0.7929350728435176, 0.783066456339189, 0.787388132086822, 0.8138684651681355, 0.7900605116571698, 0.8346244831170354, 0.8020363072199481, 0.839840155094862, 0.8505482194679124, 0.8092087331627097, 0.8567983981754098, 0.8455680582140174, 0.8473646651421275, 0.8557143392307418, 0.8591301787112441, 0.8491299109799522, 0.857065134282623, 0.8602374009788036, 0.8784464528518063, 0.8534134780722005, 0.8846043023679938, 0.8850722243743283, 0.846204758222614, 0.8739274255931377], "f1_score_pos_neg": [0.37860458636922495, 0.46746821382216047, 0.5140282604843378, 0.5194803183632237, 0.5562451918210302, 0.5729137573923383, 0.580139941402844, 0.6042800130588668, 0.5962186415812799, 0.6274508477321693, 0.640616946454559, 0.6424891182354519, 0.6706732202853475, 0.6602804320199149, 0.6805218910532338, 0.6975153610110283, 0.7077358833381108, 0.7127151430717537, 0.7223737936999116, 0.7425448293132442, 0.7371343805321625, 0.753665166241782, 0.7623400347573417, 0.7625943677765983, 0.7602343202701637, 0.7762330376676151, 0.7727897364114013, 0.7931137734225818, 0.7907971840884004, 0.8139695424054351, 0.7924553267657757, 0.8153359693075929, 0.8069660770041602, 0.8222862945071289, 0.8075551672705582, 0.8133854243372168, 0.8358581028878689, 0.8121718019247055, 0.8535311780869961, 0.8274395135896546, 0.8551736761416707, 0.862119951418468, 0.8274088874459267, 0.8721680077058929, 0.8627071667994771, 0.8624581029372556, 0.8693454531686646, 0.8721359622265611, 0.8649310118385724, 0.873674606106111, 0.8805220132427556, 0.8853159062564373, 0.8636758694691318, 0.8911969023091453, 0.8938833890216691, 0.8684603513351509, 0.8765678389796189], "val_f1_score_pos": [0.6250510048341038, 0.6919216032794789, 0.7077749674163276, 0.7003881581930735, 0.7180949777497603, 0.6978260112846739, 0.7103569325486601, 0.6518999450856421, 0.668298420054438, 0.6956528400518186, 0.6762500942112922, 0.6999726279370277, 0.710770827655307, 0.6899335520679545, 0.6581769756154066, 0.7068460887572036, 0.7001109475105289, 0.6926928121931685, 0.6848009946056779, 0.6997365861966983, 0.6686128248169202, 0.6702982209312175, 0.5387312346889127, 0.6995006578505711, 0.5796463652104804, 0.6888291054030837, 0.670108736546184, 0.6820449842388724, 0.6605638663755637, 0.6776145978171526, 0.6675730319808482, 0.6380562121681176, 0.6474070962320123, 0.6258520328901648, 0.655839866223124, 0.5936973340205561, 0.6456874083134561, 0.6687689625682276, 0.6168970583681356, 0.6498417456006866, 0.6555852869067829, 0.6481581646690149, 0.6362676190135674, 0.6636624933227041, 0.6580009215652802, 0.6629364482693055, 0.6808053225067823, 0.6114704836987461, 0.6385509918406977, 0.6587635596812068, 0.6705753232686813, 0.6871871391900906, 0.6489801529571199, 0.6097718751902597, 0.5953958262116648, 0.6268143252128383, 0.6306210384886627],