{"f1_score_neu": [0.47565949719864875, 0.5392733886837959, 0.6518122628331184, 0.6767527591437101, 0.737580232322216, 0.7296958193182945, 0.7057878188788891, 0.737101785838604, 0.7573048770427704, 0.7551281526684761, 0.7653668373823166, 0.7420557960867882, 0.7777491360902786, 0.782063789665699, 0.759356252849102, 0.7783685326576233, 0.7834498584270477, 0.796446867287159, 0.8179387897253036, 0.808434285223484, 0.8077505379915237, 0.79112858325243, 0.8504898473620415, 0.8382187560200691, 0.8498995751142502, 0.8220878764986992, 0.8715593367815018, 0.8287832140922546, 0.854853667318821, 0.8395280763506889, 0.8953297659754753, 0.8651328757405281, 0.8679598569869995, 0.8969885259866714, 0.881487525999546, 0.8810892105102539, 0.9100091904401779, 0.8757562264800072, 0.9282600060105324, 0.8739091381430626, 0.9229257926344872, 0.9228447005152702, 0.8889798223972321, 0.9303402155637741, 0.9243857711553574, 0.9123164638876915, 0.9473975077271461, 0.9049841091036797, 0.9468916654586792, 0.9451911598443985, 0.9374036192893982, 0.9224870577454567, 0.9455975070595741, 0.9051774814724922, 0.9520609527826309, 0.9486935809254646, 0.9509759321808815, 0.9617238193750381, 0.9044267684221268, 0.9514482840895653, 0.9621290192008018, 0.956597238779068, 0.9428166300058365, 0.9538638517260551, 0.9600007981061935], "loss": [1.186631515622139, 1.0364391133189201, 0.9468429461121559, 0.902505449950695, 0.8407984748482704, 0.8339901939034462, 0.823239803314209, 0.7999653369188309, 0.7525623962283134, 0.735860675573349, 0.7087261006236076, 0.7477566450834274, 0.6703045666217804, 0.6667859628796577, 0.6586267128586769, 0.6391925066709518, 0.6595137566328049, 0.6244383230805397, 0.571940042078495, 0.5829994827508926, 0.5720376744866371, 0.5892841443419456, 0.48350853845477104, 0.5023766681551933, 0.46060388535261154, 0.5758006609976292, 0.43274709954857826, 0.4993180148303509, 0.44541769102215767, 0.4743987061083317, 0.34370581060647964, 0.41825518757104874, 0.40208472311496735, 0.3380548879504204, 0.3810034207999706, 0.36693138256669044, 0.3075054697692394, 0.3933158740401268, 0.25447365641593933, 0.3861360587179661, 0.26600559428334236, 0.2623960468918085, 0.3698524571955204, 0.23622477799654007, 0.25962092354893684, 0.31269384548068047, 0.1922412123531103, 0.339782876893878, 0.19802017044276, 0.19856132473796606, 0.2204353790730238, 0.275390088558197, 0.19039159081876278, 0.3185273502022028, 0.17363029718399048, 0.17184514086693525, 0.17486878857016563, 0.15313018206506968, 0.30673337168991566, 0.17849870771169662, 0.146700750105083, 0.16863986663520336, 0.18905239179730415, 0.170156579464674, 0.14634715858846903], "val_acc": [0.46000524883254007, 0.5048518251894404, 0.49672174066844466, 0.5284552828333304, 0.5617624031193701, 0.5305533692838638, 0.5428796116210893, 0.5656963048442718, 0.5646472593601876, 0.5733018666935692, 0.5520587509740784, 0.5284552813013988, 0.5594020494631886, 0.5486493601969087, 0.5525832710352402, 0.5733018684599802, 0.5423551024397684, 0.5722528253519532, 0.5287175432078144, 0.542879617670656, 0.5111460845488561, 0.5554681416887203, 0.5420928426749306, 0.5226855501239456, 0.5087857309004906, 0.5145554689716361, 0.5447154458257554, 0.5371098858835563, 0.5360608524986055, 0.5342250272666818, 0.5455022286374582, 0.5363231006957964, 0.5586152697153489, 0.49855756321948813, 0.536847625657576, 0.5318646838103509, 0.5507474542289402, 0.5423551108653921, 0.5166535524364659, 0.5177025963182746, 0.5470757989348185, 0.504065033866138, 0.5221610311335727, 0.546026751145021, 0.5119328595445815, 0.5339627657432491, 0.5360608482857936, 0.511146082172799, 0.5316024169173417, 0.5140309417823028, 0.5190139018720196, 0.5234723176866762, 0.5108838212590127, 0.5289798071073042, 0.5297665943662982, 0.5326514584230932, 0.534487279137382, 0.53370050720552, 0.5226855465989396, 0.5339627579272715, 0.5263572088649133, 0.5418305715769256, 0.5237345779830003, 0.534225017074647, 0.5150799856641116], "f1_score_neg": [0.22034543287009, 0.25595020584296435, 0.26798395812511444, 0.29562962986528873, 0.3898079004138708, 0.4217694103717804, 0.34624170418828726, 0.41488582314923406, 0.5277577973902225, 0.47857391089200974, 0.5587981827557087, 0.5275260340422392, 0.525587547570467, 0.578707542270422, 0.5579144097864628, 0.5915728881955147, 0.5421859510242939, 0.6375347748398781, 0.6147055830806494, 0.6576626673340797, 0.5959993936121464, 0.6143645383417606, 0.7381362840533257, 0.6375802606344223, 0.7256588935852051, 0.6445334553718567, 0.765258714556694, 0.6852156110107899, 0.762860007584095, 0.661590326577425, 0.8143436536192894, 0.752667598426342, 0.7540320158004761, 0.8221029788255692, 0.7808904349803925, 0.7611921429634094, 0.8233926147222519, 0.7889940962195396, 0.8703326508402824, 0.8127350062131882, 0.8679491281509399, 0.8689333945512772, 0.7784518599510193, 0.8663998022675514, 0.8511771634221077, 0.8101855516433716, 0.9108666926622391, 0.7978419922292233, 0.9161961078643799, 0.9122627153992653, 0.8948674723505974, 0.8257208988070488, 0.907119408249855, 0.7967174798250198, 0.9212257191538811, 0.9196694269776344, 0.922760084271431, 0.9269635081291199, 0.8199146836996078, 0.9205247908830643, 0.9411882758140564, 0.9299122989177704, 0.8921356350183487, 0.9204899445176125, 0.9327366054058075], "f1_score_pos_neg": [0.24149523302912712, 0.24080227687954903, 0.23516715690493584, 0.2677250551059842, 0.32251949049532413, 0.3730839788913727, 0.32856421172618866, 0.40168384090065956, 0.4601293355226517, 0.4683927297592163, 0.5132662989199162, 0.48692863434553146, 0.5372434183955193, 0.564658597111702, 0.569503128528595, 0.5805935710668564, 0.5626418739557266, 0.594195906072855, 0.6573947817087173, 0.6377739980816841, 0.6441579163074493, 0.6299817711114883, 0.729379191994667, 0.6990295797586441, 0.7404216453433037, 0.6640545316040516, 0.7678959891200066, 0.7154398933053017, 0.7531443163752556, 0.7447145283222198, 0.8167958855628967, 0.7630509287118912, 0.7860846593976021, 0.8281650245189667, 0.7986351698637009, 0.8213176429271698, 0.8385826274752617, 0.7956811338663101, 0.8843542635440826, 0.7979746460914612, 0.8610662892460823, 0.8691539168357849, 0.8173009902238846, 0.8907119706273079, 0.8746125921607018, 0.8520611152052879, 0.9082892090082169, 0.829967699944973, 0.9059288874268532, 0.9055904150009155, 0.8984152302145958, 0.8620675429701805, 0.9088102355599403, 0.8388814106583595, 0.9214516952633858, 0.9181331917643547, 0.9164916425943375, 0.9339102357625961, 0.8444772213697433, 0.9206622838973999, 0.9353619739413261, 0.9255390539765358, 0.9106918945908546, 0.9185385629534721, 0.9272339195013046], "val_f1_score_pos": [0.6131387963840226, 0.3433856039481184, 0.26317778688511323, 0.4355164819147654, 0.538835578192384, 0.41202400840082226, 0.4427150337911171, 0.5126355981423478, 0.48256515648431925, 0.5249498059922806, 0.4729589875245263, 0.3964124595184136, 0.5509962631810096, 0.599054878742214, 0.4450127478428097, 0.5666394889933088, 0.4247704080293537, 0.4848169033339165, 0.2984978859814765, 0.4927753158013339, 0.2690108989265501, 0.5135603049531122, 0.46300605030907693, 0.3317298422389977, 0.3630411745118182, 0.3542358145965793, 0.4385878529146591, 0.4030764803716338, 0.45333379804853563, 0.40334622648298163, 0.5201205672975165, 0.3925035553453102, 0.511981985745954, 0.2819782771715304, 0.44161224402751065, 0.46526624959908913, 0.5460335319666859, 0.4274123622040532, 0.3455298157101568, 0.30621694091296153, 0.49002915190925067, 0.29551715917891164, 0.3916756916149313, 0.4952532953003589, 0.2980917713600227, 0.42407075086510343, 0.4434006119099559, 0.27844546671586495, 0.42661628192752293, 0.34428539146846776, 0.4047891049678326, 0.3885383431348093, 0.40010521581033504, 0.3847852747270888, 0.4033740548646078, 0.4350089964015009, 0.4408664535325623, 0.4798987849065709, 0.48473391907595914, 0.43901015296402546, 0.38292964643422867, 0.47311318164543315, 0.3860617388648497, 0.42613270049516594, 0.3729262895043866],