{"1": {"val_f1_score_neg": [0.7720744667550483, 0.7819140529055392, 0.7183223304579822, 0.783693636262883, 0.7777669379831026, 0.8115932256593829, 0.7216421641007038, 0.807969464603083, 0.7287750649274617, 0.8066049717658059, 0.7914858278393524, 0.8107883316400553, 0.8023595686731392, 0.814524299494603, 0.6789428764881369, 0.8100530295398648, 0.6666258168398113, 0.777699472961923, 0.8162626337738677, 0.7866774912875014, 0.797524788082201, 0.4041445420663006, 0.8100807330461853, 0.7614601202295257, 0.7983120024981224, 0.7198529005938624, 0.8239746046021886, 0.7737902743634343, 0.776249570886516, 0.8107104067251891, 0.79479619433316, 0.8029870822664967, 0.6224855211194001, 0.807335918065112, 0.8110182128805022, 0.7590305614293843, 0.7850238629781556, 0.7975535473788029, 0.7990400162933037, 0.803204822140699, 0.776653350731514, 0.8090552680985221, 0.734409142916873, 0.7918935081812256, 0.8166063215923487, 0.8109515499136302, 0.578353810354762, 0.7911875205776989, 0.7922623864543282, 0.7259023730093318, 0.767994749368458, 0.8020018296978771, 0.7482763628719905, 0.7928854603341172, 0.7720583542987177, 0.8043408893340127, 0.6776865813985217, 0.8141868506285953, 0.8106062587635033, 0.796006157522539, 0.756054713517372, 0.7957910081749744, 0.7858880748295917, 0.7892441937155342, 0.7874424574095443, 0.8201836101169693, 0.759453010736675], "val_loss": [1.0851637557898153, 0.8054948480213598, 0.8670019266547659, 0.7644754537213004, 0.8766867764835251, 0.7736783005449803, 0.8141547464791623, 0.8027004427528026, 0.8364657405590434, 0.7328590994884626, 0.7580418632239159, 0.7881251548033631, 0.7454537632745072, 0.7461129371458369, 0.9289033497290017, 0.7289204822794241, 0.8939432888057645, 0.7773770512371312, 0.7831570813553738, 0.901578324245119, 0.7503029938294679, 1.3387674574967425, 0.9887510995403126, 0.8196599364724683, 0.7627022804716668, 0.8314974052724003, 0.7571763037747289, 0.840521030030881, 0.9459278770554221, 0.7828134120731602, 0.7729352860255392, 0.8334335532712315, 1.1258649448664717, 0.8124653558269337, 1.1111103360657364, 0.7891787025293603, 0.8022860427364513, 0.8722563738929493, 0.8762060475971002, 0.8309504646162748, 0.9614114874568065, 0.9318409417816602, 0.9086152270741524, 0.9511583812631931, 0.8867933915536053, 0.9475933852808436, 1.2819591758415463, 0.9172372857951585, 0.9198465806811882, 1.4701524531153105, 0.9250059353128713, 1.185041288867787, 0.9532421361134705, 1.0024073250466885, 1.111143996151688, 1.0202844261679125, 1.2760478635518022, 0.9556356866044483, 1.0117279008114137, 1.0302207685271676, 1.1273356469649842, 1.0685621766404734, 1.0492700236247683, 1.0749929677174743, 1.0986641973978537, 1.5066622060548438, 1.058471122822504], "val_f1_score_pos_neg": [0.6032240153246974, 0.6887644322890809, 0.6488225244720999, 0.6917820265395237, 0.536463020678117, 0.7078118346478908, 0.6639573872644364, 0.6935499653469916, 0.6567642606614467, 0.6888543631555426, 0.7104069747072358, 0.7170109966391736, 0.7098000506892994, 0.7118752246906416, 0.6175717292995204, 0.7198461350781957, 0.6117398280449198, 0.6810057597231377, 0.6930873738098855, 0.694051857878154, 0.7058426219435822, 0.4591209164766848, 0.7173321575647847, 0.6810022095284205, 0.710061237132749, 0.6692520957197335, 0.7160355205642445, 0.6952602841112645, 0.5457085612987895, 0.6928781995782195, 0.7109748211652873, 0.7154794166651962, 0.5875534953573784, 0.6926632717779007, 0.7096946532499857, 0.6868304875531898, 0.698989982489545, 0.6979496454615389, 0.7086001590199532, 0.7039121596950837, 0.697867682082249, 0.7070896605539588, 0.6718831753819571, 0.6992031593340513, 0.6977564408348481, 0.6956803954069397, 0.5740819842011791, 0.6877095634932846, 0.6898858564969992, 0.6476262947700543, 0.6832818949466755, 0.6915931605093972, 0.6770209436976043, 0.7039449694436356, 0.6916067524773226, 0.7040510275288445, 0.6179023461634886, 0.7043261215007505, 0.6914046312399639, 0.6861740958979232, 0.6791837845878672, 0.6991519875810577, 0.6828059033530607, 0.6735738431497215, 0.6848118160912, 0.5809393091130745, 0.6840960261320047], "f1_score_pos": [0.5737202078838339, 0.5568262565030657, 0.48434104649536225, 0.6069531866086466, 0.6347122187672078, 0.5703011198356395, 0.6910564453310326, 0.6882436372190783, 0.6372786039587843, 0.6560934591382007, 0.6666780397095052, 0.6808621016617211, 0.6931063952638847, 0.7140092717276679, 0.7393333441099418, 0.6929472067476926, 0.7415975833814791, 0.740058665273357, 0.7335672827445313, 0.6753237019134976, 0.7750108869116786, 0.7895300169702687, 0.7672095637662862, 0.7850972236948532, 0.773573697887981, 0.7719558101097188, 0.83430729883319, 0.8282426783285934, 0.7183571909539148, 0.7187825627018828, 0.8245984127165716, 0.8573756380615429, 0.8570084269520074, 0.8189892937892096, 0.8384122887027923, 0.7866344354087283, 0.868278757492812, 0.9184607593805941, 0.7337710371908616, 0.8718809012976539, 0.9142841938926364, 0.8754993320786083, 0.8761385586415817, 0.9099696603058549, 0.8422532829502359, 0.9259855883279993, 0.8914853712394036, 0.9125988464308915, 0.9584666465892729, 0.9192985004183859, 0.8108992403410358, 0.9392032200710433, 0.919913901527889, 0.958307747755534, 0.9517912343179055, 0.907525680276861, 0.9645578809972698, 0.9221841124311152, 0.957356946405174, 0.9576561174964638, 0.9631653274563178, 0.9429157214184686, 0.9543608003912943, 0.9765826291618985, 0.9623526184573278, 0.9502250237666635, 0.7720885586317391], "acc": [0.4997675524152528, 0.5722919577556895, 0.5090655470271268, 0.5834495547426296, 0.5992561596762241, 0.5681078572264388, 0.6457461724997343, 0.6355183584808693, 0.6341236634123664, 0.6499302749686993, 0.6582984621443897, 0.6648070761654223, 0.6601580718903695, 0.6950255637111247, 0.6871222628653743, 0.6764295662020262, 0.709437479700171, 0.718270561103209, 0.714551391849846, 0.6736401520679851, 0.7484890644575817, 0.7814969708619146, 0.708042775598142, 0.7452347678453187, 0.7694095847829449, 0.7433751676039383, 0.7731287751237718, 0.7931194820275478, 0.7303579599288716, 0.7438400732478891, 0.8084611824255996, 0.8442584913811092, 0.8265922676680089, 0.8033472704144756, 0.8242677839785496, 0.7666201889930576, 0.831241277055594, 0.8967921844974112, 0.7675499914414048, 0.8140399818750715, 0.9028359137818405, 0.876801499512405, 0.8596001912803775, 0.843793579252971, 0.8586703844815284, 0.9237563993031898, 0.8702928947050147, 0.8535564816424814, 0.9488609972691768, 0.9237563891612558, 0.8423988865952556, 0.913063692525618, 0.9056252920034595, 0.9525801956736726, 0.9502556855763906, 0.9256159884327791, 0.949790783950419, 0.8586703889705812, 0.9539748907421756, 0.9544398020390077, 0.9614133065603656, 0.9279404854785559, 0.9530450887649018, 0.9753603065695556, 0.9655973903249442, 0.9558344913160784, 0.8079962783611303],