{"1": {"val_f1_score_neg": [0.8068354499406655, 0.7713228086741499, 0.822404574193546, 0.8103888764061742, 0.8145550453907062, 0.8468857145620236, 0.7734666653185583, 0.8409243844296901, 0.83602942234977, 0.8457031640704562, 0.804693418064153, 0.7545832230170124, 0.8378914292742198, 0.8033644675764514, 0.8541581439794331, 0.8346595103736252, 0.7537390263386945, 0.8372972151420636, 0.7681823501595794, 0.8200413921025879, 0.8484872033476164, 0.8419864459632718, 0.8219512936345248, 0.8231762967296152, 0.799822204938814, 0.7898157324426889, 0.8147837864842051, 0.8132890849140103, 0.7907270619323133, 0.7993164020321667, 0.8574823214355127, 0.774509988128584, 0.826407157953003, 0.8077889151413348, 0.8253901051409418, 0.8186304672470306, 0.8355822219084983, 0.8268793879052558, 0.8113220761386154, 0.8302475457084911, 0.7960068971973113, 0.78652626231618, 0.8442156481343275, 0.835067756349148, 0.8169701989580577, 0.8272173149403691, 0.8313929144452626, 0.8432295977292336, 0.8231119756592052, 0.8211940606879122, 0.8259500780141109, 0.8207714666423407, 0.8266847917265511, 0.8032231105550486, 0.8294463834727055, 0.831237520585513, 0.8439408312074743, 0.7878743400120868, 0.8352901924477831, 0.7878367320341327, 0.8106915100548743, 0.8033098577343107, 0.7958390759356195, 0.8284030801979079, 0.8109721028604987, 0.7906622723494162], "val_f1_score_pos": [0.6647389147090734, 0.6246653700896038, 0.6786016716415434, 0.6706714082918576, 0.6828420773786762, 0.687363831912561, 0.6386715088254691, 0.6819663774811799, 0.6749707679064803, 0.6788379105997707, 0.6726931934028142, 0.6531724502476456, 0.6803091019669503, 0.6687017911195311, 0.7045892260594075, 0.6710073920157591, 0.6370070490091206, 0.6754093670756235, 0.6457295627567355, 0.6709182070398242, 0.6635312520147923, 0.685476724772924, 0.6907728250022263, 0.6230461567473811, 0.638291348847153, 0.6612408113435216, 0.6039549165597841, 0.6567823606052434, 0.6517861150274508, 0.6390312760235877, 0.6961644620424764, 0.6595243751669729, 0.6429612118216644, 0.6713907475578053, 0.6606485849208228, 0.6605478009032137, 0.6606751683704014, 0.6693994791370086, 0.656121628799474, 0.6887568116632031, 0.6204076800044467, 0.6563896026247262, 0.7017246512505373, 0.6666666310370746, 0.6666666865348816, 0.644497588027123, 0.6559643229292758, 0.6806157273509205, 0.6543749212330724, 0.6625962553743544, 0.6666666310370746, 0.6666666865348816, 0.6666666865348816, 0.6321789313739017, 0.664583631844938, 0.6624295399619659, 0.686907957719025, 0.6552005965172467, 0.6576048381057753, 0.6449627151480378, 0.6611309256855558, 0.6687762480874301, 0.6706801558562053, 0.6688756657490296, 0.6555339270019886, 0.6650550091288832], "loss": [0.8822833031402084, 0.7456356751425551, 0.7073361446612494, 0.6822213981662557, 0.6545116629006418, 0.6503406561069409, 0.6194333497561282, 0.6029828246501034, 0.5586405010181269, 0.544562809082698, 0.5100142694195722, 0.48037493669504566, 0.45061431957477194, 0.441376088317856, 0.4730695906986696, 0.42340280091357974, 0.35957435759928325, 0.48834435061929615, 0.31871173442490763, 0.3311415577921298, 0.2718944161756268, 0.47821673554134947, 0.27529641073534844, 0.2634682284987621, 0.22487337159201579, 0.2503504897898599, 0.23879292292103885, 0.23077777050944717, 0.18113115316266407, 0.16712918328939622, 0.21691016921438433, 0.3532981590884389, 0.20226074348544587, 0.16855336565685405, 0.13569692108366224, 0.17783009962307358, 0.12693637709931294, 0.12927643807889805, 0.20706410836973949, 0.11433427916992991, 0.11096650666826995, 0.11721446517177761, 0.1483754448589199, 0.13489196252083013, 0.1391997250192723, 0.09892325807641629, 0.08037354031976907, 0.0924588127857527, 0.12420084006367368, 0.11594753188692875, 0.07459220236668693, 0.0802033983728654, 0.07634884119726569, 0.0957424524930786, 0.07275123358108813, 0.0608759931821648, 0.08805345560660865, 0.12808482501671403, 0.06933220372691591, 0.10659457061843282, 0.08448045336745717, 0.06415826097816603, 0.050604361455380116, 0.08417715496625638, 0.047509734356461546, 0.045833173094933004], "val_f1_score": [0.5541714962634294, 0.5682064562314494, 0.6131313584148329, 0.6276310054061577, 0.6289195865670174, 0.639084962049232, 0.6076541914842204, 0.6355449702708637, 0.6213576218713374, 0.6124612555823512, 0.6303843956863858, 0.6000752897457926, 0.6288114768388773, 0.6260120009576808, 0.5984484477860079, 0.6243231696123518, 0.6019595710480902, 0.6329635963315626, 0.598197326868828, 0.6242606566604956, 0.6082870306471428, 0.6300343710172998, 0.6390024281524858, 0.6085833565260889, 0.6080910788790029, 0.6035460329144583, 0.604350740794141, 0.6009628992506911, 0.5991951831004251, 0.603306849131593, 0.584386531423146, 0.5935950341393383, 0.5965265817038395, 0.6040527614135316, 0.6086680589441481, 0.6172250189594717, 0.6112220125269402, 0.6211090450846283, 0.6120298258419143, 0.635495488648086, 0.6058854295332783, 0.6023201760411041, 0.5862128465979237, 0.6323029548762231, 0.6137220115856974, 0.6069251907160385, 0.607688119069602, 0.6066955962882583, 0.5924609082593154, 0.6133636360505884, 0.5971349890671629, 0.6086422373684647, 0.6214771379527655, 0.5938242021219691, 0.6140916269806732, 0.6186650303267012, 0.586667872784968, 0.5940986974945281, 0.6091038681275351, 0.5996241480722552, 0.6096129421859258, 0.612309358639424, 0.6129752213284512, 0.6227694305849697, 0.5840939196794392, 0.6033965225992256], "f1_score_pos": [0.6824186576460196, 0.7130432622147848, 0.7305341889169924, 0.740718766652058, 0.7617756262151434, 0.7549824401812463, 0.7673890422466798, 0.7895489556187533, 0.7965856751471218, 0.8046300652026022, 0.824430660196151, 0.8369633619145758, 0.8441005278498225, 0.8402532661919924, 0.8384094433638175, 0.8703435711780851, 0.8811963645317897, 0.8569531796533859, 0.8952613550527103, 0.8904692823251753, 0.9138782424241761, 0.8507833376921703, 0.9143334909241347, 0.9228051557811345, 0.9302997596593082, 0.9129419872119005, 0.9229830885587432, 0.9168899359120042, 0.9461184508963443, 0.9507087772250563, 0.9306023460053001, 0.9009184320823141, 0.9331938286040451, 0.9487493380398486, 0.9579407223874832, 0.9396447380272969, 0.9651363508638146, 0.956780931690248, 0.9404972344429091, 0.971722526724313, 0.9624478452319823, 0.9600992074460554, 0.9573244555835555, 0.9657269305874724, 0.9493394814940842, 0.9722474632790786, 0.9739167233612969, 0.9716844532391128, 0.9671522570676108, 0.9619037924340469, 0.9740249196743754, 0.9769837124466286, 0.9724759536807008, 0.9745470374365398, 0.9744608506442557, 0.9749851401103812, 0.9724613061786973, 0.9671091834149877, 0.9748823151983034, 0.9588234374989802, 0.9733171463844001, 0.9802610176156034, 0.9818163024220894, 0.9708166935453854, 0.9864987570814951, 0.9864444011092353],