{"val_f1_score_pos_neg": [0.35244240579941505, 0.3610714849777307, 0.5257919440737179, 0.4872555555148041, 0.5909273834201003, 0.4755240142142213, 0.5423613594268021, 0.6020902705386402, 0.5916679671765499, 0.5346782318006936, 0.5947012659479807, 0.5861058330523383, 0.4061541869638475, 0.5987586293231775, 0.5748451743543601, 0.5630280134435904, 0.6066833470644927, 0.5164350186656098, 0.5278763354465525, 0.5972859102567287, 0.4709263660136777, 0.5934659170879331, 0.5633276398651499, 0.5854903735296638, 0.5805844335364695, 0.5384826558079583, 0.5727818595778432, 0.57976659767402, 0.5133370828384681, 0.5791885577066033, 0.5764952675739111, 0.542004155793779, 0.49911569986260845, 0.58423601524304, 0.5433950854854699, 0.5845120678790873, 0.5518719756068629, 0.5483896274001399, 0.6053378394417271, 0.5206381728447175, 0.5233769896397464, 0.5414596818702101, 0.5662646811995767, 0.353363863180042, 0.5431738734526675, 0.5644115100468421, 0.5312701461979826, 0.5828955271973749, 0.5687150392762451, 0.5488554453430856, 0.5500430938549127, 0.5446328093553509, 0.543915151736882, 0.552551418535046, 0.555381756362845, 0.5396312762519803, 0.5558831663135465, 0.5596414659237755, 0.5609446801352682, 0.5706226944985928, 0.5734561718638851, 0.5659237197775432, 0.48269988103641975, 0.5680704533725531, 0.5454653189809435, 0.5382743252252238, 0.5536280871844498, 0.5519914908450387], "loss": [1.3654309809207916, 0.9496799409389496, 0.8339105546474457, 0.8730467756589254, 0.8295772771040598, 0.7884114881356558, 0.7587495197852453, 0.8128899733225504, 0.8344955494006475, 0.6532919406890869, 0.5887438158194224, 0.6527431905269623, 0.5549412568410238, 0.5857349932193756, 0.5645490636428198, 0.4961913327376048, 0.5113815168539683, 0.4766260087490082, 0.43044159809748334, 0.4368832881251971, 0.3673478315273921, 0.3842063670357068, 0.30139990895986557, 0.39391644299030304, 0.40869912256797153, 0.33115511387586594, 0.3755718891819318, 0.24211861689885458, 0.24671034639080366, 0.3181968927383423, 0.29751986389358837, 0.19548538203040758, 0.26470135649045307, 0.308005940169096, 0.4346511388818423, 0.1990398329993089, 0.21920622264345488, 0.1663612686097622, 0.1871132863064607, 0.13410666150351366, 0.11728511812786262, 0.1714256095389525, 0.15919326432049274, 0.36050182580947876, 0.2970455413063367, 0.16120920578638712, 0.13244412280619144, 0.09311452445884545, 0.16942115376393, 0.10974181070923805, 0.07868573752542336, 0.1040627583861351, 0.09729055936137836, 0.11661483719944954, 0.0919939319913586, 0.08236725255846977, 0.10488729923963547, 0.07316214591264725, 0.0814155846213301, 0.10292284128566583, 0.07064671566088994, 0.0962199109296004, 0.10519021687408288, 0.22959487264355025, 0.16845577210187912, 0.1110334222515424, 0.08753367389241855, 0.11558583875497182], "f1_score_neu": [0.04022038665910562, 0.5401522889733315, 0.6813440322875977, 0.5643627792596817, 0.5169285051524639, 0.5972651143868765, 0.6403907860318819, 0.46901059585313004, 0.5931945318977038, 0.7329910943905512, 0.7614409228165945, 0.6735966304937998, 0.763702799876531, 0.7354270964860916, 0.7286720921595892, 0.8088473677635193, 0.8001707444588343, 0.8181783705949783, 0.8410329471031824, 0.7981541355450948, 0.8681715577840805, 0.8571551342805227, 0.9051303466161092, 0.851828008890152, 0.8102414160966873, 0.8714443643887838, 0.838512102762858, 0.9143770784139633, 0.920076792438825, 0.899258961280187, 0.8949877520402273, 0.9401983966430029, 0.9171490371227264, 0.8688452591498693, 0.825368290146192, 0.9385422269503275, 0.9302269568045934, 0.9423057784636816, 0.9364578475554785, 0.9594013690948486, 0.9630743513504664, 0.9446393648783366, 0.947212149699529, 0.8448076148827871, 0.8924572269121805, 0.9479385217030843, 0.9633468836545944, 0.970058004061381, 0.9467239677906036, 0.9728370656569799, 0.9757043868303299, 0.9713742782672247, 0.9659454822540283, 0.9609452684720358, 0.9777665287256241, 0.980392207702001, 0.972571407755216, 0.9774671544631323, 0.9765499730904897, 0.9668817023436228, 0.9791657874981562, 0.9711323281129202, 0.9684175302584966, 0.9194703648487726, 0.936086893081665, 0.9596988409757614, 0.9740079343318939, 0.9661298245191574], "f1_score_neg": [0.37145047386487323, 0.15076182348032793, 0.2081491332501173, 0.3115936468044917, 0.35608434428771335, 0.398726391295592, 0.5067040969928106, 0.533168283601602, 0.43536871547500294, 0.47479248046875, 0.5523781478404999, 0.637210617462794, 0.5966905305782954, 0.5578569074471792, 0.6983741422494253, 0.6967993875344595, 0.7525733759005865, 0.7424914439519247, 0.7370438128709793, 0.8174989471832911, 0.8050470898548762, 0.7991229047377905, 0.8476927777131399, 0.8119646459817886, 0.7407047549883524, 0.8715259780486425, 0.8552474031845728, 0.8960981766382853, 0.9304738889137903, 0.876311331987381, 0.8910711109638214, 0.913579652706782, 0.8953026682138443, 0.8681069314479828, 0.841352383295695, 0.9152860293785731, 0.8780604203542074, 0.9257654746373495, 0.9461083859205246, 0.9372056623299917, 0.940067912141482, 0.9302183190981547, 0.9269444942474365, 0.8831875820954641, 0.8718283226092657, 0.9241840293010076, 0.9384387085835139, 0.9649292727311453, 0.9200823108355204, 0.936949223279953, 0.9644850542147955, 0.9538601040840149, 0.9605785508950552, 0.9330580731232961, 0.9622163424889246, 0.9770694474379221, 0.9470333755016327, 0.9523420830567678, 0.9704527407884598, 0.9469466755787531, 0.9763510972261429, 0.9516109526157379, 0.9521827201048533, 0.9103129307428995, 0.9391459574302038, 0.956325501203537, 0.9888575822114944, 0.9355934113264084], "val_f1_score_neg": [0.09428098235829371, 0.08545601060587123, 0.40795160651425816, 0.33972551411229296, 0.5225197839167935, 0.33187602054344334, 0.46780771879958505, 0.5342712434232938, 0.5135370763524323, 0.4369014955367312, 0.5286010240839436, 0.4957682083449025, 0.1581899908515621, 0.5370213641071144, 0.5009884653037031, 0.4751785499918908, 0.5337860105452249, 0.34996449129024326, 0.46629693565673785, 0.5100313758806329, 0.3161732721775809, 0.5202727104277552, 0.4881582125306223, 0.5177119907168557, 0.5023234041850773, 0.4151633116491129, 0.4748362044305774, 0.4772913104244145, 0.45218670232196573, 0.493580025729938, 0.5056982026023875, 0.4091163062061377, 0.41434571293123806, 0.5135267927457178, 0.4281738819083047, 0.4990989658546798, 0.439347087844538, 0.4462802684701024, 0.5299365392138944, 0.3627441120200854, 0.3726886679283315, 0.4316587330724134, 0.46563922966555166, 0.17714268092623914, 0.4498265528816455, 0.4640077901361747, 0.40929148934533394, 0.5029854751183485, 0.49522916033547476, 0.4603726746621421, 0.4492066121151402, 0.4406057964886326, 0.43861491602610764, 0.4525961424620984, 0.4642246518036902, 0.440887738362154, 0.47668203384801844, 0.4555634652539685, 0.47462485949104616, 0.4752985736046943, 0.5014830070813747, 0.4645687340752146, 0.3390650876997776, 0.47718022510882224, 0.4606029143522269, 0.4563355934751212, 0.4543277704509387, 0.4383255596739896],