{"val_f1_score": [0.5838930370799519, 0.6540948670272467, 0.6555009922142139, 0.6217312626941229, 0.6745695821450446, 0.6911679845984264, 0.6403816778954327, 0.6979894939758257, 0.6960022453245077, 0.6884724584708776, 0.6251189776865042, 0.6976371210389897, 0.6515324669749663, 0.6611584863605194, 0.6455116230860615, 0.6759950661015204, 0.700861263487741, 0.6847165343707045, 0.6579605898236841, 0.6572137607885351, 0.6805596922815175, 0.6179607620771995, 0.6414190657708453, 0.6793108026468, 0.6350303682917033, 0.6854613648291307, 0.6904880288639564, 0.689063231244101, 0.6919529783016047, 0.6744905814954436, 0.6857477946447758, 0.6848828756774844, 0.6952190620987365, 0.6623014593855965, 0.5927303759188218, 0.6703640791239965, 0.6657370692971433, 0.6715709306485316, 0.6277087789616058, 0.6327866548914125, 0.6753687069167811, 0.671052792020398, 0.653181335993586, 0.6796866516850609, 0.6633637031951102, 0.6615673709566, 0.6748474510892182, 0.6676392943378261, 0.648420725036349, 0.6689827514388822, 0.6576553839040247, 0.6771402493756242, 0.5876521605880061, 0.6728438025942757, 0.6367923757425293, 0.6525731342782382, 0.6540162451711815, 0.6472130591182174, 0.6468186563248713, 0.6530364557041636], "val_f1_score_neu": [0.6935785774824471, 0.7205173545955454, 0.7273177892837255, 0.7182656324288053, 0.7389332996151312, 0.7418445432214265, 0.7346474297428707, 0.7065752236167183, 0.6859895304498039, 0.7467662220453922, 0.7212331882462301, 0.7477444854271621, 0.7336459394955679, 0.7365429300727915, 0.7311939798938362, 0.7393611316727179, 0.7492023639062431, 0.6671648095543854, 0.7372913813297123, 0.7264951672448969, 0.7425332868815157, 0.7187177718639248, 0.728246683762388, 0.7427673017200197, 0.7272620343205312, 0.7386174206811238, 0.7360277800868885, 0.7183649443029388, 0.7186627163056655, 0.736731277514467, 0.7197748889861818, 0.6961859322081956, 0.7248302022522277, 0.7299677579696179, 0.7042698934576563, 0.6815981004546391, 0.7335924513847097, 0.7145745496939963, 0.721001820397946, 0.7168885071447069, 0.7074335359101405, 0.7154181192873533, 0.723438641045183, 0.726181336097007, 0.7266462808076772, 0.6467626743856891, 0.6975121713359932, 0.7252938697852708, 0.719367569930404, 0.726055328313866, 0.7183017959408393, 0.7112566275200193, 0.7042888440924494, 0.7025184308860423, 0.6086809536681036, 0.7209384680232006, 0.7138852563518381, 0.7198650201818244, 0.7155635569966624, 0.7064550557913131], "f1_score_pos": [0.6218249052762985, 0.6509072799235582, 0.7080735340714455, 0.7239096313714981, 0.708281259983778, 0.7397562712430954, 0.7585649117827415, 0.7403117828071117, 0.7558694817125797, 0.7543693408370018, 0.7745780609548092, 0.7651960514485836, 0.7877684123814106, 0.7950934283435345, 0.7897985391318798, 0.8045954331755638, 0.8081674687564373, 0.8266057930886745, 0.8165174834430218, 0.8250367380678654, 0.8172362297773361, 0.8321383707225323, 0.8450576849281788, 0.8485906347632408, 0.8317618742585182, 0.8683942407369614, 0.8586606085300446, 0.861104030162096, 0.8897085599601269, 0.8638879656791687, 0.8721064180135727, 0.8842593692243099, 0.9033916965126991, 0.8786020576953888, 0.9050003215670586, 0.9038200378417969, 0.8912574611604214, 0.9247003979980946, 0.9005953222513199, 0.9224044382572174, 0.9300953969359398, 0.896217443048954, 0.9119644947350025, 0.9316775277256966, 0.9270947575569153, 0.9175894893705845, 0.9350558891892433, 0.9154858700931072, 0.9394583739340305, 0.9372339211404324, 0.9555798806250095, 0.9507272765040398, 0.9495837278664112, 0.9397275671362877, 0.9429173283278942, 0.9414817430078983, 0.9580967612564564, 0.9572125785052776, 0.9230143465101719, 0.9651682749390602], "f1_score_pos_neg": [0.46585859172046185, 0.5730813853442669, 0.6235440671443939, 0.6412359401583672, 0.6429989896714687, 0.6620365120470524, 0.6890506967902184, 0.6782827116549015, 0.7018438763916492, 0.7050025090575218, 0.7236033491790295, 0.7197219245135784, 0.7425983026623726, 0.7500961162149906, 0.7539770491421223, 0.7614411152899265, 0.7756508439779282, 0.7829569019377232, 0.7883694618940353, 0.8028069995343685, 0.7883632220327854, 0.8080558180809021, 0.8150091506540775, 0.8244399428367615, 0.8190479725599289, 0.8544174134731293, 0.8373592048883438, 0.8549921698868275, 0.8694902881979942, 0.854493610560894, 0.8727274313569069, 0.8725367486476898, 0.8837904222309589, 0.8810352124273777, 0.8957068473100662, 0.8956202194094658, 0.8939182311296463, 0.9123907797038555, 0.8988756649196148, 0.9155365861952305, 0.9250243417918682, 0.8954242803156376, 0.9089996255934238, 0.923682626336813, 0.9235086999833584, 0.9155689626932144, 0.9191891923546791, 0.9171281978487968, 0.9378498308360577, 0.9264869578182697, 0.9413237124681473, 0.93365927785635, 0.9421083219349384, 0.9350827820599079, 0.9320804066956043, 0.9314478784799576, 0.950815737247467, 0.9507971331477165, 0.9300836808979511, 0.9581313580274582], "val_acc": [0.6359821595671669, 0.6939417802221407, 0.703645424473295, 0.6637817981703964, 0.7044322066753517, 0.7196433260126311, 0.6934172511257088, 0.7125622848341416, 0.7052189845786206, 0.7151848964105901, 0.6637817987800426, 0.7178075007807073, 0.6923682201168151, 0.6913191789158867, 0.6873852561191096, 0.6947285593603341, 0.7209546203817122, 0.6949908136070916, 0.6973511619640403, 0.7075793347019803, 0.7154471525644462, 0.6598478922248668, 0.6808287438963643, 0.7052189978345185, 0.6902701327439965, 0.7120377600208656, 0.7143981197266137, 0.7036454227068841, 0.7130868025192463, 0.7025963772228, 0.703120897893608, 0.7002360362128701, 0.7104642005251862, 0.6839758773629133, 0.6304746827146308, 0.6842381334542416, 0.7049567170759652, 0.7031208972839618, 0.6627327521391938, 0.6805664793794123, 0.6955153469241513, 0.6963021296576943, 0.6918436982892424, 0.6976134287788898, 0.6942040362353091, 0.6726986543106152, 0.6884343057456618, 0.6923682129104838, 0.6763703053215812, 0.6928927431636803, 0.6863362255791745, 0.6939417735629279, 0.6341463312713799, 0.6915814318651919, 0.6488329353777718, 0.685811704361248, 0.6803042244448488, 0.6750590055125797, 0.6782061299438586, 0.6839758742990502], "val_loss": [0.8017239926088334, 0.6989321668817714, 0.6823362583348734, 0.7540103656833578, 0.6679710075200589, 0.6412452353506991, 0.6850433039315066, 0.6427104692742983, 0.6610545659046488, 0.6501441131168358, 0.8020605238253695, 0.6579048538220513, 0.721418655969138, 0.751957974454533, 0.7138778015506133, 0.7345713357927917, 0.663117587159945, 0.700658112225056, 0.731978188435174, 0.7054905849368498, 0.7032931801249216, 0.9297477365352962, 0.8398688919519834, 0.7500163635774888, 0.7397718717818682, 0.7505144316819343, 0.7176809668415899, 0.7609870283427965, 0.732108247489589, 0.8024977293034535, 0.7412525320378245, 0.7487656973241791, 0.7960471295009847, 0.944959832197595, 1.3701904938973188, 0.848806885277978, 0.8452692383423022, 0.8363845215799175, 1.132174489912698, 0.968470462375884, 0.865891925844032, 0.8476639374359806, 0.9184491299219779, 0.9211738772383519, 0.9573042495432658, 0.9141392138196264, 0.896800734444675, 0.8993112020313724, 1.041929492527126, 0.9601859510366979, 1.001183234579195, 0.9607737245379612, 1.6082782920751864, 0.9246945109012212, 1.1094399997170692, 1.073093475099314, 1.096628078443936, 1.2551786365891704, 1.0728420777612242, 1.063747690194803],