{"val_f1_score_neg": [0.5478257705808168, 0.5460971283901933, 0.5991763831847324, 0.31441853976013745, 0.5086613101863775, 0.5700534704672127, 0.6128776345604774, 0.5121134795613832, 0.34850238807234635, 0.5144939994254307, 0.3137595638921011, 0.580719877512027, 0.6162048162933518, 0.6533325823963197, 0.6230587587665449, 0.5462898294828091, 0.6455805016379071, 0.6156683227150386, 0.6316323010598653, 0.6061636970432502, 0.296260921531736, 0.5240770442175855, 0.6107665379466745, 0.6572335898152247, 0.6424139631368317, 0.5645614021327439, 0.5875264187948799, 0.6455757854170376, 0.6521928656278191, 0.41946199573861337, 0.618939148376935, 0.6120727510533781, 0.47482495623239784, 0.6457982692587659, 0.5840511046654997, 0.6027421222524605, 0.6255706638245233, 0.3264281338217341, 0.6107350227213957, 0.5583353255227296, 0.6233764634816645, 0.5346141936968856, 0.6354557582241321, 0.644281799815766, 0.4814241499017071, 0.6275690567423726, 0.6096071658025065, 0.5967692245624111, 0.6257094928288428, 0.6103836691599411, 0.506924895407968, 0.6342355392293463, 0.6097731414647773, 0.6226490633851282, 0.59878212736364, 0.6274687764722916, 0.5927774561883306, 0.6184734068794182, 0.61096926369326, 0.5852763819308416, 0.6276649021104923, 0.6288057173151076, 0.6050312791758703, 0.6175451032545886, 0.6286369716590233], "val_f1_score": [0.45088953715533325, 0.48716187537440403, 0.5210348415149529, 0.43008031478563086, 0.4613933435603943, 0.5607419264675849, 0.5388308340399532, 0.5325479490286157, 0.47466403975231497, 0.5549647787965422, 0.45457301381682147, 0.586741732467792, 0.5212153200356745, 0.5950266326594557, 0.5516147767430322, 0.5405808437315666, 0.596013859055142, 0.4867143544376406, 0.6018221870071438, 0.5650704336284358, 0.48635216301966505, 0.47504717728279755, 0.49026202223776055, 0.5894127716312417, 0.5020836900334824, 0.5820597297588662, 0.5028970836252443, 0.5494581774929542, 0.5705397216736385, 0.5064893818577292, 0.5541373791053281, 0.5712474560448033, 0.5209901053198704, 0.576332528796005, 0.5885539754682224, 0.5698337280905789, 0.5679570017931325, 0.46130624603860504, 0.5739805564599374, 0.5513832993567446, 0.56683651429278, 0.5305498017687761, 0.5893403379111691, 0.5895865364113317, 0.521178570487614, 0.575090574992974, 0.5731969844152731, 0.5875529182477411, 0.5889076471757738, 0.5563587532405965, 0.5654509490639896, 0.5675567298443854, 0.5813707733175747, 0.538562736316034, 0.5765928446951611, 0.567733369107403, 0.568515758416806, 0.5679511162969801, 0.5720079820326627, 0.5749385088239765, 0.5439160679087036, 0.5861108616242471, 0.5681452150823187, 0.5944769850626648, 0.5589110229769324], "f1_score_pos_neg": [0.3224719803976385, 0.3923339573176284, 0.424326102984579, 0.47163594161209305, 0.4825323988732539, 0.5161308018784774, 0.5273937928049188, 0.5596654238669496, 0.5652095008837549, 0.5749062178166289, 0.6027548869973735, 0.5910494511849002, 0.6290608315091384, 0.628475347631856, 0.6785184599851307, 0.6671763031106246, 0.6750716912119012, 0.6927215519704317, 0.6987125026552301, 0.7187259691326242, 0.749450642027353, 0.7321169595969351, 0.7605640072571603, 0.7666509645549875, 0.7812658391500774, 0.7970378642019472, 0.8025211535002056, 0.8124626569057766, 0.8432600725638238, 0.822590999697384, 0.8592972888758308, 0.8636796701895563, 0.8395008836921892, 0.8795856527592006, 0.8774590923597938, 0.8590927194607886, 0.8748288938873693, 0.9180003435988175, 0.8816374563857129, 0.9120203303663355, 0.9185633761318106, 0.9122620319065294, 0.9167308556406122, 0.9215295604969326, 0.9029372765829689, 0.930715346022656, 0.947921885471595, 0.9188976946629976, 0.9461789970335207, 0.9136325889512112, 0.941789888237652, 0.9287427718702116, 0.9462603918815914, 0.930168238909621, 0.9499087521904394, 0.9488877701131921, 0.9525361868895983, 0.9522473568979063, 0.9482190412910361, 0.9564307183027267, 0.9599295336949197, 0.9319062578050714, 0.9588368542884526, 0.9600082518238771, 0.9682186983133617], "f1_score": [0.40299031569769506, 0.5000775064292707, 0.5245410117663836, 0.5596780298571837, 0.5682663007786399, 0.5937805026769638, 0.6005456604455647, 0.6239834239608363, 0.6292231326040468, 0.6376698079862093, 0.6600222987563986, 0.6490378411192643, 0.6793380371834102, 0.6804303981755909, 0.7162969677071822, 0.7112600677891782, 0.7175713605002353, 0.7316184718357889, 0.7371536728582884, 0.7522359843316831, 0.7821031785325, 0.7640086592812287, 0.7875722811410302, 0.7937493292908919, 0.8051033082761263, 0.818868529639746, 0.8239587412068718, 0.835138254259762, 0.8614038236831364, 0.8421180640396319, 0.8756389123828787, 0.8787584979283182, 0.8550226876610204, 0.8939321472456581, 0.8895256762441835, 0.8774791861835279, 0.8887106391944384, 0.9269595585371319, 0.8929845831896129, 0.9220969002497824, 0.9273993796423862, 0.9220202329911684, 0.9262851139432505, 0.9303901360223168, 0.9151043884064022, 0.9393953477081499, 0.9539941690470043, 0.9280099860931698, 0.9528286715871409, 0.9220797992066333, 0.948739333372367, 0.9381278965033983, 0.9523651223433646, 0.936496164453657, 0.9540057739144877, 0.9552966160209555, 0.9575630222496233, 0.9583293677944886, 0.9550532220225585, 0.9617867210977956, 0.9642918572614068, 0.9387456908037788, 0.9641287656206834, 0.9645466412368574, 0.972215650897277], "val_f1_score_pos": [0.09655722828596174, 0.19895383548050166, 0.34668677948747084, 0.24850231602124356, 0.14660256323490495, 0.38790234476931185, 0.40809293555827275, 0.3517818478276694, 0.34167373049007144, 0.4304313514343104, 0.321503898365992, 0.47791725389066175, 0.22236430113427122, 0.4415150421109759, 0.2971303596509452, 0.4228412845463995, 0.44209751876903125, 0.12123859248421935, 0.4500095986108012, 0.34612034969752403, 0.44588899832290946, 0.15699536906026582, 0.2718609170875086, 0.40043028096492045, 0.12870478388751566, 0.4471504698988022, 0.17705312385330638, 0.26770335084620867, 0.4386597888940527, 0.36460694926738524, 0.4558481744319214, 0.3579235998322928, 0.3456320069793962, 0.4033003560176477, 0.44655089570335904, 0.3650195304198786, 0.343260985154372, 0.3269936114589856, 0.36843116742986526, 0.3514147392678143, 0.3513452650135399, 0.3083341386449053, 0.4148175191407369, 0.3988658573999632, 0.3417699643072651, 0.36366919549102456, 0.36977418746381957, 0.422620484569402, 0.4244322091729803, 0.30721236711088945, 0.4569011154981331, 0.3434194367960451, 0.3910190748889544, 0.41894555731340943, 0.39537852458250294, 0.41330349536506217, 0.3614071111956857, 0.37663693726733094, 0.3660332635480758, 0.4046791935363869, 0.3571648924430104, 0.39623829938246763, 0.35163798213702196, 0.4419528997217917, 0.3314128470646064], "f1_score_pos": [0.3514205887913704, 0.35897125048856987, 0.38874541850466476, 0.43076212468900177, 0.45953904758942754, 0.472136522986387, 0.4997383293352629, 0.553909948781917, 0.5530063549154683, 0.5484397121165928, 0.576530850247333, 0.5687686777428577, 0.6059381118730495, 0.6312349399453715, 0.6723415530041644, 0.6601557770842, 0.6696142166068679, 0.6807455996933737, 0.6811378123728853, 0.7501911301361887, 0.7603263886351335, 0.732572507701422, 0.7467096322461179, 0.8147897869348526, 0.7989503960860403, 0.7807784307944147, 0.8232982840977217, 0.8506171326888236, 0.8590115708740134, 0.8212829342013911, 0.8629808590600365, 0.8654323557489797, 0.8741743094042728, 0.8890003695299751, 0.9125776706557525, 0.8312648464190332, 0.9086462118123707, 0.9237328289370788, 0.9152897517932089, 0.9285977412211267, 0.9098718480059975, 0.9235327110478753, 0.9320764478884245, 0.9181426936074307, 0.931289783433864, 0.9321185954307255, 0.9536646628066113, 0.9053427302523663, 0.9402789904883033, 0.9301236013048574, 0.9378144121483752, 0.915286638234791, 0.9517807042912433, 0.9576304186331598, 0.958411956303998, 0.947747774030033, 0.9575508848616952, 0.9486013117589449, 0.9441081795253252, 0.9580285902086058, 0.9688698288641477, 0.9440311122881738, 0.9509482305300864, 0.9606080274832877, 0.9690461582259128],