{"val_f1_score_pos_neg": [0.48891982495581543, 0.4386064298050378, 0.6034344835854127, 0.48918493310516664, 0.6364850055005273, 0.6098910723181493, 0.5490797267884305, 0.6549205332955381, 0.6528682197575303, 0.6695045091772592, 0.6460660110769264, 0.5704574344385148, 0.641525135745597, 0.6326480171919932, 0.6551513241683595, 0.6141912804917966, 0.6545506552889564, 0.5865181104861124, 0.5874605752369441, 0.5914487865006802, 0.6167117901246065, 0.654753632974412, 0.6305061625959115, 0.6055319537148525, 0.6239778151857299, 0.6230107398755964, 0.6152498111023291, 0.5342641690100643, 0.6028313504533445, 0.630462438673164, 0.6213164554941601, 0.5474368962533762, 0.5601105558068741, 0.6130507358284156, 0.5802640698570734, 0.624109169863479, 0.6296398671568143, 0.6170006056892381, 0.6117833423514457, 0.5642845601882954, 0.5586994459489621, 0.5511870237275931, 0.6034411642453253, 0.6252340608589798, 0.6171334035247135, 0.6047397060029125, 0.627633884170066, 0.6051847537358602, 0.6231757623455889, 0.5105153401161222, 0.5984281719027934, 0.5982198371932227, 0.6166795282704043, 0.6068446543815097, 0.5684310668195729, 0.6193099860566011, 0.5795262197856668, 0.6074515148125825, 0.6073978651767323, 0.6205455410865045, 0.6188770326891503], "loss": [1.0206803195178509, 0.831297192722559, 0.772198274731636, 0.7636510953307152, 0.7224818952381611, 0.7059133760631084, 0.6819147765636444, 0.6732368357479572, 0.647786121815443, 0.6143181882798672, 0.6106281727552414, 0.566331660374999, 0.5993927158415318, 0.5899810343980789, 0.5530903749167919, 0.5651649832725525, 0.4996393285691738, 0.5316736586391926, 0.5055969525128603, 0.5127287544310093, 0.49381306394934654, 0.4717805925756693, 0.4524489548057318, 0.4267592318356037, 0.4535012673586607, 0.387085922062397, 0.4246272202581167, 0.38051492534577847, 0.42308308370411396, 0.40143741481006145, 0.36782933585345745, 0.3611703906208277, 0.3686142824590206, 0.4062674045562744, 0.3347776774317026, 0.30880877282470465, 0.34396202210336924, 0.3264818489551544, 0.3252133820205927, 0.2958915065973997, 0.28353801742196083, 0.3681646566838026, 0.29480249620974064, 0.2611743463203311, 0.2527462039142847, 0.25672730803489685, 0.24563805852085352, 0.3273115511983633, 0.2742515988647938, 0.2398774977773428, 0.2927312022075057, 0.2801248338073492, 0.23220493830740452, 0.2150184391066432, 0.25016816053539515, 0.21437668520957232, 0.3079824075102806, 0.2015533410012722, 0.19585094042122364, 0.23273867554962635, 0.21351007651537657], "f1_score_neu": [0.41841973061673343, 0.627520845271647, 0.6775330286473036, 0.6656970623880625, 0.697616670280695, 0.7144065443426371, 0.7136720940470695, 0.7315765917301178, 0.756638340651989, 0.7546738535165787, 0.7640145570039749, 0.7914703823626041, 0.7643619813024998, 0.7771102041006088, 0.7926486134529114, 0.7821079045534134, 0.8169385865330696, 0.7953013628721237, 0.81043566390872, 0.8165057525038719, 0.8152573183178902, 0.8204664811491966, 0.8386628404259682, 0.8448544852435589, 0.8244678098708391, 0.8665383905172348, 0.844951681792736, 0.8640487305819988, 0.8504304997622967, 0.8543806225061417, 0.8545199111104012, 0.8701424039900303, 0.8704271391034126, 0.8488332405686378, 0.8821304365992546, 0.8977220095694065, 0.8734227567911148, 0.8864279389381409, 0.887825358659029, 0.9022699072957039, 0.9057131260633469, 0.8664880506694317, 0.9011419378221035, 0.9127465263009071, 0.9144336581230164, 0.9154281876981258, 0.9209238067269325, 0.8856881558895111, 0.9071394354104996, 0.9185034222900867, 0.902167484164238, 0.9029877968132496, 0.9211867488920689, 0.9279505051672459, 0.9114638678729534, 0.9300340227782726, 0.8966345936059952, 0.9331476017832756, 0.9355358593165874, 0.9197611585259438, 0.9318938478827477], "f1_score_neg": [0.28692256240174174, 0.3759434362873435, 0.43311071768403053, 0.49653924629092216, 0.5203714203089476, 0.5342653319239616, 0.5577966496348381, 0.5472171939909458, 0.5815718211233616, 0.624195808544755, 0.6225252710282803, 0.6424898095428944, 0.6422716863453388, 0.6547022443264723, 0.6658902950584888, 0.6692595239728689, 0.7220081426203251, 0.7092921324074268, 0.6754305996000767, 0.7218334227800369, 0.7293704822659492, 0.7459407560527325, 0.7633800432085991, 0.7643937431275845, 0.7803898528218269, 0.800035897642374, 0.801060501486063, 0.7935879155993462, 0.7947154864668846, 0.7948607243597507, 0.8400884009897709, 0.8123614899814129, 0.8230938948690891, 0.80042964220047, 0.855201680213213, 0.8526067733764648, 0.8332904279232025, 0.8403842486441135, 0.83950050547719, 0.8538946993649006, 0.8619001060724258, 0.8553712889552116, 0.859234157949686, 0.8753736279904842, 0.8816242143511772, 0.8737365454435349, 0.8730987161397934, 0.8496555015444756, 0.863481916487217, 0.8852169364690781, 0.8776774667203426, 0.8571195416152477, 0.8956238031387329, 0.9035885222256184, 0.8740202710032463, 0.8921440206468105, 0.8621993288397789, 0.9126205258071423, 0.9043696410953999, 0.8976955525577068, 0.8982654511928558], "val_f1_score_neg": [0.31873072925715695, 0.23554821640698578, 0.49208972390292666, 0.2874331068967604, 0.5571403997544069, 0.5207636797487533, 0.3996947921935636, 0.5869496212742193, 0.5794060874916955, 0.6098894353867077, 0.5839701887662724, 0.47675397155824495, 0.5848692312129301, 0.5536188132457148, 0.5847539049166568, 0.5125204553886752, 0.5921450099418584, 0.47893173340390494, 0.46943837609811306, 0.5479881133177823, 0.5601874121742989, 0.5888663414516945, 0.55135354362946, 0.49196131960038214, 0.5640748998733008, 0.5399544529798554, 0.5302601762793991, 0.41682941298330983, 0.5209628109884424, 0.5628906417449503, 0.5232853143977394, 0.48595752535202735, 0.4243819066898547, 0.5174441857816915, 0.48181267349606827, 0.5423687119168807, 0.5549613090440604, 0.5428979638490095, 0.5235561073967518, 0.4913608441429754, 0.4804566071988903, 0.40188349549332036, 0.5110965515649322, 0.5481954207108961, 0.5353421467888114, 0.5430154384448714, 0.5584079758282443, 0.5217691308989977, 0.5545578838926646, 0.3803289692420019, 0.5042177715812366, 0.5119087374838762, 0.5272824628566338, 0.5289867852120583, 0.45553060050652217, 0.5375957341526175, 0.5038801130897068, 0.5102228821183702, 0.5192228009264331, 0.5561322622370476, 0.5584864907461047], "val_f1_score_neu": [0.6662279167357874, 0.691079050154002, 0.7000535324493357, 0.7036451384554127, 0.6542370073632121, 0.7168339318626358, 0.7183083662078852, 0.6951581846376494, 0.708764147639681, 0.7095730454315828, 0.6925265036040705, 0.7159537651580743, 0.7211448157236953, 0.7205796181577226, 0.7126186951045255, 0.7181235044108205, 0.6577170167949735, 0.7136872041078492, 0.6750491069990789, 0.7181599195035399, 0.7206781106204021, 0.6658401262438144, 0.6842578906979174, 0.6701332350399999, 0.7056447505138066, 0.6839926657231499, 0.7119010091922179, 0.7058203787182123, 0.7011885612992017, 0.6917209921938648, 0.6988675768313494, 0.7019818356710564, 0.7038041675712942, 0.7032830746287034, 0.7110858692792716, 0.6928051261022714, 0.6857932424126352, 0.7020098730988181, 0.6901165259938024, 0.7046884808864239, 0.7034612082916077, 0.6919473877517126, 0.6959207854557312, 0.6689793034672831, 0.6853659217388274, 0.6989503818923897, 0.682429126357582, 0.7003587820915734, 0.6804763728509948, 0.7005944602795232, 0.6753678108462192, 0.7075586023525775, 0.6479969669476351, 0.7030092641465032, 0.6917501539343647, 0.6353750414120504, 0.706238761399632, 0.6533463221661787, 0.6400939307592999, 0.7002601383584646, 0.6784298088242305],