{"1": {"val_f1_score_pos_neg": [0.5067149214221836, 0.5129188006079919, 0.5408233915480797, 0.545812871179148, 0.6428801477846435, 0.5094236734811947, 0.5673300690954826, 0.6163379158712328, 0.6494827331941396, 0.6470126042114666, 0.6441817445264787, 0.6120074006818956, 0.6395276779738306, 0.5454630190513905, 0.6356578901499986, 0.6171945927964088, 0.6082791834874257, 0.5998974665862633, 0.5483410745632483, 0.5981430343027162, 0.6196670543168931, 0.6083621455245589, 0.5907586290865723, 0.626819014674311, 0.6242116318579393, 0.5928150450123473, 0.5481629618158999, 0.5930933549027102, 0.59368989080261, 0.6224142687076225, 0.45467135884647386, 0.62401451340442, 0.6288506607198978, 0.5583582577072602, 0.5595989760969868, 0.6016028065897804, 0.5533781026468294, 0.6203381863285667, 0.5066072596923404, 0.6227187591995932, 0.6304685832664406, 0.6192826890832884, 0.5712595511820884, 0.6116145811554894, 0.6027144762027179, 0.5902147721093751, 0.5371876695385575, 0.6027990529582846, 0.6011372232512168, 0.562688791139089, 0.5566668965639544, 0.5590128680398513, 0.5659864980374738, 0.5731675280006483, 0.5999220249192032, 0.5258325378225133, 0.5559846516390845, 0.5940762926454841, 0.5771793951176609, 0.5603092176658476], "loss": [1.0549088750894253, 0.8552023023366928, 0.8259679434391168, 0.7532714249996039, 0.7318192422389984, 0.7057023759071643, 0.7761434717820241, 0.704910587805968, 0.6389283801500614, 0.6041418187893354, 0.6028524855008492, 0.5701002891247089, 0.5887819264943783, 0.5830226976137894, 0.5564607267196362, 0.5244491788057181, 0.5040457283075039, 0.505241972895769, 0.4833113906475214, 0.4501688801325284, 0.4910141034768178, 0.4465289574403029, 0.40519499664123243, 0.4035360675591689, 0.37054377736953586, 0.41055404165616405, 0.36603549867868423, 0.3689444712721385, 0.3345334461102119, 0.35072410794404835, 0.28177357665621316, 0.37467981989567095, 0.36643291494021046, 0.31883804901288104, 0.29001378124723065, 0.24784581649761933, 0.32809205238635725, 0.26705419873962033, 0.248018155590846, 0.3536677197195016, 0.25514280050992966, 0.2561900991086776, 0.31770584417077213, 0.20712244868851626, 0.20896747794288856, 0.3912619469830623, 0.23154563571398074, 0.20510034005229288, 0.20522479326106036, 0.19879280116695625, 0.2568129040300846, 0.2576968681353789, 0.20564124102775866, 0.18559367553545877, 0.16354433017281386, 0.16452296894903368, 0.16591025043565494, 0.21439648018433496, 0.29270979246267903, 0.22420636363900626], "f1_score_neu": [0.4079479401787886, 0.6114010679034086, 0.5957326527971488, 0.7109459879306647, 0.6911227095585603, 0.7192031236795279, 0.6284026029304817, 0.6480574167978305, 0.752634931069154, 0.7658409499205076, 0.7645702281823525, 0.7729574143886566, 0.778221423809345, 0.7543599433623828, 0.7801679934446628, 0.8032272160053253, 0.7978529104819665, 0.7894235734756176, 0.8142413806456786, 0.8341810370867069, 0.7992452715451901, 0.8245336058048102, 0.8463487957532589, 0.8524124542107949, 0.8709353770201023, 0.8492878606686225, 0.8703878384370071, 0.862471097936997, 0.8817535019837893, 0.8759293670837696, 0.900362572990931, 0.8508402636417975, 0.8629877074406698, 0.8906710182244961, 0.9002161346949064, 0.9175256536557124, 0.8786882207943842, 0.9149714192518821, 0.9132517473055766, 0.8736927383221113, 0.9166097423205009, 0.9178066895558283, 0.8827188886128939, 0.9303810504766611, 0.9347835859427085, 0.8604292445457898, 0.9227446764707565, 0.9304818247373288, 0.9277385507638638, 0.9362420863830127, 0.9175405743030401, 0.9109041438652918, 0.9342250835437041, 0.9416392732125062, 0.9487209629554015, 0.9500707800571735, 0.9427304371045186, 0.9290076356667739, 0.8964441544734515, 0.9211323387347735], "f1_score_neg": [0.20505320875403973, 0.37539616198493886, 0.40775298642424435, 0.4425418990162703, 0.46448121621058536, 0.48535173386335373, 0.4991266750372373, 0.5789004529897983, 0.5842074556992605, 0.6024344403010148, 0.6302864333757987, 0.6565134192888553, 0.6525093408731314, 0.656626052581347, 0.6444561905585803, 0.722501971400701, 0.7000867712956208, 0.7535269856452942, 0.7399401641809024, 0.7599840404895636, 0.7563409404112742, 0.7431074346487339, 0.8146242201328278, 0.8178662268015054, 0.8224639697716787, 0.7952123261415042, 0.8273674593521998, 0.8333079035465534, 0.8458139346196101, 0.8335906462027476, 0.8752185874260389, 0.8144692537876276, 0.8558627722355036, 0.8416599849095712, 0.8666613755317835, 0.8878180568034832, 0.8355683214389361, 0.8635933937934729, 0.9017017403474221, 0.8579686261140383, 0.8807662931772379, 0.886266868848067, 0.8549726330316983, 0.9094271636926211, 0.9051320140178387, 0.8775616872769135, 0.897939084814145, 0.9055548688540092, 0.912135281241857, 0.8966834717071973, 0.8764654065553958, 0.8952703728125646, 0.9078141771830045, 0.9186500551608893, 0.9270962969614909, 0.920606961617103, 0.9077343275913825, 0.9132576401417072, 0.8455138917152698, 0.9081991842159858], "val_f1_score_neg": [0.36233762391214447, 0.3583500264371251, 0.4195175965001756, 0.4050369320611706, 0.5748537891248128, 0.34904379901565846, 0.5213263573810368, 0.5203178860120126, 0.5816210256203121, 0.5677859404097696, 0.5635431142200987, 0.5782310689899386, 0.5620195613018709, 0.3881002069691989, 0.5629873302956437, 0.5326047883770331, 0.5506065564927172, 0.5013486114568733, 0.45459996263498775, 0.5487154418484858, 0.5530161466024506, 0.5312349110755775, 0.4916636375204772, 0.5415526381353053, 0.5431834124468331, 0.5264074601371739, 0.395286324633534, 0.4933869282216998, 0.5194272365965245, 0.5461471342302638, 0.37730258804839517, 0.5543900470923727, 0.5532601724732682, 0.514753924973393, 0.42698313432230023, 0.5085720224796928, 0.44408140110119165, 0.5480121501843322, 0.4796630947210956, 0.5432799651714688, 0.564883555573114, 0.54852635234227, 0.4656046816769967, 0.5405697724558443, 0.5249399839034081, 0.49315542264025947, 0.4911875253957993, 0.5238857875650648, 0.49914120813382756, 0.48396329673575256, 0.43633273977824405, 0.4488731833570997, 0.46817711454472016, 0.49892237880178053, 0.5024516157456155, 0.42390323439483535, 0.4810886502797417, 0.5157053462482956, 0.46428859779411435, 0.45433672518515067], "val_f1_score_neu": [0.6410824307424954, 0.6550540278003562, 0.6983082750448242, 0.5457440868406949, 0.6168465730933232, 0.7021778833512837, 0.006200165976080218, 0.7062039693571781, 0.7052496921631598, 0.6705106056458738, 0.6499097236741599, 0.7147321132202958, 0.6283987237967564, 0.7006729178281085, 0.6212321837493012, 0.7079181955800481, 0.29056093253052645, 0.7132432539569966, 0.7038049317081551, 0.7178534869443641, 0.713770651939251, 0.5335543308863326, 0.6991629801395526, 0.6801346582032051, 0.5967078029781134, 0.7032302156415099, 0.67843000398919, 0.7024933173216893, 0.6925817313795792, 0.684304318010979, 0.6845447816718697, 0.6796245755969211, 0.5961811921585898, 0.6975471476791976, 0.6983131160268375, 0.6845557630734277, 0.6962486701845779, 0.6421561101400224, 0.6881870404804219, 0.6896625169612215, 0.6811717739888072, 0.5971435085232102, 0.697188908960636, 0.6360607478145286, 0.6754891954004811, 0.6767749810293845, 0.6915672926367533, 0.6942603789131191, 0.6858033800950489, 0.6936260081638103, 0.6929232066083448, 0.6940177903536765, 0.6984523561974382, 0.681637654240726, 0.6643573113104317, 0.6926099619557781, 0.6864028907560032, 0.43309405419478225, 0.6471690808791924, 0.6843365331725314],