{"val_f1_score": [0.5478472632277585, 0.599752240940057, 0.6500653922948629, 0.640817516187092, 0.6879357942720739, 0.6416555452059174, 0.6610308458196689, 0.6199706280259614, 0.6128594834536291, 0.5981437899826895, 0.6217701073209351, 0.645900945071939, 0.6963901264505564, 0.6581229058082354, 0.6933596695998258, 0.6702734465177622, 0.4727292778905908, 0.7019974851183087, 0.6801469406992815, 0.6541892893508823, 0.6528602194010726, 0.6804064116139066, 0.6713592883266866, 0.6659533369112852, 0.6732691490459467, 0.5610019236513863, 0.6279979557338238, 0.5933655199653172, 0.6842793143392704, 0.676326163165875, 0.6690221736820671, 0.637313887840364, 0.6819419255257904, 0.6355406126261945, 0.6742446234055526, 0.6584644166622267, 0.6741469642042395, 0.6569771569074685, 0.6138964297106783, 0.6598847195947699, 0.6626453364486304, 0.5548245305624842, 0.643680461679204, 0.6542093340505805, 0.5062571253765296, 0.6691973285352405, 0.678049889943933, 0.6317554648829794, 0.6635079863282161, 0.6554283067181514, 0.6654868653650331, 0.6007799950760242, 0.6666190577184876, 0.6590585213241507, 0.6316050694053204, 0.5760691974877749, 0.646413457415531, 0.650572402112102, 0.6547989274865837, 0.6480080994320391, 0.6259788228181788, 0.6555548655120775, 0.645330207462921, 0.6292809239998284, 0.6050326017891988, 0.6592080976873629, 0.6547349616513927, 0.6387416381020574, 0.6496232071011641], "val_f1_score_neu": [0.6531283581879018, 0.7025122247653904, 0.7169250220943554, 0.7224276449434595, 0.714556490987297, 0.7234624220009961, 0.6308059720364012, 0.7160120624868132, 0.7205682903989357, 0.7177388187690322, 0.7229353358918778, 0.725748546740029, 0.7318712026623332, 0.731473844491557, 0.7336881420070219, 0.735411697802755, 0.6725206094684796, 0.7264150408600498, 0.7245605371613031, 0.7283283910537498, 0.7325824428630131, 0.6972628742761259, 0.723236544533036, 0.7333831152920957, 0.6884894659285967, 0.6976350623417676, 0.7234182631034661, 0.7116826454735853, 0.7285620804193168, 0.7038504523521891, 0.7323363045992077, 0.721773708316869, 0.7077666354904705, 0.7186483329529841, 0.6959959191660727, 0.7211829744359498, 0.6706760262148668, 0.6961629617692541, 0.7092377461850596, 0.686508533243679, 0.7123693583082283, 0.7005235359420496, 0.7214769399325554, 0.7213509892685783, 0.6683430835983742, 0.7038598609133214, 0.7191831651491785, 0.7120055118915198, 0.7144908753086693, 0.7180875071602608, 0.7061240089055343, 0.7082816322050537, 0.7077676057346594, 0.7140387525372138, 0.7125096815857336, 0.7070178389080297, 0.7171690292380909, 0.7127662329357376, 0.6674096660916649, 0.722485884621548, 0.7148846480873292, 0.7128306672762549, 0.6609655928961912, 0.7090166085916274, 0.71382614140932, 0.7083461785016334, 0.7079310579903946, 0.7065760006343103, 0.7205526639619213], "f1_score_pos": [0.5763159684009023, 0.6692003558079401, 0.6922112570868598, 0.7050381584299935, 0.7300015820397271, 0.730162785285049, 0.7466530220376121, 0.7572309035393927, 0.7653405053748025, 0.7552221905854013, 0.762257844209671, 0.7989385740624534, 0.7598405943976508, 0.8080786458320088, 0.8015931637750732, 0.796576563682821, 0.821640417807632, 0.819945844511191, 0.8054371707969241, 0.8354353879888853, 0.8226509665449461, 0.8472708869311545, 0.8361515560083919, 0.8534389808773994, 0.8403041975365745, 0.8714483976364136, 0.8547781374719408, 0.8682950701978471, 0.8411831011374792, 0.9074496767587132, 0.8858762722876337, 0.8988028334246742, 0.8669269995556937, 0.9131895908051066, 0.8814484021729894, 0.9170743525028229, 0.9129845740066634, 0.9029945209622383, 0.9366379347112443, 0.8987573310732841, 0.927867646018664, 0.9271272073189417, 0.9270851910114288, 0.9313028562400076, 0.918822656903002, 0.9173957879344622, 0.9351409276326498, 0.9319471882449256, 0.9486054728428522, 0.9390826846162478, 0.951487643023332, 0.9529895062247912, 0.9523118105199602, 0.9156962600019243, 0.9545114214221636, 0.961590051651001, 0.9565665009948943, 0.9602893574370278, 0.9451546644171079, 0.9576718194617165, 0.9650456342432234, 0.9395619771546788, 0.9647017725639873, 0.9467822288473448, 0.9693749969204267, 0.9519872085915672, 0.9639094562994109, 0.9527800174223052, 0.9567979532811377], "f1_score_pos_neg": [0.43744415665666264, 0.5672197482652135, 0.6100601479411125, 0.636746975282828, 0.6677150254448255, 0.6746219437983301, 0.6884559699230723, 0.7098978302545018, 0.7062820105089082, 0.7109918263223436, 0.7209916661183039, 0.756044267780251, 0.7211635294887755, 0.7635419658488698, 0.777871322300699, 0.7822683428724607, 0.7923025348120265, 0.7802034707532989, 0.7946751117706299, 0.81741444600953, 0.8154415231611993, 0.8303684807486005, 0.8267374013861021, 0.8353361793690257, 0.8428302084406217, 0.864750838941998, 0.8456273103753725, 0.8601384767227702, 0.8353128615352843, 0.8918910688824124, 0.8881436660885811, 0.892188606162866, 0.867899878985352, 0.9021685305568907, 0.8805183875891898, 0.9148797127935622, 0.8980013695028093, 0.9073784069882499, 0.9238303601741791, 0.8979388889339235, 0.9267498163713349, 0.918744166692098, 0.9278318790925874, 0.9282497564951578, 0.9266322760118378, 0.9248975267012914, 0.924974237051275, 0.9336986003650559, 0.9454328293601671, 0.9411135862270991, 0.943617958161566, 0.9516975051826901, 0.9446524985962443, 0.9168908869226774, 0.9401755606134733, 0.950957155889935, 0.9497030832701259, 0.9541666242811415, 0.9444761855734719, 0.952305658823914, 0.9587660042776002, 0.9388457975453801, 0.9595208524001969, 0.9505380872223113, 0.9560003636611832, 0.949051053987609, 0.9546250394648976, 0.9517556627591451, 0.949957460992866], "val_acc": [0.635457634675731, 0.6430632079519877, 0.687385265013692, 0.6868607347604955, 0.7109887205081883, 0.6892210902456158, 0.6755835339993652, 0.6664044055262169, 0.6745344945648477, 0.6656176275447883, 0.6876475199482556, 0.6774193447560987, 0.7157094212238663, 0.686598473917053, 0.7086283704629883, 0.7081038402097919, 0.5801206462001225, 0.7154471410749592, 0.7115132345197834, 0.6973511690922118, 0.6902701279137224, 0.7012850756473876, 0.7039076804864635, 0.6949908196566582, 0.6944662989858502, 0.6252294806336094, 0.6779438828252727, 0.6546026678526774, 0.7078415901055025, 0.699186988274569, 0.698137946932953, 0.672960929629248, 0.703383159956343, 0.6894833493226474, 0.690270129758293, 0.6957775974973993, 0.6865984786691673, 0.6876475192604495, 0.6517178218038946, 0.6860739579983592, 0.6921059447200224, 0.6396538190037567, 0.6860739586080056, 0.6868607323062785, 0.5704169982754587, 0.6960398638432901, 0.6994492588410877, 0.6787306571331919, 0.6921059549120571, 0.6865984822019892, 0.6900078723695127, 0.6569630196642882, 0.6905323774083656, 0.6768948379508348, 0.6800419610846615, 0.6614214480470366, 0.6845004076161099, 0.6805664811458233, 0.6740099715179826, 0.6837136048892962, 0.6711251050069705, 0.686073941756758, 0.6740099647806099, 0.6810909946103, 0.671387361707945, 0.6873852728296695, 0.6842381364399449, 0.6810910031140835, 0.6839758634973692],