{"val_f1_score_pos_neg": [0.10497319085663415, 0.29479634083448847, 0.3427773767690963, 0.3465118350421744, 0.42708341601031136, 0.4679259777176343, 0.33704877787219795, 0.3346070101467061, 0.4898882472348867, 0.4657647553404011, 0.37703926394074766, 0.39819209043688997, 0.49028468788930335, 0.44424503532230347, 0.2952686078608492, 0.5277666328621511, 0.4595583418013006, 0.5297842692588827, 0.29738330345029396, 0.39604536019302516, 0.39654919010424905, 0.4495804655460747, 0.5035974622389459, 0.4390308663376376, 0.4387078878582462, 0.46544648129769506, 0.45842889880361826, 0.480866380200105, 0.34983770079404664, 0.403756929982958, 0.4144411353152237, 0.4852676442009449, 0.5284486217805516, 0.5096599356419216, 0.2865084716182971, 0.4473230748684944, 0.37357347954300896, 0.47159020980091926, 0.3766307895026977, 0.456250246156726, 0.40703339710516595, 0.4816365832152047, 0.5251994765239206, 0.41479691657942797, 0.5250101308805472, 0.435385564131829, 0.3249258166409483, 0.3843830242196665, 0.4639486703875898, 0.3307626239094067, 0.43217917347726553, 0.4594254834234741, 0.3421977151367936, 0.29222223866484587, 0.434165424502652, 0.43357503546876947, 0.2938102609098789, 0.4710353164323214, 0.4131029147153709, 0.4400281448837234, 0.4964362422571598, 0.40808091625350046, 0.48084209786306564, 0.40686506557132124, 0.48219270133457365, 0.49304348337612763, 0.4304783686667051, 0.49869636804522344, 0.45686567143390056], "loss": [1.1783194081349806, 0.9248177422718569, 0.9059450707652352, 0.8775968700647354, 0.8409917219118639, 0.8439185876737941, 0.8118465326049111, 0.7701639505949888, 0.7814602215181697, 0.7765109037811105, 0.7419390326196497, 0.722922524267977, 0.732403963804245, 0.7014194401827726, 0.7006306715986945, 0.6625484512610869, 0.6747328706763007, 0.6474988894029097, 0.6251721598885276, 0.6209768056869507, 0.5881580886515704, 0.5917713303457607, 0.5840117782354355, 0.5944317098368298, 0.5396034737879579, 0.5532092777165499, 0.5400548082861033, 0.5086297060955655, 0.4999627708034082, 0.5115958811207251, 0.5144354016943411, 0.47160505097020755, 0.4242060909217054, 0.4504429657350887, 0.40020794760097156, 0.37575386464595795, 0.42194743386723776, 0.4078700826926665, 0.40659879825331946, 0.3003564571792429, 0.38354197957298974, 0.3754567788405852, 0.27033170583573257, 0.3507458506660028, 0.33420211144469003, 0.2775673354891213, 0.24261027472940358, 0.2628978673707355, 0.20891979777000166, 0.3830636069178581, 0.21141649918122726, 0.24606375260786575, 0.22061907364563507, 0.2096239538355307, 0.30063920332626864, 0.15226914530450647, 0.18220678852363068, 0.2791627161204815, 0.14327547563747925, 0.1552523330531337, 0.24219974198124625, 0.17346572029319676, 0.13555313883857292, 0.11427763290703297, 0.18570208718830888, 0.1341064064340158, 0.12911837835880843, 0.13186657005413013, 0.2548759098757397], "f1_score_neu": [0.400326258524067, 0.6950351663611152, 0.6863986456936056, 0.7004980011419817, 0.7025415003299713, 0.70775621723045, 0.7070063718340613, 0.7245244532823563, 0.7106484567577188, 0.7171016931533813, 0.7200811031189832, 0.7267250987616453, 0.7414625314148989, 0.7248757630586624, 0.7251452478495511, 0.7650227627970956, 0.733791549097408, 0.7631635002114556, 0.7608923288908872, 0.7737182893536307, 0.7906207550655712, 0.7647521400993521, 0.7843326248905875, 0.7778922102668069, 0.8006848801266063, 0.8035834431648254, 0.8022276528856971, 0.8173217231577093, 0.8142736770889976, 0.8124047653241591, 0.822822554544969, 0.8117747659032996, 0.8513532457026568, 0.8342316340316426, 0.8612565885890614, 0.8733634461056102, 0.854149966077371, 0.8575591444969177, 0.852794579484246, 0.9024540362032977, 0.8734986822713505, 0.8692170489918102, 0.9204571653496135, 0.8786078217354688, 0.884166491302577, 0.9079014198346571, 0.9280317656018517, 0.9122411527416923, 0.9322232129898939, 0.8586669469421561, 0.9388385984030637, 0.9219627691940828, 0.9302392696792429, 0.937943000685085, 0.8955235237425024, 0.9587518667632883, 0.9441924691200256, 0.9030813046477058, 0.9603443254124034, 0.9555968940258026, 0.9155720689079978, 0.9490540420467203, 0.9630143696611578, 0.968195606361736, 0.9482561106031592, 0.9600874023004011, 0.9638456932523034, 0.9608162478967146, 0.914937595074827], "f1_score_neg": [0.28892377272925596, 0.3343734009699388, 0.41351574659347534, 0.3878383653407747, 0.4984838535839861, 0.500752214003693, 0.5220287841829386, 0.5847592949867249, 0.5944025177847255, 0.5774844735860825, 0.5938870947469365, 0.6103829822757028, 0.6107541607184843, 0.6312360702590509, 0.6082066568461332, 0.6410162523388863, 0.6658825969154184, 0.6751352033831857, 0.680937494743954, 0.6449754603884437, 0.6878946274518967, 0.7106953249736265, 0.7464735535058108, 0.6696147850968621, 0.7748067080974579, 0.6998323066668077, 0.7492205473509702, 0.7400378313931552, 0.7302657501264052, 0.7523689283566042, 0.7785054729743437, 0.74628711220893, 0.7958346483382311, 0.7434686652638696, 0.8305199349468405, 0.8451934158802032, 0.774654892357913, 0.8021376620639454, 0.7623265954581174, 0.8719017898494547, 0.8713843063874678, 0.7808851030739871, 0.8928723985498602, 0.8202567953955043, 0.8314502564343539, 0.8789646097204902, 0.9066162718967958, 0.8736767064441334, 0.9005000577731566, 0.7941096872091293, 0.918756746432998, 0.9041732915423133, 0.930546066977761, 0.9213715900074352, 0.829429726709019, 0.9460433762181889, 0.919487405907024, 0.8430011353709481, 0.9442395215684717, 0.9417418038303201, 0.8819151249798861, 0.92795737629587, 0.9483311853625558, 0.9567605338313363, 0.9444311112165451, 0.9470698101954027, 0.9489604315974496, 0.9425051605159586, 0.8514192822304639], "val_f1_score_neg": [0.16836486847294488, 0.4825480629933401, 0.41806101766835985, 0.5512429844995259, 0.5898958784580445, 0.5929937321111205, 0.32891020504569235, 0.5590386446188336, 0.5824293212154884, 0.5570282926979871, 0.3815113361145642, 0.5365735789542256, 0.606175788742328, 0.6217527949911916, 0.18454360797015923, 0.6124553710450152, 0.5974130873684405, 0.6259964310634903, 0.22867671115088453, 0.3967494116245601, 0.400351354011908, 0.5645615865773463, 0.5599210675482379, 0.5759774213485014, 0.46726682347807325, 0.6281004522332617, 0.587978567886181, 0.6271438889014416, 0.4662749701076084, 0.47973484870715016, 0.4556458677143006, 0.6208715450372236, 0.6197447377821372, 0.6250677388957423, 0.49672479448262713, 0.589975465754373, 0.37243312507452214, 0.5035966335520571, 0.5762809224081533, 0.5705337389278026, 0.41610905816305127, 0.6012538102796042, 0.6128239038019527, 0.4337539688134805, 0.6249987692431829, 0.44261527310820564, 0.5726312031308327, 0.3752985502678266, 0.6189694861758683, 0.5250073366212351, 0.5791046228217906, 0.5456685620656273, 0.5497892858260288, 0.24910889112139628, 0.5027896509318538, 0.5326134595874189, 0.24583245628838918, 0.5154140213830376, 0.4611386068490406, 0.4763891651080205, 0.5913195872274648, 0.5134306848987609, 0.5726410842027634, 0.5488397754691927, 0.5772810039142741, 0.5802788427430555, 0.4967884663333241, 0.6099930532172732, 0.5248554334466756],