{"1": {"f1_score_pos_neg": [0.5161948737184816, 0.600581627843104, 0.5322120507502767, 0.63041946562098, 0.6461749544868576, 0.626554156668737, 0.7058153927243072, 0.6936721576750972, 0.6858435326096958, 0.7386865553496772, 0.7191118069550759, 0.7943263375055286, 0.7100143140551657, 0.7894999839050278, 0.768965879466466, 0.7925004377469302, 0.8069506854802606, 0.8266447186747133, 0.8532975039776953, 0.8200224935869902, 0.8421931890264216, 0.887227091108683, 0.8534450657918585, 0.889533584863848, 0.9099681756486454, 0.9111980478578476, 0.8566384917910517, 0.94325647576916, 0.9247706572658125, 0.879955465878957, 0.8881920026879375, 0.9370803255250099, 0.9532647847242546, 0.9467629117502384, 0.9543888901400599, 0.9630974372117146, 0.9662351926389487, 0.9552398573127473, 0.968743811896212, 0.9829138670894281, 0.9726328437464673, 0.9627953526143527, 0.9756810856885214, 0.9660454510201526, 0.9818480813409051, 0.962260372746218, 0.979305596032402, 0.9712935911672496, 0.9845501906591368, 0.9813151378678145, 0.9772482437901251, 0.9813693562312106, 0.9780377356300017, 0.9851021335491853, 0.9864071250682318, 0.9865968568776164, 0.9854598281440043, 0.9833568759653969, 0.9890744365242569, 0.9913606240216215], "val_f1_score": [0.3764339328034186, 0.4544820281602373, 0.3681396742661794, 0.45405104273524366, 0.4110895114460027, 0.4574005883499231, 0.4323617098939707, 0.4269362442764268, 0.5128808266845717, 0.38716553015637883, 0.47338259797300486, 0.46138111728085707, 0.5484423874920751, 0.4711878493955459, 0.4786464139069925, 0.52292068843735, 0.4539868918211101, 0.46539665322951984, 0.521842611901587, 0.4920751729935019, 0.4917320385991528, 0.41852739669757183, 0.5390344593999994, 0.5540971813699165, 0.51101937429421, 0.44740011982855626, 0.5169339702782019, 0.474383686896365, 0.49629540905162167, 0.49958349228793236, 0.49621148859766384, 0.5201671201201569, 0.48822093920112763, 0.5033476741176299, 0.5009748310794155, 0.5401672137072189, 0.5451379844596266, 0.5146481034032016, 0.5191767105843101, 0.5224540898475789, 0.47505891134397055, 0.5142663918726937, 0.5147809964540506, 0.49122399424707425, 0.535021252583303, 0.5229495792637546, 0.5105498631795248, 0.5098096308761468, 0.5095358069715553, 0.5223893206878747, 0.5104158985215193, 0.4653135211774091, 0.5476541191727977, 0.5115772122777374, 0.5033430336129954, 0.48577637778980104, 0.5190513499733234, 0.4973241294451488, 0.5040629724772505, 0.5140831218529458], "val_f1_score_neg": [0.6853939946359319, 0.7779407201532546, 0.582571551675459, 0.7856012165435422, 0.6830520713129523, 0.7809478822589142, 0.7009913489583263, 0.7176821479362261, 0.7936576790205815, 0.6050164117937425, 0.7423186789455805, 0.791832019052914, 0.7973508747152332, 0.7849781548732708, 0.7467575669288635, 0.8004379996152341, 0.7813731479689173, 0.7858364285703477, 0.7979537641535924, 0.6713916871356786, 0.762803378828855, 0.4517559971889304, 0.7895199062659976, 0.7649234446733357, 0.7247360581792267, 0.7733140572267315, 0.7693286057513076, 0.7468384767377843, 0.7936341799171277, 0.6512898109034675, 0.7669567237131201, 0.7329326778150803, 0.7283399724427548, 0.7761452181379223, 0.7404306444375874, 0.7703118226603645, 0.7650721395037916, 0.7285193712129717, 0.7486889131464328, 0.7709921526287299, 0.6832888429391317, 0.7332361223977372, 0.7549576086704958, 0.783693636262883, 0.7711230654068277, 0.7737941586549499, 0.7408875862979356, 0.7707426731146914, 0.7550074131795148, 0.7665029037154143, 0.7342088879597698, 0.7785101965818991, 0.7739350026546243, 0.6908815024729326, 0.7557358287788192, 0.7281498197514695, 0.7640124318541983, 0.7871242887036982, 0.7532661402913667, 0.7722664350015935], "f1_score": [0.3441299211280615, 0.41205486759148546, 0.39053778441104153, 0.47548070674660814, 0.5132005300869891, 0.46521452356083126, 0.5755404607743122, 0.5431280821381697, 0.5383529795817805, 0.6190632855071959, 0.6115280580431958, 0.6691494847053375, 0.6213905759491737, 0.6865063347632472, 0.6489428151546107, 0.7097584845741535, 0.7256313548538087, 0.6721544377142082, 0.7590319829339596, 0.7079106358138421, 0.7553736791395687, 0.8222621526068612, 0.7896098215487989, 0.8221926513188166, 0.8286763484785026, 0.8740897717336231, 0.7590299293308799, 0.9069041634426179, 0.8718229186972702, 0.8415350601707486, 0.8103445803825382, 0.906983062230061, 0.9425510358721753, 0.9307034921224923, 0.9352376257081965, 0.9519803180965032, 0.9538743224658284, 0.938749433422798, 0.9648723356505429, 0.9775013947198692, 0.965538079907095, 0.9486519197761486, 0.9688239744905537, 0.947642776368663, 0.9745669225546882, 0.9428245064160371, 0.9660910087261351, 0.9655121102104737, 0.9819334885620727, 0.9783628888597936, 0.968887744699174, 0.9736513649236873, 0.9693916785556291, 0.9831006782989289, 0.9820456293392935, 0.9837948440784967, 0.9848805204317881, 0.9817903927734761, 0.9844340015599363, 0.9906411009131892], "val_f1_score_pos_neg": [0.5646508853306762, 0.6132598791264511, 0.5522095103725597, 0.6810765481749949, 0.6166342512411335, 0.6861008825248847, 0.6327611924993704, 0.6404043504867696, 0.6861710386347283, 0.5649669377941438, 0.6580801387516924, 0.6543805350582471, 0.680826169596482, 0.6833446879404661, 0.6571082544948358, 0.6577783421209182, 0.6809803238572133, 0.675175369118845, 0.6360449218217221, 0.6090167543297595, 0.6789231961887864, 0.47557581908432023, 0.6363690295698923, 0.6624964806398644, 0.6402005765247167, 0.6286707011015056, 0.6784617688846766, 0.6542612240967138, 0.6082051546214013, 0.5888844476509805, 0.6668291140757016, 0.6334811480129675, 0.636696309461718, 0.6800574603693446, 0.6435259452967227, 0.6465570835649856, 0.6466235401910111, 0.6301040272028975, 0.6522456036821646, 0.664493388414827, 0.6022270756948815, 0.6381740861986824, 0.654935774745444, 0.6724059772669048, 0.638265235242009, 0.6470572197015503, 0.6391840238588926, 0.6690793032974727, 0.6606584196872107, 0.6387080340412076, 0.6312702699968491, 0.6827063591564612, 0.6619380610393191, 0.6106574660794917, 0.6542489031395655, 0.6316681119094791, 0.6591894482323133, 0.6536851823884904, 0.6551539135378832, 0.6682429020631246], "f1_score_pos": [0.5761747674463185, 0.5650696345730085, 0.49502897808464225, 0.6164502823203178, 0.6280866172744861, 0.58120895135907, 0.6960668852305978, 0.6953161845701564, 0.6364852257353492, 0.7373667715428209, 0.7061330595442108, 0.776138837921625, 0.6741450606862205, 0.7636307710716748, 0.7852200307107869, 0.7765279393980858, 0.7715124579320559, 0.8448753876499884, 0.8374063633642104, 0.7795218667946323, 0.8547807819950808, 0.889084090775304, 0.8649402306225066, 0.8650365141811397, 0.8969085335121882, 0.899697951165425, 0.8964447279632618, 0.940579777703846, 0.9080595199255985, 0.8437878631924762, 0.9134209249142656, 0.933353406171475, 0.9492097171114412, 0.9371287461105251, 0.949303859918409, 0.9559706168527218, 0.9656007260790762, 0.9498085371841668, 0.965805735271069, 0.9807417594738086, 0.9721837702710814, 0.9657808512878773, 0.9745450047546628, 0.9683305039787116, 0.9807154059631776, 0.9477443610552243, 0.9732901331215668, 0.9688812462688323, 0.9828053485066988, 0.9760914142882198, 0.9751193465215557, 0.9797947539500667, 0.9796150441171956, 0.9837495459339775, 0.9859601688739701, 0.9852778924891473, 0.9822981452066252, 0.9803313761187509, 0.9873135002032927, 0.990225724983304],