{"1": {"f1_score_neg": [0.2374587326564572, 0.287375038320368, 0.4380167417905547, 0.4539514786817811, 0.5476473095742139, 0.5487335425886241, 0.6021999242630872, 0.6373201527378776, 0.6186630062081597, 0.6409613774581389, 0.6423457725481554, 0.6649607690897855, 0.6617623445662585, 0.7045631977644834, 0.7203088375655088, 0.7234784933653745, 0.742133687842976, 0.7521280876614831, 0.7447803467512131, 0.7497680024667219, 0.8188338022340428, 0.7347016090696509, 0.8146626082333651, 0.8321736793626439, 0.7762655114585703, 0.8451712700453672, 0.8623298393054442, 0.8594656925309788, 0.8242179697210138, 0.8448752435770902, 0.8903309431943026, 0.8843735036524859, 0.8661839271133597, 0.9109103896401145, 0.8995510285550897, 0.8963827653364702, 0.8903845440257679, 0.9186290502548218, 0.9235039515928789, 0.9156113835898313, 0.9090882783586328, 0.8712298639795997, 0.9342343292453072, 0.9305759925733913, 0.9053949307311665, 0.942014142870903, 0.8888935067436912, 0.9478073675524105, 0.9418978514996442, 0.9395924522118135, 0.9362963180650364, 0.9454994391311299, 0.9489125203002583, 0.9319879141720858, 0.9511658887971531, 0.9450325708497654, 0.9158753332766619, 0.9354120587760751, 0.9523976661942222, 0.9522625180807981, 0.9583218138326298, 0.9608019658110358], "val_acc": [0.6031995844784729, 0.6247049683884252, 0.6753212760790983, 0.6661421445420869, 0.6608969292833272, 0.6178861695764073, 0.6868607390436512, 0.6910569064422696, 0.6944662989858502, 0.6338840830741891, 0.6905323828482859, 0.7065302861540329, 0.6105428890953094, 0.6511932928481503, 0.6640440645162871, 0.707317071341793, 0.7164961937653747, 0.6792551941237611, 0.6889588088774162, 0.7102019479666799, 0.7199055880753662, 0.7172829752796253, 0.6852871639160169, 0.6761080540605271, 0.6957776004831028, 0.6934172523450014, 0.707579335170939, 0.6766325819376664, 0.7060057732992024, 0.6341463325688322, 0.6968266412150725, 0.693679527053988, 0.7057435087822505, 0.7088906457816213, 0.6433254784403465, 0.7078415937008521, 0.6569630227281514, 0.6747967518754685, 0.6942040325617996, 0.6991869996233684, 0.6656176173527535, 0.6876475138205291, 0.6726986621265927, 0.696039850665552, 0.6963021265938312, 0.6286388628444677, 0.6970889122505498, 0.6884342972418782, 0.6860739477281648, 0.6907946605429761, 0.667453440599419, 0.6590611022068327, 0.6805664823651157, 0.686598479138126, 0.6905323815508336, 0.6700760594447266, 0.6365066975581811, 0.6742722341903639, 0.6490951957522556, 0.6805664793794123, 0.6608969279858748, 0.6850249215495452], "acc": [0.5013636289672418, 0.6572727195241235, 0.6956818212162365, 0.6895454593680121, 0.7136363563212481, 0.7388636415654962, 0.7338636436245658, 0.7622727291150526, 0.7300000123002313, 0.7679545486515219, 0.7797727259722623, 0.7754545387896624, 0.7722727277062156, 0.7893181781877171, 0.8009090884165331, 0.79409090497277, 0.8068181818181818, 0.8304545486515219, 0.8231818174773996, 0.7906818200241436, 0.8590909215536985, 0.8215909031304446, 0.856136368079619, 0.8461363559419458, 0.822499995881861, 0.8511363538828763, 0.8884090997956016, 0.8709090961651369, 0.8911363658579913, 0.8609090867367658, 0.8897727158936587, 0.9043181809512052, 0.8879545371640812, 0.9215909174897454, 0.9190909090367231, 0.9270454509691759, 0.8711363632570613, 0.9354545501145449, 0.9329545484347777, 0.8920454545454546, 0.9393181841481816, 0.9299999881874431, 0.9397727291692387, 0.9338636249303818, 0.9436363632028754, 0.94431817937981, 0.8997727253220298, 0.9586363597349687, 0.9524999911134894, 0.9375000054186041, 0.9352272613482042, 0.9474999904632568, 0.9645454544912685, 0.9579545449126851, 0.9527272663333199, 0.9550000022758137, 0.9415909038348631, 0.9352272721854124, 0.9609090875495564, 0.9468181661584161, 0.9586363516070626, 0.9672727327455174], "f1_score_pos": [0.5740974586118351, 0.6609628146344965, 0.6995307139374993, 0.6874746219678358, 0.7071195190603082, 0.7444336007941853, 0.7202308855273507, 0.7568675699559125, 0.7202951122413982, 0.7666701430624182, 0.7824800502170216, 0.7726808068427172, 0.7586862702261318, 0.7978289682756771, 0.7955905483527617, 0.7792659523812208, 0.7949896278706464, 0.8287819569761102, 0.8199617618864233, 0.7698770287362012, 0.8537043184041977, 0.8298148878596046, 0.8459544493393465, 0.8322753283110532, 0.8167520612478256, 0.8328573378649625, 0.8821046636863188, 0.8594166311350736, 0.8921458003195849, 0.8529762855984948, 0.8702136955477975, 0.8955322206020355, 0.8785923570394516, 0.9138506325808439, 0.9128739617087624, 0.9290919127789411, 0.8520088168707761, 0.9321897436272014, 0.9258611066774889, 0.8685538795861331, 0.9386338957331397, 0.939923270182176, 0.9337244060906497, 0.926143623211167, 0.9493929025801745, 0.9404307928952303, 0.8953216346827421, 0.9575297399000688, 0.9476863552223552, 0.9277238886464726, 0.9244369539347562, 0.9395551153204658, 0.9646774557503787, 0.9603677405552431, 0.9482554170218381, 0.9491371376947924, 0.9449595538052645, 0.9251358387145129, 0.9608801047910344, 0.9369294765320691, 0.9540906643325632, 0.9644037607041273], "f1_score_pos_neg": [0.4057780944488265, 0.47416892783208325, 0.5687737295573408, 0.5707130405035886, 0.6273834271864458, 0.6465835801579736, 0.6612154015085914, 0.6970938579602675, 0.6694790599021044, 0.7038157595829531, 0.7124129140918906, 0.7188207872889258, 0.7102243033322421, 0.7511960836974058, 0.7579496936364607, 0.7513722262599252, 0.7685616476969286, 0.7904550257054243, 0.7823710509321906, 0.7598225027322769, 0.8362690670923754, 0.7822582450780001, 0.8303085186264731, 0.8322244936769659, 0.7965087998997081, 0.8390143107284199, 0.8722172514958815, 0.8594411516731436, 0.8581818843429739, 0.8489257774569772, 0.8802723288536072, 0.8899528587406332, 0.8723881380124525, 0.9123805084011771, 0.9062125019051812, 0.9127373519268903, 0.8711966641924598, 0.9254094131968238, 0.9246825196526267, 0.8920826342972842, 0.9238610795953057, 0.9055765636942603, 0.9339793608947233, 0.9283598119562323, 0.9273939227516, 0.941222450949929, 0.8921075734225187, 0.9526685571128671, 0.9447921026836742, 0.93365816636519, 0.9303666366772219, 0.9425272779031233, 0.9567949975078757, 0.9461778375235471, 0.949710642749613, 0.9470848603682085, 0.9304174333810806, 0.930273944681341, 0.9566388888792559, 0.9445960074663162, 0.9562062323093414, 0.9626028700308367], "val_f1_score_neg": [0.18967533362074346, 0.3211440062064872, 0.48215621812212917, 0.5688222820853237, 0.41163797617552633, 0.44041030898733213, 0.4268854828588049, 0.5095787027080385, 0.4312820705159455, 0.23329448717146323, 0.6497004009624995, 0.5411189728104596, 0.5888715988533596, 0.5470506080235517, 0.4617290844246374, 0.5461890489105287, 0.622352401055972, 0.47002401306283403, 0.5737241780761031, 0.5304773846480467, 0.6288829458031853, 0.5492675687239422, 0.4089986556804371, 0.596638252533173, 0.6289737619598362, 0.5013849346493287, 0.560574456302944, 0.32794166510104505, 0.6102439350666663, 0.5330641693153502, 0.4832960692191105, 0.574876487786583, 0.5684475578912874, 0.5847116386424579, 0.3929060018347093, 0.5798152830542588, 0.40081249431084376, 0.5304503268592788, 0.5553245979470904, 0.512234114378167, 0.3286321228831702, 0.5271635697077429, 0.3707882960168452, 0.5765352054058708, 0.5947877766577678, 0.5222816272510996, 0.5665301768729107, 0.5160763690611087, 0.48415680979606895, 0.5099947302791036, 0.5485610074800611, 0.5467217204266259, 0.4293327549374263, 0.5193142430725418, 0.5776396224950825, 0.484817332055917, 0.5892859289347891, 0.4509120517880029, 0.46033101235979224, 0.539249923046011, 0.5351737541005644, 0.5465097817698082],