{"1": {"val_f1_score_pos": [0.13172993587444776, 0.30556962376664043, 0.3813838270726206, 0.2923293330891412, 0.09648998855565831, 0.3910222275939226, 0.4013181595291793, 0.31762741914323145, 0.36463821982672445, 0.3500417352017657, 0.3846591794163699, 0.4149745886276501, 0.4196577131399634, 0.37839404539487087, 0.4069767893835386, 0.4565891364486272, 0.293589423153779, 0.46578537876199505, 0.397959321455756, 0.4251325504768018, 0.452828295559053, 0.3465673766638103, 0.3956616363625134, 0.2838571026043156, 0.42622915311166415, 0.3403320061264948, 0.449171855060356, 0.4198448189705597, 0.19268123445562343, 0.2772203434092796, 0.4442553987816224, 0.3625503430830912, 0.4050593541728126, 0.3374577238921158, 0.43011281258932277, 0.37432279296678517, 0.37869194635280984, 0.4176115266814513, 0.38370952763591754, 0.4180841637097443, 0.24407698667188835, 0.3798609022294086, 0.39031871009720265, 0.4243858349226747, 0.38532278283565796, 0.3528154851400364, 0.4205979473463222, 0.39729440948258526, 0.406523385430798, 0.4295806343014906, 0.40213921750605347, 0.35349779166834233, 0.35994440366757435, 0.4099440683103391, 0.41183959093117467, 0.38536679750083, 0.412979715440491, 0.3496422975303566, 0.41377043960011867, 0.36091350412454576, 0.32242445226086724, 0.3804700600500317, 0.40476027388482605, 0.4323252931780178, 0.28842981732808626, 0.3031785017565677, 0.36329630253232387, 0.30966576036305454, 0.4018149072127572], "loss": [1.0754102677106858, 0.9287674516439438, 0.8565370112657547, 0.8306394338607788, 0.793601781129837, 0.7895039141178131, 0.7556648313999176, 0.7433285117149353, 0.7259078115224838, 0.7204518377780914, 0.700631058216095, 0.6738404542207718, 0.6788108825683594, 0.657337611913681, 0.6510276883840561, 0.6192454904317856, 0.6056002020835877, 0.6116189867258072, 0.5683482229709625, 0.5852281883358955, 0.5578518390655518, 0.5486253350973129, 0.5151960894465446, 0.5417561903595924, 0.5288567930459976, 0.5005620300769806, 0.46786282658576966, 0.5213884249329567, 0.44634572565555575, 0.4660675451159477, 0.4357896611094475, 0.4529592663049698, 0.4244358941912651, 0.39988564550876615, 0.41244086921215056, 0.3942191854119301, 0.43508544713258746, 0.36982970386743547, 0.35763513296842575, 0.3402744702994823, 0.3644894495606422, 0.3438566714525223, 0.34883857518434525, 0.352824367582798, 0.33377307653427124, 0.2957942895591259, 0.3225574232637882, 0.3220055915415287, 0.3166695274412632, 0.27957916632294655, 0.3025819830596447, 0.2868943095207214, 0.29302316457033156, 0.32014627382159233, 0.31760323569178583, 0.24158937036991118, 0.23621230348944663, 0.3138664588332176, 0.24799451157450675, 0.23874982371926307, 0.24137014597654344, 0.22024360448122024, 0.24403799548745156, 0.2670975632965565, 0.256775239855051, 0.2715072937309742, 0.23775296062231063, 0.23382848575711251, 0.19417176023125648], "val_f1_score_pos_neg": [0.09675094810386954, 0.3681069482997683, 0.5032856480741736, 0.3790667311489931, 0.30560574447631406, 0.5082198033931284, 0.4908262347510094, 0.45993270605360126, 0.4779613939320457, 0.4698338763326661, 0.4852408039988133, 0.5156268402096177, 0.520620833122135, 0.5017318494728541, 0.46095282142354305, 0.5476436384400966, 0.44409424516997037, 0.5580189882556007, 0.4465866175740354, 0.519229999759741, 0.5345492397832592, 0.4409231064666031, 0.5116871783607885, 0.4395643114721888, 0.5053780952982145, 0.46036550475035604, 0.5282361273877105, 0.45336603587455593, 0.4163616988581684, 0.40761980977457385, 0.5274399284891754, 0.4229015048645232, 0.4623940481669829, 0.47768083130299804, 0.48749279461087164, 0.5099620015783134, 0.4784415741520211, 0.44323530976857034, 0.5156478149580945, 0.44861537790545136, 0.3935122487918246, 0.48734227676837766, 0.48868522794730374, 0.5004829392473922, 0.49413108686257523, 0.4473342945379445, 0.5211028341125166, 0.48708253643076216, 0.5137999528064633, 0.532530367937487, 0.50670500226349, 0.49044015683196873, 0.43090074755723984, 0.4837008283795723, 0.41314975533247317, 0.4875387408097371, 0.4903242723447377, 0.4690208826524097, 0.52480597663344, 0.381364189312901, 0.45371440225928095, 0.4755367470978082, 0.5097719367109222, 0.532337571016261, 0.40747728572468794, 0.4339657794823263, 0.4125333156233911, 0.4585129308153582, 0.4889059507573343], "f1_score_pos": [0.29464980885386466, 0.33740422800183295, 0.3800979182124138, 0.4326427400112152, 0.4441265121102333, 0.4509296305477619, 0.5218772009015084, 0.508047254383564, 0.5346732661128044, 0.537428081035614, 0.588044849038124, 0.5831418633460999, 0.6059822320938111, 0.6151689812541008, 0.6282718747854232, 0.6443099170923233, 0.6412119254469871, 0.678048600256443, 0.6996197134256363, 0.6861139178276062, 0.7028362840414047, 0.721861970424652, 0.7636109471321106, 0.7221974074840546, 0.7238144874572754, 0.7819227695465087, 0.7800132602453231, 0.7488332718610764, 0.7812646746635437, 0.7910512059926986, 0.7937423378229141, 0.7910839498043061, 0.8009358525276185, 0.8335884183645248, 0.8073001325130462, 0.8209935277700424, 0.79725561439991, 0.8399646252393722, 0.8466674864292145, 0.8661020934581757, 0.8646953642368317, 0.8370155334472656, 0.8538629710674286, 0.8387553960084915, 0.8773013472557067, 0.8779144883155823, 0.8573301047086715, 0.8549798190593719, 0.8740820556879043, 0.8819049566984176, 0.8655434310436249, 0.8800079494714736, 0.8857508867979049, 0.8725339859724045, 0.8417005479335785, 0.8927591294050217, 0.8997598528862, 0.8751963347196579, 0.9008675634860992, 0.903454139828682, 0.8921237170696259, 0.9060690492391587, 0.8989241898059845, 0.8889384210109711, 0.8955760896205902, 0.8872143208980561, 0.9055369198322296, 0.8897963553667069, 0.9123738914728164], "val_loss": [0.9139664876155364, 0.8342212668636388, 0.9315456315787912, 0.8091600065128363, 0.8129448956645291, 0.7906368228427151, 0.8156187675367107, 0.7639865573869329, 0.7619432200465286, 0.7658779370961724, 0.7613716657988616, 0.7683823637687779, 0.754453098484379, 0.7552887238310738, 0.7991064116057114, 0.8165966344212178, 0.8027569857525279, 0.7887797087792926, 0.8275974890802875, 0.8908687559431113, 0.8038149284608612, 0.8360958336925807, 0.8623493998853998, 0.9242853970341033, 0.8209011015514506, 0.8886770152101847, 0.8651312580260939, 0.9191380046103593, 1.1420569006945172, 1.0186383757996655, 0.896884273501382, 1.0205707886280158, 0.9148823692355669, 0.9946333342074705, 0.9667210457725027, 0.9511644611528098, 0.936113837893568, 1.0174529065004727, 1.0073327483274999, 1.061419418466236, 1.1121859872764797, 1.0178399845870614, 1.0295501758105252, 1.0045582783742364, 0.9876093539202798, 1.1596581880648396, 1.0240044927897347, 1.0472104861507854, 1.0728598671135363, 1.1446059356119738, 1.1007967624265333, 1.0761458524111096, 1.27157487061664, 1.095182026821485, 1.2331812387106926, 1.1376179482451012, 1.1548505273425145, 1.0943297807343415, 1.1054799569066023, 1.5408035777894644, 1.2689693871243708, 1.248883173426046, 1.0719155892025927, 1.1609991933652746, 1.3936837156560042, 1.2329313745382826, 1.3437644540861389, 1.3453290892569696, 1.2124898820860772],