{"val_f1_score_pos_neg": [0.38060259312555417, 0.4385881057849807, 0.51002048387041, 0.5913274356645454, 0.5871240678747713, 0.6357692133683155, 0.6630577788933224, 0.6512106030343119, 0.6251454496208589, 0.6074652316655945, 0.6239569093997854, 0.5708748483607815, 0.6722984638796871, 0.6230841186957631, 0.652345274053094, 0.5493623710447743, 0.5203529126432165, 0.6146615144151607, 0.5485122939154072, 0.6221623360375985, 0.5994570318745279, 0.5063054206456971, 0.4780148488547337, 0.5978877761999891, 0.5566112112880159, 0.5840906121585114, 0.5847019802514193, 0.6087883876247291, 0.6448291109016553, 0.6583936912257496, 0.5805227600649652, 0.5558295372337173, 0.6416825547701037, 0.6568170529070908, 0.6286997298946726, 0.5758462994548238, 0.6498940346155334, 0.6366664712397158, 0.615804389209032, 0.6317452189492767, 0.464875811077371, 0.560398967097883, 0.5703139490040775, 0.6326179873933949, 0.5547847836904879, 0.6401854442887315, 0.6319668882323974, 0.6518483965096122, 0.6123825590065887, 0.6027805649824666, 0.5626536965088803, 0.6243778189554823, 0.6466521698753883, 0.589785319393212, 0.6013409730770942, 0.6237718875471325, 0.6212061112270311, 0.5088550501566311, 0.5542981883781087, 0.6170847914583439, 0.5632879057175652, 0.5381764390635547, 0.5285538473749548, 0.6176930455094775], "loss": [1.113694618855204, 0.8123801797628403, 0.7680449592215675, 0.7188046446868351, 0.7043051868677139, 0.6678490489721298, 0.6710480749607086, 0.7103885688952037, 0.6395338007381984, 0.5989055335521698, 0.5601180142589978, 0.575162974851472, 0.5614020036799567, 0.5810338173593793, 0.5401196171130452, 0.5288292712398938, 0.5189709535666874, 0.4804920820253236, 0.4859711506537029, 0.449616901576519, 0.44603477737733294, 0.4640133795993669, 0.4580996057816914, 0.4190451577305794, 0.3893705127494676, 0.4463791772723198, 0.3659344581621034, 0.38647171748535974, 0.3256236155118261, 0.3986979914563043, 0.28242726091827663, 0.41145125350781847, 0.26441367875252453, 0.27697901906711714, 0.28639884080205646, 0.2610973119735718, 0.31588812491723467, 0.27943869307637215, 0.22017162878598487, 0.24530758016875812, 0.3288203110652311, 0.2443231881729194, 0.2169919583414282, 0.18270535713859967, 0.15445153628076827, 0.1666494192821639, 0.13243371195026807, 0.24674588867596217, 0.25294751168361734, 0.1170399117150477, 0.16762974060007504, 0.14834552205034665, 0.1383726926786559, 0.10466226190328598, 0.1652524960892541, 0.09511572308838367, 0.14613173795597895, 0.13060383844588483, 0.13658102974295616, 0.10278093575366906, 0.08822671004704066, 0.11402588630361217, 0.0754968575867159, 0.08341791973050151], "f1_score_neu": [0.24132775492034853, 0.6894428666148867, 0.7060503278459821, 0.7155786241803851, 0.7240811735391617, 0.746072307229042, 0.7348134028060096, 0.7003150795187268, 0.760663200701986, 0.7649584306137902, 0.796995256628309, 0.7834614983626774, 0.7788979836872646, 0.7527590819767543, 0.7861469324145999, 0.7959187626838684, 0.800728800041335, 0.8262104945523399, 0.7989440709352493, 0.8385875608239856, 0.8366185788597379, 0.828143984079361, 0.8192932116133826, 0.83095141180924, 0.8480054012366703, 0.8184368589094707, 0.8661835768393108, 0.8526715465954372, 0.8867183008364269, 0.8422262072563171, 0.9085844946759087, 0.8342061936855316, 0.9096226117440632, 0.9082685389689037, 0.8763975756508964, 0.9187224209308624, 0.8819659778050014, 0.8996547673429761, 0.9302017731325967, 0.9158612127814975, 0.8855513994182859, 0.9217353739908763, 0.9284081735781261, 0.9410396260874612, 0.9511389115027019, 0.9443791189364025, 0.9627829023769924, 0.9132900046450751, 0.9003437949078423, 0.9602378308773041, 0.9421552760260445, 0.9513071967022759, 0.954915029661996, 0.9665504587548119, 0.9453468876225608, 0.9683271284614291, 0.9509092548063823, 0.9599861417497907, 0.9544884647641864, 0.9704627479825702, 0.9741055497101375, 0.9693697669676372, 0.9768789112567902, 0.969492895262582], "f1_score_neg": [0.3128729350864887, 0.2110996837062495, 0.33252797701529097, 0.4103975418422903, 0.4725495310766356, 0.4773526276860918, 0.5386703450764928, 0.5525892462049212, 0.6141259308372226, 0.6296955410923276, 0.6143344534294946, 0.6542663340057645, 0.6460374934332711, 0.6372221665722984, 0.69169582426548, 0.7217257044145039, 0.6859108294759478, 0.7576336541346141, 0.7687409434999738, 0.769977018237114, 0.7867065689393452, 0.7823979279824665, 0.727887681552342, 0.8002873275961194, 0.7979449480772018, 0.7926771215030125, 0.8725954719952175, 0.829007625579834, 0.7956765357937131, 0.8850991747209004, 0.8824061538491931, 0.8202681882040841, 0.9066892968756812, 0.874900758266449, 0.9047628045082092, 0.8616854335580554, 0.893567640866552, 0.9311564479555402, 0.9242002687283924, 0.9155509833778653, 0.8752106896468571, 0.8704178695167814, 0.9485008737870625, 0.9217147252389363, 0.9522536609854017, 0.9394847069467817, 0.9455279218299049, 0.9409667317356382, 0.9161493714366641, 0.9590738394430706, 0.9339509563786643, 0.9434734348739896, 0.9444330568824496, 0.9713985685791288, 0.9220973466123853, 0.9638613632747105, 0.9634214107479367, 0.9437036088534764, 0.9512746546949659, 0.9648948524679456, 0.9597780151026589, 0.945706422839846, 0.9622525147029332, 0.9597691148519516], "val_f1_score_neg": [0.1434735232119544, 0.18746326437404143, 0.31219171644148164, 0.4972806441058582, 0.4519998101527817, 0.5734126255357794, 0.6016795459520213, 0.5740354253868716, 0.5214258815840164, 0.4976623422699965, 0.5689129685905391, 0.4816058251040519, 0.6222963068324564, 0.5626513882005993, 0.5770706982866473, 0.37319019098404416, 0.43943673416038154, 0.5457685804417087, 0.4939481763585859, 0.5236096216755028, 0.5560939592418476, 0.30515142388147476, 0.340625002007143, 0.5043800293836511, 0.4607439210666248, 0.5124506306420028, 0.4704602436540385, 0.550062760464513, 0.5765236550011473, 0.5983445153066314, 0.5386569429078566, 0.5241910445230575, 0.6145971663005078, 0.6044919609304429, 0.5565221931501039, 0.42635338900597614, 0.5782843545106587, 0.5668202353811876, 0.5090719929618095, 0.5653593926144622, 0.32324688705189975, 0.42730793176346366, 0.47446314398460177, 0.549637581415449, 0.4161132494671089, 0.5971406236458975, 0.5586103986887178, 0.6056869101905773, 0.5254968415712266, 0.5102458654067787, 0.5123266306975179, 0.5803828902235814, 0.5792093887092746, 0.467158290045861, 0.4895911639267586, 0.5375080126775647, 0.523288248703294, 0.35421046108953164, 0.41689962006415593, 0.5369621425077667, 0.47097537438918874, 0.40896450767453313, 0.3641572338747534, 0.5554525483601868], "val_f1_score_neu": [0.6420237620358951, 0.6649603868074815, 0.6277032470315452, 0.7116102253612245, 0.6939667680430469, 0.7195366116105306, 0.6470670796366086, 0.691492661181129, 0.7175271122467477, 0.7252313971613262, 0.7298592356850149, 0.7214885920387786, 0.6270758854633174, 0.7299578914390972, 0.6865702027602988, 0.7170515915336428, 0.7075433540681888, 0.7294890651889214, 0.7116541500764352, 0.7283243123483946, 0.7241713768723691, 0.716644202196595, 0.7026156865640666, 0.7245896347951551, 0.716210842617159, 0.7230164579072087, 0.7207498606846396, 0.7229986099192641, 0.6246314690146207, 0.7227080386359642, 0.7166814846127108, 0.7084718782102033, 0.7216780022032893, 0.5788228277799935, 0.7211323688107152, 0.6876593142271105, 0.6825875996011403, 0.7116749048264296, 0.6699899884462044, 0.7234638943435825, 0.6959900466000787, 0.7147612962671506, 0.7105570353612543, 0.71167276243572, 0.706072933930848, 0.714663175282252, 0.7156537636946482, 0.5292808825094932, 0.7112668810508522, 0.7090607172636857, 0.7067192653455416, 0.7186601581674782, 0.6872199307174592, 0.6940888636011543, 0.7062705743666118, 0.7096663850078487, 0.6919370469007785, 0.7027403989270888, 0.7005192528957774, 0.7117787015553756, 0.7109640724478261, 0.7040496947976069, 0.7021105989145539, 0.7137074409711714],