{"f1_score_neg": [0.20432523611050687, 0.37976269561209175, 0.4274945174785037, 0.48086461738536235, 0.4889997439949136, 0.5340236146983347, 0.5416137078090718, 0.5856848590468106, 0.5937943340916383, 0.637152929839335, 0.6423274102179628, 0.6223668985460934, 0.6731821212329363, 0.662950768282539, 0.6843021496346122, 0.6712173266630423, 0.6537459661301813, 0.7356190846154564, 0.7420359308782377, 0.7300566128994289, 0.7311407021786037, 0.7766946679667422, 0.7749805026932767, 0.7584522688075116, 0.7827600852439278, 0.797161614424304, 0.7798547791807275, 0.8083379872535404, 0.7949885490693545, 0.8228051191882083, 0.8293146781231228, 0.847735154785608, 0.8356960431525582, 0.8309065903487959, 0.8504696441324133, 0.8563126811855718, 0.8858362122585899, 0.8697112853589811, 0.8685348159388492, 0.8384628782146856, 0.8622372189634725, 0.884443461894989, 0.8489934535403001, 0.8834535361904847, 0.881899083131238, 0.8862597267878684, 0.8986575266248301, 0.8785991653015739, 0.8655204780791935, 0.8992425148424349, 0.9166130172578912, 0.8646801451319143, 0.8859679400920868, 0.9089967341799485, 0.8699994596995806, 0.8666546289858065, 0.8874458772571463, 0.9179732595619402, 0.9071606679966575, 0.8954571477676693, 0.9022298235642282, 0.9214687676806199, 0.9273901166100251, 0.9179573945308986, 0.9063295737693184, 0.9234241027581064, 0.8985348430119062, 0.917349605968124, 0.9116137819854837, 0.9178153001948407], "val_acc": [0.6194597447040416, 0.632835034057283, 0.6454235471955067, 0.6590611137744794, 0.665093098589044, 0.6551272041554405, 0.6682402276942776, 0.6640440584667204, 0.6674534551527692, 0.6601101555850541, 0.6643063170747935, 0.6456858051157736, 0.6514555506277296, 0.6632572823923902, 0.6163126118471389, 0.6687647465361468, 0.659847894600924, 0.6690270026900028, 0.6595856270982686, 0.6496197290693153, 0.6451612959344525, 0.6519800635607199, 0.6553894537282434, 0.6498819863799361, 0.6257539941762459, 0.6417518907446202, 0.6692892756325787, 0.5777602924032534, 0.6359821735108708, 0.6514555567554561, 0.655127183771371, 0.6540781461032644, 0.6519800780359104, 0.6351953889327571, 0.6593233722418649, 0.6580120580983606, 0.6530291120305075, 0.6522423358154897, 0.6454235454290956, 0.6341463421512207, 0.6477838840629684, 0.6317859892610049, 0.6522423214809869, 0.6275898307569691, 0.6483084227417887, 0.6357199053204095, 0.650668765658817, 0.601888268803037, 0.6372934643471301, 0.6543404095416115, 0.6501442432215981, 0.6561762371495925, 0.6519800713766974, 0.650406502908276, 0.6163126138323972, 0.6527668517341834, 0.6527668499677725, 0.6467348573372304, 0.6435877286227957, 0.5706792549764331, 0.6567007613532224, 0.6404405868713104, 0.6378179891604061, 0.6498819906630917, 0.637293465425735, 0.617623915939296, 0.6307369545786018, 0.6231313831469157, 0.6446367578652785, 0.6396538029810027], "acc": [0.5459210500121117, 0.6556578937329745, 0.6913157826975772, 0.7243421109099137, 0.7356578927291068, 0.7515789497839777, 0.74947368941809, 0.7692105268177233, 0.7630263214048586, 0.7877631610945651, 0.7800000043291795, 0.7949999970825095, 0.8172368438620317, 0.8082894729940515, 0.8071052643813585, 0.8210526312652388, 0.8243421049494493, 0.8371052569464633, 0.835789470296157, 0.8196052595188743, 0.8472368387799514, 0.8563157884698165, 0.8543421014359123, 0.8567105217983848, 0.8678947365597675, 0.8713157874973196, 0.8510526410843197, 0.8790789481840635, 0.8531578849805029, 0.8842105261589351, 0.8947368366153616, 0.9021052631892656, 0.9015789486859974, 0.8878947339559856, 0.9117105250295839, 0.9118420991458391, 0.9126315705086055, 0.9148684183233663, 0.9177631586790085, 0.9117105218924975, 0.9153947296895479, 0.9257894770095223, 0.8994736875358381, 0.920526310801506, 0.9231578927291068, 0.9159210559568907, 0.9314473788989218, 0.9200000041409543, 0.9172368473128268, 0.9338157882815913, 0.9347368463089591, 0.920789468445276, 0.9371052651028884, 0.9350000000313708, 0.9123684128648356, 0.9193421170899743, 0.9290789483409179, 0.9513157864934519, 0.9478947300659982, 0.9050000043291795, 0.9296052683340875, 0.9518421127607948, 0.9534210531335128, 0.9468421057650918, 0.9459210516590821, 0.9443421042279193, 0.9442105144262314, 0.9482894790799994, 0.9392105160575164, 0.9507894751272703], "f1_score_pos": [0.5309586521042021, 0.6131096905783603, 0.6432995568764838, 0.6786186475502817, 0.6882416825545462, 0.7017926879619297, 0.7058780883487902, 0.7246863426346528, 0.7108524747584996, 0.7466636253030676, 0.7347925650446039, 0.7620994511403536, 0.7921557998970935, 0.7761488996053997, 0.7734649997008475, 0.7905126841444718, 0.8080355901467172, 0.803065109409784, 0.8050258873324645, 0.7821453401916906, 0.825825024592249, 0.8256061869232278, 0.8210685762919878, 0.8364422933051461, 0.8437540256663373, 0.8451424452819323, 0.820394660297193, 0.8514250956083599, 0.8221622070199565, 0.85939558869914, 0.8768021040841153, 0.8849489484962664, 0.8868936810054278, 0.8669582330866864, 0.8948989690918672, 0.8937811310354032, 0.8873773781876815, 0.8964702949712151, 0.9036055662130055, 0.9045577472762057, 0.9013842587408266, 0.9081986060268, 0.8812081515789032, 0.9007412587341509, 0.9072614092575876, 0.8918622732162476, 0.9153158296095697, 0.9045618160774833, 0.9048381259566859, 0.9218059872326098, 0.9126528352499008, 0.9081972021805612, 0.929799356742909, 0.9152795523405075, 0.89792311269986, 0.9062513991406089, 0.9152085436017889, 0.9417658432533866, 0.9426196319492239, 0.872967643957389, 0.9176791396580244, 0.9430453526346307, 0.9440304895764903, 0.9362002619002995, 0.9372291611997705, 0.9310772050368158, 0.9387679986263576, 0.9393695585037533, 0.9252419856033827, 0.9397152207399669], "f1_score_pos_neg": [0.3676419393404534, 0.49643619280112417, 0.5353970370794597, 0.5797416324678221, 0.5886207105297792, 0.6179081546632867, 0.6237458908244183, 0.6551855959390339, 0.6523234044250689, 0.691908274041979, 0.6885599909644378, 0.6922331703336615, 0.7326689566436567, 0.7195498276697961, 0.728883580941903, 0.73086500795264, 0.7308907814716038, 0.7693421048553366, 0.7735309169480675, 0.7561009785062388, 0.7784828551505741, 0.8011504254843059, 0.7980245336105949, 0.7974472775271064, 0.8132570613371698, 0.8211520220104017, 0.8001247197389603, 0.8298815371174562, 0.808575385495236, 0.8411003484537727, 0.8530583946328414, 0.8663420575229746, 0.861294864039672, 0.8489324121098769, 0.8726843046514612, 0.8750469002284502, 0.8866067913017774, 0.8830907964392712, 0.8860701887231124, 0.8715103111769024, 0.8818107404206929, 0.8963210245496348, 0.865100793148342, 0.8920974033443552, 0.8945802497236353, 0.8890610078447744, 0.9069866741958418, 0.8915804906895286, 0.8851793000572606, 0.9105242412341269, 0.9146329203718587, 0.8864386756169168, 0.9078836425354606, 0.9121381491422653, 0.8839612861997203, 0.8864530026912689, 0.9013272123901468, 0.9298695490548485, 0.9248901519336199, 0.8842123935097143, 0.9099544835718054, 0.9322570664317984, 0.9357102976033562, 0.9270788242942408, 0.9217793698373594, 0.9272506621323133, 0.918651420819132, 0.9283595822359386, 0.9184278822258899, 0.9287652624280829],