{"val_f1_score": [0.5852610980185692, 0.6229531788432063, 0.6699898790381507, 0.6809811580065446, 0.6266109938856625, 0.687099215335931, 0.6219214322746441, 0.6651255817760985, 0.7005437142949639, 0.6623778254411179, 0.5904977716175303, 0.7038173476542321, 0.6887341865616585, 0.607441131317675, 0.6715615690770563, 0.6174191587433363, 0.6241670117395742, 0.6320750286283375, 0.6394294404996026, 0.6614611011116704, 0.6911084006034637, 0.6422454076209719, 0.638608100249828, 0.6818595793564239, 0.6788160996645916, 0.6736221303472111, 0.5968700889336791, 0.638403974616118, 0.6795274949811619, 0.6142023366609959, 0.6347676435699933, 0.6599135856568391, 0.6675940459555539, 0.645027611532644, 0.6401155179421669, 0.6560213165961005, 0.642726694696568, 0.6372055483714758, 0.6164657616127578, 0.6565427213024037, 0.466359073928795, 0.6499477567680233, 0.6201665344245785, 0.6579073135101855, 0.6375474564959739, 0.6424757611273219, 0.6660498200737207, 0.6548491552718317, 0.6502496819623712, 0.5585187885538037, 0.6374678430893651, 0.6536419922805914, 0.6472552134519858, 0.6200880213825527, 0.6067603357876813, 0.6319286036516405, 0.630188687998824, 0.611192012002016, 0.656130720788714, 0.6390237980648004], "val_f1_score_neu": [0.6482413072239656, 0.7044760040370242, 0.7020595608000176, 0.6977353105543793, 0.7224382304501227, 0.734369354409994, 0.717056993765372, 0.7351840343370295, 0.711857564237341, 0.7326830780603052, 0.7059912263268472, 0.7333413357657146, 0.7291885037888638, 0.7167327224567372, 0.6947650155807273, 0.7157882787003906, 0.7188972929097397, 0.723792434270195, 0.7261295113355946, 0.7294491881027392, 0.707066856905009, 0.7217116278986777, 0.7219103708874982, 0.7258338462077756, 0.7222750127987695, 0.7205382332913118, 0.7065650561241662, 0.6843365494922925, 0.7212958409502973, 0.7121983442974316, 0.7148615674431044, 0.6935180628390378, 0.7178246774074445, 0.6379490917572473, 0.7179943214493288, 0.7084469812265882, 0.7158235456885361, 0.7144466813330321, 0.7077246913127064, 0.7099875276588312, 0.6633524312424028, 0.7185281925772921, 0.7123024662960992, 0.6962873851599545, 0.7155829934726198, 0.7151415408861284, 0.7098091812762819, 0.7138724271750281, 0.7071833644143372, 0.6980190180494127, 0.7100741678949982, 0.7147952503742835, 0.7138943032364253, 0.7063851632410355, 0.7028236912205373, 0.6942459647498542, 0.7097215787213274, 0.7050770941350893, 0.7087246124556207, 0.7082936907577415], "f1_score_pos": [0.5677251489832997, 0.677603698335588, 0.6685898872092366, 0.7182419393211603, 0.7051956309005618, 0.7334018917754292, 0.7474142834544182, 0.7358993887901306, 0.7570730186998844, 0.7871609516441822, 0.7700747549533844, 0.7810640530660748, 0.7809904599562287, 0.7981745982542634, 0.8063223846256733, 0.8095313087105751, 0.8079573893919587, 0.8063793024048209, 0.8593176947906613, 0.825585681013763, 0.8305703876540065, 0.8558716215193272, 0.8502661855891347, 0.8886397769674659, 0.8702103784307837, 0.881690040230751, 0.8656204808503389, 0.8994790082797408, 0.8836117489263415, 0.9126439327374101, 0.896588047966361, 0.9115539500489831, 0.9077252298593521, 0.8962458670139313, 0.877620892599225, 0.9303878610953689, 0.910313505679369, 0.9379615150392056, 0.9227117644622922, 0.9321357067674398, 0.9347447846084833, 0.9009683346375823, 0.9513972317799926, 0.9470349121838808, 0.9226360097527504, 0.9551782133057714, 0.9559104591608047, 0.9471271252259612, 0.9624890414997935, 0.9536906769499183, 0.9369992548599839, 0.959573837928474, 0.9162715692073107, 0.9647656762972474, 0.9574241889640689, 0.9467032309621572, 0.9617002755403519, 0.966915744356811, 0.8891260949894786, 0.950433261692524], "f1_score_pos_neg": [0.43979737907648087, 0.5889061382040381, 0.6038566613569856, 0.6504286266863346, 0.6596161741763353, 0.6743718301877379, 0.6967985965311527, 0.6918221227824688, 0.7075964575633407, 0.7439101487398148, 0.7302981773391366, 0.7449532235041261, 0.7421146789565682, 0.7617750642821193, 0.7779415426775813, 0.7828491954132915, 0.7797365048900247, 0.8077800283208489, 0.8225985374301672, 0.8219251036643982, 0.8365438329055905, 0.8147423285990953, 0.8507145065814257, 0.8551368694752455, 0.8584771007299423, 0.8811062080785632, 0.8638481050729752, 0.8912657368928194, 0.865017257630825, 0.9035998154431581, 0.893771318718791, 0.9057665280997753, 0.9056400740519166, 0.8900330951437354, 0.8807645300403237, 0.9255976499989629, 0.911333940923214, 0.9303705850616097, 0.9172578575089574, 0.9235685709863901, 0.9290837049484253, 0.912846046499908, 0.9396420689299703, 0.9415916837751865, 0.9228773191571236, 0.9401561515405774, 0.9491858016699553, 0.9473255984485149, 0.9539183909073472, 0.9482740499079227, 0.9259609254077077, 0.9546319954097271, 0.9291592556983232, 0.9584024865180254, 0.9498686976730824, 0.9446240719407797, 0.9586749328300357, 0.965354491956532, 0.8850503163412213, 0.9393314253538847], "val_acc": [0.6393915478275919, 0.6732231923797891, 0.689745604257211, 0.6952530817193933, 0.6871230017941923, 0.7107264674181955, 0.6627327653950917, 0.7039076783292537, 0.7115132351294297, 0.6973511667943144, 0.639916073328674, 0.7175452380301662, 0.7107264626660811, 0.6629950184225567, 0.6965643803091022, 0.6826645602337057, 0.6685024935086818, 0.677157092275752, 0.6831890789974152, 0.6892210782871702, 0.7028586261077969, 0.6837136170665892, 0.6713873647718082, 0.7002360343057716, 0.702071855473387, 0.6923682099247804, 0.642014163687196, 0.6517178079383504, 0.700498296587354, 0.6564385020573433, 0.6656176299208454, 0.6845003781186105, 0.6860739617500285, 0.6590611148530844, 0.6755835286376046, 0.6855494284329688, 0.6719118800026959, 0.6784684011200235, 0.652504581777311, 0.683975859354901, 0.5588775215860492, 0.677943877463512, 0.6658798885289184, 0.6740099691419253, 0.6700760631963959, 0.6787306584306443, 0.688958832934995, 0.6805664799890586, 0.6816155357433372, 0.6538158941544043, 0.6740099643116513, 0.6831890813734723, 0.6805664926353102, 0.6619459710939019, 0.6569630155218201, 0.6671911869623077, 0.6692892678166011, 0.6559139802297707, 0.6789929042517779, 0.679255180258217], "val_loss": [0.7830501303190076, 0.7258294115315389, 0.7045217044485419, 0.6863472869381828, 0.7101739713159597, 0.6768897214712447, 0.7789601330647092, 0.685780733565849, 0.6660216348145598, 0.7057371462951518, 0.8823325073753415, 0.6674398997778533, 0.6611056381281111, 0.8661516306283372, 0.6851401749696439, 0.7606746441980937, 0.8102297568896484, 0.8011166244362271, 0.8222857769974379, 0.7932827687938789, 0.719772469925499, 0.8246066583256505, 0.8947430968659774, 0.7845128817318182, 0.7732324706517021, 0.8058610911948332, 1.099522540458631, 0.9760885740745858, 0.8047935414151698, 1.1016348609766746, 0.9972997803154062, 0.8204698510255021, 0.910491705269067, 0.8627061023976026, 0.9754564343491721, 0.8928317843914158, 1.0035570136774814, 1.0098179993653216, 1.1853642104149116, 0.9367077846931029, 2.0838959898624774, 1.0247058439154717, 1.1821329191291923, 1.0253039145450906, 1.1088034874055444, 1.071242116362349, 1.0023819151088504, 1.0570567032811276, 1.0469471138979924, 1.4409892832610727, 1.0925578301014813, 1.091820526460697, 1.0252814056239914, 1.2019980647512036, 1.2441994870331168, 1.0743520543420844, 1.230261817211058, 1.3733338998929117, 0.9352787326959809, 1.032418298261734],