{"1": {"f1_score_pos": [0.5731881673274627, 0.6201859563776296, 0.6318032768877906, 0.6447142377945047, 0.6606514149125496, 0.666145787990872, 0.6789561468527545, 0.6833451149900954, 0.6875873127924138, 0.7056312823490282, 0.7024885589752964, 0.7165856589024989, 0.7215848405606783, 0.7354207193507022, 0.7421117049066266, 0.7513320479336096, 0.7495914367050981, 0.7578936194130523, 0.7678386333524881, 0.7770047333447179, 0.7899707896101414, 0.7901448495124452, 0.792580667976758, 0.7949296850430306, 0.8117717994217897, 0.8125529572292788, 0.8242267281490954, 0.8286223888546977, 0.8305138267913655, 0.8240793131703708, 0.8443665208678749, 0.8488088068950116, 0.8493005445404868, 0.8514290334067153, 0.860541469263072, 0.8673800323252103, 0.8629905436955505, 0.8757944228736001, 0.8663709040862232, 0.8780888258362535, 0.8804943996982358, 0.8731827953802281, 0.8889525975638898, 0.88911399192846, 0.8897851516104224, 0.8881016925501464, 0.8937145234951421, 0.9032386367644497, 0.8986960887983816, 0.9060894325001156, 0.9085093816021579, 0.9101047879786947, 0.9117896082113736, 0.90889059437729, 0.9144633479753331, 0.9084932048940778, 0.9120704195831888, 0.9211881553108369, 0.9238510544425879, 0.9182908058391145, 0.9232465497887314, 0.9218139897039788, 0.9185444602939352], "val_f1_score_pos": [0.6506870814026218, 0.6571822442192031, 0.6606434419023048, 0.6585631342318141, 0.661488542962862, 0.6733476343488531, 0.6853467319691815, 0.6871517984924896, 0.6611471918566325, 0.6662766775538642, 0.6380143947239543, 0.6910148170212678, 0.6737844972151665, 0.6651364613262167, 0.6645488028938994, 0.6469507193673183, 0.6779613853579055, 0.6794243371976318, 0.6576906844923026, 0.645429953103568, 0.6339025288921343, 0.6793901818943539, 0.6134434750579946, 0.656021008126446, 0.6633973514040935, 0.667775827142375, 0.6464414829855033, 0.6600793026197707, 0.6626002395696607, 0.6696025809590622, 0.6269704980731026, 0.6552700939347376, 0.6441951633967162, 0.6644639841142483, 0.6636150885865162, 0.614966555705488, 0.6627572543461439, 0.6542964868398187, 0.6586552228539482, 0.635238996471177, 0.629175480496807, 0.6524968807114202, 0.6620832707186827, 0.6609781006145921, 0.6324571287897032, 0.6412347877479321, 0.6497781311068579, 0.6595496475179955, 0.6525141711046971, 0.6129745961792908, 0.6470614125749271, 0.6572646898864547, 0.6325152742924095, 0.6585718422375676, 0.6342208857153576, 0.6390582947347081, 0.6619746992297844, 0.6312583856375399, 0.6671230296755598, 0.6408913801654083, 0.6490884658949202, 0.6469118605155978, 0.6464573056265691], "val_loss": [0.7606415450909886, 0.7687260704549049, 0.7272055791020618, 0.7071364479603413, 0.6979155159673414, 0.6948939615226754, 0.698123069590262, 0.6881226651962941, 0.6953755150097666, 0.6904407380933274, 0.7112585078260883, 0.6897778010236575, 0.7493795536523068, 0.7018995058774619, 0.7128235690334067, 0.7181067167327506, 0.7481579502059233, 0.7322580256873588, 0.7487595867847111, 0.7416028581571824, 0.7820267184732128, 0.7535350654176425, 0.8168532292517326, 0.790100510366567, 0.790053509008254, 0.8126460939043058, 0.8314619370852114, 0.9072646062258215, 0.8507553065276867, 0.8637988336151261, 0.8707660158110869, 0.9291758304369419, 0.9912797660777324, 0.8696488206177826, 0.9007772547697664, 1.0127030714884009, 0.9729383907236057, 1.0105335920124463, 0.999362304939605, 1.0490697580521287, 1.0493243091775162, 1.0470753164091327, 1.0302997854183913, 0.9955288994598293, 1.1127221320475364, 0.9786188340624318, 1.0631238162674777, 1.041363881230579, 1.098541599214863, 1.2300866739247676, 0.9796847933846013, 1.0937179258129972, 1.1053403673751796, 1.1672754683936006, 1.1409989228845765, 1.1749228855695366, 1.1138963650375315, 1.1959593491314076, 1.2498573105683535, 1.3419385801201984, 1.1890505994928047, 1.218277268052745, 1.215823943688932], "acc": [0.6017902036146003, 0.6489949771507302, 0.6615891966538213, 0.671105526949293, 0.6814384455582005, 0.68743718876012, 0.6978957278270218, 0.7019158286889594, 0.7082600499966636, 0.7183731076630515, 0.7211683385036699, 0.731218595488287, 0.73407663565934, 0.746011308576893, 0.7522298965472073, 0.7564384438209797, 0.7638505016214884, 0.7673052739557908, 0.7799623107640588, 0.7864635656377179, 0.7937500009210265, 0.798649498865233, 0.803266331478579, 0.8058731184532893, 0.816394473777045, 0.8206030163333644, 0.8281721082239893, 0.8329459794951444, 0.8353643225665068, 0.8369346687841654, 0.8486809076076776, 0.8557160822440631, 0.8570979850825353, 0.8594221127168018, 0.8638819082448231, 0.8714510030183361, 0.8735552757004996, 0.8773555266273082, 0.8740577893565648, 0.881846737022975, 0.8833542746590011, 0.8858354300934466, 0.89396984811554, 0.8951633201921405, 0.897989947704514, 0.8929334187028396, 0.9010050273944984, 0.9064698457792776, 0.9059359266530329, 0.9105213602733373, 0.9109924632924885, 0.913724871361675, 0.9170226129754704, 0.9142587910120811, 0.9155150772863297, 0.9138819106934059, 0.9197864299967661, 0.9248429656627789, 0.9272927124820762, 0.9204459817115985, 0.9265389394894916, 0.9307474868381442, 0.9245288976697467], "val_f1_score_neu": [0.7247438344984195, 0.7101134557532929, 0.7372746066207967, 0.7410155474997363, 0.7418401628459402, 0.7405515154721883, 0.7267508182060238, 0.7458907524974273, 0.7512151991403099, 0.7472845045799377, 0.7503365354836848, 0.7357347641529083, 0.7471362970878904, 0.7500077549229164, 0.726996334072873, 0.7398122980462563, 0.7042275521641714, 0.7428215116715404, 0.71770720603313, 0.7356237146725922, 0.7478007008615802, 0.7286359154688415, 0.742976933047634, 0.7483103071800234, 0.7378500248076793, 0.7436135889836673, 0.7366863082827163, 0.6504326172246958, 0.7412001307384106, 0.7310189090022459, 0.7410625291221062, 0.696948898578316, 0.7387718686714886, 0.7194807702176401, 0.7203530130292315, 0.7402854663854627, 0.6886019425735957, 0.7423720444855476, 0.738307424068391, 0.7200071681700314, 0.7457603494091678, 0.7443489059628052, 0.7075877283374473, 0.7166119567594131, 0.7382946909334983, 0.7315151233826431, 0.7389386996688623, 0.7136863621466275, 0.7304688445243864, 0.7349038697819422, 0.7209281048767532, 0.7171194586318397, 0.7307290069917056, 0.7255725906192021, 0.7314416126770046, 0.7387895881942492, 0.6969718471302367, 0.7370320872630984, 0.6975670114202634, 0.7374667688734402, 0.7113545557958758, 0.7328593401944213, 0.6846600956929387], "val_f1_score_neg": [0.47220235021550694, 0.48952215967608403, 0.4808397755792371, 0.5649016121272061, 0.5667167298084916, 0.5866607813331414, 0.6038465374319596, 0.5725814332885368, 0.5562770756595834, 0.5821142126725946, 0.5239112011198273, 0.6077686493053251, 0.43863074805490665, 0.5729125281881259, 0.6197950539015717, 0.6132006034556383, 0.6160229309137376, 0.5556070687348272, 0.6118256034765422, 0.596438080128556, 0.5344303969222237, 0.6001830323454334, 0.587688301102538, 0.549538049135147, 0.5357735076751441, 0.5643016622153647, 0.5909603623840142, 0.6190827334964863, 0.5838464774044445, 0.5846743640356395, 0.5585926810021886, 0.6097692478662938, 0.4204171646735938, 0.5807549488063793, 0.5984288287019028, 0.5919576302543236, 0.603813171319335, 0.503419838738103, 0.5473043808250059, 0.5990288848778723, 0.5376053527587173, 0.5426849421507269, 0.5963908309778396, 0.5738805261273403, 0.48343915797675496, 0.5615086747075337, 0.5665956427966841, 0.5783596783932572, 0.5870292414119683, 0.5737700705821154, 0.5710966881159157, 0.5736803551322776, 0.5242326537009355, 0.55135323854266, 0.5908726577018466, 0.564328592748382, 0.5979353679123424, 0.5316571546265744, 0.6079678515171438, 0.42315981318387325, 0.594980414526769, 0.5273609545089809, 0.5991214940093028],