{"val_f1_score_pos_neg": [0.5209866636480336, 0.41271977360686884, 0.4800564949277377, 0.6049391876954029, 0.49810357567302954, 0.5265149482116279, 0.5773011310157455, 0.5322527340819696, 0.5073897523452314, 0.5207089806772297, 0.6211620691471015, 0.6580819012047643, 0.6174664542082879, 0.48445422335806526, 0.5447046134748892, 0.640778851515347, 0.6560120136444568, 0.6511536112551986, 0.649006750494234, 0.5568059374583915, 0.6436095642599571, 0.5517552350719801, 0.612432235280829, 0.5970428572093724, 0.6367799341913098, 0.621198389494541, 0.49777034474519677, 0.6254162842946637, 0.6433550686996314, 0.5832623611933411, 0.6150325286303985, 0.6137060014056684, 0.6463567744456906, 0.5856830307951506, 0.631174385532006, 0.6349135620400813, 0.6398940382746615, 0.6002949246452326, 0.6308965652813725, 0.5640050157799109, 0.540737960896966, 0.6164447495295187, 0.6041960481455593, 0.636792723959961, 0.5956965414145284, 0.616086158216578, 0.5976653988518303, 0.6204076631626306, 0.6298396703360933, 0.6031130327191717, 0.5750672666850817, 0.63535741269354, 0.6139285863618228, 0.5350817631399604, 0.6116196821438119, 0.6131321180220073, 0.6257896439440758, 0.6303694277900178, 0.6443643255275033, 0.6362669448229762, 0.5665516633234592, 0.6098463130128562, 0.588887666705522], "loss": [1.2890063747763634, 0.8921131305396557, 0.7890674769878387, 0.7880284674465656, 0.729683380573988, 0.7607021778821945, 0.6542879194021225, 0.6460454203188419, 0.6668120995163918, 0.6190411187708378, 0.6105517819523811, 0.5359190478920937, 0.5690643340349197, 0.5625123605132103, 0.5795166008174419, 0.5338007062673569, 0.481810862198472, 0.5129841510206461, 0.47935886681079865, 0.48310053534805775, 0.4182167015969753, 0.4535817578434944, 0.5990995671600103, 0.35988704673945904, 0.4603332746773958, 0.3108397927135229, 0.35042618960142136, 0.325368694961071, 0.26926930993795395, 0.38027784042060375, 0.38403928093612194, 0.22491424530744553, 0.24491711519658566, 0.21623669285327196, 0.16728759184479713, 0.29867684934288263, 0.42014189157634974, 0.22218387108296156, 0.190464292652905, 0.18153363186866045, 0.15079635055735707, 0.16570352390408516, 0.13178745191544294, 0.3586912238970399, 0.2412741482257843, 0.13451802940107882, 0.12641226779669523, 0.14082744624465704, 0.14757540728896856, 0.10175758297555149, 0.10028667049482465, 0.20228497497737408, 0.10996550368145108, 0.11292727291584015, 0.13434352353215218, 0.08189367409795523, 0.09616666939109564, 0.10524019924923778, 0.07145445118658245, 0.11304573807865381, 0.1442192792892456, 0.06844837451353669, 0.0651905124541372], "f1_score_neu": [0.05275183281628415, 0.5845441091805696, 0.6997096911072731, 0.6367701701819897, 0.7180576808750629, 0.6250521522015333, 0.7564204446971416, 0.7593168392777443, 0.7495356500148773, 0.763912208378315, 0.7760282270610332, 0.807331882417202, 0.7697807811200619, 0.7847772501409054, 0.7876923605799675, 0.8079530782997608, 0.8126410432159901, 0.8062451034784317, 0.8316221237182617, 0.8001979067921638, 0.833644762635231, 0.8157187215983868, 0.7495200373232365, 0.8756279833614826, 0.799144621938467, 0.890624400228262, 0.8757655136287212, 0.8881433121860027, 0.9142357744276524, 0.8518675714731216, 0.8467055112123489, 0.9288715235888958, 0.9146339781582355, 0.9344363994896412, 0.94161481782794, 0.8834674432873726, 0.7835306655615568, 0.9175947792828083, 0.9439636617898941, 0.9431087225675583, 0.9581900425255299, 0.9517932049930096, 0.9633598402142525, 0.8521953225135803, 0.891546368598938, 0.9575486406683922, 0.9634456932544708, 0.956475019454956, 0.9481630139052868, 0.9710093140602112, 0.9661773070693016, 0.9240780025720596, 0.9699397273361683, 0.9618312492966652, 0.9624189138412476, 0.974125362932682, 0.9668609201908112, 0.9653435312211514, 0.9779774695634842, 0.964704692363739, 0.9477329179644585, 0.9795156791806221, 0.9831400699913502], "f1_score_neg": [0.39244914054870605, 0.2997541343793273, 0.33044389449059963, 0.4582304572686553, 0.463281137868762, 0.5050335023552179, 0.561530627310276, 0.5342885553836823, 0.6129745282232761, 0.6156384758651257, 0.5750022176653147, 0.7276249155402184, 0.6646769158542156, 0.7003775648772717, 0.5986067540943623, 0.6751349531114101, 0.7356515973806381, 0.6463736910372972, 0.762135598808527, 0.7726598344743252, 0.8081662282347679, 0.760727770626545, 0.829294353723526, 0.8361137583851814, 0.6938510686159134, 0.842508539557457, 0.8535257317125797, 0.8761508427560329, 0.8933564610779285, 0.8778432346880436, 0.8919159509241581, 0.9162991680204868, 0.9009972251951694, 0.8924781791865826, 0.9350875914096832, 0.9419904500246048, 0.8893402144312859, 0.9037980102002621, 0.9160355031490326, 0.9440648928284645, 0.942179474979639, 0.9298246577382088, 0.9335254393517971, 0.8663835674524307, 0.9198108352720737, 0.9618102237582207, 0.9639393165707588, 0.945614006370306, 0.9309095218777657, 0.9627155438065529, 0.9646931700408459, 0.9390942975878716, 0.9572052583098412, 0.9397179819643497, 0.921148706227541, 0.9773112498223782, 0.9647343121469021, 0.9432342350482941, 0.963487733155489, 0.9535176903009415, 0.9232999794185162, 0.9659918025135994, 0.9851055257022381], "val_f1_score_neg": [0.41971282775465224, 0.19149195634018176, 0.29627939830872446, 0.5292209364315547, 0.30801614375290143, 0.3556277263189531, 0.44620447337174085, 0.4409160741414106, 0.36337974558907044, 0.33658384256809365, 0.5479170327076536, 0.5983055614124532, 0.5712232461695967, 0.262805209114831, 0.3741320803851366, 0.5698801319554757, 0.6016113692432947, 0.5904945252199921, 0.5896055354335443, 0.4068408847683657, 0.577799054337023, 0.5056955934414987, 0.5735628036198389, 0.49003276799471085, 0.5676375964073693, 0.5450496815522137, 0.5239680413964725, 0.5711223731633719, 0.576057472427217, 0.47715584148642837, 0.5284445842919999, 0.525159721514574, 0.5840924808649512, 0.4681009389723876, 0.5599846636533049, 0.5915530664289901, 0.5728715753230154, 0.5074890085696049, 0.5579362217910391, 0.42298327322679025, 0.3983144175887514, 0.5789377788937127, 0.498778716569931, 0.5866663125347285, 0.5040709792614109, 0.5349182957055967, 0.4976807184773357, 0.5375741902311861, 0.5685486810244258, 0.49796218746076754, 0.44283488617148453, 0.5734445709835786, 0.539425351692878, 0.40353317708441383, 0.5224557697163333, 0.5458849829042987, 0.5779172402181058, 0.5611146473678241, 0.5844254262516763, 0.5737813490443175, 0.4657418055153568, 0.5658574275322671, 0.527259472346262], "val_f1_score_neu": [0.3869064474727987, 0.6507468777568266, 0.4557733575706247, 0.6778012418915773, 0.5372065986950442, 0.6882948497759211, 0.6895711891863123, 0.7012556483043387, 0.7023848199544227, 0.629895380232361, 0.7189320246753748, 0.6582616657495436, 0.7160394185645481, 0.7106433684451355, 0.6963435819447275, 0.6582785497304495, 0.6813633397999255, 0.6349472586263861, 0.6302033992317634, 0.6347176305052804, 0.6273802133673231, 0.7053855187993584, 0.7142910883866237, 0.44225663934640613, 0.7062866364505826, 0.7106254273063706, 0.6835720383086106, 0.7078366899878029, 0.6697977263096465, 0.5694860216047456, 0.7072636146980604, 0.7093249605985692, 0.6921501373825754, 0.7016619697287425, 0.6916609657520452, 0.42971605251631395, 0.6821436021479915, 0.705545026174906, 0.6917590293520366, 0.6860789575509252, 0.7045515642965243, 0.6974962686510684, 0.6550738816964105, 0.47724237374486556, 0.7112655705302648, 0.7059891689583413, 0.7023817357853145, 0.6972528597735184, 0.7017447859978945, 0.6948813882331788, 0.6719819067689399, 0.6606375800947364, 0.7111144410228905, 0.7086126807321879, 0.6420654068929831, 0.7009489040439785, 0.6868492267496342, 0.6880930470976341, 0.656148071555431, 0.5758046891130927, 0.7049375063879671, 0.7077207055080603, 0.7083630927147404],