{"1": {"f1_score_pos": [0.5630559523014275, 0.612331791188767, 0.6248690609521451, 0.6303982023725929, 0.6484882666360801, 0.6601932706587362, 0.67057833681075, 0.6862728448121627, 0.6832058733561143, 0.6905200002934371, 0.7055260875441108, 0.7138154849715149, 0.7335074583786034, 0.7372139073463782, 0.7345978856102842, 0.7528494605583729, 0.7515667483801616, 0.7636185980494002, 0.7673641798528306, 0.7844441961505879, 0.7856287262763387, 0.7896057544620353, 0.7961261882049924, 0.8089809049842438, 0.8280063636665916, 0.818351051543031, 0.8287235445263853, 0.8338282740319917, 0.84196479519168, 0.8412307251570265, 0.840577282755107, 0.860186348775648, 0.856699618143571, 0.8597244986554031, 0.8712210004027933, 0.8717291661916339, 0.8720754534781434, 0.8775018076613446, 0.8807961416370168, 0.8921543822368099, 0.88627251821383, 0.8918821782274451, 0.8897213162026765, 0.8963772128688233, 0.9020325624747038, 0.9016048542204174, 0.8981482098534168, 0.9098178869615141, 0.9080226943777884, 0.9128731809578132, 0.9161601777543602, 0.9059050549074672, 0.9094014812848142, 0.9091012089451759, 0.924447733507389, 0.9172485171157658, 0.9239506612307994, 0.9181455943026859, 0.9202755427101157, 0.921386716273018, 0.9284920365441949, 0.9228499138691159, 0.931226873411521], "val_f1_score_pos": [0.6471259650346395, 0.6697210508423883, 0.5880410171843864, 0.661140762470864, 0.6478251412108138, 0.6581184590185011, 0.6775032209383475, 0.6712547234586768, 0.5756338480356578, 0.6453577739161414, 0.6776457026198104, 0.6804312830035751, 0.6216497719287872, 0.6689898669719696, 0.6715375603856267, 0.6401578373200184, 0.6655514353030437, 0.5604269786460979, 0.6694017922556078, 0.6690059956666585, 0.5912998068977047, 0.6504391391535063, 0.6580711780367671, 0.6709625205478152, 0.6626333392955162, 0.6396529312069351, 0.6155603624678947, 0.5719688792486448, 0.660813210783778, 0.6545591749049522, 0.6587413307782766, 0.6540931720991392, 0.5780866701860685, 0.6564902204114038, 0.657879646565463, 0.6615920840082942, 0.6158176225584906, 0.5819854148336359, 0.5983951003164858, 0.6431723808920061, 0.57693278467333, 0.6603629653518265, 0.6443090293858502, 0.6016161772044929, 0.6172524062362877, 0.6404899600389842, 0.6434817088616861, 0.6432805061340332, 0.598916083574295, 0.6250759798127252, 0.644381125231047, 0.5773167747098047, 0.6446475354400841, 0.6202021321734866, 0.63815797986211, 0.6511563094886573, 0.6421732805870675, 0.588983038792739, 0.655129457647736, 0.6179032664041262, 0.633633348587397, 0.6280136060070347, 0.5694643242939098], "val_loss": [0.7995305762097642, 0.7684293816218505, 0.7710405282072119, 0.7954501453283671, 0.8108899416150274, 0.7293906485712206, 0.7280386219153533, 0.720624673205453, 0.7575300698344772, 0.729400550996935, 0.7275348998404838, 0.7803170874312118, 0.762889452077247, 0.7304639357167322, 0.7342169260656511, 0.7713423331041593, 0.7543774947926805, 0.8127750238856754, 0.7778255488421466, 0.7680296342115145, 0.8919206551603369, 0.7900366509282911, 0.791489979705295, 0.8360791230523908, 0.8166500837416262, 0.9122725717119269, 0.9317477055498071, 0.9456637147310618, 0.8526423404345641, 0.9560297711475475, 0.8738685765781918, 0.952082405219207, 1.1488025752273765, 0.9855007440657229, 1.161769393328074, 0.9826569541080578, 1.08511062731614, 1.0769194114852596, 1.1108738103428402, 1.0159301459789276, 1.1333376700813707, 1.0690110511070974, 1.077158781322273, 1.2170775532722473, 1.1390480366913047, 1.0718957499877826, 1.1174776972951115, 1.0877340637348794, 1.1882884309098527, 1.2370182565740637, 1.2451341071644344, 1.311386553016869, 1.1289913154937126, 1.1458047886152525, 1.1706011504740328, 1.138029955528878, 1.1293839280669753, 1.208231521619333, 1.1553200579978324, 1.2138264694729366, 1.2482519165889636, 1.205836603770385, 1.3500412315935701], "acc": [0.5918643142904927, 0.6422393397911472, 0.652476514643999, 0.6613960377597609, 0.6722075799460572, 0.6811608880651554, 0.6892019766425351, 0.7013987407820298, 0.7014663142886981, 0.7074802349496431, 0.7187647814122041, 0.7271775068749575, 0.741806876627978, 0.7456247066475183, 0.7488343819016274, 0.7548820865791435, 0.7638016034239119, 0.7693087368996145, 0.774004996753285, 0.7850868340416272, 0.7900195944928682, 0.798398544529949, 0.8045813936310464, 0.8096155136072505, 0.8221839323656988, 0.8262382637923598, 0.8301574427925724, 0.8340090533609091, 0.8382998838183993, 0.8460706786913149, 0.8448205932917422, 0.8622879875464265, 0.8609027638089956, 0.8623217797189139, 0.8732008923992239, 0.8729981784402007, 0.8780998711860198, 0.881039260778808, 0.8836407822099471, 0.8877288985191161, 0.8892492766363878, 0.8926616664375515, 0.893540100774553, 0.9003311043631765, 0.9032367023916468, 0.903270491881744, 0.9069869601128029, 0.9116156533188301, 0.9091830526270475, 0.9157375498868072, 0.9167849197404773, 0.9078991829329982, 0.915501050046428, 0.9176971402689608, 0.9261436581821069, 0.9216501132057554, 0.9223934033125009, 0.9244205663837173, 0.9224271908169849, 0.9269883071975906, 0.9306709882020708, 0.9290492597870975, 0.9329008701258603], "val_f1_score_neu": [0.7019352316856384, 0.675920830385105, 0.7174667063597087, 0.6415611908242509, 0.5907370955557436, 0.7099708133452648, 0.7120549098865406, 0.7203473577628264, 0.7194561177008861, 0.7285383190657642, 0.7237829187431851, 0.6532261572979592, 0.7314837542740075, 0.7170583364125844, 0.7139223048815856, 0.716176418033806, 0.7154967615733275, 0.7083874948926874, 0.6937741331152014, 0.6868742478860391, 0.7296922585448703, 0.7057009170184264, 0.6940259780432727, 0.7026165232465074, 0.6947991276109541, 0.683098997618701, 0.704292394019462, 0.7187593788714022, 0.6933373937735686, 0.673241521055634, 0.7097356657724123, 0.6332354690577533, 0.6645317528698895, 0.694275872932898, 0.555829522980226, 0.69451592661239, 0.7069988717903962, 0.7150937858465556, 0.7136490594696354, 0.700619987539343, 0.712333236997192, 0.6988583762903471, 0.6923948212249859, 0.7176773701165173, 0.6980934666620718, 0.6939953332011765, 0.7069607425380398, 0.694601651784536, 0.6909016805726129, 0.6489639886327692, 0.6415136504817653, 0.69971820067715, 0.6982123771229306, 0.7189404134814804, 0.6885278313546568, 0.6961708060792975, 0.6788248306996113, 0.7029219753033406, 0.6746512949466705, 0.6982656290402284, 0.6823021125149082, 0.7060879509191256, 0.712278313733436], "val_f1_score_neg": [0.476080736598453, 0.6095405567336727, 0.5241036749369389, 0.5784120156958297, 0.6223751403189994, 0.6145218038881147, 0.6003429221140372, 0.6066157197630083, 0.6128521174997896, 0.5738271064049488, 0.5527063962575551, 0.6255091074350718, 0.5379387301367682, 0.5905365259260744, 0.6209160967453106, 0.6109120958560222, 0.5382719905795278, 0.6104032566418519, 0.6222095199533411, 0.6146138753439929, 0.5534280325109894, 0.6105302233953733, 0.6080235492538761, 0.5447897786224211, 0.6144662136967117, 0.6058461335865227, 0.6092208986346787, 0.5632425063365215, 0.5811453397209579, 0.6148656711385057, 0.5885874838442415, 0.5902434861337816, 0.6009153087396879, 0.5981705293462083, 0.5824295048778122, 0.5594860544881305, 0.5915215555075053, 0.5808998636297278, 0.5848463991203824, 0.5873373223317636, 0.5753068730637834, 0.5599422450806644, 0.5837558282388223, 0.5347824044324256, 0.5665320125786034, 0.5670690254585163, 0.5126959431815792, 0.5749207404819695, 0.5954943548988652, 0.5894375636770919, 0.589340048867303, 0.5963943721474828, 0.5319138696870288, 0.5196990108973271, 0.5724269594695117, 0.5648578598692611, 0.5748060168446721, 0.4670870279943621, 0.5904974776345331, 0.568706471372295, 0.4915372725274112, 0.5476688948032018, 0.5450913958452843],