{"val_f1_score_pos_neg": [0.3631699933321477, 0.3833465090191584, 0.1800476926849385, 0.40168104987395437, 0.22016479043450057, 0.43086088561711416, 0.3221726108391007, 0.3934255611290548, 0.1781180937696136, 0.4141032636514184, 0.20974887410129345, 0.19296140012256316, 0.40758658586940516, 0.411756738504203, 0.3258239271347983, 0.46119269480643055, 0.34808911646586843, 0.41933617439561743, 0.1841591624086417, 0.2353873486675446, 0.43932467296860317, 0.3643135701113867, 0.43824431876636444, 0.4136169932202825, 0.4256876863261037, 0.39843138152824775, 0.42106226114769857, 0.380843621999146, 0.4450554982585195, 0.2816879858693935, 0.4203187398046081, 0.2013868072643722, 0.399712496521341, 0.3946674935489531, 0.4427248135752041, 0.3925991636833735, 0.4221650250071724, 0.4430500965932442, 0.3633481244004851, 0.4390903023304941, 0.3397243120248823, 0.42281997257452314, 0.3143093400424094, 0.4572191334660934, 0.36388946692256097, 0.44638025308856544, 0.3773283884163864, 0.4387686316676361, 0.4073876614807642, 0.4372673232545737, 0.41485208755562664, 0.3813953128045494, 0.4349439070935835, 0.32995886173647265, 0.4463191262194556, 0.2378344723985799, 0.4157061669078969, 0.3345768077117175, 0.4132312978917395, 0.4136687024884861, 0.4164880310502398, 0.41510411422637683, 0.42448158629885463, 0.4240350972222574, 0.4164267890473716, 0.4311837403960878, 0.4224689233104656], "loss": [1.9007956981658936, 1.3088231086730957, 1.0674186944961548, 0.9982966184616089, 0.9605892896652222, 0.9657465815544128, 0.928878664970398, 0.7958847880363464, 0.7890528440475464, 0.9162361025810242, 1.0144610404968262, 0.8643064498901367, 0.7711622714996338, 0.777656614780426, 0.6766322255134583, 0.6086596250534058, 0.5953451991081238, 0.6789001226425171, 1.0684137344360352, 1.0805697441101074, 0.6446961760520935, 0.5455330610275269, 0.5269683599472046, 0.47041648626327515, 0.40095382928848267, 0.36894524097442627, 0.5034936666488647, 0.35630545020103455, 0.36145034432411194, 0.38023534417152405, 0.4157232940196991, 0.8448209762573242, 0.6255673170089722, 0.3574953079223633, 0.3150145411491394, 0.345825731754303, 0.24242345988750458, 0.3382405638694763, 0.24294425547122955, 0.2704485356807709, 0.30943918228149414, 0.27878111600875854, 0.23865897953510284, 0.2316003292798996, 0.1963091641664505, 0.17322638630867004, 0.1883949190378189, 0.1397971510887146, 0.17198851704597473, 0.1413889080286026, 0.13642121851444244, 0.1396246999502182, 0.162330761551857, 0.19421249628067017, 0.24895617365837097, 0.34805288910865784, 0.6057685613632202, 0.45126813650131226, 0.16449157893657684, 0.21490930020809174, 0.12253190577030182, 0.10186454653739929, 0.08797664195299149, 0.06715461611747742, 0.06078939884901047, 0.07260061055421829, 0.15606407821178436], "f1_score_neu": [0.0, 0.009569378569722176, 0.3986928164958954, 0.6287878751754761, 0.42904290556907654, 0.6592178344726562, 0.43661972880363464, 0.7213115096092224, 0.6461538672447205, 0.7194244861602783, 0.17467251420021057, 0.618705153465271, 0.7285714745521545, 0.6144200563430786, 0.8009709119796753, 0.7768595218658447, 0.7636363506317139, 0.7631579637527466, 0.25, 0.5317919254302979, 0.7602996826171875, 0.8167539834976196, 0.8358862996101379, 0.8366337418556213, 0.8545454144477844, 0.8750000596046448, 0.8310501575469971, 0.9129412174224854, 0.8808989524841309, 0.8459529876708984, 0.8541666269302368, 0.49640294909477234, 0.7868852615356445, 0.9137529134750366, 0.9191685914993286, 0.8872549533843994, 0.9330254197120667, 0.8738739490509033, 0.9330025315284729, 0.9192825555801392, 0.8911917805671692, 0.9115045070648193, 0.9200000762939453, 0.9192825555801392, 0.9476310610771179, 0.9433107376098633, 0.925000011920929, 0.9605569243431091, 0.9588377475738525, 0.9530516862869263, 0.9638553857803345, 0.9638553857803345, 0.9563217759132385, 0.9417721629142761, 0.9390519261360168, 0.8763441443443298, 0.8589211702346802, 0.7848837375640869, 0.9400922060012817, 0.9375000596046448, 0.9761905074119568, 0.9666666984558105, 0.9739952683448792, 0.985714316368103, 0.9763033390045166, 0.9809524416923523, 0.9575471878051758], "f1_score_neg": [0.10810811072587967, 0.49211356043815613, 0.49211356043815613, 0.1192053034901619, 0.5605095624923706, 0.25157231092453003, 0.6058632135391235, 0.5026178359985352, 0.6241611242294312, 0.1492537260055542, 0.5748792290687561, 0.18978101015090942, 0.36129030585289, 0.6923076510429382, 0.7764706015586853, 0.7312775254249573, 0.7591240406036377, 0.5454545617103577, 0.565320611000061, 0.2158273309469223, 0.40993788838386536, 0.7971530556678772, 0.8101266026496887, 0.8095238208770752, 0.847736656665802, 0.8571428060531616, 0.7760000228881836, 0.8765957355499268, 0.8653061389923096, 0.8571428060531616, 0.7524753212928772, 0.6318537592887878, 0.3466666340827942, 0.8510638475418091, 0.9166666865348816, 0.8648648858070374, 0.9067796468734741, 0.85833340883255, 0.931174099445343, 0.9191489815711975, 0.8695652484893799, 0.8151658773422241, 0.8754717111587524, 0.8908298015594482, 0.9348659515380859, 0.9217391014099121, 0.9015151858329773, 0.9451476335525513, 0.9402390122413635, 0.9382716417312622, 0.9440000057220459, 0.9444444179534912, 0.9217391014099121, 0.913857638835907, 0.8878923058509827, 0.8541666269302368, 0.6222221851348877, 0.768750011920929, 0.8986784219741821, 0.93172687292099, 0.9583332538604736, 0.9469387531280518, 0.9626556634902954, 0.9795918464660645, 0.9672130942344666, 0.9838709831237793, 0.9344262480735779], "val_f1_score_neg": [0.4674229808771766, 0.4989218566930353, 0.1331853558432128, 0.5203030275376166, 0.19858245072309036, 0.544923893487298, 0.386762787308502, 0.5582189013761708, 0.0896932698628734, 0.5457139443128537, 0.11914043917789473, 0.22415901304256577, 0.5355834527510113, 0.5420336459490612, 0.4919627503639827, 0.5812602231108922, 0.40045335947850563, 0.5468228424769825, 0.08520824614840213, 0.27193512444795387, 0.5693974099982927, 0.5093007216944762, 0.5671516922589523, 0.5501133875432874, 0.5385441744563497, 0.5427496911462663, 0.509926710520786, 0.5505511910326568, 0.5829431237372202, 0.3469211443474418, 0.5543764110786981, 0.10679112174273797, 0.5131048745954567, 0.5139041900554328, 0.571455438851345, 0.505859840468571, 0.5529635565751746, 0.5512804719868727, 0.5109673433619151, 0.5810047111637786, 0.36822917931421995, 0.5828268816489333, 0.3962717431384167, 0.5813278629604997, 0.4844836976364074, 0.5882828254931369, 0.44448510359334237, 0.5595081527652475, 0.5106879854009219, 0.5749141073848983, 0.5169898993626834, 0.45696165900320496, 0.58074918519362, 0.36455428175329896, 0.5688439109976421, 0.17651595576786533, 0.5443725727508586, 0.357479490396733, 0.5413586516880099, 0.5348907160131555, 0.5536452311682262, 0.5495213353574893, 0.5716089714876553, 0.5616905958707195, 0.5413225854483479, 0.5549827876843905, 0.542682204571491],