{"val_f1_score": [0.5906579904189861, 0.6125329919853081, 0.660813724606987, 0.6521599424376189, 0.6995462930143083, 0.6486551154325741, 0.6722705837875534, 0.6994026999069642, 0.6686102552674056, 0.6906407623349792, 0.6595540321814304, 0.6837414050708753, 0.665721685436808, 0.7033937856996588, 0.6785615311968274, 0.669247165240236, 0.6921335405763165, 0.6884792317188602, 0.6897517901970088, 0.6772355643464235, 0.69280916813506, 0.6747539772813539, 0.6153878427039536, 0.6505861001911358, 0.6454086102371356, 0.6889793856576019, 0.6867287076898301, 0.5557424593028076, 0.6469863951128048, 0.634852700367269, 0.5960920251575693, 0.668191498716516, 0.6820428443023797, 0.6779048518342919, 0.6605503299309455, 0.6650685082731239, 0.6660169049288512, 0.6735314571916854, 0.6649656929026868, 0.6571498515253895, 0.6326905521638682, 0.6713997488286969, 0.6561935035506478, 0.6648759524590256, 0.6297639543510565, 0.4956703885721466, 0.6532069002584682, 0.6581993309994429, 0.656817834020255, 0.6446243432635496, 0.6406706648644518, 0.6501460124150118, 0.6630849762910812, 0.6501870156585029, 0.6547942516718078, 0.6598894206551532, 0.599839050001339, 0.6291158164138404, 0.6463311043681043, 0.6283610533486192, 0.6580769750285955, 0.6522287739064166, 0.6438292623379085, 0.6386180506145238, 0.5820194044639644, 0.6534069875954268, 0.6512563953148296, 0.6261187352410084], "val_f1_score_neu": [0.6853077392580627, 0.7113848059564446, 0.7249785175230945, 0.7291080093652659, 0.7302284040633631, 0.7319415608416572, 0.7354597292983123, 0.7221739201323116, 0.7378193015443225, 0.70977303928945, 0.7350203116328392, 0.6653649043980591, 0.7342711042582504, 0.7240097156478887, 0.7375014742434322, 0.7359173581602065, 0.6868794490713914, 0.714187503189294, 0.7374854399374455, 0.6458206563961341, 0.7415956867169496, 0.7329673269368393, 0.7165142613666563, 0.7283389282420398, 0.6730022055878278, 0.6896329167912771, 0.7194926598676696, 0.6897628203858986, 0.725652531254426, 0.724507992751574, 0.7028673340290699, 0.7308278246217284, 0.713139787781373, 0.7197714731695144, 0.7198506868982952, 0.7247770091632579, 0.7230269173265222, 0.7279876668153709, 0.7296405499481073, 0.7221353092032282, 0.6823520053880533, 0.7151311234855101, 0.7209907619621133, 0.7136788436224102, 0.715066425934133, 0.6721324140619738, 0.717395951014443, 0.7126275521077542, 0.7202337984803653, 0.7136090074722266, 0.7167507838990286, 0.7128451330249715, 0.7177502728496484, 0.7203717756202582, 0.7057179427822212, 0.6983528806723668, 0.7042623304207745, 0.7179368427504462, 0.7028847990497467, 0.5980561446118099, 0.7123562936672788, 0.7146634149826514, 0.7178521811602593, 0.7084720229308435, 0.7039134017507641, 0.712295081244658, 0.7081017989265678, 0.709818775826416], "f1_score_pos": [0.6062977810700735, 0.6577495783567429, 0.7095164060592651, 0.6883435944716135, 0.7168036798636118, 0.7265263100465139, 0.7615964462359747, 0.7392438799142838, 0.7512259085973104, 0.7592023064692816, 0.7777311354875565, 0.77216836810112, 0.8089823921521505, 0.7724942018588384, 0.8105744371811548, 0.8007169564565023, 0.8178833921750387, 0.8187706718842188, 0.8282511929670969, 0.8289216756820679, 0.8086579541365305, 0.8452543516953787, 0.858020693063736, 0.8433422893285751, 0.8896085719267527, 0.854528600970904, 0.8757505714893341, 0.8805750906467438, 0.865744968255361, 0.885871152083079, 0.911830484867096, 0.8805393328269323, 0.8874969780445099, 0.9132504115502039, 0.8857084115346273, 0.9170106748739878, 0.9301071961720785, 0.886395995815595, 0.9375979453325272, 0.931467076142629, 0.9256123950084051, 0.9057842642068863, 0.9372372478246689, 0.9290849715471268, 0.9482819736003876, 0.9403064002593359, 0.9264041831096014, 0.9500720749298731, 0.9262777219216028, 0.9501067101955414, 0.9499366382757822, 0.9514910380045573, 0.8936371952295303, 0.9579264024893442, 0.9623453269402186, 0.9606739183266958, 0.9501718133687973, 0.9600905179977417, 0.9663735826810201, 0.9308655510346094, 0.9591367046038309, 0.9558088183403015, 0.9566643089056015, 0.9695011973381042, 0.9647033711274465, 0.9572792450586954, 0.9779460231463114, 0.97027288377285], "f1_score_pos_neg": [0.4632037629683812, 0.5600496828556061, 0.6160794248183569, 0.620514432589213, 0.6521507700284322, 0.6700660039981207, 0.6832176595926285, 0.6847491810719172, 0.715854600071907, 0.7117930601040522, 0.7347209105889002, 0.7372568597396215, 0.7590091427167257, 0.7575385371843973, 0.7731925447781881, 0.7818919767936071, 0.764744500319163, 0.7827897320191065, 0.8183467934528986, 0.8071082433064779, 0.7996238271395365, 0.8198095311721166, 0.8440126677354177, 0.8366698771715164, 0.871870756149292, 0.8334928303956985, 0.8629287630319595, 0.86272232234478, 0.8750249346097311, 0.8824955175320307, 0.9002639601627985, 0.8729838381210963, 0.8897028615077337, 0.9153331319491068, 0.8789717704057693, 0.9120767017205557, 0.9184426665306091, 0.8946862816810608, 0.9339117705821991, 0.9318668941656748, 0.9214096516370773, 0.8914000441630682, 0.9331829498211542, 0.9295584112405777, 0.9487950503826141, 0.9323766181866328, 0.9197904815276464, 0.9439282417297363, 0.9365235517422358, 0.9510467201471329, 0.9456909745931625, 0.9471410314242045, 0.9156502137581507, 0.9537364095449448, 0.9549422363440195, 0.9616518716017405, 0.950816219051679, 0.9524111797412237, 0.9571274022261301, 0.8988567640384039, 0.9518538415431976, 0.9525097906589508, 0.9509391039609909, 0.9651770641406378, 0.9601453493038813, 0.9556623150904974, 0.972357968489329, 0.9689729859431585], "val_acc": [0.6504064967805496, 0.6674534443510882, 0.6989247249925414, 0.6876475308280963, 0.7151849000059398, 0.6918436953035391, 0.6970889003702639, 0.7151848898139052, 0.7086283783571257, 0.7104642052773006, 0.704694470035539, 0.6960398614672328, 0.7112509772873225, 0.7172829807195455, 0.7091528965737167, 0.6936795150955424, 0.7041699522722746, 0.7123000227714066, 0.7141358491600951, 0.686598478059521, 0.7112509820394368, 0.6984002073074369, 0.6593233691780016, 0.6871230017941923, 0.6842381225744008, 0.7010228177271207, 0.707579331638117, 0.6123786938024761, 0.6784684005103773, 0.6821400466910692, 0.6328350388093974, 0.688434296632232, 0.703120903802487, 0.7010228128968465, 0.6907946503509413, 0.6965643917204294, 0.6852871782505197, 0.6991869996233684, 0.6918436885661664, 0.6852871650727815, 0.6779438756971011, 0.6918436933182807, 0.6789929175076759, 0.6865984804355783, 0.662208232078032, 0.5832677777595731, 0.684238124950458, 0.6818777899900947, 0.684238124950458, 0.6703383209759752, 0.6729609151540576, 0.6755835242762892, 0.6921059536927646, 0.6755835297162096, 0.6768948331205606, 0.6776816146348112, 0.6467348619486571, 0.6692892767893434, 0.6789929150534589, 0.6443745016332627, 0.6808287349236221, 0.6787306565235457, 0.6703383131599977, 0.6724364029088734, 0.6490952018018222, 0.6826645721139916, 0.6761080490895653, 0.6601101470812706],