{"1": {"val_loss": [0.8727478822353723, 0.7489212731379647, 0.7622791358000832, 0.7154614301044235, 0.6878946140435872, 0.7278172161958676, 0.7161100654973466, 0.7087695795095971, 0.675931810175938, 0.8350621183932124, 0.7039481183534028, 0.8019609639971643, 0.7968177824172954, 0.732774077032671, 0.6965137781541616, 0.7610229293474087, 0.70667126251899, 0.9545601206347287, 0.7432631031753446, 0.7685245977997498, 1.0236122253339435, 0.776275250454009, 0.9867257885253871, 0.8713950632502018, 0.824360823634413, 1.1395710762673215, 0.8402702269390315, 0.9215333948540556, 1.1600914976586203, 0.8982107803917231, 1.187948970478287, 0.8826137835229753, 1.0824436834719497, 0.8865873755009319, 0.9410806390640775, 1.0517155306876378, 0.981544508322499, 1.2817293323308754, 1.161714821795982, 1.0287390217642256, 1.0858426283827112, 0.9583152571344763, 1.1206512471493417, 1.158995797744799, 1.0307042213552993, 1.114832492034766, 1.0474654704668438, 1.0534565850814872, 1.1351881626550837, 1.1920605351410292, 1.2404698848161615, 1.2548913788426557, 1.1946360855130052, 1.3008328032187204, 1.115926283068023, 1.2753901249024926, 1.4934380047283178, 1.2582128420608925, 1.3281076191730334, 1.3118230764427554, 1.365712002759964, 1.763861080057628, 1.2716179473050586, 1.2545213102200137, 1.2149178236762026, 1.5344945390550226, 1.2806637890533359, 1.2291758765456497], "acc": [0.542499993173849, 0.6367857122705096, 0.6486904734656924, 0.6604761942511513, 0.671071429337774, 0.6817857112203326, 0.6853571370953605, 0.6905952308859143, 0.705238096061207, 0.7152380907819385, 0.7213095263356254, 0.7291666666666666, 0.7326190464553379, 0.7509523757866451, 0.74714286057722, 0.7655952388332004, 0.7848809503373646, 0.7800000026112511, 0.7835714370012283, 0.7944047635509854, 0.7948809578305199, 0.7947618989717393, 0.8084523755879629, 0.8269047659067881, 0.81690476054237, 0.8334523843867438, 0.8495238167898995, 0.8370238109713509, 0.8408333297286715, 0.8608333262659255, 0.8616666651907421, 0.8796428598108745, 0.8770238097224917, 0.8855952414728346, 0.8798809569506418, 0.8839285657519386, 0.8998809513591585, 0.8970238133555367, 0.912738098984673, 0.9067857159035546, 0.9215476236173085, 0.9032142871902102, 0.9363095213969549, 0.927499994635582, 0.9280952371302105, 0.9129761868999118, 0.9366666710092908, 0.9271428549573535, 0.944880947470665, 0.9464285650423595, 0.9363095199777967, 0.9460714196874982, 0.9520238034781956, 0.9304761907884053, 0.930833332595371, 0.9578571411825362, 0.9486904768716722, 0.9526190516494569, 0.965714285771052, 0.934761908082735, 0.9635714313813618, 0.9538095274141857, 0.9441666723716826, 0.9667857147398449, 0.9607142827340535, 0.9654761857929683, 0.955476184686025, 0.9648809546516055], "val_f1_score_pos_neg": [0.3405492174447192, 0.4930892053423921, 0.4666341908672742, 0.5158071431812263, 0.6142750882489645, 0.5824994775306638, 0.5257674868013675, 0.5573575551385427, 0.6430553453599503, 0.47985072329605216, 0.5782522182904796, 0.5503385874220245, 0.5426752452865349, 0.5899686273426763, 0.6135822016518165, 0.5694389024682474, 0.670959844759309, 0.553279852463822, 0.6479527206987401, 0.5916048655383642, 0.4859918708676839, 0.6260230659563149, 0.5629151930435105, 0.5826422917445814, 0.6255930013116375, 0.49240027285610133, 0.600397511914181, 0.5388650511885578, 0.44511935740138736, 0.6031111925254179, 0.504576469824566, 0.6507238354734195, 0.5383124399726046, 0.6332669643445369, 0.5813295860131706, 0.5805139888342741, 0.6032149504402194, 0.5421291099206188, 0.5787202706338226, 0.632534215902363, 0.5954743688449815, 0.6096526984620714, 0.5913180622127842, 0.5389425076589227, 0.6264455291563965, 0.6013375064253088, 0.6256390663697717, 0.5815837289478533, 0.6102496530169925, 0.5958874149488834, 0.5593309927074234, 0.5679667678649676, 0.6107592384645766, 0.5876958889971247, 0.6009397848741045, 0.5668040655617823, 0.534356482801805, 0.5784099129845144, 0.5752237881696227, 0.5536213070584068, 0.5602421166857428, 0.5112512837455493, 0.5799954057271294, 0.5887854691881099, 0.6022582726624892, 0.5439152106537207, 0.5785922529564234, 0.6053380051404511], "val_f1_score_neu": [0.6669091563852572, 0.6903672663520835, 0.6916454343573177, 0.7024509339954107, 0.7139793073227485, 0.7176159776604585, 0.7113292270715925, 0.715511738816303, 0.7240542485555763, 0.6992962288318767, 0.7183826468511731, 0.715761811221143, 0.7146169715061483, 0.7200572415189795, 0.7234851646510879, 0.7185916221738956, 0.696666304314196, 0.7134735200963495, 0.6326252501873153, 0.7092725046813378, 0.6918876640852312, 0.6427677928103945, 0.7135773290338524, 0.718528625301073, 0.712773172023132, 0.6920590653620834, 0.6947242601818842, 0.69846909678642, 0.6884002566118738, 0.7138654831948319, 0.6961939981407047, 0.6438961959310382, 0.7050836555857124, 0.6917452353709581, 0.6972067307494239, 0.7060165479368905, 0.7088599405575073, 0.6979584155387838, 0.7122867094260515, 0.693758567080484, 0.7092158061577022, 0.6718946146489816, 0.6991344589965724, 0.6872652266365069, 0.6738135066834017, 0.7084390970780847, 0.6677274935176108, 0.6764600634606154, 0.6742155329780318, 0.6759951133725526, 0.696925145870677, 0.701281416550603, 0.689882114416278, 0.7012963752686555, 0.6985894949017877, 0.6975316332764054, 0.7005912146635829, 0.6862672072459856, 0.696314713553497, 0.6948113172597657, 0.6979277868330901, 0.6942392199051339, 0.6921826252592164, 0.6780313836318316, 0.6759552259380162, 0.6943504696532619, 0.6842017622404201, 0.6681831897696329], "val_f1_score": [0.4493358806928499, 0.5588485795370463, 0.5416379585655037, 0.5780217642237625, 0.6475098435721809, 0.6275383359861286, 0.5876214096716874, 0.6100756440486553, 0.6700550100480106, 0.5529992440351501, 0.6249623816688011, 0.6054796714686422, 0.5999891686839692, 0.6333315212083181, 0.6502165408888546, 0.6191565043620478, 0.6795287007676502, 0.6066777667535311, 0.6428435847042052, 0.6308274324441125, 0.554623813992437, 0.6316046614425563, 0.6131359317500917, 0.6279377655785383, 0.6546530692933146, 0.5589532173746, 0.6318397672039425, 0.5920664143787417, 0.5262130124578943, 0.6400293060215696, 0.5684489939208422, 0.6484479865720195, 0.5939028565726692, 0.6527597301437134, 0.6199553250297298, 0.6223481960444196, 0.6384299738557827, 0.5940722332924894, 0.6232424315554621, 0.6529423700928406, 0.6333882037560958, 0.6304000211205971, 0.6272568852451884, 0.5883834348273909, 0.6422348686819029, 0.6370380591164415, 0.6396685704264528, 0.6132092109165447, 0.6315716130040057, 0.6225899973786037, 0.6051957407180262, 0.6124050039617277, 0.6371335434751063, 0.6255627584651233, 0.6334897132955322, 0.610379952412717, 0.5897680877732567, 0.6143623470103307, 0.615587436149291, 0.6006846594241483, 0.6061373599364068, 0.5722472839645598, 0.6173911664137651, 0.6185341333892757, 0.6268239462278723, 0.594060315224182, 0.6137954477966222, 0.6262864146744083],