{"val_f1_score_neg": [0.5466160417621971, 0.48031189261499524, 0.5347292309830546, 0.6118735453056099, 0.462599080422951, 0.6451035206563506, 0.6049084998013681, 0.5990640728311715, 0.5523858791903445, 0.6403730958633148, 0.6451556414995867, 0.6383725755449571, 0.6568766297170079, 0.6054223133699346, 0.6204661452925747, 0.4725221078030118, 0.47448127999318596, 0.6580072253124702, 0.6574231535263336, 0.5877695560884325, 0.634160568142495, 0.6228778985401451, 0.5051755000490676, 0.5905359598950014, 0.5726651989603923, 0.6462517163799627, 0.6245643292736803, 0.6404542331485346, 0.6311749231155745, 0.5868225396886045, 0.6368434760573743, 0.637517888750839, 0.6395449284707111, 0.6302708490335668, 0.5572297183769113, 0.5514373859734992, 0.6307485125593596, 0.6350742716323777, 0.6504663123346587, 0.6425942301589307, 0.5073827848582454, 0.6045274945781192, 0.6361770965577888, 0.4285982616088222, 0.6261386027005789, 0.6387224220982877, 0.630111468251203, 0.5944861612285626, 0.6094011494129883, 0.6100263240044577, 0.5868940524458617, 0.6268102770928483, 0.5194430571389638, 0.5714794587188082, 0.6121297063347031, 0.617295429184262, 0.6103517218210973, 0.6302330065996219, 0.6018876764509413, 0.5523978941782712, 0.6002246525123535], "val_f1_score_pos": [0.2761974278410115, 0.17627877480963355, 0.33940082555196865, 0.3292997980300124, 0.44014085277586545, 0.4539899941344439, 0.38987536328202477, 0.35946805562674866, 0.3110091421875501, 0.4829539430071736, 0.3906206024883569, 0.21595069857878132, 0.4508341455641921, 0.3984927167857063, 0.43174052707686705, 0.457709989808349, 0.44948640948365093, 0.3760771371735896, 0.42986262087289995, 0.42422886843677043, 0.43392002094558807, 0.4537209057480807, 0.4324425449523634, 0.39547043696910583, 0.26038553326772346, 0.3899246652652914, 0.4560361747075672, 0.41160134982537216, 0.24743558863262524, 0.39699225379066105, 0.40363604998030855, 0.3407466919155095, 0.2879291464496292, 0.4534590070412816, 0.45282023757682743, 0.42036249570035744, 0.3925041936294377, 0.3747171191176047, 0.416799351633319, 0.39233076013373297, 0.36492796457409055, 0.2927284137225612, 0.3933820596456635, 0.27306878412568886, 0.37033153403411295, 0.4353392683355003, 0.44974249268886585, 0.3857599073334744, 0.4061330166074321, 0.3912977282120417, 0.3990771012348041, 0.44643416987364215, 0.4476518249972897, 0.4010519908185591, 0.345171386882951, 0.4017592356165304, 0.3476521793084267, 0.34980531922343394, 0.3613464242024192, 0.3976799874653218, 0.3569221625417082], "loss": [1.0487366495746198, 0.8696812580127528, 0.8276101106142375, 0.8103041900212865, 0.780179132731727, 0.7602183303513257, 0.7500789857307713, 0.7304123058499354, 0.7029046014179312, 0.7008362877326008, 0.6850689891541358, 0.6529978445582729, 0.6698790189921587, 0.6281328145498418, 0.6219901720700663, 0.5997584783526608, 0.597856044313266, 0.5859265577192246, 0.5417557686808729, 0.5639517916337956, 0.5336557859295021, 0.5276598069954305, 0.5189573281016251, 0.48935914444665884, 0.4690976320060924, 0.44674213092462317, 0.4812631942901817, 0.42441280690482025, 0.4388725718300585, 0.37482605902704436, 0.4072911872802609, 0.3828586054669105, 0.3617563895498923, 0.33421106036990533, 0.3842429010236081, 0.3057555434378711, 0.33895531235033066, 0.32124949758998134, 0.28599212122837986, 0.2571561462862013, 0.2716998772898523, 0.28149053204258107, 0.27543019894996706, 0.20333227161133643, 0.24663922426724197, 0.23859111856062276, 0.21561154825101556, 0.18730457426190483, 0.21502513154791242, 0.19726435003867565, 0.14617740143254787, 0.18147127026177332, 0.21710664932519652, 0.15180127072532792, 0.20532477930067466, 0.1968286382780485, 0.14049831873374302, 0.1433488158869593, 0.16653890381998893, 0.10864652522263711, 0.17845457098191111], "val_f1_score": [0.5002906100067854, 0.45967866176696603, 0.533087774031987, 0.5499328610278227, 0.5427026345930387, 0.5968574242606873, 0.5734234952572708, 0.5639524291455076, 0.5342003674427775, 0.6130828136428219, 0.5903099562957702, 0.528578889541566, 0.611865334879746, 0.5843363325444632, 0.5973026941233373, 0.5605906614890466, 0.5562221743317268, 0.5821633051496018, 0.5923385989060018, 0.588578931528118, 0.5613035445163983, 0.5954999404612072, 0.5624542427770843, 0.5779721650034793, 0.5267487169116454, 0.5919984431348295, 0.6017952435626889, 0.5799405717710305, 0.5334187857320702, 0.5787031448375412, 0.5906590060023, 0.5613241883156486, 0.554786152363467, 0.5600764409572329, 0.5826172297782743, 0.5739823094746361, 0.5469660613647304, 0.5740954524163346, 0.5888694591528651, 0.5760419596651895, 0.53850865337262, 0.5456652063214452, 0.5808533603577694, 0.4828207389331325, 0.5763423891149015, 0.5631948952411029, 0.5943899348250821, 0.5707065188772121, 0.5787223780739699, 0.574084783989301, 0.5760471083481892, 0.5824484494801743, 0.5650549360186036, 0.5694938065820163, 0.5659450970412481, 0.5830408822187045, 0.5656680134412033, 0.5575183967293462, 0.5641341581840104, 0.5606666762068419, 0.5632804805396968], "f1_score_pos": [0.17605346587044796, 0.19063806950938691, 0.2743684489927133, 0.32014520783195294, 0.3753942260459991, 0.37632573323540597, 0.423028996038233, 0.415521392955853, 0.47588230060576103, 0.5124912171563407, 0.526708358920554, 0.5482529226881657, 0.515083934343902, 0.5837990193486107, 0.5563632476367358, 0.6292653900347348, 0.5924028506641663, 0.6276295444082292, 0.6693146328578438, 0.6495146451636975, 0.6775822662802884, 0.6875328059592406, 0.7035987820311992, 0.734139801694615, 0.7468429017614181, 0.7746369900948072, 0.7161669643825502, 0.7631776079361123, 0.7866322735373122, 0.8203705402240359, 0.797909642236926, 0.793046044804404, 0.8599279207436487, 0.8204151007852288, 0.8349493597403611, 0.8921045388432906, 0.8152241567091079, 0.85167618513, 0.8836018746227535, 0.9107843076828683, 0.8611749098388919, 0.868295067768715, 0.8966550981537057, 0.9190809263183017, 0.8833653166367061, 0.8999474979970608, 0.9008340406374927, 0.9065991404837687, 0.9137771992829338, 0.9292618627756378, 0.9297087295810775, 0.9252775145424689, 0.8916937979784879, 0.9343127303033343, 0.9231661225524065, 0.919492004638744, 0.9374484316010823, 0.9335924792032216, 0.9375645992564897, 0.9541600123383138, 0.9034865204006782], "val_loss": [0.8978531081237827, 0.8080025480450996, 0.796751086957488, 0.7856103305981816, 0.8006465146791489, 0.7859962285771543, 0.7529967299893371, 0.7487765173894888, 0.7680464555055667, 0.7737243156469571, 0.74254978193767, 0.8035164523703849, 0.7453088078260743, 0.7522334757282345, 0.7472019577905824, 0.809494303037495, 0.8263030189734238, 0.7980933837991441, 0.7867395742970225, 0.7797774353705169, 0.8740504122348824, 0.8066599355910846, 0.8798704105779174, 0.835080041898246, 0.9523824269686848, 0.8161131056428653, 0.8120437187221852, 0.8177289794921017, 0.9752141143414441, 0.9167247580559577, 0.840207418127742, 0.936650517257119, 0.9740175070979281, 1.0600118357696569, 0.9311154187395934, 0.9699049298150872, 1.0283962395402477, 1.0054541634537324, 0.9971251416678264, 1.0321850460550563, 1.152771369541115, 1.0807827501429987, 0.9693336387073141, 1.516047684072751, 1.0573923305193154, 1.165354544441817, 1.0349321617127751, 1.101917228583972, 1.0409546640076939, 1.0574207458740625, 1.2090985805560381, 1.1743134596945195, 1.2212813541366878, 1.204922905281434, 1.1816165542152086, 1.1000977502553462, 1.2871975660109596, 1.3934069149568173, 1.2584929696836828, 1.3445961882389188, 1.2587779085753041],