{"f1_score_neg": [0.2731253979179789, 0.45296384043553295, 0.5184205490000108, 0.5454695680562187, 0.586710570489659, 0.6078264222425573, 0.6338564446743797, 0.6512876240646138, 0.6568410773487652, 0.6572583098621929, 0.6835643605274313, 0.7408881976323969, 0.6970472046557594, 0.7221857243601013, 0.734989089124343, 0.7490601355538649, 0.777867886949988, 0.7729317931567922, 0.8014490770943025, 0.7739816728760215, 0.7827598654172, 0.8355272876865724, 0.8249736217891469, 0.861710704424802, 0.8474848033750758, 0.8553642095888362, 0.8033009688643848, 0.875309713623103, 0.8624212513951695, 0.875637593514779, 0.8645226166528814, 0.8896199008997749, 0.8686150899704765, 0.8862034643397612, 0.900776190792813, 0.8906371575944564, 0.932105112601729, 0.868583173436277, 0.9337839545572505, 0.925709143280983, 0.9068326590692296, 0.9260500949971816, 0.9163267051472384, 0.9297013642156825, 0.9260574544177336, 0.9305648575810825, 0.8937813806183198, 0.934871610473184, 0.9397402475861942, 0.9448779076337814, 0.86250860813786, 0.9463894025367849, 0.9554678105256137, 0.9539210717467701, 0.9450113580507391, 0.948399049394271, 0.9420140858958749, 0.9478373150615131, 0.9358198257053599, 0.9474006330265718, 0.948589464320856, 0.9580356128075543, 0.9553560737301322, 0.9623429784003426, 0.965453656280742], "val_acc": [0.6202465225447829, 0.667191190026171, 0.6957776059230231, 0.6803042179263236, 0.7025963789892109, 0.6679779812634976, 0.7023341090323385, 0.6433254550705736, 0.6931549919705174, 0.6965643917204294, 0.7078415858848746, 0.7052189838908146, 0.6540781538410823, 0.6831890867352329, 0.6944662917795189, 0.6960398632336439, 0.7138735900049037, 0.6627327508417415, 0.7004982928356848, 0.6965643856708628, 0.7062680359715837, 0.6700760601325326, 0.7086283788886122, 0.7020718456721512, 0.637293465425735, 0.7015473544988424, 0.6902701290704871, 0.6692892882006706, 0.6737477015611102, 0.679779702617276, 0.6472593789459556, 0.5992656673404635, 0.6779438822156264, 0.6863362020530821, 0.6981379481522455, 0.6590610931715626, 0.6163126189753104, 0.6803042304944155, 0.6826645654547787, 0.6973511623548392, 0.638867023623962, 0.6816155272395537, 0.6800419701199315, 0.6459480701642121, 0.683451353628242, 0.6949908123096393, 0.6939417830671565, 0.6632572793285271, 0.6700760523165551, 0.688958828104721, 0.6782061395262471, 0.691056907661562, 0.6926304719093557, 0.6928927340502505, 0.6262785242105949, 0.6821400496767726, 0.6747967566275828, 0.6771571017799808, 0.5937582017585671, 0.6818777893022887, 0.6881720423073147, 0.6845003967362691, 0.6789929162102236, 0.6737477093770877, 0.6855494295115737], "acc": [0.5820588272284059, 0.7211764700272504, 0.7407352906816146, 0.7452941151226268, 0.757794118979398, 0.772352950537906, 0.7852941225556767, 0.7914705872535706, 0.794411763548851, 0.8048529502223519, 0.8002941126332563, 0.8199999946005204, 0.8177941152278114, 0.8280882388353348, 0.8241176456212997, 0.8455882344175788, 0.8332352971329409, 0.8629411748226952, 0.8452941205571679, 0.8672058783909854, 0.8691176447798225, 0.8723529472070581, 0.8757352960460326, 0.9029411796261283, 0.8886764680638033, 0.8986764672924491, 0.8907352948890013, 0.8863235256251167, 0.8886764794588089, 0.914999997791122, 0.9066176475847468, 0.917499997160014, 0.9013235323569354, 0.9320588155704386, 0.9177941215388915, 0.9299999896217795, 0.939852938932531, 0.9272058851578656, 0.9317647034631056, 0.9461764702025581, 0.9276470559484818, 0.9464705823098912, 0.9397058732369367, 0.9454411776626811, 0.9513235258705476, 0.9527941135799184, 0.9435294156565386, 0.93970587849617, 0.9582352945033241, 0.9632352976238027, 0.9177941189092749, 0.9627941171912586, 0.9689706038026249, 0.9683823524152532, 0.9554411768913269, 0.9555882390807656, 0.9639705919167575, 0.9664705877794939, 0.9573529459097806, 0.9658823521698222, 0.9672058785662931, 0.9707352983600953, 0.9660294108531055, 0.9757352988509571, 0.9636764649082633], "f1_score_pos": [0.5798563860795077, 0.6806496635955923, 0.7010460916687461, 0.7010926586740157, 0.7213879849980859, 0.7366987738539191, 0.7495289348504123, 0.7663408929810804, 0.7552651736666175, 0.7845266698037877, 0.7672625464551589, 0.7799851920674828, 0.7997014741687214, 0.7959509526982027, 0.7909494962762383, 0.8223545472411549, 0.7913787882117664, 0.8501457598279504, 0.8014939585152794, 0.8555650562047958, 0.8604919603642296, 0.8334141084376503, 0.8499390421544805, 0.8858817789484473, 0.8688148742212969, 0.871550574022181, 0.8875014580347959, 0.8477672250831828, 0.8558783461065853, 0.9005883721744313, 0.8864150161252302, 0.9006707738427555, 0.8808956698459738, 0.9256654925206128, 0.9015206484233632, 0.9180677594507441, 0.9184907105039147, 0.9246784264550489, 0.9070147118147682, 0.9369575433871326, 0.9105041684473262, 0.9323203896774965, 0.9253776844810037, 0.9309637178392971, 0.9426070837413564, 0.943167128983666, 0.9447949712767321, 0.9227585888960782, 0.9493600559585235, 0.9578168050331228, 0.9140702179249596, 0.9555981834145153, 0.96364827541744, 0.9647083326297647, 0.9428010311196832, 0.941162208423895, 0.9583722037427566, 0.9624507909311968, 0.949177969027968, 0.9587220786248937, 0.9616319388151169, 0.964653697960517, 0.9563884594861198, 0.971072652760674, 0.9489781365675085], "f1_score_pos_neg": [0.4264908928204985, 0.5668067520155626, 0.6097333269084201, 0.6232811076676145, 0.6540492764290642, 0.6722626081284355, 0.6916926818735459, 0.708814247566111, 0.7060531246311524, 0.7208924942156848, 0.7254134556826424, 0.7604366961647483, 0.7483743385357016, 0.7590683286680895, 0.7629692948916379, 0.7857073413975099, 0.7846233441549189, 0.8115387734244851, 0.8014715068480548, 0.8147733719909892, 0.8216259216561037, 0.8344706936794168, 0.8374563385458553, 0.8737962447545108, 0.858149833538953, 0.8634573817253113, 0.8454012046842014, 0.8615384759271846, 0.8591497987508774, 0.8881129762705635, 0.8754688089384752, 0.8951453461366541, 0.874755372019375, 0.905934478430187, 0.9011484349475187, 0.9043524519485586, 0.9252979080466663, 0.8966307964395074, 0.9203993388835121, 0.9313333332538605, 0.9086684190175113, 0.9291852554854225, 0.9208521948141211, 0.9303325397126815, 0.9343322699560839, 0.9368659976650687, 0.9192881759475259, 0.9288151062586728, 0.9445501504575505, 0.9513473510742188, 0.8882894086487153, 0.9509937842102612, 0.9595580407801796, 0.9593146934228785, 0.9439061923938639, 0.9447806275942746, 0.9501931439427769, 0.9551440477371216, 0.9424989004345501, 0.9530613527578466, 0.9551107112099143, 0.9613446628346163, 0.9558722543365815, 0.9667078090064666, 0.9572158964241252], "val_f1_score_neg": [0.18904043785659091, 0.392487747827728, 0.5366601782335311, 0.6042973366335187, 0.5517393885057741, 0.5040497278060433, 0.5433529892869424, 0.55827828137355, 0.5093543969081076, 0.46974415707832057, 0.5918457270168802, 0.5481040151982741, 0.32609629545848323, 0.6447754949683002, 0.5070329672109102, 0.5435581473174946, 0.6373822563062839, 0.4913739354442243, 0.6127200598107715, 0.546598070036105, 0.6402434433285032, 0.5401596893108707, 0.6065025761344444, 0.5751409016504645, 0.4721129614710339, 0.5994618753732861, 0.6241783504563618, 0.4932391286021357, 0.3580853642283729, 0.4842828591758424, 0.5157959901408014, 0.43113475892601943, 0.3871360084233933, 0.4737965269427021, 0.5245585786899244, 0.5523251892074087, 0.5496159873232578, 0.5141968514986186, 0.5535443145366532, 0.5719067384463234, 0.5010224192467005, 0.5806743417110088, 0.5621004219352809, 0.49609840300775343, 0.46908697395258425, 0.5508488595813958, 0.6004567591343031, 0.46074902420434116, 0.47905384451580774, 0.5508245843275307, 0.5479849105646627, 0.5885650854926081, 0.5262429767820487, 0.5122895774458638, 0.47817871175411336, 0.48728015430324384, 0.43334636832359047, 0.4958758193959472, 0.4863194414958409, 0.5600170515323292, 0.5467529796315965, 0.542287235446968, 0.4509330277379779, 0.5190560373927301, 0.5487381367273229],