{"val_f1_score_pos": [0.3344517126176682, 0.3271666524032725, 0.35791531240033825, 0.32657134900262536, 0.3709503226166527, 0.36137477337000234, 0.386146306415104, 0.41714423251377264, 0.3866125935511819, 0.2986424667069465, 0.3189793865368595, 0.41105573947130425, 0.3638576130796219, 0.3908024510847144, 0.3990198662031142, 0.3981683568486854, 0.3864143434886829, 0.384792649298169, 0.3426261752696387, 0.3555432357768781, 0.37074611651377265, 0.3507065692840264, 0.3177057385203327, 0.4173865590849493, 0.3003698342282441, 0.4044635083377227, 0.37291933393027943, 0.40798443826640235, 0.3862786405911276, 0.34042652489578085, 0.40704846593961486, 0.3849822690478328, 0.33042157646829995, 0.3254613145696543, 0.3639413612520593, 0.3740400296715107, 0.38067344510764406, 0.3581192715447924, 0.25809462123822374, 0.39634429110742825, 0.31690162280846756, 0.2681640376593688, 0.3630352884034986, 0.22018394665813532, 0.3616899158495587, 0.34594761176362426, 0.3369174780767349, 0.3228853085102179, 0.3363992546358679, 0.40234179170722634, 0.30519666557262676, 0.356913103989744, 0.3731547189332642, 0.40609600236434096, 0.42110296843880957, 0.34978379175784186, 0.2985119871523699, 0.35774865108355713, 0.3120223303072848], "loss": [1.0307003367278311, 0.8893188122246001, 0.8629346564412117, 0.8429235099918313, 0.8130669879416624, 0.7988567563394705, 0.7728022055493461, 0.7552129953271813, 0.7399684008624818, 0.7346288876401054, 0.7128164793054262, 0.6964550394978788, 0.6842198061446348, 0.6770356111228466, 0.6607731957402494, 0.648959015806516, 0.6332914514674081, 0.6205601899160279, 0.6169011381765207, 0.5938141337699361, 0.5749057808683978, 0.5678618521326118, 0.5616374508374267, 0.5367437857720587, 0.5555060363064209, 0.5330412667244673, 0.52191415325635, 0.5106165634675158, 0.4962811836351951, 0.4871732967181338, 0.4856900607960092, 0.4617713362806373, 0.45387294536663425, 0.43764458907147247, 0.44880325719714165, 0.4362430363479588, 0.44096198884977234, 0.4093622546643019, 0.411366355812384, 0.4017319170137246, 0.40678780608707005, 0.3994766811115874, 0.3941380950725741, 0.3746022517896361, 0.39487253729667926, 0.37174702891045147, 0.3476032004174259, 0.34936974715027547, 0.36263776073853177, 0.34334010123792624, 0.3506685784086585, 0.32953477061043185, 0.29946454479876494, 0.3220447198384338, 0.34062474810828763, 0.3150205034762621, 0.2938143103900883, 0.30515702348202467, 0.30737381976925665], "f1_score_pos": [0.4568527051144176, 0.5230343853020005, 0.5342503336982595, 0.547139286581013, 0.5786202580978473, 0.5841999229871564, 0.6098361799700392, 0.6261172120769819, 0.6312988470825884, 0.6443605638212628, 0.6607590698533587, 0.6603102081765732, 0.6611247385541598, 0.6792806163430214, 0.6944007898370425, 0.6946960294412242, 0.7043370140923394, 0.722697420252694, 0.7209472445150217, 0.7408739320105977, 0.7277314927842882, 0.7513344726628728, 0.7639036770496104, 0.7694957566757997, 0.7601429195039802, 0.7676115329894755, 0.7717563348511854, 0.7803866461747222, 0.8040095286236869, 0.796261963331037, 0.79341819923785, 0.812273715933164, 0.8016664588616954, 0.8253554010556804, 0.803107643706931, 0.8241509902808402, 0.8245832348863283, 0.8333716889222463, 0.8355941880080435, 0.8382574001120197, 0.8390583896802531, 0.8338809050619602, 0.8330724591182338, 0.84638921254211, 0.8350417580869463, 0.8612257867223687, 0.86949015284578, 0.8670127313170168, 0.8568799669543902, 0.8673680851029025, 0.8545678560104635, 0.8652893652518591, 0.8877345220082336, 0.8708171712027656, 0.8651282042264938, 0.8885204316013389, 0.8802096992731094, 0.8807221568293042, 0.8816125761303637], "acc": [0.48861111224525505, 0.5807638874070512, 0.5956944367951817, 0.6053472181989087, 0.6220833402540948, 0.6284027761883206, 0.6504166672627131, 0.6545138888888888, 0.6697916641003556, 0.6632638867530558, 0.6839583333995607, 0.6845833332174354, 0.6890972219407558, 0.6940972213115957, 0.7072916643487083, 0.7124999976820416, 0.7243749954634242, 0.7284027772645155, 0.7330555530885855, 0.7451388951804903, 0.7461805567145348, 0.756111112733682, 0.7593749947845936, 0.7706944483021895, 0.764791666633553, 0.774583330998818, 0.7848611109786563, 0.7838194436497159, 0.7936805586020151, 0.7994444473750062, 0.8031250006622739, 0.8149305532375971, 0.8126388895842764, 0.8246527715689607, 0.8193750008940697, 0.8205555495288637, 0.8240277808573511, 0.836597224076589, 0.8382638912234042, 0.8442361127171252, 0.8411805517971516, 0.8406944432192378, 0.8438194377554787, 0.8523611082798905, 0.8431944445603423, 0.8556249990231461, 0.8661805527905623, 0.8644444445768992, 0.8570138932102256, 0.8668750002980232, 0.86659721740418, 0.874097222669257, 0.8898611126674546, 0.8767361111111112, 0.8700000014570024, 0.8784722230500646, 0.8886111184126801, 0.8856944466630617, 0.8837499995198514], "val_f1_score": [0.34315389882751374, 0.5382135107181547, 0.49398863690960154, 0.5058251789867797, 0.5035723661765074, 0.5593374804017568, 0.535057487489938, 0.5647352169721555, 0.5205529837714515, 0.5515958177469573, 0.4784947984051286, 0.5523957325647503, 0.5646439292545636, 0.5509963535908584, 0.5694580374137271, 0.5262392946475806, 0.5417192000770054, 0.5414641410233039, 0.5150358937798026, 0.5495755310483307, 0.48348733725120935, 0.5146315914121663, 0.5414230964015424, 0.5147935494720212, 0.5376970680163242, 0.5659815092318454, 0.45179857287490577, 0.5269935082005747, 0.5678733589946285, 0.5234713027914848, 0.5407297085171286, 0.5406428286742907, 0.526585613305752, 0.5151838825942695, 0.5357252060964844, 0.439001345937444, 0.5213468257661237, 0.5375485802844361, 0.5155971894996745, 0.5293606500528012, 0.47173248409045154, 0.5052943394037179, 0.536724999446457, 0.48104189944278, 0.511991979729416, 0.5137096657926737, 0.5240008399875862, 0.5419316112700208, 0.5425637290652572, 0.5549293891889149, 0.5242563337556854, 0.5433288439404466, 0.48203623782821564, 0.5581626891553589, 0.5540106381803711, 0.5368563011858413, 0.5309804894341792, 0.5508638785542854, 0.5282126043060584], "val_loss": [0.9788375138378443, 0.8589578054265509, 0.9358212278600324, 0.8231416237391816, 0.9269446574027507, 0.8020088121100584, 0.8522653218812896, 0.831511019239327, 0.8336681026464318, 0.7788268466334701, 0.8550274848026356, 0.8465734799595711, 0.7957640527820887, 0.8067883805171144, 0.802032295133528, 0.8970918637699122, 0.8597247502420917, 0.8310192402182428, 0.8923517828903593, 0.8045420924178984, 0.9744597520047461, 0.9043966518347187, 0.8236322531655089, 0.889457314951807, 0.8480191060781371, 0.8603143206170374, 1.1028051250323057, 0.9060193082528022, 0.8625263019397459, 0.9194551359357676, 0.913706024702315, 0.9130013688051427, 0.9437132672956813, 1.0127093435352683, 1.003527526752508, 1.2210510290264278, 1.0480571207140033, 0.9636798955490071, 1.0777662442280695, 1.0104677267992652, 1.2307220973573822, 1.0780757265588585, 1.0960668038528243, 1.206677591537925, 1.0625070343669663, 1.0700081847457268, 1.0988963820405548, 1.041504558764006, 1.0777800867163916, 1.0666668886705073, 1.1374892062879176, 1.0147451584370244, 1.2661708729040821, 1.1249989500144446, 1.10476277167337, 1.0711112192928711, 1.113797763581218, 1.0679267663114842, 1.142943352715582],