{"val_f1_score": [0.4765574751314828, 0.5662703265551035, 0.5540542090436213, 0.5371210619185873, 0.6116546618791505, 0.6265910264390865, 0.6309934039144669, 0.6692788076156898, 0.6704013699657361, 0.5804370860243107, 0.5484185633370484, 0.6456994582998324, 0.6136092168278748, 0.6782146982405087, 0.6504970143824902, 0.6734064511042269, 0.6747401360292432, 0.6603989560492171, 0.6659150891125186, 0.6517964645598837, 0.5826078946903688, 0.6598509635445079, 0.6109834357005793, 0.6181941742413068, 0.6745854862055815, 0.5760664474048109, 0.6237892487716274, 0.6345543825435663, 0.5797934351147488, 0.6623216701748176, 0.6640785027294374, 0.6090625638477827, 0.6113984143987216, 0.633532922598686, 0.5848344907402961, 0.6195212314362104, 0.6073608557570803, 0.6557858820009069, 0.6602560263620472, 0.6475171085389431, 0.642968432658806, 0.6284898090418823, 0.5840410577822569, 0.6265148026030926, 0.6495739043368588, 0.629059041512472, 0.6247810707016002, 0.6444143921003984, 0.641709768018665, 0.6346822637539975, 0.6428143657820137, 0.5887007485560285, 0.6390721736040573, 0.6388114159450486, 0.5211803437592382, 0.6351316982512395, 0.6454348218681741, 0.648252226175863, 0.640808130526774, 0.6428597045795141, 0.6376684872678281, 0.6447674114811055, 0.6329801509676097, 0.6364014917491709, 0.6402378297058453, 0.623537856873458, 0.6332440251695056, 0.6446877463483572], "val_f1_score_neu": [0.501003791505572, 0.6624520091975482, 0.6428698792783976, 0.6695363389173268, 0.6964159960387856, 0.6686994379941729, 0.7050590088071705, 0.7171034204218915, 0.7147202168647742, 0.7003275960441527, 0.6933927269642227, 0.7192428718237248, 0.7102682429162842, 0.7178160695306841, 0.7217694281156126, 0.7192071439899111, 0.6848551139192509, 0.6858213053204837, 0.6651629625328438, 0.7184834540156032, 0.7006715399963225, 0.7002795359108538, 0.5602053711647565, 0.5815501754095697, 0.7271578034609283, 0.7121679434587472, 0.7185112225268414, 0.7193073457756163, 0.6980086377434239, 0.7259636859614925, 0.7002265296550113, 0.7104920423971897, 0.7109441587126477, 0.7141394711309864, 0.6998677465692456, 0.7123191923004668, 0.7113766046043084, 0.7102886404604728, 0.6886225775599386, 0.6728881288162529, 0.7042746479011663, 0.7146726492787483, 0.6958469821654559, 0.7091957476080918, 0.7134606105243944, 0.7147181740652505, 0.7117424470028351, 0.6958996223365419, 0.6760323001523671, 0.7127566480930477, 0.7032264562188375, 0.6948092208739, 0.6869958834544336, 0.7060392269961889, 0.6789255827829465, 0.7138122380670837, 0.7121557599442104, 0.7108945639434212, 0.7006352394076741, 0.6887964857803253, 0.7094341738468514, 0.7103102120270167, 0.7109182234389433, 0.6917682728866189, 0.7123378626543051, 0.7098820912784833, 0.7110893440909377, 0.7080926456665261], "f1_score_pos": [0.5850836038589478, 0.6363013982772827, 0.6862155646085739, 0.7053938657045364, 0.655634194612503, 0.7056988477706909, 0.745600014925003, 0.7337133586406708, 0.7471651434898376, 0.7736737728118896, 0.7706747949123383, 0.7889566421508789, 0.7992864847183228, 0.7133451998233795, 0.8366390019655228, 0.8145766407251358, 0.8298649489879608, 0.8081150054931641, 0.8366211503744125, 0.8528468906879425, 0.8140453547239304, 0.8657041490077972, 0.8143071830272675, 0.8321695476770401, 0.81260547041893, 0.8915072381496429, 0.8977186232805252, 0.8961926996707916, 0.8782409876585007, 0.8501322716474533, 0.9126426130533218, 0.9259223490953445, 0.9143664389848709, 0.9291259348392487, 0.8775133937597275, 0.8154345005750656, 0.9055139869451523, 0.945860356092453, 0.9316995292901993, 0.9101182222366333, 0.9350762218236923, 0.9497510194778442, 0.8976136595010757, 0.9062740206718445, 0.9438764005899429, 0.9529733657836914, 0.9492071121931076, 0.9506969153881073, 0.9625941812992096, 0.9429754763841629, 0.9613486379384995, 0.9527291059494019, 0.9674796760082245, 0.975863590836525, 0.9404144436120987, 0.8001611977815628, 0.9664948880672455, 0.9713007062673569, 0.9723803550004959, 0.9658457189798355, 0.966274082660675, 0.9777726531028748, 0.9741729348897934, 0.9631394892930984, 0.9821495413780212, 0.983712688088417, 0.9702481478452682, 0.9808384627103806], "f1_score_pos_neg": [0.4620543643832207, 0.46539030969142914, 0.547760933637619, 0.5787193328142166, 0.5928654819726944, 0.6083097457885742, 0.6799082159996033, 0.6672564893960953, 0.6886950731277466, 0.717500165104866, 0.7228376120328903, 0.7368988990783691, 0.7405113130807877, 0.6751390546560287, 0.7797911316156387, 0.7485925704240799, 0.7766883969306946, 0.7776631116867065, 0.8071573823690414, 0.8013816475868225, 0.7996665090322495, 0.847172424197197, 0.8312302678823471, 0.8279602974653244, 0.8446691781282425, 0.8673149645328522, 0.8211246132850647, 0.8665723353624344, 0.8314120471477509, 0.8656642735004425, 0.9163698852062225, 0.9027493298053741, 0.8611363172531128, 0.9114749431610107, 0.8929993361234665, 0.866020679473877, 0.9107071906328201, 0.9423386305570602, 0.9248715490102768, 0.8996469378471375, 0.9369816333055496, 0.945616602897644, 0.9102822095155716, 0.9253999590873718, 0.9466094821691513, 0.9496550112962723, 0.9477250725030899, 0.945503830909729, 0.9618416428565979, 0.9433576613664627, 0.9639673084020615, 0.9395533055067062, 0.9560010135173798, 0.9684728533029556, 0.9473043531179428, 0.8511469811201096, 0.9523560255765915, 0.9715461134910583, 0.9642025381326675, 0.9697472304105759, 0.9608561992645264, 0.9705673009157181, 0.9659401923418045, 0.9665907174348831, 0.9792857468128204, 0.9765179455280304, 0.9657649546861649, 0.9781659692525864], "val_acc": [0.5420928413774784, 0.6236559005350133, 0.6294256425923073, 0.5843168004835305, 0.6632572817045843, 0.6645685809039394, 0.676370316123262, 0.6884342942561749, 0.691843694615733, 0.6386047633276378, 0.6273275601904504, 0.6755835304040156, 0.6527668564862977, 0.6926304785060408, 0.6907946497412951, 0.6905323767987193, 0.6876475259196624, 0.6852871771719148, 0.6795174446970091, 0.6740099673755144, 0.6412273839393564, 0.6897456079307204, 0.6315237347172403, 0.6386047843213535, 0.7002360270994403, 0.6648308382145601, 0.678206147951871, 0.6787306541474886, 0.6346708622123824, 0.6910569088183267, 0.6826645721139916, 0.6567007582111994, 0.6624704911550636, 0.6587988449743718, 0.6262785153160125, 0.6546026793421643, 0.67243640895844, 0.6881720369455541, 0.6797797098236074, 0.663257282173543, 0.6784683980561603, 0.66719117922449, 0.6189352300828003, 0.675583530935502, 0.677419349508213, 0.6690270122723914, 0.6548649347456865, 0.6755835219002321, 0.6585365821456709, 0.6635195305895811, 0.6669289350916074, 0.6540781501675728, 0.6574875329880773, 0.6648308501730058, 0.5906110666662947, 0.6687647495218503, 0.6763703178896731, 0.6724363969999945, 0.6690270194005629, 0.6716496243803263, 0.6669289242899265, 0.6719118702796197, 0.6653553636374825, 0.6687647427844776, 0.6658798836986443, 0.6653553534454478, 0.6661421488252425, 0.6726986692547642],