{"val_f1_score": [0.5183297999724922, 0.5556123632319231, 0.6662726507016814, 0.6035063018206064, 0.6254934395294379, 0.598736131641454, 0.6680814744980355, 0.6771560193296183, 0.6443967951772847, 0.6826755033526056, 0.6498975529621943, 0.6677159145533054, 0.6160604429470096, 0.635256731491404, 0.6846078590648931, 0.6802750874028379, 0.5983841176455708, 0.6117715506362315, 0.6029593129186783, 0.6804482532304132, 0.6404735680924543, 0.6758596887120792, 0.6658637137229193, 0.6712626476097757, 0.6533494430860134, 0.6495399461028897, 0.6531850430492088, 0.6843460483123335, 0.6815228431267967, 0.6556164538363225, 0.6591853855977432, 0.5357574787535069, 0.6505527511969845, 0.6603745181448591, 0.6547782425957966, 0.51156852681775, 0.6760590813024258, 0.6618218670484122, 0.5962728302590715, 0.6510374957327764, 0.6092640525269877, 0.6372768012770136, 0.5997454154031845, 0.6469772741796462, 0.6736375106590925, 0.6492044534265542, 0.6309088722101948, 0.6584238451264394, 0.6291020769882852, 0.6460555403869733, 0.6086445296495379, 0.5155360321031917, 0.626295998501021, 0.6219708909833335, 0.6138425459237727, 0.6673142082447959, 0.6298701063466766, 0.6700788399474752], "val_f1_score_neu": [0.6597319489978537, 0.6974314793401148, 0.7082325222921784, 0.7138286314703428, 0.7181036522186494, 0.7126682252356177, 0.6486733054789602, 0.7229361134096921, 0.7264224362285813, 0.7238487423701202, 0.7265390349816313, 0.7306882918834561, 0.7233768808788557, 0.7239709817109506, 0.7350155223769651, 0.7353808263953264, 0.7093203887362947, 0.7163730377979614, 0.7190056131669551, 0.7344519440783249, 0.7268768215535852, 0.729787157115241, 0.6508788224627207, 0.68995783068269, 0.7272316168338147, 0.7279702461425507, 0.7283024404763613, 0.7212371664693779, 0.6897283279142322, 0.7273159249229691, 0.723710173201192, 0.6939899926888421, 0.6713318152437677, 0.7255685089799384, 0.7026531712733133, 0.6790318674469694, 0.7194005004258535, 0.724218394791958, 0.7140630049527926, 0.7182141708602375, 0.7060455209215326, 0.6863449451618859, 0.7126356915104524, 0.7060963769550559, 0.7250109003842612, 0.7180016485531124, 0.7216792830700578, 0.7085266217546391, 0.7163668233142135, 0.7170974680235027, 0.7096417605204749, 0.6789025130185623, 0.7154901156017794, 0.7137953873197144, 0.7121116090502415, 0.7209167755903799, 0.7173062343469855, 0.701917465437187], "f1_score_pos": [0.5484799792369207, 0.6597387393315634, 0.692684938510259, 0.6966429303089777, 0.7136341482400894, 0.7255502641201019, 0.7227112948894501, 0.7511052389939626, 0.7642859121163686, 0.7639523893594742, 0.7766323188940684, 0.773877223332723, 0.7794067760308584, 0.781949649254481, 0.79152183731397, 0.8278596798578898, 0.8080320755640665, 0.8198407193024954, 0.8045172890027364, 0.8196494628985723, 0.8153755863507589, 0.8270226269960403, 0.8311242659886678, 0.8408048500617346, 0.8386753052473068, 0.8512581537167231, 0.8958185215791067, 0.8588632742563883, 0.8832535942395529, 0.8406893263260523, 0.8822167664766312, 0.8880712538957596, 0.8778901894887289, 0.9000651687383652, 0.897780974706014, 0.9172747731208801, 0.8859693904717764, 0.9264813363552094, 0.8747305075327555, 0.9354716688394547, 0.9323418885469437, 0.9096108227968216, 0.9317774871985117, 0.9377887000640234, 0.9333117554585139, 0.9592288831869761, 0.89585742354393, 0.9532967507839203, 0.9487505455811819, 0.9573294321695963, 0.9609192907810211, 0.9384790658950806, 0.9422973344723383, 0.9340174545844396, 0.9284790356953939, 0.9633077383041382, 0.9678299973408381, 0.9497253000736237], "f1_score_pos_neg": [0.3992910534143448, 0.53607277572155, 0.5924260914325714, 0.6189006393154463, 0.6407081037759781, 0.666617547472318, 0.6727402061223984, 0.6991678575674692, 0.6897802104552587, 0.7156955848137537, 0.7177711526552836, 0.7332859635353088, 0.7339096615711848, 0.7536612997452418, 0.7451310654481252, 0.7815289497375488, 0.7841189702351888, 0.8030550628900528, 0.7968487292528152, 0.7876715163389841, 0.7908419817686081, 0.8174935430288315, 0.802266538143158, 0.8287759671608607, 0.8302170286575953, 0.847761407494545, 0.8441136181354523, 0.8667884320020676, 0.8728195627530416, 0.84840360780557, 0.8813200294971466, 0.8750272343556086, 0.8658084670702616, 0.9039802998304367, 0.9016110002994537, 0.9116163750489553, 0.8944865614175797, 0.9050447295109431, 0.8763707975546519, 0.9249498546123505, 0.9242174625396729, 0.9184397260348002, 0.9240018278360367, 0.9288849780956904, 0.9192399283250173, 0.9432560056447983, 0.8977859318256378, 0.9432563682397207, 0.9420003046592077, 0.9507057418425878, 0.9478451559940974, 0.9361081570386887, 0.9397224833567938, 0.9341843326886495, 0.9306347866853079, 0.937761977314949, 0.9602057337760925, 0.9421260803937912], "val_acc": [0.6223446092297954, 0.6446367680573132, 0.6931549937369283, 0.6658798758826667, 0.6784683890208902, 0.6643063175437521, 0.6837136115485091, 0.7094151556507484, 0.6900078561279113, 0.7120377708225465, 0.6910569070519158, 0.7067925518902775, 0.6873852728296695, 0.6957776083772401, 0.7060057600433045, 0.7060057690785746, 0.6485706830381128, 0.6640440795385959, 0.686860738434005, 0.7012850737402891, 0.6865984720099545, 0.7091528946666182, 0.6842381286239674, 0.6981379457761883, 0.6942040416752294, 0.6997115137756512, 0.6978756813373961, 0.7123000359491448, 0.6965643796212961, 0.6892210763800717, 0.6860739592958116, 0.6328350273199104, 0.6813532621911151, 0.700236033149007, 0.6936795216140677, 0.6003147187334267, 0.7025963904005381, 0.6973511738443262, 0.6669289357794135, 0.6955153468459915, 0.6488329384416349, 0.6831890855159405, 0.6677157022713552, 0.6923682170529519, 0.6994492467419544, 0.6876475133515705, 0.6863362189824894, 0.6955153378107215, 0.6761080564365842, 0.6865984786691673, 0.6635195492072397, 0.5979543644675989, 0.6766325782641569, 0.676632565008259, 0.675845784650773, 0.6918436897854588, 0.6758457936860431, 0.6915814258156253], "val_loss": [0.8093443343466171, 0.7939607121798737, 0.7142403604413404, 0.7537919352788047, 0.7266826612443521, 0.7658092764116102, 0.6999794010443229, 0.6654592825145256, 0.7146216831806292, 0.6643095167484179, 0.7004544592704043, 0.6730293988118545, 0.7327483163366411, 0.7153301300134617, 0.7121907336768784, 0.7233424742891505, 0.8924612426832846, 0.8837909388973617, 0.8016541440781414, 0.7514466447621357, 0.8086500716059345, 0.7205935471207333, 0.7327927891238293, 0.724737058528727, 0.8073383776059214, 0.7834130580457151, 0.8168477133569084, 0.7436378211947585, 0.7703169225364603, 0.7953232433769042, 0.9001151699267002, 1.2187401663747448, 0.8126824659029392, 0.8348461233847353, 0.846423558040832, 1.5238478994419529, 0.8529209820829662, 0.8892657034140136, 1.0919339896624025, 0.9049082041849716, 1.2293010215073972, 0.942653042420358, 1.1645752697081007, 0.9555422346047332, 0.9409637329711584, 1.0401127578516254, 1.04889305476407, 0.954711424625986, 1.1312638651252325, 1.0605939640762485, 1.2874902226998053, 1.8848083320953326, 1.1442022822267766, 1.1326263591494736, 1.1569012478208904, 1.0619167719430072, 1.231675742868673, 0.9933947717583839],