{"val_f1_score_pos": [0.2782051864235561, 0.2163875898328709, 0.4004819256681287, 0.393144441988894, 0.3855333739419912, 0.4072566019003315, 0.42379800537605306, 0.3309536951648937, 0.39837874488899205, 0.4437865787028623, 0.4009425131871365, 0.40740437682984487, 0.4747248243036111, 0.42874201566476944, 0.3447214145543497, 0.43614974725208894, 0.43240965864597225, 0.2645564541401651, 0.3450738895304075, 0.44256474689701575, 0.4398347912771016, 0.4502115400321195, 0.33161029565511285, 0.3841962370312648, 0.4469430164286965, 0.3892472729964992, 0.4373109524066632, 0.30564702846180253, 0.4030608514301207, 0.379231785714385, 0.41954933340840117, 0.3627293865609909, 0.407313587520233, 0.39008031221750994, 0.40958443180805815, 0.33902361606940246, 0.38745570822283326, 0.37370423866026153, 0.385166151280667, 0.3995230832697302, 0.4119398897288353, 0.37577156492626673, 0.3630252243884769, 0.39046894337645105, 0.3990007193170042, 0.3779881524439068, 0.4413232132758957, 0.3936817220508972, 0.40333445765014386, 0.37167064958845664, 0.4293121263565805, 0.3899144488200378, 0.38166002140246796, 0.38213866713129613, 0.41219469018739674, 0.3707247714550174, 0.40872307058073515, 0.43328146756472913, 0.4127093865106731, 0.3796695101867106, 0.42868697117751, 0.38848411330380955, 0.3944368822934978, 0.37897925362413226], "loss": [1.0760230900985854, 0.9211683140269348, 0.8693175092339516, 0.8347223257379872, 0.8488723337650299, 0.7967264311654227, 0.7702366198812213, 0.7638824257467475, 0.7305294493479388, 0.7124068832823208, 0.7066724476005349, 0.6907706510807786, 0.6602308814014707, 0.659575709274837, 0.6445925464587552, 0.6234414008046899, 0.5925541363124337, 0.5870428886264563, 0.597587271460465, 0.5902359347258296, 0.581177846927728, 0.5390575150293964, 0.5446234864315816, 0.5402851453317064, 0.5389795210212469, 0.5088627213346106, 0.4821760699685131, 0.5081420468964747, 0.45196452603808474, 0.44977687538734507, 0.44265372598809855, 0.45468612387776375, 0.4260861620839153, 0.4196040808622326, 0.39544674275176867, 0.3989023584872484, 0.4093284138611385, 0.3542634818170752, 0.35711753168808563, 0.3801466684256281, 0.36375423707067966, 0.34212545438536573, 0.35558583667235716, 0.3333487400252904, 0.33482525910117794, 0.33636638269360575, 0.3564526020948376, 0.31556309120995657, 0.2793499756870525, 0.33294315529721125, 0.28933038668973105, 0.33318247872271706, 0.2763830017564552, 0.2960658355482987, 0.28576739757720915, 0.27182059748364346, 0.25875443566058365, 0.27951127104461193, 0.26857336264635834, 0.2556363848437156, 0.24338503926992416, 0.24139294786644833, 0.24225996527820826, 0.2314924549843584], "val_f1_score_pos_neg": [0.40017089334844846, 0.2608327302399703, 0.5163958724747356, 0.4314782171704133, 0.48111299418995523, 0.5187122269466123, 0.48166675992340213, 0.4622145561661422, 0.4894492383669262, 0.5447529735620956, 0.49462990440659516, 0.5068358605743474, 0.5544489506017073, 0.5345573833650477, 0.4929029415225425, 0.5133728440205793, 0.4736383831479557, 0.40177219856766716, 0.4541921740815922, 0.5181863144261313, 0.48712031397795924, 0.38292282546258327, 0.48601130907244905, 0.4415698443722521, 0.5316753817258845, 0.5145786528752507, 0.4761917030977549, 0.47554379999235413, 0.4110350543938936, 0.46492512858616464, 0.5389032199529715, 0.4930877944289485, 0.5238715876237369, 0.43645518851934445, 0.5277005651755425, 0.48066924062603184, 0.4549066490329068, 0.5052209892521771, 0.49615543809925927, 0.4274682477954482, 0.5136506997192973, 0.5063189718297512, 0.4749877505403245, 0.5087667494891626, 0.4462048585383784, 0.43934236413929517, 0.5309049240705187, 0.4725268014341767, 0.4165730982067024, 0.45682760795600985, 0.527894650393652, 0.4933359639847327, 0.5073956782035982, 0.498231121403003, 0.5136483311921264, 0.492685528821469, 0.5005163627865612, 0.5261092333980256, 0.44507720845270093, 0.47220321812717647, 0.44646809001093346, 0.48637775325367594, 0.4520045800408532, 0.48971159433760836], "f1_score_pos": [0.27113387880048584, 0.33358100721878664, 0.3671364088409713, 0.40430917783773374, 0.4100473995453545, 0.4529131291700261, 0.4816917472385934, 0.5089380408504179, 0.5120705845100539, 0.5195709735687289, 0.5466830161001001, 0.5806346594222954, 0.6059069662754025, 0.6234904445175614, 0.623787288953151, 0.637081536331347, 0.6642388688134295, 0.6966432535222599, 0.6737542985273259, 0.6766536347568035, 0.6640544621539968, 0.7223240855549063, 0.7175127933067935, 0.7161618056041854, 0.7176918294280767, 0.7476913247789655, 0.7682056235415595, 0.7618206047586032, 0.7774950281849929, 0.7994334133608001, 0.7899279711501939, 0.7745222050164428, 0.8064271988613265, 0.8190623718713012, 0.8187641426920891, 0.8181353940495423, 0.823744854756764, 0.8444151074758598, 0.8412419977997031, 0.827243944896119, 0.8263740449079445, 0.83802298403212, 0.8375300860830716, 0.8516104705631733, 0.8510444281356675, 0.8376011428024087, 0.8412777797452041, 0.8643809051385948, 0.8689947250698294, 0.8497873746923038, 0.8668231235018798, 0.8519414695245879, 0.8934641767825399, 0.8803687202078956, 0.870033780911139, 0.886260629764625, 0.8890276311763695, 0.8578079901635647, 0.8868069015443325, 0.9111941419541836, 0.8967018515935966, 0.8938615460480962, 0.8927209068621907, 0.8931355699896812], "val_loss": [0.8760201872816185, 0.8715532012635718, 0.8623417643239463, 0.8256487291351504, 0.7992494437161513, 0.7984730960064732, 0.7746272442901773, 0.771965649285619, 0.763128404219409, 0.8453131592118198, 0.7642295691702101, 0.8623267899908785, 0.784971364569782, 0.8154742723909842, 0.7793552418362166, 0.7810169728393228, 0.8377265755893194, 0.8987182902152936, 0.8379383879741784, 0.8499244463588544, 0.8122453319559857, 0.9181448035126487, 0.8767778159957504, 0.86053527602729, 0.794060380674406, 0.8424967918318775, 0.9220030057875358, 0.9474765539598314, 1.0569711810449625, 0.9184213258423249, 0.8976921241561197, 0.8650369191298439, 0.8970804463567575, 0.9932822776280488, 0.9671288831138525, 0.939163449027224, 1.0413335585883754, 0.9947834569647459, 0.935425591854914, 1.0329823707922912, 1.288731666389908, 1.0219462307733937, 1.0455458304177412, 1.0082661119388987, 1.0111148009898692, 1.0859132086538914, 0.902095865141525, 1.1253022962575339, 1.313850920263626, 1.0862229140127666, 1.0184894383516712, 1.005196413959515, 1.0843795776581688, 1.0278361379912562, 1.03432841125073, 1.1139661515558081, 1.0986176291618914, 1.0731420586144553, 1.279307315813975, 1.134780813968777, 1.2073866645334221, 1.154187911381552, 1.255772780417538, 1.18981278859652], "acc": [0.4778571434851204, 0.5615178599421468, 0.5912500007876328, 0.6133928594312498, 0.6040178633161953, 0.6345535687037877, 0.654821435787848, 0.6516964291887624, 0.665982144751719, 0.6775892850543771, 0.6826785754944596, 0.6883035733231476, 0.702321429337774, 0.7067857118589538, 0.713660718607051, 0.7251785716840199, 0.7427678592503071, 0.7436607139451163, 0.7437499995742526, 0.7426785752177238, 0.7504464286778655, 0.7737499943801335, 0.7716071387486798, 0.7683928576963288, 0.770982134022883, 0.7888392885880811, 0.8000892900994846, 0.7909821404942444, 0.817767860101802, 0.8168750022138868, 0.8275000000638622, 0.8123214255486216, 0.8260714284011296, 0.8312499991485051, 0.843392859080008, 0.8460714205035141, 0.8378571458160877, 0.8625000023416111, 0.8622321369392532, 0.8516964332333633, 0.8552678568022591, 0.8653571387486798, 0.8595535728548255, 0.8741964304021427, 0.8740178575473172, 0.8717857077717781, 0.8637500086000988, 0.8800892888435295, 0.892946430082832, 0.8781250034059797, 0.891160716435739, 0.8725892869489533, 0.8983035715562957, 0.8870535753667355, 0.895892856908696, 0.9007142846073423, 0.9063392866935048, 0.8938392837132726, 0.9035714242075171, 0.9091071422610965, 0.9074107163718769, 0.9104464235050338, 0.9116964239094939, 0.9161607144134385],