{"1": {"val_f1_score": [0.57629439298043, 0.5554631355082054, 0.6308010570996082, 0.6876609068106955, 0.6907401204953317, 0.6657418439996671, 0.612965098382168, 0.6834108097922793, 0.6930321576462122, 0.6955358908928632, 0.6864756002627487, 0.6800102819115854, 0.6330760849325668, 0.704099373588592, 0.6991022250923059, 0.6375239162410052, 0.6928459391673969, 0.6962042525469272, 0.6665358271243658, 0.6647999032163382, 0.6802640607624019, 0.6144534100111845, 0.6877536094473192, 0.6642076923970378, 0.6556284620697468, 0.6690034452711476, 0.6619350584260504, 0.622264223948508, 0.6754783237196159, 0.6718842924938657, 0.6662794940746146, 0.6742533906188313, 0.6666232034849301, 0.6823265625678302, 0.6465543077244023, 0.6806233759599191, 0.6831058958150131, 0.6260922142692104, 0.6463419280432354, 0.6450827366531036, 0.6821977493489724, 0.6599135730262194, 0.678122008125081, 0.6722768995663703, 0.6726144571770779, 0.6755271461295731, 0.6664719058871426, 0.6051057453328095, 0.6517750984910214, 0.663529186088708, 0.6741459132366345, 0.6742082643846561, 0.6664746719147007, 0.6399384497220579, 0.6184203093707827, 0.662411778454014, 0.6682784629093204, 0.6617433134414629, 0.6712752309897237, 0.6577318987132307, 0.646690057701493, 0.6540112317530714, 0.6372117607292778], "val_f1_score_neu": [0.6675020991708549, 0.6884875258310179, 0.7147031110351616, 0.717874082436, 0.7044686015715851, 0.7335931581522954, 0.7164470420370195, 0.7362943113303516, 0.7155490467437696, 0.7405417415841246, 0.736046116166999, 0.646671253616279, 0.725234837598323, 0.7302419012405101, 0.7242689615248884, 0.7211240990531436, 0.6968768340785328, 0.7344880379187351, 0.7353906423877363, 0.7170040156783127, 0.7338764437877566, 0.7111990844174817, 0.7281533949743442, 0.6342955341559209, 0.6279259808195441, 0.7311864937192776, 0.7281516658456314, 0.7111658004053678, 0.7279451513521759, 0.7294323758568753, 0.7292871949493244, 0.7318776370876892, 0.7213491659104402, 0.6952288079193, 0.7236040369469507, 0.7204072800734335, 0.7286853251137072, 0.7151242107223282, 0.71477417924915, 0.6229053272245564, 0.7302797759045087, 0.7248321546365232, 0.7267254132346597, 0.716962379090529, 0.6862979380127141, 0.7153742632902171, 0.6871681558532474, 0.7030940320965127, 0.7228066558729093, 0.7220684023407417, 0.7253884905409445, 0.7219339655729344, 0.7193902572746387, 0.7080703512314828, 0.714443509406128, 0.7194847214450181, 0.7186931837052146, 0.7225477031106996, 0.7208039334931462, 0.7204680787338349, 0.7158881113374762, 0.7136814770597252, 0.6564449279476519], "f1_score_pos": [0.5949668114384016, 0.6857268922030926, 0.6988721986611685, 0.6953102635840575, 0.7193386343618234, 0.713432519386212, 0.7706825621426105, 0.7500954158604145, 0.7472696204980215, 0.7572969670097033, 0.7685149113337199, 0.7537624873220921, 0.7949326224625111, 0.7702788723011812, 0.8178794073561827, 0.8240462479492029, 0.8311113069454829, 0.7903331046303114, 0.8190435531238714, 0.8504855496188005, 0.8580015388627847, 0.8261649087071419, 0.8610500656068325, 0.87597231939435, 0.8712565911312898, 0.8501812194784483, 0.8830486883719763, 0.8398899883031845, 0.8944208584725857, 0.8952121237913767, 0.9044582160810629, 0.9191831424832344, 0.8714615715046724, 0.8901011360188326, 0.9165319303671519, 0.8954394335548083, 0.9308502500255903, 0.9317117271323999, 0.9326514042913914, 0.9350828317304453, 0.8928492441773415, 0.9460281270245711, 0.9119534889856974, 0.956691267589728, 0.9406599091986815, 0.9523979437847933, 0.9527606132129828, 0.9460948382814726, 0.8925280521313349, 0.9601473150153955, 0.9537011161446571, 0.9606672873099645, 0.9602805487811565, 0.9597960946460565, 0.9564316992958387, 0.9343521545330683, 0.9666137049595515, 0.9721102366844813, 0.934488752235969, 0.9753398299217224, 0.9653910001118978, 0.9673721591631571, 0.9713351974884669], "f1_score_pos_neg": [0.45468174417813617, 0.5779386001328627, 0.6197172080477079, 0.6355751231312752, 0.6677465364336967, 0.6654629421730837, 0.7013093618055185, 0.7082216901083788, 0.711608286947012, 0.7175488645831744, 0.7354978223641714, 0.7383973536392053, 0.7499133286376795, 0.7615399186809858, 0.7725948703785738, 0.7595474235713482, 0.798998050391674, 0.7722260815401872, 0.804511945694685, 0.8412770802776018, 0.8393506569166979, 0.8221808535357317, 0.8428954817354679, 0.8650593211253484, 0.8446087501943111, 0.8455103437105814, 0.8761354237794876, 0.8526853322982788, 0.895983312278986, 0.8702034987509251, 0.9056668020784855, 0.9136466284592947, 0.8496138577659925, 0.8966582305729389, 0.9136212368806204, 0.8998849180837473, 0.9278398007154465, 0.9326545496781667, 0.9168520383536816, 0.9266765589515368, 0.9085291263957819, 0.9421098033587137, 0.9186030713220438, 0.9527029345432917, 0.9272778307398161, 0.9448676407337189, 0.946332740286986, 0.9385884938140711, 0.9166220836341381, 0.9547678182522455, 0.9486736891170343, 0.9482479207217693, 0.9592477815846602, 0.9515524928768476, 0.9497235268354416, 0.9369796812534332, 0.9636789051194986, 0.9703788595894972, 0.9469209673504034, 0.9677597830692927, 0.957673218101263, 0.9609268506368002, 0.9654408780237039], "val_acc": [0.6378179949911255, 0.6144767932744281, 0.6706005765983447, 0.7023341246642937, 0.7044322089732491, 0.6968266395268213, 0.6601101489258413, 0.7018096035245269, 0.7120377708225465, 0.7204301099029389, 0.716758457125562, 0.6884343009153877, 0.6792551640166156, 0.7146603715191543, 0.7133490639723351, 0.7015473329580083, 0.7060057739088487, 0.7133490639723351, 0.6942040273407266, 0.7031208948297448, 0.706005775206301, 0.6425386759323802, 0.7015473364908302, 0.6747967547204843, 0.671911869122855, 0.6889588281828808, 0.6831890897990961, 0.6548649329792756, 0.7057435046397824, 0.6918436922396758, 0.6939417880381182, 0.6944662983762039, 0.6994492636713617, 0.699449252791521, 0.6850249179541955, 0.6978756963597049, 0.7060057654832249, 0.6813532710856977, 0.6653553534454478, 0.6640440590763668, 0.7025963778324462, 0.6829268403044529, 0.7023341084226923, 0.6986624646180576, 0.6910569220742246, 0.6952530781240436, 0.6797797044618468, 0.6338840836838353, 0.6782061425119505, 0.6868607377461989, 0.6915814331626442, 0.6970889070294768, 0.6860739725517094, 0.6816155212681468, 0.6553894530404374, 0.6921059393582618, 0.6897455995050966, 0.6900078639438888, 0.6952530871593137, 0.6868607371365527, 0.670600576520185, 0.6808287360803867, 0.6658798824793518], "val_loss": [0.7999400078953328, 0.8657700453972585, 0.7221214544451083, 0.6947947325370082, 0.6801685064351062, 0.6828694372017052, 0.7712066109931409, 0.6842573259935396, 0.6554291683358844, 0.6485046846110646, 0.6521453469905708, 0.6984336204707638, 0.7604658109073154, 0.6829852784458433, 0.6873004584371215, 0.7370881403239731, 0.6900203350551354, 0.6731717211037772, 0.7335305746821572, 0.7296334627166746, 0.7396938698109823, 0.9897305356871572, 0.7668223025571822, 0.8082322065610759, 0.7960905417538114, 0.8416789434039308, 0.8817426600607555, 0.9960931666935956, 0.7868137564554072, 0.8361073793653363, 0.8648766939827003, 0.8729327957585763, 0.7965082283286388, 0.7581340142381869, 0.9432951906769725, 0.8424265415937983, 0.8701398788616471, 1.0044028803866396, 1.0613383981082936, 0.9281268343974248, 0.8988977224377238, 1.0121022847703582, 0.8875307145782759, 0.9139392799884667, 0.8921641509207159, 0.9211788986912869, 0.9748862378871757, 1.4521471067829268, 1.0836704437919655, 1.0384006844459792, 1.0379188803591004, 1.0016682984601972, 1.0510163588877772, 1.092252281591894, 1.3998034151401415, 1.0105532289895678, 1.0335873908143702, 1.157436676298012, 1.0376248343422942, 1.128185242891249, 1.2265959685786076, 1.1480334417856868, 1.110046304869833],