{"1": {"f1_score_neu": [0.45251943822950125, 0.6282266440490881, 0.652526349760592, 0.6783299427479506, 0.6981083980451027, 0.7427027759452661, 0.7210535059372584, 0.7297807261347771, 0.7475310899317265, 0.7616179349521796, 0.7436485613385836, 0.7750384534398714, 0.7736050176123778, 0.7897719517350197, 0.7638792209327221, 0.7945261759062608, 0.7916695947448412, 0.8056264432768027, 0.7915344151357809, 0.6118822726421058, 0.8365145151813825, 0.8457280720273653, 0.8501995392143726, 0.844442737599214, 0.8695945429305235, 0.8755603482325872, 0.8319790102541447, 0.8738272165258726, 0.859536504993836, 0.8621245063841343, 0.8888043562571207, 0.8865232318639755, 0.8940851092338562, 0.884708554794391, 0.9166317991912365, 0.9161548838019371, 0.8903197559217612, 0.8979599686960379, 0.9179784643153349, 0.9021704271435738, 0.9174845640858015, 0.915331789602836, 0.9090695083141327, 0.9022080600261688, 0.9304061755537987, 0.9300304614007473, 0.9455066708226999, 0.8767122204105059, 0.92691320925951, 0.9337033703923225, 0.945499283572038, 0.9281812086701393, 0.9412079192698002, 0.960962018618981, 0.937630066027244, 0.9379596598446369, 0.9195983769992987, 0.9478328923384348, 0.9459772010644277, 0.9366381826500098, 0.9454076749583086, 0.9588790374497572, 0.9430048937598864, 0.9495810916026434, 0.9674560390412807], "loss": [1.1470272429287434, 0.9648189122478167, 0.9130196794867516, 0.8808771769205729, 0.8401706665754318, 0.7936591481169065, 0.7808528766036034, 0.7582306725283464, 0.718934390693903, 0.7182037557164828, 0.7203004484375318, 0.668639499694109, 0.6601186456779639, 0.6307697469989458, 0.6654637679457664, 0.5918533317744732, 0.5873746847112974, 0.5747728596131007, 0.5864678447445234, 1.0768619887530804, 0.5142466941227516, 0.4915371748308341, 0.4648610477646192, 0.48715978115797043, 0.4226597460607688, 0.3974031154066324, 0.47138904593884945, 0.40503526851534843, 0.4382756979515155, 0.4277422030766805, 0.34939201672871906, 0.3723567444831133, 0.3358480321864287, 0.36830368141333264, 0.2885717134922743, 0.2742547473559777, 0.35660234186798334, 0.3264934268469612, 0.27633983579774696, 0.2993095625812809, 0.2731499687458078, 0.2734460032855471, 0.3066602653513352, 0.3313451415548722, 0.25054796288410824, 0.21766566826651493, 0.19669261978318295, 0.4054942609121402, 0.24344509902099767, 0.21872251915434995, 0.1913885222747922, 0.25467738633354503, 0.2075065659979979, 0.16003433630491296, 0.20119328672687212, 0.22416956877956787, 0.2682932546983163, 0.18051629063362876, 0.194714295056959, 0.21967345103621483, 0.18848350116362175, 0.1500061663488547, 0.19907209603115916, 0.18831828578064838, 0.12007646060859163], "val_acc": [0.5565171780593746, 0.5827432458181254, 0.595069495127203, 0.627589844012867, 0.6129032296362806, 0.6254917410080932, 0.6202465250615276, 0.632572786938697, 0.624967217961228, 0.6170993946588418, 0.6270653018012248, 0.6260162586931979, 0.624704966700174, 0.6220823437123982, 0.6262785232101499, 0.6330972991838812, 0.607133493706713, 0.618148438376515, 0.4600052449245513, 0.6152635785403479, 0.6262785238197961, 0.6144767902887246, 0.6233936603726473, 0.6202465275157445, 0.6071334875789866, 0.609756101609652, 0.6178861834419515, 0.6142145227860691, 0.5843168142083871, 0.6055599210332955, 0.6081825325315842, 0.610805142263462, 0.61369000946228, 0.6105428887045106, 0.5851035935654278, 0.5950694963464954, 0.6073957378395956, 0.6011014985594261, 0.5995279433469024, 0.6045108887269495, 0.5974298481581063, 0.5992656708732853, 0.5963808051282391, 0.6123787042133583, 0.6055599251757636, 0.5845790776467342, 0.6042486163940199, 0.6021505325540232, 0.5992656758442471, 0.6058221813296196, 0.6039863530338326, 0.5945449793491969, 0.6079202721571003, 0.6073957503295276, 0.610542873541514, 0.585365853173946, 0.6005769725893852, 0.6087070536713509, 0.5903488111220849, 0.604510878456755, 0.5882507219828554, 0.5987411466696554, 0.5890375065609692, 0.5953317626298584, 0.5995279325452215], "f1_score_neg": [0.22646467288723215, 0.26230951842929545, 0.29135147264848155, 0.34106095461174846, 0.3727486095934485, 0.46316695399582386, 0.48409571560720605, 0.4896746026352048, 0.552012775093317, 0.56674531288445, 0.49369435136516887, 0.5605510349074999, 0.6169156668086847, 0.6003430814792713, 0.5847165055262545, 0.6229237609853348, 0.6585359871387482, 0.6891369509200255, 0.6361140167961518, 0.44541703478898853, 0.701967457930247, 0.7229722241560618, 0.743666892250379, 0.7166430645932754, 0.7730918427308401, 0.7759025618433952, 0.7164192398389181, 0.7721129904190699, 0.7760052680969238, 0.7372379656881094, 0.8141834251582623, 0.7769271793464819, 0.8283656301597754, 0.8116951088110606, 0.8688663641611735, 0.8640460669994354, 0.7919313088059425, 0.8171910891930262, 0.8591425033907095, 0.831960141658783, 0.855402963856856, 0.851441890001297, 0.8632602989673615, 0.7954465796550115, 0.8896209883193175, 0.8822497030099233, 0.9037907396753629, 0.806717075407505, 0.8815089849134287, 0.8881953495244185, 0.9128657740851244, 0.8742668330669403, 0.9049389387170473, 0.935035007695357, 0.9056727948288122, 0.9064165316522121, 0.8609619016448656, 0.9142715272804102, 0.9215806983411312, 0.8832140962282816, 0.9096842221915722, 0.934218260149161, 0.9149068457384905, 0.9078663537899653, 0.9457259053985277], "f1_score_pos_neg": [0.2869808226823807, 0.3188426836083333, 0.33790394601722556, 0.376553136544923, 0.4071656744927168, 0.475478853409489, 0.47797901680072147, 0.5069266719122728, 0.5575143073995908, 0.5628524621327718, 0.5483267412831386, 0.6035585602124532, 0.6172827742993832, 0.6325717854003111, 0.6171979047358036, 0.6614865673085054, 0.6690157949924469, 0.6818421495457491, 0.6792576611042023, 0.4673128775320947, 0.7318467063208421, 0.7468982686599096, 0.7663517172137896, 0.7596804449955622, 0.7931877225637436, 0.8097093440592289, 0.7563341098527113, 0.8005230662723383, 0.783509391049544, 0.7839076941212019, 0.8297337355713049, 0.817897591739893, 0.8407277576625347, 0.8233390661577383, 0.8723412031928698, 0.8691121513644854, 0.8318324958284696, 0.8521224732200304, 0.8730019790430864, 0.8525965809822083, 0.8773227160175642, 0.8738783722122511, 0.8573584780097008, 0.837056697656711, 0.8948958689967791, 0.8925756588578224, 0.9164791579047838, 0.8045595971246561, 0.8920401856303215, 0.8991785608232021, 0.9153871101637682, 0.8864489619930586, 0.9099746644496918, 0.9383555216093858, 0.9082610917588075, 0.8980686950186888, 0.8812550641596317, 0.9197794223825136, 0.9148613773286343, 0.9055135659873486, 0.9174202767511209, 0.9322311182816824, 0.9087047465145588, 0.9222562611103058, 0.9518303039173285], "val_f1_score_pos": [0.554896602160406, 0.6571080909918338, 0.6060430176952771, 0.666896318220073, 0.6465017186385454, 0.6493312517489281, 0.6141589325367858, 0.6665670031204394, 0.6167333479819259, 0.6510332549084149, 0.6421877620822327, 0.634109630926744, 0.6185833230251219, 0.6750346910537711, 0.6762275698770853, 0.6677737097523827, 0.6683579833526921, 0.6572260268397948, 0.6047122755795991, 0.6136783281399326, 0.6413409335857735, 0.6586403477826582, 0.6274213932988026, 0.6235693885746697, 0.6592155013564626, 0.6526277591136069, 0.6514994452514268, 0.6581952773990076, 0.6619846389858297, 0.5885952202285208, 0.6534767382388161, 0.6593740221680602, 0.6191101205996131, 0.6012556601971302, 0.5277463248824623, 0.6012419958518553, 0.6078192754708467, 0.6072523438520955, 0.6126156877633502, 0.6526750518898623, 0.6552524555082744, 0.6751160328700228, 0.6248165399828765, 0.648574501330728, 0.6438409425034912, 0.5477312875488065, 0.6168435887811442, 0.6690920931505713, 0.6552897279668348, 0.650661782270462, 0.6067108142072686, 0.5825632386966668, 0.6430162390073141, 0.6372425383449758, 0.6605178063665511, 0.6364378013730894, 0.6068503215905097, 0.646753705082495, 0.6031793423628138, 0.6411052168650543, 0.6381717414765917, 0.6034473575946698, 0.6184870155345977, 0.5820050864997511, 0.6178949598468197],