{"1": {"f1_score_pos": [0.03261755578793012, 0.0, 0.0, 0.0, 0.0, 0.0, 0.0, 0.0, 0.0, 0.0, 0.0, 0.0, 0.0, 0.0, 0.0, 0.0, 0.0, 0.0, 0.0, 0.0, 0.0, 0.0, 0.0, 0.0, 0.0, 0.0, 0.0, 0.0, 0.0, 0.0, 0.0, 0.0, 0.0, 0.0, 0.0, 0.0, 0.0, 0.0, 0.0, 0.0, 0.0, 0.0, 0.0, 0.0, 0.0, 0.0, 0.0, 0.0, 0.0, 0.0, 0.0, 0.0], "val_f1_score_pos": [0.0, 0.0, 0.0, 0.0, 0.0, 0.0, 0.0, 0.0, 0.0, 0.0, 0.0, 0.0, 0.0, 0.0, 0.0, 0.0, 0.0, 0.0, 0.0, 0.0, 0.0, 0.0, 0.0, 0.0, 0.0, 0.0, 0.0, 0.0, 0.0, 0.0, 0.0, 0.0, 0.0, 0.0, 0.0, 0.0, 0.0, 0.0, 0.0, 0.0, 0.0, 0.0, 0.0, 0.0, 0.0, 0.0, 0.0, 0.0, 0.0, 0.0, 0.0, 0.0], "val_f1_score_neg": [0.0, 0.0, 0.0, 0.0, 0.0, 0.0, 0.0, 0.0, 0.0, 0.0, 0.0, 0.0, 0.0, 0.0, 0.0, 0.0, 0.0, 0.0, 0.0, 0.0, 0.0, 0.0, 0.0, 0.0, 0.0, 0.0, 0.0, 0.0, 0.0, 0.0, 0.0, 0.0, 0.0, 0.0, 0.0, 0.0, 0.0, 0.0, 0.0, 0.0, 0.0, 0.0, 0.0, 0.0, 0.0, 0.0, 0.0, 0.0, 0.0, 0.0, 0.0, 0.0], "val_f1_score": [0.2367351456263341, 0.2367351456263341, 0.2367351456263341, 0.2367351456263341, 0.2367351456263341, 0.2367351456263341, 0.2367351456263341, 0.2367351456263341, 0.2367351456263341, 0.2367351456263341, 0.2367351456263341, 0.2367351456263341, 0.2367351456263341, 0.2367351456263341, 0.2367351456263341, 0.2367351456263341, 0.2367351456263341, 0.2367351456263341, 0.2367351456263341, 0.2367351456263341, 0.2367351456263341, 0.2367351456263341, 0.2367351456263341, 0.2367351456263341, 0.2367351456263341, 0.2367351456263341, 0.2367351456263341, 0.2367351456263341, 0.2367351456263341, 0.2367351456263341, 0.2367351456263341, 0.2367351456263341, 0.2367351456263341, 0.2367351456263341, 0.2367351456263341, 0.2367351456263341, 0.2367351456263341, 0.2367351456263341, 0.2367351456263341, 0.2367351456263341, 0.2367351456263341, 0.2367351456263341, 0.2367351456263341, 0.2367351456263341, 0.2367351456263341, 0.2367351456263341, 0.2367351456263341, 0.2367351456263341, 0.2367351456263341, 0.2367351456263341, 0.2367351456263341, 0.2367351456263341], "val_f1_score_neu": [0.7102054234726495, 0.7102054234726495, 0.7102054234726495, 0.7102054234726495, 0.7102054234726495, 0.7102054234726495, 0.7102054234726495, 0.7102054234726495, 0.7102054234726495, 0.7102054234726495, 0.7102054234726495, 0.7102054234726495, 0.7102054234726495, 0.7102054234726495, 0.7102054234726495, 0.7102054234726495, 0.7102054234726495, 0.7102054234726495, 0.7102054234726495, 0.7102054234726495, 0.7102054234726495, 0.7102054234726495, 0.7102054234726495, 0.7102054234726495, 0.7102054234726495, 0.7102054234726495, 0.7102054234726495, 0.7102054234726495, 0.7102054234726495, 0.7102054234726495, 0.7102054234726495, 0.7102054234726495, 0.7102054234726495, 0.7102054234726495, 0.7102054234726495, 0.7102054234726495, 0.7102054234726495, 0.7102054234726495, 0.7102054234726495, 0.7102054234726495, 0.7102054234726495, 0.7102054234726495, 0.7102054234726495, 0.7102054234726495, 0.7102054234726495, 0.7102054234726495, 0.7102054234726495, 0.7102054234726495, 0.7102054234726495, 0.7102054234726495, 0.7102054234726495, 0.7102054234726495], "f1_score_neg": [0.03866178502973456, 0.0, 0.0, 0.0, 0.0, 0.0, 0.0, 0.0, 0.0, 0.0, 0.0, 0.0, 0.0, 0.0, 0.0, 0.0, 0.0, 0.0, 0.0, 0.0, 0.0, 0.0, 0.0, 0.0, 0.0, 0.0, 0.0, 0.0, 0.0, 0.0, 0.0, 0.0, 0.0, 0.0, 0.0, 0.0, 0.0, 0.0, 0.0, 0.0, 0.0, 0.0, 0.0, 0.0, 0.0, 0.0, 0.010826210562999431, 0.0, 0.0, 0.0, 0.0, 0.0], "f1_score_neu": [0.640547152608633, 0.7282065130197085, 0.7283588338356751, 0.7280109261090939, 0.7281368558223431, 0.7282649404727496, 0.7283025120313351, 0.7281789458714999, 0.7281964490046868, 0.7282905223277899, 0.7282250408942883, 0.7281440966404401, 0.7281103214392295, 0.7280352597053235, 0.7281817770921267, 0.7281389419849102, 0.7281927810265467, 0.728215312728515, 0.7281453747015733, 0.7282797293021128, 0.7279871289546673, 0.7283571018622472, 0.7281925128056452, 0.7281537262293009, 0.7282629838356605, 0.728277216737087, 0.7279895761838326, 0.7282666907860682, 0.7281758888409688, 0.7280705204376807, 0.7282618914659207, 0.7283812383046517, 0.728172711454905, 0.7280716494872019, 0.7282550312005557, 0.7282115656595963, 0.728150867498838, 0.7282839532081897, 0.7283424849693592, 0.7283433836240035, 0.7282605916261673, 0.7282584813924936, 0.7281335913217984, 0.7280734960849469, 0.7282698211761621, 0.7282447150120368, 0.7216025877457398, 0.7282764693865409, 0.7282523375291091, 0.7282639764822446, 0.7283293914336425, 0.7283481027071292], "f1_score": [0.23727550672797057, 0.24273551198152396, 0.24278628338988012, 0.24267031252384186, 0.24271229282021523, 0.2427549843604748, 0.24276750735365427, 0.24272631853818893, 0.24273215864713377, 0.24276351069028562, 0.24274168593379167, 0.24271470508896387, 0.24270344382295242, 0.24267842878515905, 0.24272726562160712, 0.24271298486452836, 0.24273093073413923, 0.242738444931232, 0.24271513063174027, 0.24275991492546523, 0.2426623825270396, 0.2427857039639583, 0.24273084132717207, 0.24271791628920114, 0.24275433243467257, 0.24275907644858727, 0.24266319951185814, 0.24275556923105165, 0.24272530182049826, 0.24269017892388198, 0.24275396878902727, 0.24279375202380693, 0.24272424613053983, 0.24269055403195894, 0.24275168489951354, 0.24273719495305648, 0.2427169643342495, 0.24276132337175882, 0.24278083300361267, 0.24278113331932288, 0.2427535352225487, 0.24275283286204705, 0.2427112033160833, 0.24269117099734452, 0.2427566105929705, 0.24274824158503458, 0.24414293811871454, 0.24275882828694123, 0.24275078538518685, 0.24275466026021883, 0.24277646782306525, 0.24278270424558565], "val_loss": [7.236104449977008, 7.236104449977008, 7.236104449977008, 7.236104449977008, 7.236104449977008, 7.236104449977008, 7.236104449977008, 7.236104449977008, 7.236104449977008, 7.236104449977008, 7.236104449977008, 7.236104449977008, 7.236104449977008, 7.236104449977008, 7.236104449977008, 7.236104449977008, 7.236104449977008, 7.236104449977008, 7.236104449977008, 7.236104449977008, 7.236104449977008, 7.236104449977008, 7.236104449977008, 7.236104449977008, 7.236104449977008, 7.236104449977008, 7.236104449977008, 7.236104449977008, 7.236104449977008, 7.236104449977008, 7.236104449977008, 7.236104449977008, 7.236104449977008, 7.236104449977008, 7.236104449977008, 7.236104449977008, 7.236104449977008, 7.236104449977008, 7.236104449977008, 7.236104449977008, 7.236104449977008, 7.236104449977008, 7.236104449977008, 7.236104449977008, 7.236104449977008, 7.236104449977008, 7.236104449977008, 7.236104449977008, 7.236104449977008, 7.236104449977008, 7.236104449977008, 7.236104449977008], "val_f1_score_pos_neg": [0.0, 0.0, 0.0, 0.0, 0.0, 0.0, 0.0, 0.0, 0.0, 0.0, 0.0, 0.0, 0.0, 0.0, 0.0, 0.0, 0.0, 0.0, 0.0, 0.0, 0.0, 0.0, 0.0, 0.0, 0.0, 0.0, 0.0, 0.0, 0.0, 0.0, 0.0, 0.0, 0.0, 0.0, 0.0, 0.0, 0.0, 0.0, 0.0, 0.0, 0.0, 0.0, 0.0, 0.0, 0.0, 0.0, 0.0, 0.0, 0.0, 0.0, 0.0, 0.0], "acc": [0.5226923078298569, 0.5728846180897492, 0.5728846123585334, 0.5728846112122903, 0.5728846146510198, 0.5728846123585334, 0.5728846077735608, 0.5728846112122903, 0.572884622674722, 0.5728846135047766, 0.5728846157972629, 0.572884623820965, 0.5728846135047766, 0.5728846135047766, 0.5728846089198039, 0.5728846123585334, 0.5728846112122903, 0.5728846066273175, 0.5728846112122903, 0.5728846112122903, 0.5728846135047766, 0.5728846192359924, 0.5728846146510198, 0.5728846157972629, 0.5728846215284787, 0.5728846123585334, 0.5728846135047766, 0.572884629552181, 0.5728846180897492, 0.5728846089198039, 0.5728846135047766, 0.5728846203822356, 0.5728846146510198, 0.5728846180897492, 0.5728846272596946, 0.5728846077735608, 0.5728846261134515, 0.572884622674722, 0.5728846215284787, 0.5728846135047766, 0.5728846157972629, 0.5728846146510198, 0.5728846169435061, 0.5728846157972629, 0.5728846157972629, 0.5728846157972629, 0.5665384622720572, 0.5728846203822356, 0.5728846203822356, 0.5728846123585334, 0.5728846100660471, 0.5728846066273175],