{"1": {"val_f1_score": [0.5376871355462193, 0.6102408041892763, 0.6691153963313089, 0.6691397052720373, 0.6693800224146129, 0.666089715621242, 0.70492779595815, 0.6381139083074955, 0.7000240840031473, 0.6726458559128796, 0.6908297687573537, 0.6384828996070564, 0.6669255489443907, 0.6886003458090352, 0.6725443644752472, 0.6931847121000853, 0.6845470820391175, 0.6360729072714865, 0.6858781291967673, 0.656826824926811, 0.5946012941708628, 0.6870938065075167, 0.6934232010542487, 0.6398874745261409, 0.6958401880331813, 0.6715019918819941, 0.655740106806116, 0.6057094999757803, 0.6842680647715227, 0.6387658267236275, 0.6646074563100711, 0.6593768733428776, 0.6406503366167202, 0.6898389562765131, 0.6771207673481496, 0.6599663294990513, 0.6500259176377328, 0.6911001411629824, 0.669624792694764, 0.6227392721076103, 0.6741749056674288, 0.6823300747555008, 0.6645387701402959, 0.6523204172904993, 0.6552104879294735, 0.6584978334990631, 0.643905147601387, 0.6707308812620382, 0.6048963654707211, 0.6809308260343158, 0.6782530504451034, 0.6636285557072837, 0.6216398181172452, 0.6697757000564247, 0.6481071172534654, 0.6639902504010055, 0.6611995998874537, 0.6214579992521913, 0.6603214810159055, 0.6489184473619478, 0.6763028627050977, 0.6196463469942505, 0.6521492585590621, 0.6291122657090323, 0.6024572553517091, 0.661189245655566, 0.6109282733760667, 0.5546935579140856, 0.6537894339596478, 0.6473549101379579], "val_f1_score_neu": [0.6812951444579084, 0.7054923265711266, 0.720054012332224, 0.6511089052548722, 0.7330400184043085, 0.7369110195961268, 0.7429882971564522, 0.7307872601046889, 0.7389165557278069, 0.7391007533856273, 0.7455887212204302, 0.7205933856426372, 0.7376633628972271, 0.7417509634289065, 0.7015374896722049, 0.7094432441168435, 0.7347364000470001, 0.7240811279681046, 0.6814092443960407, 0.7270004949387121, 0.7049363778077052, 0.7358590677251599, 0.7254750743457535, 0.7235826446164039, 0.7333513880976535, 0.7088396289890718, 0.7293182386834259, 0.7091284701744778, 0.7045221508502835, 0.7212556864125441, 0.7312442107585794, 0.6334024044181179, 0.7261801028139098, 0.7318080588335006, 0.7321775910612357, 0.7247216455147956, 0.7281551817068115, 0.7269191003177161, 0.7306770034390361, 0.7101014633676432, 0.7266758400531632, 0.7076687946614711, 0.7217246245093587, 0.7223459113747812, 0.7238931400457643, 0.6383804723311683, 0.7218666735390744, 0.6903592020140337, 0.7121203095775998, 0.7156127118983044, 0.715198022954082, 0.7260038827836842, 0.7169293745308762, 0.7160003123369675, 0.7200552605594702, 0.7019392745000248, 0.7195621958374195, 0.6923853052653511, 0.7302846589364813, 0.7216200299723206, 0.7113377540060895, 0.7163612953234056, 0.7221569523015986, 0.7189533893060972, 0.7151199355701934, 0.7154685821146781, 0.7154143205815777, 0.6886222263568035, 0.7146668333160636, 0.7122843442956137], "f1_score_pos": [0.5944570058158466, 0.6642732779894557, 0.6935319911156382, 0.6873372026852199, 0.7265148003186498, 0.739987921501909, 0.7450061185019357, 0.7502975389361382, 0.7769986380423818, 0.7438795736857823, 0.7878886035510472, 0.7883979422705514, 0.7865925197090421, 0.7977780135614532, 0.7825938335486821, 0.8345099155391965, 0.8003063861812864, 0.8286430665424892, 0.8049670809081623, 0.8370167102132525, 0.8327943927475384, 0.8339848071336746, 0.8539413724626813, 0.8649168184825352, 0.879710968051638, 0.8626019688589233, 0.8873206760202136, 0.8818397170730999, 0.8483378291130066, 0.8554975890687534, 0.8966834374836513, 0.918501479285104, 0.8700228354760579, 0.9244652464985847, 0.8754854840891702, 0.9340875170060566, 0.9251706376671791, 0.9412570159350123, 0.903742427272456, 0.9357837236353329, 0.884953213589532, 0.9503949848668916, 0.9293057865330151, 0.9247072360345295, 0.938916377723217, 0.9198951433811869, 0.9356811312692506, 0.9420252559440476, 0.9487105107733181, 0.9669910051992961, 0.9521297109978539, 0.9585662399019513, 0.9402885117701122, 0.9555495945470673, 0.9571778678468296, 0.9667939958827836, 0.9629136856113162, 0.9630266949534416, 0.9572400950959751, 0.9630838419709887, 0.9600660226174763, 0.9607997738889286, 0.9524300055844444, 0.9713039462055478, 0.9751011282205582, 0.9616037692342486, 0.9691362636429923, 0.9600487904889243, 0.9631939253636769, 0.9787198486072677], "f1_score_pos_neg": [0.44121058764202253, 0.5670490552272115, 0.6128359660506248, 0.6311454698443413, 0.6649291142821312, 0.6770972779818943, 0.6952839280877795, 0.7066883902464595, 0.7138090282678604, 0.7072268618004662, 0.7436676951391357, 0.7484923047678811, 0.7497363292745182, 0.7549573364002364, 0.7646058318870408, 0.784052634877818, 0.7782095117228371, 0.8023732442940984, 0.7831704095005989, 0.8183916221771922, 0.8364745868103844, 0.8091456634657723, 0.8470102250576019, 0.866537264415196, 0.8715060438428607, 0.8497266811983926, 0.8822351119347981, 0.8526387331741196, 0.8667498401233128, 0.8526562516178403, 0.8669397650020463, 0.9051533543637821, 0.8752735076206071, 0.9132769235542842, 0.8709785587021283, 0.928953258054597, 0.8983199138726506, 0.936357316161905, 0.8996509962848255, 0.93104088306427, 0.8931616406355586, 0.9429344502942902, 0.930403362427439, 0.9320528166634696, 0.9407345120395932, 0.9262979349919728, 0.9346035601837295, 0.9411889123065131, 0.9280968138149807, 0.9561782979539463, 0.9457479172519275, 0.9490591500486646, 0.9445261614663261, 0.9485893451741764, 0.9490492343902588, 0.9583157790558678, 0.958220185978072, 0.9608363466603416, 0.9461365959474018, 0.9631535794053759, 0.9563234554869788, 0.9465549854295594, 0.9548738343375069, 0.9639814804707255, 0.9692771807312965, 0.9591829978993961, 0.9664416557976178, 0.9504787517445428, 0.9650335812142917, 0.9724020149026599], "val_acc": [0.616050358819674, 0.6527668547198868, 0.6978756909197845, 0.6824023009378266, 0.698137943478291, 0.7086283873923958, 0.7206923708870691, 0.7025963730803318, 0.7188565486408487, 0.7088906380438036, 0.7162339299362287, 0.6677157071016293, 0.7044322012354313, 0.7138735894734173, 0.683189093331918, 0.7054812376060856, 0.7141358437201747, 0.6711250996452099, 0.6984002157330607, 0.6800419569421934, 0.6362444246937652, 0.7018095938014509, 0.7130868035978511, 0.6661421427756758, 0.7146603709095081, 0.7020718619919123, 0.6865984811233843, 0.6433254664819008, 0.7039076847696192, 0.6593233595174534, 0.6960398614672328, 0.6719118780955973, 0.6782061377598362, 0.7088906463912675, 0.6991869894313337, 0.6894833421163161, 0.6876475223243127, 0.708103855841747, 0.6923682139890888, 0.6763703155136158, 0.7057435027326838, 0.6970889039656136, 0.6897456078525607, 0.6902701218641558, 0.6776816044427765, 0.6716496268345432, 0.6658798806347811, 0.6876475313595828, 0.6580120584891594, 0.7020718517217178, 0.6991869816153562, 0.6855494295115737, 0.656700766027177, 0.6879097795567737, 0.6889588274950748, 0.6826645678308358, 0.698137946932953, 0.6784683878641256, 0.688958816615234, 0.6805664865075839, 0.6931549955033393, 0.6593233612838643, 0.677681614025165, 0.6742722263743863, 0.6619459734699591, 0.6847626552036544, 0.6627327549842096, 0.6052976551407314, 0.6789929240262012, 0.6826645606245045],