{"1": {"val_f1_score_neg": [0.21216923266907173, 0.3279382661199932, 0.4730889893425377, 0.26681626202583064, 0.5352100075276043, 0.46331966215626885, 0.6350169224811607, 0.39102200754602345, 0.4310341018830701, 0.5929431717538971, 0.6037102221129542, 0.6150031625958775, 0.6186688836872062, 0.5877100320241284, 0.5490171346112933, 0.5437562001086019, 0.5766648520893104, 0.6005069089160953, 0.31706392590748866, 0.5653538603092346, 0.46261626040407156, 0.5832325400031836, 0.259392998798013, 0.6005129329713661, 0.5964901442137598, 0.5445137042215169, 0.5660508111990752, 0.5966927499837398, 0.4113585362042338, 0.42446908361012, 0.5570763124901886, 0.517741911201192, 0.5345066811136145, 0.5228048441777728, 0.59532350497142, 0.33394808948055643, 0.23144372893996104, 0.5587398267592654, 0.5203703195833641, 0.4970368056778141, 0.5245908044186784, 0.4974671743014901, 0.5637478454357491, 0.5307578099874446, 0.5093241234464093, 0.5601849083102597, 0.4178586465509551, 0.49378117980714425, 0.5305593374001832, 0.4940930032726976, 0.5545363324913427, 0.28472043492960986, 0.4993270306474044, 0.4801514250710665, 0.5049648244972464, 0.4944724894917421, 0.505796648051962, 0.4317352432467448], "val_f1_score": [0.4883017408044326, 0.5494150511398735, 0.6258651495542609, 0.5222866999143195, 0.6228743519896821, 0.6107910416615844, 0.658543474649839, 0.6014619471987432, 0.5455334925320153, 0.6674978990052086, 0.6745552372000769, 0.6744402264504491, 0.6113142325845003, 0.6570049581363887, 0.639256098296678, 0.5933302437230542, 0.6380961532827878, 0.6681231516351107, 0.5705803698390417, 0.6151728385269501, 0.6178083819821536, 0.610487928532441, 0.5018912983665996, 0.6552838707983165, 0.6667517571351737, 0.6399776561035748, 0.6429404483796917, 0.6529290779131527, 0.5689294092960943, 0.6059526194589456, 0.643171424850716, 0.5866696335279563, 0.6403594955727712, 0.6103413794380206, 0.6512432742894181, 0.5555815116770775, 0.4626016397036, 0.604690979072937, 0.6268539214553153, 0.6173043192261447, 0.6238723124477328, 0.6241560823298988, 0.6396427142973369, 0.6263020460823844, 0.61854279694706, 0.6416550504701706, 0.5765315665055722, 0.6158579448499362, 0.5591596098919099, 0.6021971705702075, 0.6242443809758138, 0.5148558231623129, 0.6143461996384127, 0.6099912134049729, 0.6226273417754215, 0.608271717868888, 0.616536024374628, 0.5587070141443893], "f1_score_pos_neg": [0.3672032248642709, 0.456030682557159, 0.5153839215636253, 0.5415291268792417, 0.5529748275876045, 0.5694160726335313, 0.5896153292722173, 0.5949021163913939, 0.6065711370772786, 0.6302447468042374, 0.6444256338808272, 0.6587787411279149, 0.6827652446097798, 0.6621617103616396, 0.6928772338562541, 0.7008709704710377, 0.7175127077433798, 0.7363902719484435, 0.7314024998082055, 0.73424415042003, 0.7423954506715139, 0.7803602814674377, 0.7801666027969785, 0.8033975313107172, 0.8072248109512858, 0.7955397384034263, 0.8250212983952628, 0.8281577105323473, 0.8311905198627048, 0.85691330416335, 0.850307842095693, 0.8596394608418146, 0.8775653516252836, 0.9006375057829751, 0.8561995956632826, 0.9025649031003317, 0.9055499401357439, 0.8963323657711347, 0.912252845035659, 0.914782877597544, 0.9108244081338247, 0.9321806041730775, 0.9169808021850057, 0.9307384706205792, 0.924753349688318, 0.9041007177697288, 0.9480982033742799, 0.9493792876601219, 0.947623492942916, 0.9138001013133261, 0.9529155592123667, 0.9386943868464894, 0.9508729055523872, 0.948723302119308, 0.937849791513549, 0.9580416472421752, 0.9559027693337865, 0.9508833438158035], "f1_score": [0.43088832601077026, 0.5480976572467221, 0.5900124489433236, 0.6056863011585342, 0.6188815815581216, 0.6298465149270164, 0.6475508121980561, 0.6471247432960404, 0.6599330380558968, 0.6779937603407435, 0.6884850015242895, 0.6998318980137507, 0.7226920218931304, 0.7031253013345931, 0.7307157408859994, 0.7360980518990092, 0.7478739933835136, 0.7656207730372747, 0.7612632082568275, 0.7666066661477089, 0.7717239964339468, 0.8047817332877053, 0.8066291320655081, 0.8260176984800233, 0.8279056168264813, 0.8161249748534627, 0.8446138534280989, 0.846930963297685, 0.8478449516826205, 0.8737020227644179, 0.8643800525201691, 0.8765829213791423, 0.8890293116370837, 0.9114663344290521, 0.870426583621237, 0.9125752159290843, 0.9163547348644998, 0.905331657992469, 0.9219600649343597, 0.9232726246118546, 0.920465499162674, 0.9404345370001264, 0.9250762752360768, 0.9382902483145396, 0.9327594356404411, 0.9158925265073776, 0.9541481145554118, 0.954672092364894, 0.9529372909002833, 0.9231107897228665, 0.9578092843294144, 0.9454874677790536, 0.9561341255903244, 0.9551060671607653, 0.9439902148312993, 0.9626494646072388, 0.9614110605584251, 0.9577643664346801], "val_f1_score_pos": [0.5835472374740248, 0.6299738218988798, 0.7066079805349385, 0.609959634729736, 0.6226148469192351, 0.6558879407534536, 0.7145779341685937, 0.7142898118186428, 0.5182725179079728, 0.7253001225985726, 0.713758410039362, 0.6936655514921193, 0.5164865945506653, 0.6594240855989324, 0.6475595896587327, 0.5353971885284226, 0.6213926757817002, 0.6842965414259585, 0.6932909409736605, 0.5737555982589472, 0.7113943651314643, 0.5474652109294934, 0.5625130758334295, 0.7055263890077085, 0.7049234800691402, 0.657646810949052, 0.6520860558759187, 0.6495175896558804, 0.6014445823945306, 0.6924907461789659, 0.6606971134265326, 0.5488640339612774, 0.6897619369615885, 0.6048100019201593, 0.7079079546798348, 0.6408585702188053, 0.49119730504391357, 0.5539579950321887, 0.7007710184602015, 0.6633933246088816, 0.6460382783941293, 0.677349378407361, 0.6913135295898434, 0.6588496278034494, 0.6625183150269933, 0.6700010698766431, 0.6222763622241667, 0.6772164618784506, 0.4664174721930679, 0.618088230994815, 0.6274697188314352, 0.5878616535785534, 0.6467268348146604, 0.6737025076874654, 0.6697118991227279, 0.6368698614055704, 0.6742775151337534, 0.5659250911220678], "f1_score_pos": [0.4947537523176935, 0.5500462282862928, 0.5864997390243742, 0.5902332738041878, 0.6216834493809276, 0.6159678416119682, 0.6388835021191173, 0.6458736757437388, 0.6531391011344062, 0.6715550397833189, 0.6866162170966467, 0.6919434501065148, 0.7272098296218448, 0.7084811710649066, 0.7290454912516806, 0.7442102622654703, 0.7241369783878326, 0.7663643409808477, 0.7643633004691865, 0.7705741632315848, 0.7495140607158343, 0.806133563319842, 0.7973010912537575, 0.8264982741740015, 0.843154294623269, 0.8075800687074661, 0.8761242197619544, 0.8341268822550774, 0.870853410826789, 0.8784893726309141, 0.8504276648163795, 0.8937521162960265, 0.884730281929175, 0.9142749557892481, 0.8579487858547105, 0.9109083463748296, 0.9251891002058983, 0.928328169716729, 0.8997783892684512, 0.8965460591846042, 0.9368483962284194, 0.9397725164890289, 0.9158069499664836, 0.9296170191632377, 0.9169045355584886, 0.9368485907713572, 0.9485092494222853, 0.9526260503464274, 0.9545205492112372, 0.8960241236620479, 0.9525011877218882, 0.9621440254979663, 0.9519627922111087, 0.951074492600229, 0.9349971637129784, 0.9612119967738787, 0.9532252740528848, 0.9581118242608176],