{"1": {"val_f1_score_neg": [0.42861585310328076, 0.5534323295708234, 0.43441778347667037, 0.6003411651944663, 0.6068334594214762, 0.5916672817930358, 0.5432401200269612, 0.5915002280723067, 0.5920641068880267, 0.6097452010971117, 0.5960444387583061, 0.32998116914345454, 0.6396117140943276, 0.6307041830325846, 0.6477171539777686, 0.6585868183042464, 0.6508444500194709, 0.5800761255497231, 0.3981401274132396, 0.6600518020433829, 0.637828000643958, 0.6340174298805532, 0.6312209430493807, 0.5572875941116103, 0.558485333387561, 0.5962260121490524, 0.6549754662391467, 0.5320907760942728, 0.6450296059096658, 0.6522527102194978, 0.5735055184074742, 0.6526629119052364, 0.6422256823600653, 0.6115060104639531, 0.6543823307932254, 0.6625500191614749, 0.618778759704964, 0.273879910220555, 0.656673402277886, 0.643912715548285, 0.64655671484879, 0.5768279695746816, 0.6215034052696091, 0.6485851620748351, 0.5613928229434502, 0.6295722466141481, 0.6531796429643103, 0.6556328005529019, 0.6082502673243919, 0.6100932118917337, 0.5784623153403811, 0.49706990545631474, 0.549134640424465, 0.6230767224749841, 0.6324679542113358, 0.6458926139197476, 0.6001303662762575, 0.615537279289261, 0.5999496604642297, 0.6342683928376428, 0.5867901951463385, 0.6157054298909677, 0.6012818455910608, 0.600149764625328, 0.5767370662976641, 0.5962007222977834, 0.5979614530765844], "val_f1_score": [0.4218314003150741, 0.4862811327436407, 0.4599252016867167, 0.5471859515866234, 0.5464533250502408, 0.5617845349359019, 0.48780619261557595, 0.568496103202015, 0.5704512335510872, 0.5783197915720285, 0.5410741819919255, 0.49072337732409443, 0.5154973597232683, 0.5862021855658044, 0.5980579656252601, 0.6043949199591571, 0.5933591855628717, 0.5064722162562879, 0.5124945097338547, 0.5770059945987679, 0.5992404261634954, 0.613596345999731, 0.5460414785658836, 0.5630049961030457, 0.4988616762051859, 0.5640678163374859, 0.5720432011651071, 0.5440705768492541, 0.6054543838863484, 0.5791587692845045, 0.5738574274745655, 0.5616801289679818, 0.5681971562268012, 0.5491587846224446, 0.5760857380836116, 0.5848852345335339, 0.5842928781575895, 0.45695887347142866, 0.5894674311818918, 0.5443223266520052, 0.5723166766061581, 0.5543115782780632, 0.5409612223418833, 0.6004411013234696, 0.5628115656512094, 0.5338978592039925, 0.5652934654682432, 0.5882593243979035, 0.5362130926366437, 0.543715634246265, 0.5820646669164307, 0.5282061007234142, 0.5597232508058758, 0.5563842659858879, 0.48421402466602814, 0.5663937217364481, 0.5346589636491645, 0.5597186000616337, 0.530763609501568, 0.5643937764970022, 0.5766649820007722, 0.5440105774141999, 0.5480603334660258, 0.5418363025045803, 0.57210062674129, 0.555995322673427, 0.5549271829590516], "f1_score_pos_neg": [0.26048052253631443, 0.3047745789472873, 0.3472338794515683, 0.380255326628685, 0.4530128767857185, 0.47048144672925657, 0.5100920853706506, 0.5154256843603574, 0.5578401168951621, 0.5626921745447012, 0.5788325415207789, 0.5594933073108013, 0.5904816320309272, 0.6311804411502985, 0.6440661446406291, 0.6307849671978217, 0.6652360684596575, 0.6718599624358691, 0.6552079600783495, 0.6800972853715603, 0.7206034946900147, 0.686937608397924, 0.7238149299071386, 0.7447812499908301, 0.7692378404048773, 0.7374827930560479, 0.8137053904625086, 0.7213080422236369, 0.8169149538645377, 0.7829881425087268, 0.8022596262968503, 0.8173430676643665, 0.8694871664047241, 0.8332218011984458, 0.8131162249124967, 0.8333882574851696, 0.875598207116127, 0.8678886133890885, 0.87447401537345, 0.8412151508606397, 0.8817767328940905, 0.9236980791275318, 0.8991449429438665, 0.8947254980985935, 0.9331210244160432, 0.8864125265524938, 0.938227843779784, 0.8656650334596634, 0.944747928243417, 0.9464203084890659, 0.9442442128291497, 0.9297281847550318, 0.9325737563463358, 0.9434921913422071, 0.9547746479511261, 0.9181269327035317, 0.9479510726837012, 0.9575161303465183, 0.9458613877113049, 0.9634771438745352, 0.9007726265833929, 0.961420021378077, 0.9623798280954361, 0.9707000587995236, 0.9667464403005747, 0.953360731785114, 0.9386847065045283], "f1_score": [0.33963404337947184, 0.44228408199090224, 0.4688256291242746, 0.49342809044397795, 0.5436745263062991, 0.558541300205084, 0.5855645044491842, 0.5879175846393292, 0.620681297320586, 0.6252164611449609, 0.6397461593151093, 0.621819372360523, 0.6525025688684903, 0.6792196528269694, 0.687284556718973, 0.6816832308585827, 0.7077250790137511, 0.710136395234328, 0.7009450460855777, 0.7189251872209402, 0.7526395779389602, 0.7235011939819043, 0.7549697401431891, 0.7742594411739936, 0.7949299422594217, 0.7667527221716367, 0.8349756403611257, 0.7537860228465154, 0.8358145826137983, 0.8074569839697617, 0.8255524818713849, 0.8347082608021222, 0.8820180560533817, 0.8487186764295285, 0.834176806303171, 0.8501687508362991, 0.8862041475681158, 0.8834162583717933, 0.8878180659734286, 0.8603111230410062, 0.8943942487239838, 0.9293477489398076, 0.9076371617042102, 0.9031990812374995, 0.9407127430805793, 0.8961114826110693, 0.9447054255467194, 0.873147040605545, 0.9507511670772846, 0.952235378898107, 0.950969799206807, 0.9367094360865079, 0.939013265646421, 0.9495957619868792, 0.9592534085878959, 0.9266891284630849, 0.9535553833613029, 0.9608361835663135, 0.9528326369248904, 0.9671490421661963, 0.9063445409903159, 0.9654538379265711, 0.9667465881659434, 0.9732998471993667, 0.9703682706906245, 0.9606913649118863, 0.9472055928065226], "val_f1_score_pos": [0.11772566283682258, 0.19002128525516013, 0.21941345333516785, 0.3262145298588024, 0.31261679103821716, 0.4165837220710192, 0.18845094416627356, 0.388201065123537, 0.3901568173933179, 0.3889356938182798, 0.2852214121276926, 0.4232411466093145, 0.21796848800232752, 0.388577657377618, 0.4380744581709453, 0.4595009113720179, 0.416157675148719, 0.19356458295962856, 0.4059742292304646, 0.43983324728085016, 0.41194139782287387, 0.4613316563191416, 0.2610773916079341, 0.38333590409801827, 0.19122775430567782, 0.348094928790147, 0.3743703877984861, 0.35831137353431197, 0.44863775325582955, 0.4484610696177841, 0.4075642990143622, 0.3026142407391343, 0.4660158804339221, 0.29055276055943036, 0.39385816394558804, 0.4185487105939713, 0.3935072171865044, 0.3738515049929668, 0.4595300154647364, 0.2593413855758166, 0.3607101187854, 0.33871373406842226, 0.43183894292545705, 0.4444710748237476, 0.38107561369334797, 0.23218310337800246, 0.3342345363510336, 0.39502434197225067, 0.2603130786873658, 0.2876705247246892, 0.4476745984761285, 0.3405650457952991, 0.3904568135631122, 0.31746512839132424, 0.09984081320622136, 0.37987765683229047, 0.2700219645432615, 0.3509999038102763, 0.2520012357349713, 0.3724771022823444, 0.41353129404812744, 0.290154909637132, 0.3131280593838823, 0.29469362922847353, 0.41340434708093343, 0.42609679823623176, 0.3339487798729835],