{"1": {"val_f1_score_pos_neg": [0.44846347266690423, 0.6320948483529379, 0.5533886909672446, 0.6690501250559159, 0.5573146943654597, 0.654020380855013, 0.6170696278991519, 0.6846529664312984, 0.6719735973062022, 0.6772132029597164, 0.68329172668387, 0.6886457432107352, 0.6090574655325245, 0.652774899799368, 0.6383444976844157, 0.6474988012841577, 0.6291523108856277, 0.5734289577711982, 0.6034288886585731, 0.607792620392506, 0.5742041390929483, 0.5847070514452354, 0.6568305634964553, 0.6552384231711447, 0.6518792958669765, 0.6664812721169404, 0.6414269835124202, 0.6709497057169153, 0.683642104639333, 0.6331838799560912, 0.6774596540971031, 0.6270576071901769, 0.6398671072297856, 0.6512745402161293, 0.6523469608973681, 0.6080823413130807, 0.6659947116950851, 0.6204584052860971, 0.5851094094030569, 0.575226768933348, 0.47382164622053463, 0.6082993575102883, 0.6104178089123837, 0.5951114782285353, 0.615337979940489, 0.593451038968241, 0.6274064149782784, 0.6110045497510617, 0.6242981945908729, 0.6621909330999823, 0.6559980441634186, 0.6115322377529789, 0.5969135972917659, 0.6392351584330713, 0.5971502692499968, 0.588599856306867, 0.6235721446759364, 0.6362867132122361, 0.6466232422546799, 0.6252306423067202, 0.5907848894736788, 0.6115640944581691, 0.61773199232238], "loss": [0.9502727877762582, 0.7752168029546738, 0.7013090203205744, 0.6878311592671607, 0.667119519578086, 0.6584582502643267, 0.6386237103078101, 0.6142620344956716, 0.607434309191174, 0.5832745983368821, 0.5691200341615412, 0.5512983517514335, 0.5440811854269769, 0.5417928948170609, 0.5035451704429256, 0.5068304782940282, 0.5274016848868794, 0.46608369052410126, 0.48261893250876003, 0.43776243635349804, 0.45418665558099747, 0.4212794308033254, 0.3972754523985916, 0.4170650421745247, 0.4012070736951298, 0.35169359379344517, 0.39763590983218616, 0.33969786059525275, 0.3369262903514836, 0.3139456022116873, 0.3366650736166371, 0.32922152140074307, 0.34609149313635296, 0.28801655603779686, 0.3037092929912938, 0.2696363027724955, 0.2625595565057463, 0.24801694084372786, 0.23930005046228567, 0.23716914488209617, 0.248876185880767, 0.21907172414163747, 0.19672341458499432, 0.2571023079670138, 0.20093822189503247, 0.16998646118574673, 0.22330007308887112, 0.2053206947942575, 0.18962724858687985, 0.1704113638649384, 0.24525481545262867, 0.15259028722842535, 0.16400193391988674, 0.13431459634254375, 0.2061754340926806, 0.13600968279772335, 0.17011095138473642, 0.1586057943188482, 0.11544353271731073, 0.1996580780380302, 0.12235739004487793, 0.12721497648292118, 0.12929084400335947], "f1_score_neu": [0.5007440991337515, 0.6949266932076879, 0.733420187400447, 0.7380822317467796, 0.7364863728483518, 0.7321871916453043, 0.7520536805192629, 0.7674688208434317, 0.7649052871598138, 0.7731965341501765, 0.7813738510012627, 0.7869019094440672, 0.795078419148922, 0.7927638590335846, 0.8128408814469973, 0.8112262032098241, 0.79248715357648, 0.8246651689211527, 0.8110826230711408, 0.8352576668063799, 0.8233143778310882, 0.8459082908100553, 0.854932995306121, 0.8388790835936865, 0.8503535365064939, 0.8696166525284449, 0.8473688802785344, 0.8701639340983497, 0.8816374457544751, 0.8878159920374552, 0.875114195048809, 0.8794334025846587, 0.8728918491138352, 0.8987930342555046, 0.8857462588283751, 0.908636502093739, 0.905440614455276, 0.9110969718959596, 0.9181500722964605, 0.9176817941996787, 0.9085998502042558, 0.9281657661000887, 0.9375559579994943, 0.8973720611797439, 0.9364082531796561, 0.9491612215836843, 0.9183815808759795, 0.9272270533773634, 0.9380300831463602, 0.9451136125458611, 0.9121925441755189, 0.9544495907094743, 0.9473369063602554, 0.9561814789970716, 0.930563661787245, 0.959078243209256, 0.9486568487352796, 0.9451461235682169, 0.9612065537108315, 0.9305167471369108, 0.9612328749563959, 0.9635462802317407, 0.9586046429144012], "f1_score_neg": [0.23687347035027212, 0.40794989756411976, 0.5291958149108622, 0.5335069414642122, 0.5623319927189085, 0.6004011084636053, 0.6073498833510611, 0.6189097389578819, 0.6432199080785116, 0.6741888009839587, 0.6896262822879685, 0.6917108562257555, 0.7046051646272341, 0.6805440468920602, 0.7123245133293999, 0.741814472609096, 0.7355167865753174, 0.7693670491377512, 0.7445128220650885, 0.7647245153784752, 0.7706438046362665, 0.7961454681224294, 0.8091993522312906, 0.7942439657118585, 0.8014841477076212, 0.8561143287354045, 0.8215378382139735, 0.8574477227197753, 0.8397512270344628, 0.8585862707760599, 0.8643087463246452, 0.8700294461515214, 0.868290462427669, 0.8428017107976807, 0.889056519501739, 0.8897394198510382, 0.8880524146887991, 0.9057671601573626, 0.9038752292593321, 0.8810381690661112, 0.8986893519759178, 0.9114130636056265, 0.9236990345848931, 0.9072464754184087, 0.9206803722514046, 0.9215163828598129, 0.9074942477875285, 0.9170411618219482, 0.9045199437273873, 0.9208532720804214, 0.9138994597726398, 0.9349648844864633, 0.9415913191106584, 0.9428711922632323, 0.916105278664165, 0.9480098129974471, 0.9018409566746818, 0.9185699050625166, 0.946855303313997, 0.9210517787271075, 0.9452041296495332, 0.9461860598789321, 0.9455857889519798], "val_f1_score_neg": [0.22505852444854085, 0.5480017574665711, 0.46212943303531906, 0.6098241063825045, 0.4739644703841916, 0.5820086609338669, 0.5545472732810814, 0.643971295766933, 0.6099805547563917, 0.6238638461652216, 0.6224460150512097, 0.6362036056884968, 0.5383277674875577, 0.6389988088213863, 0.5350814694780519, 0.610616329567907, 0.6003236000443455, 0.447894180505694, 0.47744804011878145, 0.48453359322662964, 0.42431957822379995, 0.5384622691905064, 0.5864970878200396, 0.612551271165102, 0.5938429141213442, 0.6039476563165797, 0.56722426328514, 0.6218786938059777, 0.6295676486497784, 0.5462627647556472, 0.6143719432330839, 0.604562680379881, 0.5623007937581902, 0.574098302206279, 0.5764055928157253, 0.5211402769011211, 0.6056612466315162, 0.5163112925070026, 0.5072421451784824, 0.5156870096523306, 0.33674060635575465, 0.5741585501372705, 0.5284851970492527, 0.482116611843937, 0.5574385888489594, 0.5110685900224965, 0.5454857317193924, 0.5563869353451192, 0.5500052670872246, 0.6137342197733103, 0.599745884486893, 0.5296365588848715, 0.5070946695546356, 0.5847630283196642, 0.4873325448007431, 0.4980323078780546, 0.5483107301402899, 0.5762774977757804, 0.5831219551133697, 0.5422212892306498, 0.48536616877999295, 0.5421818082269458, 0.5235182377506109], "val_f1_score_neu": [0.6869832402040975, 0.7095805793461323, 0.7136385737208285, 0.6445702195105014, 0.7175392789569327, 0.7334828939989362, 0.7355746177904192, 0.7314565528448942, 0.7386765030466476, 0.7360076340608575, 0.7052643650978092, 0.7089033092753393, 0.7358309030220198, 0.740093703536327, 0.7116855626308852, 0.7372674589984973, 0.7303060308204309, 0.7299335756359405, 0.7246919190699179, 0.7172750611802958, 0.7254735109157647, 0.7196978325609957, 0.7313058483391148, 0.7370917647490812, 0.7311512499914812, 0.7324522558610458, 0.728308695384345, 0.7295314532516823, 0.7016321288110576, 0.718268204354377, 0.7097375427616759, 0.7249231676776485, 0.719557471532319, 0.715876849748755, 0.723201292348352, 0.7211065942335091, 0.6581472563612283, 0.7061302532150525, 0.7177064096149172, 0.7129989315792546, 0.6996111458066314, 0.7207107146581014, 0.7172654013980132, 0.7186286007360683, 0.7244831264691186, 0.7181767889154635, 0.7161500350621751, 0.7177847018243133, 0.7204375461177691, 0.7127622886026684, 0.7144339217340543, 0.7194160657888193, 0.7122229413507243, 0.7132769527786709, 0.7185549047747967, 0.7160486908619278, 0.7143922553673961, 0.7120480606038834, 0.7085898899200423, 0.7124100500068544, 0.7153128818705299, 0.7098479370979571, 0.7047023284694762],