{"1": {"val_f1_score_pos_neg": [0.45515738042702114, 0.6063628900779566, 0.542431793530532, 0.6708731204232237, 0.6718388218877198, 0.6098488902376606, 0.6698717729738307, 0.6411742136105133, 0.6123022840400083, 0.6557075051913698, 0.6190283500769931, 0.6358855078922555, 0.6465446760796387, 0.671133502962206, 0.6713081669094617, 0.6565371934835472, 0.6276273388672525, 0.6556673893114415, 0.6870146379081902, 0.6451554651839384, 0.6816895855964402, 0.671206336883682, 0.5997125766360475, 0.5870072052230555, 0.6017187296828354, 0.6000618390326671, 0.6020347645143308, 0.6570251340663499, 0.5223499089284047, 0.6799157601999792, 0.6751523774157289, 0.6001800294157529, 0.6563585887204122, 0.653964377625108, 0.5198574795236495, 0.5915905976433032, 0.5457849988248321, 0.5640243700630484, 0.6429167670775923, 0.440643632549518, 0.5433212771773369, 0.6088945091536687, 0.6029471012978863, 0.66584755362659, 0.5749491008285335, 0.6572845671672756, 0.6371559034393054, 0.6063662694565367, 0.5622111956903761, 0.6533675304148224, 0.6134495040015414, 0.6373712106730224, 0.6586646714486883, 0.6190759205236668, 0.596173209263026, 0.4928430414812602, 0.6390191077435702, 0.6235548540766146, 0.6078614777790853, 0.6274190163349749, 0.6146428887687141, 0.5844740811339708, 0.6030956089824884, 0.5480017875737166, 0.5988876680329875, 0.616479963322121, 0.6521498864634344, 0.6004775028794012, 0.5899655261816329, 0.6503363714860926], "loss": [0.975373137742281, 0.7714280057698488, 0.7274123337119818, 0.6863370127975941, 0.6745635708793998, 0.6570541355758905, 0.6310975244268775, 0.6117068231105804, 0.6077966997399926, 0.5796599118039012, 0.5760405333712697, 0.5548879294656217, 0.553147985599935, 0.5103641129098833, 0.529664842877537, 0.48556571966037154, 0.4870035070925951, 0.47300114668905735, 0.4662031619809568, 0.46737700141966343, 0.430712440982461, 0.4586994219571352, 0.4024222535081208, 0.4303797814063728, 0.39344714349135756, 0.38032318698242307, 0.37776582781225443, 0.3624846823513508, 0.35673414915800095, 0.3819701452739537, 0.3089875120203942, 0.316192589700222, 0.295208222232759, 0.32391658145934343, 0.27513974416069686, 0.30511472560465336, 0.2692391781602055, 0.22828769381158054, 0.2571073055732995, 0.21607256936840713, 0.2906961557455361, 0.2172769762109965, 0.1893928616773337, 0.20875765569508076, 0.2126299140509218, 0.20637019048444927, 0.24664305988699198, 0.15683325054123998, 0.14130373031366616, 0.1919174869544804, 0.12440864183008671, 0.1763979522511363, 0.16367598285432905, 0.1538172650616616, 0.14082270755898207, 0.16779245936777443, 0.18327784980647266, 0.13156800402794033, 0.13509688549675047, 0.16551157552748919, 0.10821606672834605, 0.11909117375034839, 0.10866539541166276, 0.10543147480348125, 0.17913343315012753, 0.13215683272574097, 0.10502239153720438, 0.10578470630571246, 0.09486438485328108, 0.18478565872646868], "f1_score_neu": [0.45925138785969466, 0.6990952920168638, 0.7241509202867746, 0.7324356576427817, 0.7459262758493423, 0.7443540440872312, 0.7583919167518616, 0.7599648647010326, 0.76172767393291, 0.7808260601013899, 0.7869477542117238, 0.7860225876793265, 0.7847116002812982, 0.8089107489213347, 0.7977316528558731, 0.8134077526628971, 0.8273833114653826, 0.8136191898956895, 0.8307794155552983, 0.8172053685411811, 0.8342011487111449, 0.8213376710191369, 0.8527146717533469, 0.8401788771152496, 0.8452770132571459, 0.8662859685719013, 0.8658405533060431, 0.8661093050613999, 0.8711331803351641, 0.8590839710086584, 0.8964012712240219, 0.8798762885853648, 0.8957546250894666, 0.8855846514925361, 0.9058449668809772, 0.883958050981164, 0.9076541876420379, 0.9233306255191565, 0.9097531484439969, 0.9272733125835657, 0.889299675822258, 0.9256421029567719, 0.9391744956374168, 0.9343076338991523, 0.9240072779357433, 0.928531869314611, 0.9102289788424969, 0.9516073185950518, 0.9547392884269357, 0.9343998376280069, 0.9593618363142014, 0.9390510739758611, 0.943740950897336, 0.9482394773513079, 0.95514259301126, 0.9431700799614191, 0.9420476267114282, 0.9572243643924594, 0.9618476796895266, 0.9428475955501199, 0.9668834889307618, 0.9612537305802107, 0.9665168132632971, 0.9681569319218397, 0.935889134183526, 0.9597180988639593, 0.9639833141118288, 0.964268702082336, 0.9680599821731448, 0.9352800874039531], "f1_score_neg": [0.25378381880000234, 0.39622218860313296, 0.4876482393592596, 0.5308409542776644, 0.5740394834429026, 0.5985333225689828, 0.5814576614648104, 0.6173173277638853, 0.6231712847948074, 0.6455780752003193, 0.6643802151083946, 0.6739863883703947, 0.7079225666821003, 0.7124822251498699, 0.6609368813224137, 0.737863240763545, 0.7322761146351695, 0.7815530011430383, 0.7588966190814972, 0.756680809892714, 0.7873852839693427, 0.8031776063144207, 0.8194399550557137, 0.7818840080872178, 0.8045850731432438, 0.8308378364890814, 0.8081756588071585, 0.8393781129270792, 0.8216072712093592, 0.8029094133526087, 0.8586123902350664, 0.8818913996219635, 0.872242328710854, 0.8826006483286619, 0.870732351206243, 0.8808480342850089, 0.8619077755138278, 0.8891800791025162, 0.8909058226272464, 0.9032175671309233, 0.8878274848684669, 0.9266612213104963, 0.9191969633102417, 0.9057864807546139, 0.918924949131906, 0.9100806191563606, 0.9162876578047872, 0.9317561239004135, 0.9439971819519997, 0.9300587614998221, 0.9478476410731673, 0.9257856654003263, 0.9416518053039908, 0.9370994195342064, 0.9293937971815467, 0.9336764197796583, 0.9226902024820447, 0.9467033538967371, 0.9339652173221111, 0.9043520856648684, 0.9437997480854392, 0.9494823636487126, 0.9543620459735394, 0.9530208734795451, 0.9506314564496279, 0.9496472664177418, 0.9462991300970316, 0.9574613906443119, 0.9517225325107574, 0.9455668842419982], "val_f1_score_neg": [0.2188848942252491, 0.5242841515896235, 0.41193935332134457, 0.6033029002590564, 0.6167083990064282, 0.48849893548718093, 0.6126431592987055, 0.5531249675980835, 0.553249151085169, 0.5662847315267787, 0.5157899120771257, 0.6051604591296347, 0.5517011178218252, 0.6207709189728118, 0.634860517485949, 0.5924892736925654, 0.5287649472679581, 0.5748210851832884, 0.6328527364491978, 0.5990677123428673, 0.6256109552217098, 0.6066273077247714, 0.5997687974471355, 0.4975293794236032, 0.5285373124243423, 0.47059548116874544, 0.5008859136834284, 0.6110891058568156, 0.3514746072377991, 0.6150221735231213, 0.6161756492054997, 0.5499434928052418, 0.5828888650769609, 0.5767882817878893, 0.3296360775707214, 0.4526534709222605, 0.4703351230781409, 0.4425848676030979, 0.57198571907139, 0.23858317637846846, 0.5776754044936205, 0.5483539658458159, 0.5053328072621446, 0.5973465872536236, 0.5590091343317449, 0.5954873929835354, 0.5629438076343182, 0.49443697361942357, 0.48397913899535494, 0.597799859849168, 0.5685411683693352, 0.5555173680440291, 0.5945582492533488, 0.5419487795615928, 0.4970295333249532, 0.5335745570105016, 0.5743190420289819, 0.5624685956523264, 0.49616649844594557, 0.5575939255563599, 0.5409148480365071, 0.46330392698337486, 0.5194485939740197, 0.5236063959121454, 0.522134138285379, 0.5761743551659952, 0.5905112463940856, 0.5156495422320262, 0.5317306855423319, 0.5777041112348035],