{"1": {"loss": [1.0643108189105988, 0.964847594499588, 0.948145866394043, 0.9455902874469757, 0.9445459395647049, 0.9484885931015015, 0.9483060389757156, 0.9450073689222336, 0.9457536041736603, 0.943250298500061, 0.9438165724277496, 0.9441907554864883, 0.9443672448396683, 0.9454215317964554, 0.9439645856618881, 0.9457869678735733, 0.944005087018013, 0.9447599500417709, 0.9440042525529861, 0.9452005624771118, 0.9486290812492371, 0.9449160248041153, 0.9412326365709305, 0.941410481929779, 0.9423899501562119, 0.9419429898262024, 0.9426608979701996, 0.9413808137178421, 0.9415753185749054, 0.9383314400911331, 0.9426288902759552, 0.9400670826435089, 0.9384896904230118, 0.9400480836629868, 0.9395182728767395, 0.9386789500713348, 0.9356773346662521, 0.9342442452907562, 0.9374111443758011, 0.9455137401819229, 0.9327248632907867, 0.9285943508148193, 0.9423878341913223, 0.9256716370582581, 0.9153760224580765, 0.9392120987176895, 0.9358827918767929, 0.909128338098526, 0.943566232919693, 0.9060399830341339, 0.927234873175621, 0.9063092023134232], "val_f1_score_neg": [0.0, 0.0, 0.0, 0.0, 0.0, 0.0, 0.0, 0.0, 0.0, 0.0, 0.0, 0.0, 0.0, 0.0, 0.0, 0.0, 0.0, 0.0, 0.0, 0.0, 0.0, 0.0, 0.0, 0.0, 0.0, 0.0, 0.0, 0.0, 0.0, 0.0, 0.0, 0.0, 0.0, 0.0, 0.0, 0.0, 0.0, 0.0, 0.0, 0.0, 0.0, 0.0, 0.0, 0.0, 0.0, 0.0, 0.0, 0.0, 0.0, 0.0, 0.0, 0.0], "f1_score_pos": [0.05511810630559921, 0.0, 0.0, 0.0, 0.0, 0.0, 0.0, 0.0, 0.0, 0.0, 0.0, 0.0, 0.0, 0.0, 0.0, 0.0, 0.0, 0.0, 0.0, 0.0, 0.0, 0.0, 0.0, 0.0, 0.0, 0.0, 0.0, 0.0, 0.0, 0.0, 0.0, 0.0, 0.0, 0.0, 0.0, 0.0, 0.0, 0.0, 0.0, 0.0, 0.0, 0.0, 0.0, 0.0, 0.0, 0.0, 0.0, 0.0, 0.0, 0.0, 0.0, 0.0], "val_loss": [1.0109571432455993, 0.9685012506462677, 0.963761445160015, 0.9670961775116914, 0.9642335405984657, 0.963364572150719, 0.961762577550024, 0.9610019857101595, 0.96051639881533, 0.9695785669287313, 0.9644569488350357, 0.9632180343594468, 0.9631034948779719, 0.9605804435101062, 0.9751793058724002, 0.9611670965017953, 0.9630522153101898, 0.9655587065611345, 0.9634182063835031, 0.9615085656933564, 0.9609387071884489, 0.9609534430224993, 0.9635418452392867, 0.9615921864518162, 0.9626193860871697, 0.973037766058918, 0.9630940541779196, 0.9632943462156467, 0.962179063141909, 0.9615620098508697, 0.9697634682052585, 0.9743828999797771, 0.9620153972601708, 0.9624191206208339, 0.9627936773883615, 0.959506316759862, 0.967914650368358, 0.95984933213291, 0.9696506388381533, 0.9579304619732066, 0.9708687681042821, 0.9601097598678616, 0.985901827057149, 0.9618281240780719, 0.9548997483272784, 0.9880155524422444, 0.9548282995987625, 0.9748335095391422, 0.9504068210432779, 0.9597139559079546, 0.9913668419614441, 0.9476353124461087], "val_f1_score_pos_neg": [0.0, 0.0, 0.0, 0.0, 0.0, 0.0, 0.0, 0.0, 0.0, 0.0, 0.0, 0.0, 0.0, 0.0, 0.0, 0.0, 0.0, 0.0, 0.0, 0.0, 0.0, 0.0, 0.0, 0.0, 0.0, 0.0, 0.0, 0.0, 0.0, 0.0, 0.0, 0.0, 0.0, 0.0, 0.0, 0.0, 0.0, 0.0, 0.0, 0.0, 0.0, 0.0, 0.0, 0.0, 0.0, 0.0, 0.0, 0.0, 0.0, 0.0, 0.0, 0.0], "f1_score_neu": [0.700346976518631, 0.7385235279798508, 0.7383946627378464, 0.7384800165891647, 0.7384375929832458, 0.7384254485368729, 0.7383918613195419, 0.738391563296318, 0.7383753061294556, 0.7383813261985779, 0.7385578751564026, 0.7383879274129868, 0.738524854183197, 0.7383638024330139, 0.7380510717630386, 0.7382416874170303, 0.7385215908288956, 0.7383350282907486, 0.7385377883911133, 0.7384206056594849, 0.7382012009620667, 0.7381333261728287, 0.7383441030979156, 0.7380546182394028, 0.7384860664606094, 0.7381975203752518, 0.7384106367826462, 0.7385127395391464, 0.7383318841457367, 0.7385379076004028, 0.7382613122463226, 0.7383320480585098, 0.7385438233613968, 0.7383382022380829, 0.7383340001106262, 0.7382368743419647, 0.7385098785161972, 0.7385091185569763, 0.738218367099762, 0.7384067326784134, 0.7381808161735535, 0.7383699715137482, 0.738375648856163, 0.7382648885250092, 0.7384075224399567, 0.7385187745094299, 0.7384904623031616, 0.7384938597679138, 0.738450825214386, 0.738407090306282, 0.7384431064128876, 0.738556832075119], "f1_score_neg": [0.0, 0.0, 0.0, 0.0, 0.0, 0.0, 0.0, 0.0, 0.0, 0.0, 0.0, 0.0, 0.0, 0.0, 0.0, 0.0, 0.0, 0.0, 0.0, 0.0, 0.0, 0.0, 0.0, 0.0, 0.0, 0.0, 0.0, 0.0, 0.0, 0.0, 0.0, 0.0, 0.0, 0.0, 0.0, 0.0, 0.0, 0.0, 0.0, 0.0, 0.0, 0.0, 0.0, 0.0, 0.0, 0.0, 0.0, 0.0, 0.0, 0.0, 0.0, 0.0], "val_f1_score_neu": [0.7102054234726495, 0.7102054234726495, 0.7102054234726495, 0.7102054234726495, 0.7102054234726495, 0.7102054234726495, 0.7102054234726495, 0.7102054234726495, 0.7102054234726495, 0.7102054234726495, 0.7102054234726495, 0.7102054234726495, 0.7102054234726495, 0.7102054234726495, 0.7102054234726495, 0.7102054234726495, 0.7102054234726495, 0.7102054234726495, 0.7102054234726495, 0.7102054234726495, 0.7102054234726495, 0.7102054234726495, 0.7102054234726495, 0.7102054234726495, 0.7102054234726495, 0.7102054234726495, 0.7102054234726495, 0.7102054234726495, 0.7102054234726495, 0.7102054234726495, 0.7102054234726495, 0.7102054234726495, 0.7102054234726495, 0.7102054234726495, 0.7102054234726495, 0.7102054234726495, 0.7102054234726495, 0.7102054234726495, 0.7102054234726495, 0.7102054234726495, 0.7102054234726495, 0.7102054234726495, 0.7102054234726495, 0.7102054234726495, 0.7102054234726495, 0.7102054234726495, 0.7102054234726495, 0.7102054234726495, 0.7102054234726495, 0.7102054234726495, 0.7102054234726495, 0.7102054234726495], "f1_score": [0.25182170793414116, 0.24617451429367065, 0.2461315579712391, 0.24616001173853874, 0.24614587426185608, 0.24614182487130165, 0.24613062664866447, 0.24613052979111671, 0.24612510949373245, 0.24612711369991302, 0.24618596211075783, 0.24612931907176971, 0.24617495387792587, 0.24612127244472504, 0.24601702764630318, 0.24608056992292404, 0.24617386981844902, 0.2461116835474968, 0.2461792714893818, 0.24614020809531212, 0.246067076921463, 0.24604444578289986, 0.24611470848321915, 0.2460182160139084, 0.2461620345711708, 0.24606585130095482, 0.2461368814110756, 0.24617091938853264, 0.24611063674092293, 0.24617930874228477, 0.24608711153268814, 0.2461106888949871, 0.24618127569556236, 0.24611274525523186, 0.24611134082078934, 0.2460789643228054, 0.24616996943950653, 0.24616971239447594, 0.24607279524207115, 0.24613558128476143, 0.24606028199195862, 0.2461233288049698, 0.2461252249777317, 0.24608829990029335, 0.24613584205508232, 0.2461729310452938, 0.2461634911596775, 0.24616462737321854, 0.24615027755498886, 0.24613570049405098, 0.24614770710468292, 0.24618561565876007], "val_acc": [0.5510571405418918, 0.5510571405418918, 0.5510571405418918, 0.5510571405418918, 0.5510571405418918, 0.5510571405418918, 0.5510571405418918, 0.5510571405418918, 0.5510571405418918, 0.5510571405418918, 0.5510571405418918, 0.5510571405418918, 0.5510571405418918, 0.5510571405418918, 0.5510571405418918, 0.5510571405418918, 0.5510571405418918, 0.5510571405418918, 0.5510571405418918, 0.5510571405418918, 0.5510571405418918, 0.5510571405418918, 0.5510571405418918, 0.5510571405418918, 0.5510571405418918, 0.5510571405418918, 0.5510571405418918, 0.5510571405418918, 0.5510571405418918, 0.5510571405418918, 0.5510571405418918, 0.5510571405418918, 0.5510571405418918, 0.5510571405418918, 0.5510571405418918, 0.5510571405418918, 0.5510571405418918, 0.5510571405418918, 0.5510571405418918, 0.5510571405418918, 0.5510571405418918, 0.5510571405418918, 0.5510571405418918, 0.5510571405418918, 0.5510571405418918, 0.5510571405418918, 0.5510571405418918, 0.5510571405418918, 0.5510571405418918, 0.5510571405418918, 0.5510571405418918, 0.5510571405418918],