{"1": {"f1_score_neg": [0.20111548384794822, 0.29201459798675317, 0.3003590170007486, 0.39177265705970615, 0.5145347616993464, 0.48439181309479934, 0.5242210110792747, 0.5476561331978211, 0.5767947561465777, 0.5823472142219543, 0.598632798745082, 0.6404700921132014, 0.6043202200761209, 0.6560909083256354, 0.6465444690906085, 0.6896876016488442, 0.7218975201249123, 0.6989798855323058, 0.713601699242225, 0.7131566325059304, 0.7526948245672079, 0.7522697059007791, 0.7777306196781305, 0.8037872062279627, 0.8084900081157684, 0.8014411078049586, 0.7887348303428063, 0.8472337745703183, 0.8411335142759176, 0.8473536589970956, 0.8235843468170899, 0.8330275255900162, 0.8491786557894486, 0.8663864754713498, 0.8214337940399463, 0.8646905158574765, 0.8683372128468293, 0.8685133422796543, 0.8939270709569638, 0.8480275617196009, 0.8830205007241323, 0.8907437164049882, 0.8928029663287677, 0.8593328331525509, 0.8990379239504154, 0.909848330112604, 0.8702937742838492, 0.9091356648848608, 0.9004731545081506, 0.8947025697964889, 0.9078112691640854, 0.881013246682974, 0.9183979298059757, 0.9184561876150278, 0.9220664902375295, 0.9412801758601115, 0.8749145899827664, 0.8988025681330607, 0.9169822553029428, 0.9352777233490577, 0.9305651543232111], "val_acc": [0.6068712351767998, 0.640178330170336, 0.6052976605806518, 0.6587988449743718, 0.6598478844088893, 0.5355363244026188, 0.6734854473143527, 0.6734854443286492, 0.6687647567281816, 0.6637817926523162, 0.6700760553804183, 0.5969053182957087, 0.6669289309491393, 0.6677157052570586, 0.6648308382145601, 0.6721741421435906, 0.6551272089857146, 0.6273275625665076, 0.6622082356108538, 0.6320482512455802, 0.6713873599415341, 0.6629950088401683, 0.6674534443510882, 0.6472593730370766, 0.6616837144710872, 0.6577497970360706, 0.6664044139518408, 0.619984274347592, 0.6582743207707419, 0.6582743374813019, 0.6396538190037567, 0.6372934779938269, 0.663257281782744, 0.6333595612466163, 0.656963019742448, 0.6619459891019142, 0.6144767932744281, 0.6551272035457942, 0.6509310168417114, 0.6622082369083061, 0.6608969279858748, 0.6456858068821845, 0.5987411616919642, 0.6498819863799361, 0.646210337135381, 0.6323105157625322, 0.6451612965440988, 0.6525046033181451, 0.6480461569273844, 0.6393915497346904, 0.6084447885447526, 0.6391293026161043, 0.6493574627859524, 0.6451612904945322, 0.6443745035403612, 0.6422764186217595, 0.5929714300455523, 0.6414896514420118, 0.6527668449968107, 0.6543404190458403, 0.6407028513101027], "acc": [0.5049999975241147, 0.6419230699539185, 0.5594230769918516, 0.6521153839734884, 0.6888461605860636, 0.7101923112685864, 0.7017307797303567, 0.751538471533702, 0.7350000039889262, 0.7615384574119861, 0.755576912027139, 0.7800000057770655, 0.7296153845695349, 0.7969230722922546, 0.7749999979367623, 0.7994230779317709, 0.811730771110608, 0.8132692392055805, 0.7892307776671189, 0.8338461529750091, 0.8269230826542928, 0.8363461517370664, 0.8424999977533634, 0.8496153813142043, 0.8619230710543119, 0.8674999956901257, 0.8659615344726123, 0.8786538564241849, 0.8592307750995343, 0.8955769217931308, 0.8680769182168521, 0.8803846159806619, 0.8813461592564216, 0.9009615297500904, 0.8861538423941686, 0.9057692323739712, 0.8911538433570129, 0.8915384583748304, 0.9201923035658323, 0.872884615109517, 0.9163461556801429, 0.9174999972948661, 0.9200000040806257, 0.9078846184106973, 0.9319230776566726, 0.9376923029239361, 0.8990384661234342, 0.940576930458729, 0.9251923056749197, 0.9355769237646689, 0.9398076889606622, 0.8957692361794986, 0.9369230648645988, 0.9353846139632739, 0.9367307619406626, 0.9523076873559219, 0.928846150636673, 0.9286538442740073, 0.9463461499947768, 0.9576923159452585, 0.9413461559093915], "f1_score_pos": [0.5322596608446195, 0.6292992910513511, 0.5804104466850941, 0.6585402007286365, 0.6808543400122569, 0.6932545797182963, 0.6957283111718985, 0.7463811211861097, 0.7232018009974406, 0.7554158533994968, 0.7463666934233445, 0.7658082900139002, 0.7243643620839486, 0.7950916083959433, 0.7656137198209763, 0.7828874943348078, 0.7937213938969833, 0.7987896100832865, 0.7700084069600472, 0.8326435180810782, 0.8118326663970947, 0.8269296953311334, 0.8282992495940282, 0.8359778752693763, 0.8477487541162051, 0.8614122638335595, 0.8638445608890973, 0.8620792948282682, 0.8347545369313314, 0.8884123712778091, 0.8537527918815613, 0.8704501596780924, 0.8627008245541499, 0.8876579598738596, 0.8849035593179556, 0.8985801235987589, 0.8793945255187842, 0.878390487570029, 0.909961271744508, 0.8621852019658456, 0.9088414529195199, 0.9053450880142359, 0.9098252138266196, 0.900742829992221, 0.9295985240202683, 0.9353650441536536, 0.8888534846214148, 0.9363449697311108, 0.919690837080662, 0.9353268948885111, 0.9391117176184287, 0.8768414591367428, 0.92917444728888, 0.9254013884526032, 0.9255329863383219, 0.9426824163932067, 0.9312885048297735, 0.9243470063576331, 0.9465678597872074, 0.9568377790542749, 0.9314874456478999], "f1_score_pos_neg": [0.3666875700537975, 0.4606569501069876, 0.44038473528165084, 0.5251564291807321, 0.5976945540079703, 0.5888231969796694, 0.609974660552465, 0.6470186274785262, 0.6499982900344409, 0.6688815366763335, 0.6724997403529974, 0.7031391881979429, 0.6643422899337915, 0.7255912595070325, 0.7060790887245765, 0.7362875537230418, 0.7578094601631165, 0.7488847535390121, 0.7418050559667441, 0.7729000621117078, 0.7822637454821513, 0.7895996845685519, 0.8030149306242282, 0.8198825350174537, 0.8281193868472025, 0.8314266743568274, 0.8262896858728849, 0.8546565335530502, 0.8379440170068008, 0.8678830036750207, 0.8386685733611767, 0.8517388311716226, 0.8559397413180425, 0.8770222331468875, 0.85316868355641, 0.8816353243130904, 0.8738658691828067, 0.8734519149248416, 0.9019441696313711, 0.8551063847083312, 0.8959309768218261, 0.8980443993440042, 0.9013141026863685, 0.880037824694927, 0.9143182268509498, 0.9226066928643447, 0.8795736294526321, 0.9227403058455541, 0.9100819917825552, 0.9150147334887431, 0.923461493391257, 0.8789273500442505, 0.923786189693671, 0.9219287954843961, 0.923799726825494, 0.9419812892492001, 0.9031015474062699, 0.9115747786485232, 0.9317750575450751, 0.9460577494823016, 0.9310262959737045], "val_f1_score_neg": [0.16472382714335387, 0.34792593337249605, 0.21750848145738788, 0.4345023165123062, 0.4889769363428331, 0.3933774969754743, 0.5012887740366546, 0.4846588305341519, 0.4829315633058485, 0.567127754517562, 0.5256371621287717, 0.5763890883005294, 0.48605152610528196, 0.46192988175718047, 0.46383257348206675, 0.5316509453136715, 0.4841992786369579, 0.5668884600956484, 0.42476158730007674, 0.3024823687972592, 0.4860143300400861, 0.3927597714836692, 0.5157366630023088, 0.47941267123817616, 0.4650214337674208, 0.38462529037369536, 0.48970604635366705, 0.462193281615215, 0.545117735159294, 0.5424165789642704, 0.4693092002726089, 0.4461317257699209, 0.5259555661237493, 0.5346032132822293, 0.4775109622630428, 0.5399417773870042, 0.5287980882789468, 0.510496596307727, 0.44329873611381165, 0.5281296796508577, 0.5094906767772122, 0.4722701817352316, 0.420489734078279, 0.5166277716690056, 0.49784860966901534, 0.49223798903429755, 0.5244758186801788, 0.45217047321055465, 0.47322804323494544, 0.41668046682236737, 0.37985033372897287, 0.4715969275293343, 0.4747014087530812, 0.4106983332348845, 0.41595643149127554, 0.4778577990413744, 0.47525747311481054, 0.5026970277800511, 0.5077080775395235, 0.4999737426845727, 0.5053929747041992],