{"val_f1_score_pos_neg": [0.2509865813825348, 0.3853425937250183, 0.15942828186288696, 0.4526395885943294, 0.28463366110207955, 0.4516931299524054, 0.38590979702130557, 0.4689386470383264, 0.2876949675424754, 0.3707862044045692, 0.3711353127638928, 0.472768096252438, 0.4623377616213508, 0.3258501337057719, 0.3553790876686278, 0.49888205568478333, 0.48421995511368165, 0.5000532287710484, 0.46751817579586874, 0.4911670233824743, 0.4641029329059685, 0.4707630478579667, 0.49649688996981245, 0.4780852789284676, 0.4474993083882428, 0.46201358545861476, 0.31650869407554066, 0.47296288999629565, 0.4344444519702347, 0.4456326361717107, 0.4795350229960007, 0.48718948982022553, 0.47427055604330226, 0.45234326088530386, 0.3396352868438357, 0.40650086999743895, 0.41374212839932684, 0.4233070235369284, 0.4284710120200253, 0.41498250652689467, 0.4414307677660018, 0.45767360628053405, 0.47394232325225705, 0.48129607306050115, 0.4749177068109937, 0.4839531023975326, 0.475117692661028, 0.4871095529532465, 0.4856232168220798, 0.3978027746959468, 0.4486851540976047, 0.4616102548772775, 0.4962523198588925, 0.493676074925061, 0.46907378929561183, 0.4692994909837768, 0.4760148647235848, 0.4711067342994131, 0.42727154470541107, 0.33852139426360944, 0.4202426208658257, 0.4632642349572639, 0.46454258934099074, 0.4485494050419765, 0.46698504190320533, 0.47524100786064105, 0.4899447821734244, 0.46639917133308134, 0.45207261116827496], "loss": [1.4230713546276093, 1.0344022922217846, 0.963874276727438, 1.038658730685711, 1.132970418781042, 0.8755113258957863, 0.8750737234950066, 0.7879534624516964, 0.8467885963618755, 0.7879915870726109, 0.7944080978631973, 0.7682792991399765, 0.6776320599019527, 0.7683977857232094, 0.7725060246884823, 0.6762095242738724, 0.7283636517822742, 0.5839204862713814, 0.6224177777767181, 0.7232187706977129, 0.5220114067196846, 0.531601769849658, 0.5143371932208538, 0.7563997507095337, 0.49524454586207867, 0.4273647405207157, 0.4733327068388462, 0.5871416702866554, 0.4219673164188862, 0.44851377233862877, 0.49020144902169704, 0.33581619523465633, 0.46910770796239376, 0.3329588584601879, 0.41528696194291115, 0.35635329224169254, 0.3594942670315504, 0.2972626592963934, 0.31387881748378277, 0.3307065460830927, 0.25165477581322193, 0.7607639990746975, 0.37907139398157597, 0.2776749935001135, 0.16900298558175564, 0.18817704170942307, 0.21604623645544052, 0.22141632996499538, 0.28815596364438534, 0.38260776549577713, 0.22903289552778006, 0.1747957170009613, 0.2504905788227916, 0.25044338777661324, 0.1789078749716282, 0.16784378979355097, 0.2065959507599473, 0.16223228815943003, 0.13576616533100605, 0.25229465309530497, 0.2708843480795622, 0.13936565862968564, 0.10340689681470394, 0.13725961139425635, 0.5508200209587812, 0.10686605423688889, 0.10078219044953585, 0.10442522307857871, 0.1922261230647564], "f1_score_neu": [0.15594974119449034, 0.5157733466476202, 0.6276495233178139, 0.5994032900780439, 0.4529096148908138, 0.6767118871212006, 0.5862456224858761, 0.6940335929393768, 0.6633886024355888, 0.7033593244850636, 0.6772257387638092, 0.6683594845235348, 0.743787731975317, 0.7305068783462048, 0.6602248698472977, 0.744455199688673, 0.6912047900259495, 0.7842397354543209, 0.7441355511546135, 0.7170384600758553, 0.8044849820435047, 0.812162671238184, 0.8168531395494938, 0.6742335185408592, 0.8187471441924572, 0.8437566459178925, 0.8136601932346821, 0.8059918209910393, 0.862314622849226, 0.8311575129628181, 0.8110913038253784, 0.8887020647525787, 0.818355355411768, 0.896216407418251, 0.8535659909248352, 0.884823452681303, 0.8730016425251961, 0.898995716124773, 0.9017375707626343, 0.885148674249649, 0.9247491471469402, 0.7456856071949005, 0.8705934137105942, 0.905268482863903, 0.9506085775792599, 0.9439075514674187, 0.935576606541872, 0.9278417266905308, 0.8978958055377007, 0.8500849530100822, 0.9335715845227242, 0.9470705799758434, 0.9128173142671585, 0.9120210893452168, 0.9509632475674152, 0.9488350562751293, 0.9343891032040119, 0.9486773200333118, 0.9619711637496948, 0.9186867661774158, 0.9053219184279442, 0.9606241472065449, 0.9742254801094532, 0.959501750767231, 0.8754820227622986, 0.9664257168769836, 0.9710944443941116, 0.9695503078401089, 0.9396900422871113], "f1_score_neg": [0.3472547009587288, 0.3475905042141676, 0.439093217253685, 0.2818855191580951, 0.41434167232364416, 0.4217244144529104, 0.49761378299444914, 0.5539344027638435, 0.5526524037122726, 0.5117739606648684, 0.5202547665685415, 0.651290737092495, 0.674427505582571, 0.6355807110667229, 0.5476405154913664, 0.6590498015284538, 0.5750012379139662, 0.7132416479289532, 0.7205708883702755, 0.5392301045358181, 0.7341889478266239, 0.7267837431281805, 0.7365833967924118, 0.6061910670250654, 0.7750261649489403, 0.7800231799483299, 0.7538451142609119, 0.6010718140751123, 0.8061883486807346, 0.7863934077322483, 0.6915243770927191, 0.8410881832242012, 0.7216909825801849, 0.8529344946146011, 0.8045582212507725, 0.7943325489759445, 0.7921154163777828, 0.860797394067049, 0.8339505977928638, 0.8329643867909908, 0.8915111646056175, 0.6210154350847006, 0.8452230207622051, 0.8570797294378281, 0.931480910629034, 0.9166490696370602, 0.9138014055788517, 0.9016329422593117, 0.8384552970528603, 0.7887378334999084, 0.9079658202826977, 0.9244498200714588, 0.868987962603569, 0.8726261220872402, 0.9338664337992668, 0.9380023218691349, 0.8907160460948944, 0.9287423454225063, 0.9496612064540386, 0.8652454651892185, 0.8378185369074345, 0.9468762874603271, 0.9684671387076378, 0.9483910948038101, 0.8826787918806076, 0.9510528296232224, 0.9561295248568058, 0.9629429131746292, 0.9173677302896976], "val_f1_score_neg": [0.2246361825710688, 0.47335504266897194, 0.07327101687476327, 0.5817055515861168, 0.27833157326662483, 0.6103663335659458, 0.5568372073524234, 0.6187046683429868, 0.2635183133925611, 0.5214424994927079, 0.5883363250591065, 0.5900679200659772, 0.5747493444210873, 0.3874664382185423, 0.4464290724297231, 0.6296580202719997, 0.6079707788391474, 0.6217691904244742, 0.5894696567973413, 0.6271704929506677, 0.587834805826641, 0.605519138715635, 0.6144312827425179, 0.5927500504660167, 0.5841672848700619, 0.5737912980651083, 0.2700787366401811, 0.575477318322932, 0.5385707700863863, 0.5989173187954276, 0.6034732280526137, 0.6068208610426988, 0.5781233319011402, 0.5636623482606564, 0.34054960797780065, 0.4585575230932429, 0.5126145873662861, 0.5308317802427484, 0.5001878293044278, 0.48851834168532815, 0.5951939895246354, 0.5627888243208047, 0.6009742402837344, 0.6034729031094334, 0.5752873165726501, 0.6040552509994696, 0.6096815044312557, 0.6109342663555171, 0.5960915604261895, 0.5838916017512614, 0.5798468380911738, 0.5969146321713255, 0.6144076210123647, 0.6005186941298718, 0.5554237499786184, 0.5999722791265057, 0.5930251591494101, 0.575871450457013, 0.5025308024116427, 0.34562349757175426, 0.543561545916629, 0.6002150597574472, 0.6068596132049354, 0.5514657695820028, 0.5752238449994583, 0.5892427215906504, 0.5948867521680694, 0.5798083854536725, 0.5856292070808359],