{"val_f1_score": [0.47138362095920616, 0.5258572599314468, 0.5650352611024018, 0.5583052270968317, 0.5830966869177169, 0.5886555949034041, 0.6275504998825617, 0.6121073884661354, 0.6376944143191242, 0.5673664280694831, 0.6553232482246861, 0.5674522673867989, 0.573688425637592, 0.6158605793502241, 0.6288576560979624, 0.5466466848224347, 0.6373250478213771, 0.6679937167802946, 0.5910618312865957, 0.5695840128600488, 0.5966893315096399, 0.6629741224222161, 0.6300542759451377, 0.6612989512635378, 0.520595763694449, 0.5920127483293387, 0.6516638362685934, 0.6070729364036982, 0.6503575745136632, 0.6544934779585362, 0.6613589372029618, 0.6536356854745168, 0.5623774762044828, 0.6549659933970101, 0.6121440871537842, 0.6523163813698051, 0.5461055850251091, 0.6319788142573699, 0.6445381161017959, 0.6502867998990555, 0.6423160097525872, 0.6493478549486565, 0.6370282689480216, 0.6391226781999662, 0.6342069102090204, 0.6446778936677489, 0.6141173316680194, 0.6363888894858212, 0.6223653461124651, 0.6526714513503814, 0.6457600435840468, 0.6279822898417547, 0.6412271269031188, 0.6283924066110637, 0.5820075436242447, 0.6445648681138901, 0.6472504514582414, 0.6418653013291648, 0.6164817581519411, 0.6398026866766526, 0.63559271485481, 0.6444837734232166, 0.6290342267216769, 0.6268196151758659, 0.6252521562226138, 0.6407895261085225, 0.6389160349148326, 0.6317509600817923, 0.6048580191281097], "val_f1_score_neu": [0.3924154483862446, 0.647818448863691, 0.6048060783619584, 0.6745107807795456, 0.6699102636462836, 0.6878559278153761, 0.635755526638081, 0.6957413636571993, 0.6692236645966416, 0.6984879603512232, 0.6946786862641471, 0.6941640037362293, 0.4707892769876816, 0.70929680813525, 0.6931162389938581, 0.6846471500621829, 0.71110571201411, 0.6924712111278997, 0.706430463380711, 0.4541431489482878, 0.7060399425801973, 0.699563859345686, 0.709346810367018, 0.6883100144918779, 0.6887501821316605, 0.5697935527620933, 0.7083315001270636, 0.7028479700384883, 0.6676097748912978, 0.6712482451861091, 0.7125260040511805, 0.686565830408667, 0.6941856978885652, 0.6799043995984545, 0.7062136814127186, 0.6925819878530665, 0.6796097679304508, 0.6300509524039012, 0.7141990476069787, 0.7096800158382118, 0.6930984021827614, 0.7053588571712285, 0.7049261237453858, 0.7059561225050489, 0.7056942127240539, 0.7043280827226897, 0.7063683837441175, 0.6407371531657087, 0.6970919063639647, 0.6954818463625634, 0.6874183552833545, 0.6419029106876214, 0.6930080342411589, 0.7079639710562141, 0.5110416521933521, 0.6978111626468492, 0.7001617459090338, 0.6807630250937289, 0.7037012828887681, 0.6893600074287602, 0.7021465755465648, 0.6961467673920472, 0.6964122630966451, 0.6947607408193913, 0.6792626881142974, 0.6973864091308668, 0.6705076255074268, 0.6993154530571478, 0.6895909745987713], "f1_score_pos": [0.5638136764367422, 0.6213446309169134, 0.6958086291948954, 0.7267252753178278, 0.6505147715409597, 0.7855118215084076, 0.7378103832403818, 0.7710979729890823, 0.7012415379285812, 0.7782563318808874, 0.8206953952709833, 0.8039220968882242, 0.7834946165482203, 0.7392769257227579, 0.8676032324632009, 0.8161325752735138, 0.7875554114580154, 0.8774001350005468, 0.8311209132273992, 0.876679336031278, 0.7809689044952393, 0.8598990589380264, 0.9241408507029215, 0.8832423537969589, 0.9028620024522146, 0.8199650943279266, 0.8669900745153427, 0.9009625116984049, 0.8674793293078741, 0.9388706038395563, 0.9507735321919123, 0.9430012057224909, 0.9373385359843572, 0.9165107856194178, 0.9227287520964941, 0.9398996233940125, 0.9104547649621964, 0.7707155148188273, 0.9322825819253922, 0.9490299175182978, 0.9719443817933401, 0.9558337579170862, 0.9740345825751623, 0.9780422449111938, 0.969677930076917, 0.9799648771683375, 0.9471092571814855, 0.9631129304567972, 0.963910793264707, 0.9837877402702967, 0.9708132495482763, 0.9576075226068497, 0.9753988335529963, 0.9792707959810892, 0.9381686051686605, 0.9455888221661249, 0.9844182034333547, 0.9822810689608256, 0.9794377088546753, 0.9678666194279989, 0.9851451317469279, 0.9855176558097204, 0.9853220184644064, 0.9706940601269404, 0.9748167743285497, 0.9892836809158325, 0.9760516633590063, 0.9699695408344269, 0.9797715147336324], "f1_score_pos_neg": [0.4112597182393074, 0.477198821802934, 0.4945731982588768, 0.5793892095486323, 0.5551318128903707, 0.640877808133761, 0.6419838766256968, 0.6891603867212931, 0.6548282355070114, 0.6951471219460169, 0.6811998635530472, 0.7540466239054998, 0.7164255927006403, 0.7298654119173685, 0.8101853231588999, 0.7895833949247996, 0.7198919157187144, 0.8403289069732031, 0.808705190817515, 0.8226988216241201, 0.7728643715381622, 0.8521030495564142, 0.9086742599805196, 0.8615494668483734, 0.8699449400107065, 0.7923503915468851, 0.8716557572285334, 0.8919540097316107, 0.8669671416282654, 0.9252663900454839, 0.9507832179466883, 0.9399531036615372, 0.9309557179609934, 0.9153596311807632, 0.9170752118031184, 0.9414114207029343, 0.9207286338011423, 0.8278400550285975, 0.9396093537410101, 0.9420196910699209, 0.9673238744338354, 0.9478828112284342, 0.9632246394952139, 0.970639189084371, 0.963539277513822, 0.9671015938123068, 0.9549292673667272, 0.9607859353224436, 0.9520853360493978, 0.9805430223544439, 0.9729356616735458, 0.9552990595499674, 0.9512757162253062, 0.9729365011056265, 0.9535257418950399, 0.9491676390171051, 0.9785021295150121, 0.9729391485452652, 0.9784211119016012, 0.9670675545930862, 0.9855795502662659, 0.9839524825414022, 0.9832281370957693, 0.9764728049437205, 0.9702797879775366, 0.9876633783181509, 0.969622994462649, 0.9757925470670065, 0.9827338308095932], "val_acc": [0.5069499106473445, 0.6042486222247392, 0.6189352077134725, 0.6063467054550897, 0.643325457368471, 0.6309992105136104, 0.6540781490889679, 0.6428009494846023, 0.6661421505916535, 0.6485706733150367, 0.6808287397538962, 0.6323105175289431, 0.5982166415526428, 0.6698138058857751, 0.6742722270621924, 0.6079202721571003, 0.6724363963903481, 0.6863362220463526, 0.6624704935311209, 0.593495943150494, 0.6483084190682792, 0.6865984726977604, 0.6606346713630602, 0.678992909082052, 0.6315237360146926, 0.6262785181610283, 0.6742722233886829, 0.6401783385959599, 0.6669289309491393, 0.6724363987664054, 0.681615523644204, 0.6721741354062181, 0.6304746971898213, 0.6740099576524384, 0.6514555345268159, 0.6763703107615014, 0.5921846292258371, 0.6509310125585557, 0.6706005711584244, 0.6753212622135542, 0.6611591973956289, 0.6703383090175296, 0.6719118811594605, 0.6690270200883689, 0.6653553690774029, 0.6682402288510423, 0.650406502908276, 0.6530291089666443, 0.6682402307581408, 0.6719118780955973, 0.6716496207849766, 0.6417518996392026, 0.6692892701926583, 0.6635195336534444, 0.6029373211964453, 0.6703383168335071, 0.6716496057626677, 0.6616837120168703, 0.6559139839032802, 0.6656176257783774, 0.6629950142019289, 0.6671911816005471, 0.6640440645162871, 0.6622082398940096, 0.6611591926435145, 0.6661421410092649, 0.656176233866882, 0.6656176107560685, 0.6296879120020612],