{"1": {"val_f1_score_pos_neg": [0.47435262260742145, 0.5555648814028028, 0.6792448727189792, 0.649423351414148, 0.6736917884025304, 0.635523543344093, 0.6675223102414511, 0.5482401705901203, 0.6562212535223872, 0.6096051661104722, 0.5243934629284238, 0.6039435153022514, 0.6831799275663122, 0.5301856420623515, 0.6007258668835007, 0.6748698822257089, 0.6757615313203573, 0.655241761437683, 0.5869762776500123, 0.6199544422932256, 0.6667225282710586, 0.6747076611896528, 0.6668868092079973, 0.6446581001579371, 0.6265723534747119, 0.6431561897596973, 0.6138890839423403, 0.5596319653216917, 0.5871896588392781, 0.6718047678923939, 0.6529794582193866, 0.612114198339789, 0.6486372969577608, 0.6743211893156198, 0.6085126895526873, 0.6377736990013493, 0.6066905957583896, 0.6722005443594258, 0.6323059862941198, 0.6510970346451807, 0.6414462170699685, 0.6132478502019947, 0.6262492158736203, 0.6151599364427016, 0.574859214976426, 0.6479180245895946, 0.6004117086369504, 0.6508007715012876, 0.5179090007783983, 0.6379934715811987, 0.629813092041916, 0.6126699085283117, 0.646621544155398, 0.6226013579176005, 0.6365893267597266, 0.6538753303492316, 0.5859682866666, 0.6147609003691294, 0.6048671514569635, 0.6288292399704566, 0.6150448228191773, 0.6372109324232412, 0.6505770089117962, 0.6098760249356475], "loss": [0.9422058980715903, 0.7632998157488672, 0.7209685578158027, 0.6750753463098877, 0.6633511389556684, 0.6251518593022698, 0.6211236244753787, 0.6047960880555605, 0.5758993045279854, 0.5703929780345214, 0.5348443581085456, 0.55378649697492, 0.5441220598785501, 0.512533461577014, 0.5214528221833078, 0.4940815238576186, 0.4976245906007917, 0.454770370141456, 0.45135914181408127, 0.5064091564793336, 0.4224614544134391, 0.43187962354798065, 0.4191963425592372, 0.4051900521705025, 0.40874609821721125, 0.3558931923226306, 0.37785523541663824, 0.31634162915380376, 0.3387583505950476, 0.3548588713533, 0.3357906616047809, 0.31337692059184374, 0.29006006803951767, 0.27625252678990364, 0.285907239898255, 0.28714050548641307, 0.2644756254004805, 0.25266552285144206, 0.21523364476467433, 0.2358172771177794, 0.2787514409344447, 0.25653141050746564, 0.20251869606344322, 0.2248571275880462, 0.22668039720309408, 0.1828411754808928, 0.2259812092310504, 0.1660016454560192, 0.1758326665547333, 0.2707600470044111, 0.16635202802717686, 0.17494425618726955, 0.17002649791538715, 0.1345667926300513, 0.1382983745516915, 0.19669550480811218, 0.13990445140945285, 0.15343099910961955, 0.13498942779475137, 0.14412190833766209, 0.14079957406379676, 0.19836990015679284, 0.13577517592593244, 0.1130153089761734], "f1_score_neu": [0.5173088183234397, 0.7118909758956808, 0.7243619216115851, 0.7463336335985284, 0.7454184144735336, 0.7678163812348717, 0.7645144564540762, 0.7699827693010631, 0.777933803828139, 0.7809234237984607, 0.800682437263037, 0.7922642278043848, 0.7895878027928503, 0.8058283281953711, 0.8031160094236073, 0.816354657474317, 0.8075731937822542, 0.831455481679816, 0.8310326377027913, 0.8100878212012743, 0.8448025372467542, 0.8413607274231157, 0.8393118765793348, 0.8524608353250905, 0.8404677416148939, 0.8710348394356275, 0.8570124099129125, 0.8870754116459897, 0.8836305039493662, 0.8742949397940385, 0.874412573481861, 0.8900752412645441, 0.9005979919119885, 0.9032936551068959, 0.900363531551863, 0.8965427059876291, 0.9115384456358457, 0.9148126024948923, 0.9280157167660562, 0.9218352593873677, 0.9019113261448709, 0.9119176480330919, 0.9313713774869317, 0.9277375434574328, 0.9241370950874529, 0.9431949893110677, 0.9212223401195124, 0.946531712224609, 0.9446663291830766, 0.9019315407464379, 0.9457503431721738, 0.9437640199535772, 0.9431629706370203, 0.9577417240331048, 0.9574292851121802, 0.9332472580043893, 0.9568135314866116, 0.9498560436462101, 0.9583646208047867, 0.9534713421997271, 0.9568302137287039, 0.9330110024464758, 0.9584836003027464, 0.9664883652800008], "f1_score_neg": [0.25670410163308444, 0.44777461690338033, 0.517996755869765, 0.5651897623350746, 0.5791747734734887, 0.5941923986140051, 0.6407378527678942, 0.622419251423133, 0.6556049083408556, 0.636702688901048, 0.6937494724988937, 0.6947150348048461, 0.7074528563963739, 0.7152504254328577, 0.7103188712345926, 0.7417820966557452, 0.7297267968717375, 0.7490051945573405, 0.7574049006951483, 0.7191749611183217, 0.7947765902469033, 0.7924366107112483, 0.7701570085789028, 0.8043248810266194, 0.8113956169078225, 0.8521799476523149, 0.8469202126327314, 0.8513709345930501, 0.824251106695125, 0.8376254306027764, 0.8503120988607407, 0.8376400878554896, 0.8847407439821645, 0.8599387768067812, 0.8711146218212027, 0.8708207842550779, 0.8910538452236276, 0.9014211391147814, 0.894560390397122, 0.9144545809218758, 0.8600903694566927, 0.8975636268916883, 0.9068474197073987, 0.9083118572046882, 0.905428943665404, 0.921791955044395, 0.917581087664554, 0.9246342040990528, 0.913318478747418, 0.910000982253175, 0.9292025173965254, 0.9320244459729445, 0.9305490184771387, 0.9438616876539431, 0.9327522688790372, 0.9244384279376582, 0.9384079583381352, 0.9340176747033471, 0.9436682007814708, 0.9332423617965296, 0.9422804140730908, 0.9211904994751278, 0.9407090803510264, 0.9518653930802095], "val_f1_score_neg": [0.29567501221292763, 0.44607459320942, 0.6265130087737176, 0.5969651796953465, 0.6216848780875628, 0.6404794929004423, 0.5931597013752384, 0.3838235894557594, 0.6091954181458799, 0.504803669099385, 0.46838200530010415, 0.5303680129542677, 0.6277769943281575, 0.4265940059303706, 0.5400551770448122, 0.6222191532859332, 0.6434295569352831, 0.6482247664582658, 0.4697411113872698, 0.5502714465179063, 0.6294343103238238, 0.6256161605845966, 0.6435601868530662, 0.6119215009783373, 0.5197379977847534, 0.5661332390766709, 0.5286225933135102, 0.5241398041388384, 0.441731182290224, 0.607108670115127, 0.6083729083913848, 0.6054282805565114, 0.606865842871362, 0.6211500518940392, 0.5458853739532873, 0.561804554498699, 0.5409767923316335, 0.6154009096740645, 0.5342775240145797, 0.6150304894574884, 0.6063190557154463, 0.5472848559814021, 0.5307840765569893, 0.5108142074499423, 0.4572924051249149, 0.5685305368265642, 0.5219132127237858, 0.5839230492926006, 0.38618179324915675, 0.5806437728288072, 0.5907865939820622, 0.5248748135948131, 0.5819123735929329, 0.5962462064602729, 0.5486553103130319, 0.5857930322847684, 0.4726659530593503, 0.503346143988465, 0.5141616054885568, 0.5657488915384394, 0.5572875626219123, 0.6056223046645198, 0.6023668400296507, 0.5272748816241563], "val_f1_score_neu": [0.6906366694827046, 0.7117736033182772, 0.7253786792693849, 0.7371009047532251, 0.7388473258004737, 0.7329713949655693, 0.732292004623283, 0.7261837967699543, 0.7453258244690544, 0.7290713269973783, 0.7068510866840462, 0.7347946612815547, 0.7136418616055754, 0.7149096711113982, 0.7281104557444785, 0.735519865351401, 0.7294637458767754, 0.7340883722369076, 0.7272977150552641, 0.7333060582572632, 0.7377960744755743, 0.739601862530617, 0.7322565361079725, 0.7340079220517426, 0.7256465096377401, 0.7363446288586538, 0.7299656775908742, 0.7149665519974221, 0.6696236066358032, 0.7234342268624394, 0.7322272247696623, 0.7227011758637747, 0.7299487758989631, 0.6823432671564194, 0.7239602331942596, 0.7243624998927273, 0.7208573553714107, 0.71015870247555, 0.7051018151654179, 0.7245406215815541, 0.7232912561570194, 0.7215855911807879, 0.7099856565138064, 0.7151566933935282, 0.7183608712563514, 0.7146119503189565, 0.719773147008002, 0.7296274530896983, 0.7074667032922374, 0.7161296584960704, 0.7186956064550388, 0.7197570796247983, 0.7217869731093716, 0.7158026531897534, 0.7041759136434055, 0.6933416838787247, 0.708946863607006, 0.7096560723569616, 0.7178664071147848, 0.7207533259608131, 0.7117319928202265, 0.7076295176235172, 0.7149424924020095, 0.715171155953326],