{"1": {"val_f1_score_neg": [0.0, 0.0, 0.0, 0.0, 0.0, 0.0, 0.0, 0.0, 0.0, 0.0, 0.0, 0.0, 0.0, 0.0, 0.0, 0.0, 0.0, 0.0, 0.0, 0.0, 0.0, 0.0, 0.0, 0.0, 0.0, 0.0, 0.0, 0.0, 0.0, 0.0, 0.0, 0.0, 0.0, 0.0, 0.0, 0.0, 0.0, 0.0, 0.0, 0.0, 0.0, 0.0, 0.0, 0.0, 0.0, 0.0, 0.0, 0.0, 0.0, 0.0, 0.0, 0.0], "f1_score": [0.21646655350923538, 0.2402598261833191, 0.2402363009750843, 0.24020365253090858, 0.24026121199131012, 0.24023433402180672, 0.24017572402954102, 0.2402440831065178, 0.240269273519516, 0.24021361395716667, 0.24011585488915443, 0.24014895409345627, 0.24021970480680466, 0.24018511548638344, 0.24013153836131096, 0.2401936687529087, 0.24014057219028473, 0.2401481717824936, 0.24022623524069786, 0.24016904458403587, 0.24016331508755684, 0.24026964604854584, 0.24024653434753418, 0.24013681709766388, 0.24020175263285637, 0.2402058131992817, 0.2402440831065178, 0.24019791558384895, 0.24023257195949554, 0.240263681858778, 0.24025465920567513, 0.24007254838943481, 0.24019630253314972, 0.2401989996433258, 0.24026719853281975, 0.24019194021821022, 0.24015279486775398, 0.24021751433610916, 0.24019648507237434, 0.24024565145373344, 0.2401631772518158, 0.24022226780653, 0.24023262038826942, 0.2402375265955925, 0.24025296419858932, 0.24021201953291893, 0.24020234867930412, 0.2402668334543705, 0.2402515448629856, 0.24023449048399925, 0.24014292657375336, 0.2402643747627735], "val_f1_score_pos_neg": [0.0, 0.0, 0.0, 0.0, 0.0, 0.0, 0.0, 0.0, 0.0, 0.0, 0.0, 0.0, 0.0, 0.0, 0.0, 0.0, 0.0, 0.0, 0.0, 0.0, 0.0, 0.0, 0.0, 0.0, 0.0, 0.0, 0.0, 0.0, 0.0, 0.0, 0.0, 0.0, 0.0, 0.0, 0.0, 0.0, 0.0, 0.0, 0.0, 0.0, 0.0, 0.0, 0.0, 0.0, 0.0, 0.0, 0.0, 0.0, 0.0, 0.0, 0.0, 0.0], "f1_score_pos": [0.07293666154146194, 0.0, 0.0, 0.0, 0.0, 0.0, 0.0, 0.0, 0.0, 0.0, 0.0, 0.0, 0.0, 0.0, 0.0, 0.0, 0.0, 0.0, 0.0, 0.0, 0.0, 0.0, 0.0, 0.0, 0.0, 0.0, 0.0, 0.0, 0.0, 0.0, 0.0, 0.0, 0.0, 0.0, 0.0, 0.0, 0.0, 0.0, 0.0, 0.0, 0.0, 0.0, 0.0, 0.0, 0.0, 0.0, 0.0, 0.0, 0.0, 0.0, 0.0, 0.0], "loss": [1.0709538459777832, 0.9960367828607559, 0.9775733351707458, 0.9791143238544464, 0.9755928367376328, 0.9757500290870667, 0.9789803922176361, 0.9755968302488327, 0.9754536002874374, 0.9745582789182663, 0.9793591946363449, 0.9749155640602112, 0.9763641059398651, 0.9775895476341248, 0.9765060544013977, 0.9761926233768463, 0.9802245795726776, 0.9786053001880646, 0.9750107526779175, 0.9769677966833115, 0.9734911620616913, 0.9732344597578049, 0.9729822874069214, 0.9742936491966248, 0.9746953547000885, 0.9730318635702133, 0.9715669304132462, 0.9722472131252289, 0.9730905145406723, 0.9712719321250916, 0.9709307849407196, 0.9766592383384705, 0.9745950102806091, 0.9733270108699799, 0.9703351855278015, 0.9705145508050919, 0.9724768847227097, 0.9697321206331253, 0.969775840640068, 0.9662397354841232, 0.9707416445016861, 0.9727790504693985, 0.9646219462156296, 0.9634313434362411, 0.959945410490036, 0.968230664730072, 0.9550115913152695, 0.9487644582986832, 0.9901453405618668, 0.9514757990837097, 0.9446553885936737, 0.9617929905653], "val_f1_score_pos": [0.0, 0.0, 0.0, 0.0, 0.0, 0.0, 0.0, 0.0, 0.0, 0.0, 0.0, 0.0, 0.0, 0.0, 0.0, 0.0, 0.0, 0.0, 0.0, 0.0, 0.0, 0.0, 0.0, 0.0, 0.0, 0.0, 0.0, 0.0, 0.0, 0.0, 0.0, 0.0, 0.0, 0.0, 0.0, 0.0, 0.0, 0.0, 0.0, 0.0, 0.0, 0.0, 0.0, 0.0, 0.0, 0.0, 0.0, 0.0, 0.0, 0.0, 0.0, 0.0], "val_loss": [1.0235549635142824, 0.9758419852722243, 0.9677162015968971, 0.9657043001966009, 0.9656390208035399, 0.9656723345714917, 0.967165603865067, 0.9643706521417341, 0.9676654787145109, 0.9673460593804871, 0.9647312202380682, 0.9679288561956549, 0.9689129126592096, 0.9668716726354581, 0.9665919454903201, 0.9649765348305748, 0.9645960899928749, 0.9664260185467355, 0.965618888268962, 0.9673241509867851, 0.9694102539760917, 0.9652826809100187, 0.9679594850196959, 0.9667264850516069, 0.9651794466841505, 0.9666046969160217, 0.96749261907774, 0.9685554443529689, 0.963874368398403, 0.9662041436215537, 0.9674433806539923, 0.9724746666885526, 0.967517087494957, 0.966339387927997, 0.9643500363349485, 0.9667182003545483, 0.9730386428880198, 0.9653675606054494, 0.9652960413327047, 0.9646907490328309, 0.9638898875656505, 0.9677940596882094, 0.9628498748353725, 0.9644552511617615, 0.96343713339202, 0.9610886852643643, 0.9601294600475602, 0.9576399139708032, 0.9625809011939834, 0.9625201109986127, 0.9801017185937055, 0.9605809518790063], "val_f1_score": [0.2367351456263341, 0.2367351456263341, 0.2367351456263341, 0.2367351456263341, 0.2367351456263341, 0.2367351456263341, 0.2367351456263341, 0.2367351456263341, 0.2367351456263341, 0.2367351456263341, 0.2367351456263341, 0.2367351456263341, 0.2367351456263341, 0.2367351456263341, 0.2367351456263341, 0.2367351456263341, 0.2367351456263341, 0.2367351456263341, 0.2367351456263341, 0.2367351456263341, 0.2367351456263341, 0.2367351456263341, 0.2367351456263341, 0.2367351456263341, 0.2367351456263341, 0.2367351456263341, 0.2367351456263341, 0.2367351456263341, 0.2367351456263341, 0.2367351456263341, 0.2367351456263341, 0.2367351456263341, 0.2367351456263341, 0.2367351456263341, 0.2367351456263341, 0.2367351456263341, 0.2367351456263341, 0.2367351456263341, 0.2367351456263341, 0.2367351456263341, 0.2367351456263341, 0.2367351456263341, 0.2367351456263341, 0.2367351456263341, 0.2367351456263341, 0.2367351456263341, 0.2367351456263341, 0.2367351456263341, 0.2367351456263341, 0.2367351456263341, 0.2367351456263341, 0.2367351456263341], "val_f1_score_neu": [0.7102054234726495, 0.7102054234726495, 0.7102054234726495, 0.7102054234726495, 0.7102054234726495, 0.7102054234726495, 0.7102054234726495, 0.7102054234726495, 0.7102054234726495, 0.7102054234726495, 0.7102054234726495, 0.7102054234726495, 0.7102054234726495, 0.7102054234726495, 0.7102054234726495, 0.7102054234726495, 0.7102054234726495, 0.7102054234726495, 0.7102054234726495, 0.7102054234726495, 0.7102054234726495, 0.7102054234726495, 0.7102054234726495, 0.7102054234726495, 0.7102054234726495, 0.7102054234726495, 0.7102054234726495, 0.7102054234726495, 0.7102054234726495, 0.7102054234726495, 0.7102054234726495, 0.7102054234726495, 0.7102054234726495, 0.7102054234726495, 0.7102054234726495, 0.7102054234726495, 0.7102054234726495, 0.7102054234726495, 0.7102054234726495, 0.7102054234726495, 0.7102054234726495, 0.7102054234726495, 0.7102054234726495, 0.7102054234726495, 0.7102054234726495, 0.7102054234726495, 0.7102054234726495, 0.7102054234726495, 0.7102054234726495, 0.7102054234726495, 0.7102054234726495, 0.7102054234726495], "val_acc": [0.5510571405418918, 0.5510571405418918, 0.5510571405418918, 0.5510571405418918, 0.5510571405418918, 0.5510571405418918, 0.5510571405418918, 0.5510571405418918, 0.5510571405418918, 0.5510571405418918, 0.5510571405418918, 0.5510571405418918, 0.5510571405418918, 0.5510571405418918, 0.5510571405418918, 0.5510571405418918, 0.5510571405418918, 0.5510571405418918, 0.5510571405418918, 0.5510571405418918, 0.5510571405418918, 0.5510571405418918, 0.5510571405418918, 0.5510571405418918, 0.5510571405418918, 0.5510571405418918, 0.5510571405418918, 0.5510571405418918, 0.5510571405418918, 0.5510571405418918, 0.5510571405418918, 0.5510571405418918, 0.5510571405418918, 0.5510571405418918, 0.5510571405418918, 0.5510571405418918, 0.5510571405418918, 0.5510571405418918, 0.5510571405418918, 0.5510571405418918, 0.5510571405418918, 0.5510571405418918, 0.5510571405418918, 0.5510571405418918, 0.5510571405418918, 0.5510571405418918, 0.5510571405418918, 0.5510571405418918, 0.5510571405418918, 0.5510571405418918, 0.5510571405418918, 0.5510571405418918],