{"f1_score_neg": [0.2505092764539378, 0.33838724424796446, 0.45422899669834543, 0.4815193553056036, 0.548074658960104, 0.5628134980797768, 0.6105978217508111, 0.6134931732501302, 0.6487058081797191, 0.6498413437179157, 0.6339581119162696, 0.6705700808337757, 0.6913162171840668, 0.7347856483289174, 0.7259694433638028, 0.7348607150571687, 0.7487142341477531, 0.7150742028440747, 0.7744681324277606, 0.7790283135005406, 0.7973236069083214, 0.7828549891710281, 0.7961711095912116, 0.8027268445917538, 0.8138520589896611, 0.8288974538445473, 0.8476306678993362, 0.8562146574258804, 0.8738878497055599, 0.8671853648764747, 0.8477678852421897, 0.8846022412180901, 0.8349131281886782, 0.8969824111887387, 0.9177016083683286, 0.9032997850860868, 0.82394996711186, 0.9081008349146161, 0.9050033358590943, 0.9106146288769585, 0.9259515968816621, 0.9202299437352589, 0.9098692887595722, 0.9159867689013481, 0.9367571611489568, 0.8977351805993489, 0.936269189630236, 0.9486106889588493, 0.8805825635790825, 0.9500810035637447, 0.9317165464162827, 0.9554016728486333, 0.94508588633367, 0.938133285513946, 0.9470260409372193, 0.9520282947591373, 0.9277413019112178, 0.9492727273276874, 0.9464192507522446, 0.9456462923969541, 0.9491337793213981, 0.919836333819798, 0.9569110465901238, 0.963825238602502, 0.9553438467638833, 0.9538614973425865], "val_acc": [0.5730396050216331, 0.641227378499436, 0.6826645619219568, 0.6682402385741183, 0.6506687528718778, 0.679255184400685, 0.6706005741441278, 0.6837136001371819, 0.7060057600433045, 0.7031209080856428, 0.6771570934950446, 0.6926304743635726, 0.6850249179541955, 0.6747967434498446, 0.6907946460677856, 0.6821400484574801, 0.6831890855159405, 0.6889588214455081, 0.6831890993814846, 0.690007864553535, 0.6661421512012997, 0.706005767859282, 0.6957776059230231, 0.6984002102931403, 0.6923682194290091, 0.6991869887435277, 0.6949908213449093, 0.6981379438690898, 0.7031209013482701, 0.6855494318876308, 0.6865984845780463, 0.6934172516571954, 0.6968266453575407, 0.6283766020010251, 0.6986624777957957, 0.6923682254785757, 0.646997119868924, 0.6970889032778076, 0.6787306612756601, 0.685287172200953, 0.6907946484438429, 0.6462103352908103, 0.6997114986126547, 0.6897456011933477, 0.6810910059590993, 0.6601101416413502, 0.6635195455337303, 0.6886965599924193, 0.6879097808542259, 0.6522423159629067, 0.6865984786691673, 0.6543404315357724, 0.6800419538783302, 0.6865984810452245, 0.6755835363754225, 0.6750590139382034, 0.6726986608291404, 0.6831890891112901, 0.6881720338816909, 0.6831890867352329, 0.6808287420517937, 0.6905323954163778, 0.6803042285873169, 0.6779438821374667, 0.6787306612756601, 0.6661421391021665], "acc": [0.548214283904859, 0.6791071476680892, 0.7303571360451835, 0.7316071454967771, 0.7348214260169438, 0.7628571412393025, 0.7746428570577076, 0.7567857056856155, 0.7898214278476579, 0.7962499974029404, 0.7946428624647004, 0.7914285670433726, 0.8049999986376081, 0.8287499972752163, 0.8360714220574924, 0.8332142808607647, 0.8369642826063293, 0.8237499999148505, 0.848571430359568, 0.8575000049812453, 0.8562499934009143, 0.8478571357471603, 0.8732142863529069, 0.8535714245268277, 0.8796428654875074, 0.8853571351085391, 0.88982143253088, 0.8842857064945358, 0.9076785711305482, 0.9053571426442691, 0.8971428605062621, 0.9228571472423417, 0.8835714257189206, 0.923750000340598, 0.9203571485621589, 0.9285714221852166, 0.90732142329216, 0.9223214313387871, 0.9285714338932719, 0.9266071308936391, 0.9424999984247344, 0.9383928552269936, 0.9421428612300328, 0.9371428585478238, 0.9567857107945851, 0.9112499973603657, 0.9523214261446681, 0.9514285751751491, 0.9407142869063786, 0.9587500010217939, 0.9480357127530235, 0.9614285826683044, 0.966428571513721, 0.9548214290823255, 0.9582142893757138, 0.9575000043426242, 0.9628571410264287, 0.9707142944846835, 0.9519642793706485, 0.9641071430274418, 0.9667857150946345, 0.9333928514804158, 0.9707142955490521, 0.9667857225452151, 0.9710714274219104, 0.9694642850330898], "f1_score_pos": [0.569582329264709, 0.648667573928833, 0.707436669085707, 0.7199072103415217, 0.7115709419761386, 0.7381606942840985, 0.7560077128665788, 0.7260300740599632, 0.7696366427200181, 0.7754847268973079, 0.7840403690934181, 0.7682597786188126, 0.785236483173711, 0.813914839710508, 0.824669079056808, 0.8180579649550574, 0.8252868513975825, 0.8099255306380135, 0.8269351124763489, 0.8482052013278008, 0.8335563348872321, 0.8296460477369172, 0.8660974651575089, 0.8304935800177711, 0.871203074497836, 0.8809998918856893, 0.874784987952028, 0.8703250874366079, 0.8928002342581749, 0.8903062045574188, 0.8880924912435668, 0.9145302761878286, 0.8706592608775411, 0.912706794483321, 0.9009836890867778, 0.9178114735654422, 0.9123682656458446, 0.9052222158227649, 0.917678313595908, 0.9116943425365857, 0.9343798075403486, 0.9289821162819862, 0.9406493955424854, 0.9267189853957721, 0.9527352484209197, 0.8978254305464881, 0.9413900034768241, 0.9386570166264262, 0.9488607485379491, 0.9512379563280514, 0.9362404250672886, 0.95282695548875, 0.9629277150545802, 0.9474846199154854, 0.9514548427292279, 0.9498615520341056, 0.9664294070431164, 0.9712388792208263, 0.940513228731496, 0.9608522036245891, 0.9645033159426281, 0.923619918525219, 0.967519977263042, 0.9601569484387126, 0.9691844050373349, 0.964584218604224], "f1_score_pos_neg": [0.41004579940012525, 0.49352740975362913, 0.5808328262397221, 0.6007132828235626, 0.629822809781347, 0.6504870887313571, 0.6833027675747871, 0.6697616236550468, 0.7091712302395276, 0.7126630321145058, 0.7089992431657655, 0.7194149323872158, 0.7382763528398105, 0.7743502546633992, 0.7753192612103054, 0.7764593373451915, 0.7870005294680595, 0.7624998720628875, 0.8007016362888473, 0.8136167600750923, 0.8154399735586983, 0.8062505136643138, 0.8311342852456229, 0.8166102224162647, 0.8425275587609836, 0.8549486654145377, 0.8612078353762627, 0.8632698718990598, 0.8833440308059964, 0.878745786845684, 0.8679301930325372, 0.8995662395443235, 0.8527862003871373, 0.904844594853265, 0.9093426540493965, 0.9105556245361056, 0.8681591238294329, 0.9066615253686905, 0.9113408241953168, 0.9111544830458504, 0.9301656942282405, 0.9246060241545949, 0.9252593474728721, 0.9213528739554542, 0.944746196269989, 0.8977802981223378, 0.9388295880385807, 0.9436338607754026, 0.9147216613803592, 0.9506594826068197, 0.9339784905314445, 0.9541143136365073, 0.9540067953722817, 0.942808958036559, 0.9492404397044863, 0.9509449175425938, 0.9470853486231395, 0.9602558059351785, 0.943466237613133, 0.9532492480107716, 0.9568185529538563, 0.9217281235115868, 0.9622155066047396, 0.9619910908596856, 0.9622641312224525, 0.9592228553124836], "val_f1_score_neg": [0.1514380444129433, 0.29724702063958663, 0.48366934527664274, 0.4564391716068072, 0.4195329479554679, 0.4628876105494115, 0.40585690675024405, 0.48817524771942983, 0.5321649965763467, 0.6258965417559054, 0.5270599089455423, 0.5233011876633247, 0.5244887814085971, 0.522234113470263, 0.6336262304264512, 0.42974569558034315, 0.34893595687742157, 0.4827687983871788, 0.4427958341867881, 0.4212003791938765, 0.48082330578304544, 0.6093121031873219, 0.5694447647953108, 0.4835372336292842, 0.45923987603112526, 0.5913643363639497, 0.5176182510250671, 0.5833958851018666, 0.5813529162528225, 0.5994118037512695, 0.5891106220921162, 0.5194529501465778, 0.4992957219907439, 0.5145504720217907, 0.6084979417722368, 0.5375289056609379, 0.5605676810228071, 0.5706029388024805, 0.4904386658791073, 0.4765754938907208, 0.6005372257642848, 0.4736049682206755, 0.5788968604848418, 0.5157692467419144, 0.5191833178514951, 0.5235952777622442, 0.4165479986726409, 0.5913377571162232, 0.5140310964057866, 0.5248542235274656, 0.5498850907892997, 0.4266263070989399, 0.4789237471318389, 0.5382900763583439, 0.5378091239629066, 0.5855364255663794, 0.48286018237459855, 0.49788364385826955, 0.5580531351684492, 0.5282267124797302, 0.5835602354759498, 0.5618579520067455, 0.43418075442470466, 0.45889169062149987, 0.5041954019017774, 0.4821263336303695],