{"1": {"val_f1_score": [0.38026968268086875, 0.48064258202635596, 0.39913686376619706, 0.3217101860732792, 0.4723607548925183, 0.44384446532351984, 0.41099585610845313, 0.45599178794907175, 0.4179658601399858, 0.5518609412446839, 0.5015963655144472, 0.42732524987120807, 0.5692230245308784, 0.4965628508480079, 0.5705356793096888, 0.5191292904327434, 0.5086236073527849, 0.5639951374956578, 0.398742923771965, 0.47289556637573926, 0.5207764772322068, 0.557759337043419, 0.5449893211278087, 0.46127337708003446, 0.5374121077683827, 0.5173974128869864, 0.47343586231747353, 0.44682775858121043, 0.4527016213977332, 0.5510153589729141, 0.43566327341976757, 0.5747069679988273, 0.5334936516594897, 0.550824806945473, 0.562840936128159, 0.38138790051249627, 0.5151221051416685, 0.5182534876810341, 0.5212787771836306, 0.5622386639846427, 0.539377421985271, 0.545260943703645, 0.5145118676940439, 0.4909881332062195, 0.5440830387781721, 0.5512847380224134, 0.5450741619180035, 0.5441919837886022, 0.511121435257641, 0.5422868809880194, 0.5255769627940478, 0.5353540736064147, 0.537318734317227, 0.5003355433422866, 0.5503169964735861, 0.544905676211101, 0.5403335630437891, 0.5269751812335987, 0.5301018257801778, 0.5277523926877783, 0.5408357723950803, 0.5176593018607732, 0.5381772452198703, 0.5297497619501492, 0.5141949520902596, 0.3948286118348654, 0.5292250315884561, 0.5220639417957627, 0.5397643546665567], "val_f1_score_neu": [0.6967145793351085, 0.5892626846689284, 0.7173683112717618, 0.7115973030936327, 0.7208199176335731, 0.7213456113757821, 0.7214435452927999, 0.7254556569493251, 0.7209917287058623, 0.7076274086589273, 0.6764312126697638, 0.7261041133617208, 0.6986858101508878, 0.72433147538207, 0.6906345239427784, 0.7380940389965657, 0.7332262107771471, 0.6510846498202376, 0.621703066940625, 0.7232145030274351, 0.7392823596661336, 0.7312009525202546, 0.6470019051045166, 0.7339428790346009, 0.7387481792467541, 0.7328192254631465, 0.7246746362944846, 0.7146771502720038, 0.6579847096377968, 0.7081688440602157, 0.7234391317515559, 0.720047900631682, 0.7370003992461215, 0.7380802260558454, 0.665804640242928, 0.709828241526732, 0.5449969341665896, 0.5215415074328715, 0.7376185563090037, 0.6995445477817706, 0.7386464599119453, 0.6826403743771353, 0.700634056793587, 0.7372648219133464, 0.7092746525962664, 0.6490638552621523, 0.6747225797557102, 0.7107357760565376, 0.7384682148091706, 0.7271257902232044, 0.6665340305929832, 0.7210210044535227, 0.7142357206591281, 0.6686068095712581, 0.7128036206657694, 0.7176504906533379, 0.7062598832330348, 0.6720613818205106, 0.7202117292129183, 0.7152326904971268, 0.6324955003517896, 0.7328694567613864, 0.6887573989135856, 0.7109181537480168, 0.7173713469794887, 0.7303223884754549, 0.7208274272289353, 0.7211560738606867, 0.6898823883208508], "f1_score_pos": [0.37119603369917187, 0.4090374378221376, 0.4393561525004251, 0.463649256420987, 0.47657622184072224, 0.46983691517795834, 0.5109149190996375, 0.5151393961693559, 0.5374647437461785, 0.5383461631302323, 0.5662229045161179, 0.5712422047342572, 0.5950327861521926, 0.611461338187967, 0.6085974510226931, 0.6063623188861779, 0.6787378702844892, 0.6773436010948249, 0.6794120594859123, 0.6852273031004837, 0.6604767133082662, 0.7292024535792214, 0.7312260578785624, 0.7257521897554398, 0.7416548345770154, 0.7787378057837486, 0.7393799317734582, 0.7239558952195304, 0.7961972004600933, 0.784757317176887, 0.7575741399611745, 0.8367178589105606, 0.7708714003009456, 0.8437516476426806, 0.853840600167002, 0.8568251835448402, 0.8088816031813622, 0.8633621100868497, 0.8178959935903549, 0.8875643706747464, 0.8940175654632705, 0.9015629217028618, 0.8555494546890259, 0.901635291320937, 0.9149565111313548, 0.9135431157691138, 0.9122573052133832, 0.8523873282330376, 0.9305496237107685, 0.8910054287740162, 0.9000327917081969, 0.9339151637894767, 0.9371555021830967, 0.9245825207659176, 0.9127501185451236, 0.9402019477316311, 0.9228431646312986, 0.946046267236982, 0.9428996699196952, 0.9403272835271699, 0.9497968767370496, 0.8809557823198182, 0.9480005449482373, 0.961030608841351, 0.9327651624168668, 0.9486403827156339, 0.9364689897213664, 0.9616098936114993, 0.9480180963873863], "f1_score_pos_neg": [0.312194825815303, 0.3605615102819034, 0.41616262069770266, 0.43052913195320536, 0.457346505352429, 0.4829196184873581, 0.4936673768929073, 0.5346611301813807, 0.5557677117841584, 0.5352305503828185, 0.5734778216906956, 0.5741712770291737, 0.5863816998898983, 0.6172383864011083, 0.6103766581841877, 0.6263697519898415, 0.6452625159706388, 0.6646664951528821, 0.6667156927287579, 0.6581609062850475, 0.6751328398074422, 0.6802700332232884, 0.6997224677886281, 0.7325022827301707, 0.69740244107587, 0.7468386984297207, 0.7504107388002532, 0.7107132109148162, 0.7528933297310557, 0.7641398119074958, 0.7701480154480252, 0.7817583233118057, 0.7937270849943161, 0.7896583133510181, 0.8479920370238168, 0.8229385071567127, 0.7958298144595963, 0.831781097820827, 0.8091320640274456, 0.8670375453574317, 0.8509661725589207, 0.8875891257609639, 0.8675591754061835, 0.8732467591762543, 0.8811543839318412, 0.8976080247334072, 0.8956169560551643, 0.871279596218041, 0.8934462549430984, 0.9018448985048703, 0.900946666087423, 0.9038114451936313, 0.9106814243963787, 0.9261103847197124, 0.8934975277100291, 0.9207455122045108, 0.9315559821469444, 0.9466411152056285, 0.9083768352866173, 0.9411708574209895, 0.9423971133572715, 0.9050853731376785, 0.943106937621321, 0.9391058928200177, 0.9166973978281021, 0.9427541057978358, 0.9360175090176719, 0.9552112626177924, 0.950491400701659], "val_acc": [0.5600539951564705, 0.5159694158542923, 0.5906432899761672, 0.5659019535208842, 0.627980210332789, 0.612235721359905, 0.6068376266521963, 0.6068375998394907, 0.6144849368703296, 0.620332876948478, 0.6144849319904171, 0.6050382455726276, 0.6279802055333147, 0.637426907985102, 0.6234817744320275, 0.6468736078896825, 0.6288798875868776, 0.6077373037454088, 0.4718848459633738, 0.63832658384493, 0.6459739137435893, 0.6504723470971437, 0.5766981430167397, 0.6302294161638268, 0.6540710849907824, 0.6522717124376541, 0.6396761123414411, 0.5879442193354779, 0.5272154843839396, 0.6468735871902737, 0.5933423312569437, 0.6396761052092613, 0.6608187034759658, 0.661718407381884, 0.6185335043149117, 0.56320288907393, 0.5537561842089991, 0.5398110563536244, 0.6378767264623981, 0.622582097338815, 0.6563202884086766, 0.5960413748436129, 0.5933423373702406, 0.6284300557032287, 0.6266306781897499, 0.5996401360643054, 0.6176338221809106, 0.627530360243313, 0.6423751781022179, 0.6437246897067243, 0.6045883940084529, 0.6221322569287258, 0.6261808267864514, 0.6077373036649707, 0.633828159017816, 0.6279802019672248, 0.6122357091869366, 0.6135852584632946, 0.6360773683345055, 0.618533512841352, 0.5793972135769908, 0.6338281589373779, 0.6180836698840558, 0.6144849319904171, 0.6347278495173813, 0.6095366740462698, 0.624831315181945, 0.6275303736496658, 0.6189833581313537],