{"f1_score_pos": [0.5531322519918118, 0.6071507130994529, 0.622639528325309, 0.637413362413746, 0.6436881011519665, 0.6556845039886154, 0.6722424321567723, 0.6767849171840026, 0.6835928767025026, 0.6914890082362034, 0.6960787598438825, 0.7097060372773418, 0.7151910330911507, 0.7214306795158318, 0.7395456157494187, 0.7435949551707843, 0.7563268584465505, 0.7571108413021088, 0.7593077710509284, 0.7673691842569923, 0.782358388076346, 0.7855652233884983, 0.7966359666098756, 0.7983850497890552, 0.8061985725960168, 0.8107883360064355, 0.8144502315478498, 0.8351139082268142, 0.8190321862640936, 0.8266988918134639, 0.8376837724757294, 0.850757338868589, 0.850930281579454, 0.8505717364323134, 0.8620358929675541, 0.8686813161649345, 0.8660035823959704, 0.8688331590663086, 0.8688107693096582, 0.8846932411695747, 0.8771631158468404, 0.8920733682992389, 0.8730475130279346, 0.885885653135716, 0.8981975274906524, 0.8956125479717221, 0.8975115870305835, 0.8950197850493784, 0.9077563516296772, 0.9054065147010298, 0.9055600349999925, 0.9058414714485022, 0.9115142807937197, 0.9100336241087447, 0.9139030204346431, 0.9201305299677571, 0.9213455625239653, 0.9179798043099626, 0.9174763844516085, 0.928855166840971, 0.9182380758662044], "val_f1_score_pos": [0.6245889542932941, 0.6395505734075353, 0.6667887661069842, 0.6698519559673224, 0.6800086674063442, 0.6792969593271362, 0.6609557175493836, 0.671613274580237, 0.6853880606741442, 0.6914352424956741, 0.6792273030599649, 0.6871613317180885, 0.6886434450478479, 0.6785438867899984, 0.6899879245833169, 0.6492299606203061, 0.6659396568890954, 0.6834398647937225, 0.681557936457303, 0.6811823475496851, 0.6788066458533731, 0.6625116846925341, 0.6691578506840629, 0.6712228784025007, 0.6723338530673597, 0.6689314370502407, 0.6387553829203994, 0.65786955254289, 0.668712952938629, 0.6053560627083102, 0.654051147971964, 0.6575490012886341, 0.6619582129910483, 0.6624943838373336, 0.5803211008090807, 0.6328837849859438, 0.6573349436555849, 0.6461114595921903, 0.6621351631875274, 0.6469316666440948, 0.6413518773479866, 0.6639859566605655, 0.6634800513434319, 0.6584727921478131, 0.6439412482596817, 0.6527120536724424, 0.60843181244256, 0.6599042252118921, 0.6363841706420468, 0.6375097928650674, 0.6523887553272009, 0.6502458412708114, 0.6530273711467682, 0.6551266005024969, 0.6499598106892455, 0.6313043434875029, 0.6438611782095731, 0.6341382030039492, 0.6456026445258771, 0.6447142246040166, 0.5745996929976294], "val_loss": [0.7486848450432259, 0.7340094963536841, 0.7283604258690626, 0.7302793067865304, 0.690628713236627, 0.686712471251252, 0.6861304476298695, 0.6756760340096962, 0.6733953389766616, 0.6981589695087663, 0.6742040016999522, 0.6827766853205086, 0.694204916939795, 0.6790976137457044, 0.6837298035103624, 0.7245519681186665, 0.7245436218495863, 0.706171765915406, 0.7355927124676143, 0.726376003217982, 0.7493238762822376, 0.7317500005333013, 0.7748177610357969, 0.7254272175184868, 0.759632378314773, 0.7702841210598405, 0.8106972910929219, 0.930963385338242, 0.8194204064117444, 0.8888550872455662, 0.8386340731191351, 0.8704585699786446, 0.8596159347951704, 0.8508922787932582, 0.9786108315541393, 0.9711166676589161, 0.8930280173297552, 0.950235732964107, 0.9525923600409226, 1.0268633310267745, 0.978592483813448, 1.0304196985890721, 0.9997384665712982, 0.9194931950923997, 0.9477811706642428, 1.0304968624190103, 1.0410599650927435, 0.9902625609065837, 1.112632162670672, 1.041445800042036, 1.0160413634058316, 1.0327713750161145, 1.108764119798369, 1.0288141126997894, 1.0816915209431937, 1.2358909685413582, 1.0697902050567412, 1.108431537212204, 1.1224579039246798, 1.1420328263547483, 1.1899615487995385], "acc": [0.5978880887379323, 0.6473923699292058, 0.6649124015127206, 0.6710579900674873, 0.6785956783235098, 0.6889175567616591, 0.6996808368016986, 0.7065054935458949, 0.7121078368035021, 0.7162501692739531, 0.7258250761514576, 0.7317669394951095, 0.7413078894858676, 0.7456539478393316, 0.7552967503976518, 0.7603218786810041, 0.7679953841626863, 0.7739712111525411, 0.7781814469132559, 0.7814749436146634, 0.7945131043790071, 0.8009642840694607, 0.80694010897886, 0.8089433672488683, 0.8174996621644677, 0.8222871079613913, 0.8288401452707852, 0.8414369108365085, 0.834306668542284, 0.8438815664422589, 0.8509778641543764, 0.8581760162635615, 0.860756480174108, 0.862080673452274, 0.8715876681186511, 0.8748132521313169, 0.8739644185641562, 0.879261167367062, 0.8788876852214652, 0.8887342130961373, 0.8850672308572621, 0.8942346872315853, 0.888496537263928, 0.895151430832276, 0.9009914427983539, 0.9030965641191533, 0.9056770320691833, 0.9058807537589046, 0.9125696023035419, 0.9119584427795607, 0.9124677445469838, 0.9132147191433128, 0.9152519336524548, 0.9184775230484004, 0.9180021755125121, 0.9258114888375664, 0.9259133533697712, 0.924147765006317, 0.9261170703643012, 0.9347073208552314, 0.9250645115374547], "val_f1_score_neu": [0.7304991043047825, 0.7396399468134953, 0.7325938501674024, 0.7324383610749232, 0.7334455913787689, 0.7469429890465827, 0.7566046301014459, 0.7400163317555516, 0.7456563895063385, 0.7197779841166615, 0.7570410698150436, 0.74687463262041, 0.7385477424315432, 0.7477243509971209, 0.7477984334838449, 0.7557706525959055, 0.756955692296699, 0.7393713970989847, 0.7499082074872441, 0.7190228011024057, 0.7187252096155945, 0.7509321199688557, 0.7404406803383379, 0.7335807251774831, 0.7409168264258497, 0.7358479962473262, 0.7594330878053134, 0.7201590983521867, 0.729005663502417, 0.7576105424012263, 0.7514282579269181, 0.7517706330284872, 0.7470351494828493, 0.7444623436764619, 0.751746755718602, 0.753322284743554, 0.7321290830307069, 0.7211777401773389, 0.7434020365858001, 0.7390427049380939, 0.71369945695386, 0.7060341252573543, 0.733134639968955, 0.7019691759642539, 0.7430196375642245, 0.7238595095229887, 0.7418996781385961, 0.7028935953108659, 0.7446618300297544, 0.7381097934998487, 0.7224272174526983, 0.7264521406242085, 0.6894179968520522, 0.7224434883551776, 0.7440342302558086, 0.7390099387010888, 0.7357675175120298, 0.741170337153543, 0.7360570197646739, 0.7379676829467061, 0.7457297701087093], "val_f1_score_neg": [0.4665346878789677, 0.45729240707118246, 0.5029981435802175, 0.4655020070069514, 0.6113243884265843, 0.5653071401237082, 0.536906818926561, 0.6308003979361232, 0.5907433806457706, 0.635941933316423, 0.5929819918209803, 0.5547539826516934, 0.5768373338247628, 0.6047672351244544, 0.6067884611992782, 0.5319302468633988, 0.522138712815394, 0.63589988863384, 0.5397333839320412, 0.6324629978211531, 0.6350029118678804, 0.6076521797713736, 0.5265617435681696, 0.5949792983025588, 0.594701862963304, 0.6019252606671119, 0.5897179290304231, 0.46767851561388846, 0.5762518928110567, 0.5864437146558508, 0.5828242959502208, 0.5569769201526041, 0.5920385168111564, 0.6114163206751615, 0.6091906571116285, 0.6041845538122766, 0.596430940449335, 0.6178077904832292, 0.520831194456863, 0.4840074532353185, 0.6150049622909716, 0.6230161957997203, 0.5072581005899366, 0.6061658704494537, 0.5824582205558199, 0.594196473172927, 0.6048184514110467, 0.5856788007867265, 0.46260596394927395, 0.5700126332734216, 0.5890991671586542, 0.5795177175162086, 0.6008459916586205, 0.5901740984965899, 0.5709645690346852, 0.42571825247170936, 0.5601676383755376, 0.5973668559487264, 0.5081721517717236, 0.5913746158821566, 0.5581482510117329],