{"val_f1_score_pos_neg": [0.41945923058449336, 0.30886487963764825, 0.18548831475703392, 0.3956816955509349, 0.4101479550068624, 0.49443730753496645, 0.5247808315171565, 0.48005603692899457, 0.4629337829992249, 0.46662637732128703, 0.47393140291985336, 0.5083900611517508, 0.5177160028503974, 0.3801754141009396, 0.4535272092471721, 0.5234317982513198, 0.5167696053682551, 0.525316883838772, 0.49966743530800256, 0.47600506264188513, 0.5156065050514228, 0.4951147875215253, 0.5079404425899885, 0.52455534862067, 0.49097345291468886, 0.3953632213647871, 0.3443873446908986, 0.37098901415536173, 0.34770934342051, 0.3297774001815219, 0.5003766102185938, 0.47908392338081357, 0.31392067130546125, 0.4998877242884548, 0.32780835639770856, 0.4355973721194042, 0.4480769069169053, 0.42029068709170553, 0.49446570854491606, 0.43147316770783106, 0.3981765004036612, 0.36278849370941835, 0.42329424952152234, 0.37523121849620766, 0.4391253150721364, 0.4591670764414941, 0.3694125123915241, 0.4879665081424859, 0.4748509636989221, 0.410316267691375, 0.4656495334755661, 0.4373157446817723, 0.4852733998431636, 0.4514027649467183, 0.4746256489449131, 0.40812298111212025, 0.4755705711383622, 0.41410747462706793, 0.44402180817874765, 0.42092107540039236, 0.5024601024279335, 0.4373294486690629, 0.440774003074773, 0.41590552950999354, 0.38131601462962655, 0.45186604171307626, 0.4602124318044785, 0.4067545803184183, 0.4508057509892919], "loss": [1.09209222934748, 0.9215618489604247, 0.8714623882582313, 0.8210391755166807, 0.8030444069912559, 0.7831620095591796, 0.7558040862020693, 0.7356789308158975, 0.727517044073657, 0.7063340544700623, 0.694674332675181, 0.6661812741505472, 0.6803211303133714, 0.6681576614317141, 0.6539640167826101, 0.626042000557247, 0.6067793220281601, 0.6157382036510267, 0.5971134273629439, 0.6002144170434851, 0.5764486425017056, 0.5538494053639864, 0.5447281328471083, 0.5563319541121784, 0.5376917461031362, 0.498623367987181, 0.4837437452454316, 0.4988242564232726, 0.48015578600921127, 0.45375024841019984, 0.4507671598541109, 0.4736629736266638, 0.4629373158279218, 0.4223131717819917, 0.42282514744683314, 0.42827828973531723, 0.3943429314776471, 0.36527397679655177, 0.43494813065779836, 0.4287496291493115, 0.31231415997210304, 0.4155063448767913, 0.3190030526173742, 0.3322250752856857, 0.2923697054778275, 0.31549374033745964, 0.31757528766205434, 0.33695236299383013, 0.3360611915980515, 0.3302945720129891, 0.3088148636253257, 0.3531347464181875, 0.29715078520147425, 0.278706380999402, 0.3186144620964402, 0.2673578328992191, 0.2557745405325764, 0.3410086121998335, 0.2684442175454215, 0.31749621151309265, 0.21528129671749316, 0.24579552855146558, 0.22607645215956787, 0.25478820659612356, 0.19886699848269163, 0.25490005863340276, 0.2831777067560899, 0.21592888794839382, 0.22984659632569865], "f1_score_neu": [0.5103468332366136, 0.637563068223627, 0.6745345592498779, 0.7070566988305041, 0.6987043007424003, 0.7063442382373308, 0.7237412215847718, 0.7301088571548462, 0.7328009974015387, 0.7438741820423227, 0.7427692946634794, 0.7504843810671255, 0.7348799517280177, 0.7536241184724005, 0.7670055384698667, 0.7672116944664403, 0.7817287790147882, 0.7797343370161558, 0.7806096202448795, 0.7875247629065263, 0.7893468533691607, 0.7981719633466319, 0.7987841540261319, 0.8006574527213448, 0.7978340771637464, 0.8313652865196529, 0.8277037841709036, 0.8227972160828741, 0.8233737043644253, 0.8456309406380904, 0.8510706722736359, 0.833878282653658, 0.8392255996402941, 0.8612932805952273, 0.854246849292203, 0.8565694007434344, 0.8717879590235258, 0.8772298568173459, 0.8666634324349856, 0.8500049443621385, 0.8952709703068984, 0.8627989966618387, 0.8969121096949828, 0.8916168675610894, 0.9026777665866049, 0.8988232118518729, 0.8936382132141214, 0.8943152066908384, 0.8855321666127757, 0.8960292660876324, 0.9040279066876361, 0.895742151298021, 0.9074682216895255, 0.9065994110546614, 0.9055811292246768, 0.9156569203263835, 0.9198540292288128, 0.8914693092045031, 0.9170473845381486, 0.9053242379113248, 0.9380671123140737, 0.9234549834540016, 0.9285305793348112, 0.9231956067838167, 0.9374749660491943, 0.9279821868005552, 0.9130751741559882, 0.9353627429196709, 0.9271445886084908], "f1_score_neg": [0.3055938944024475, 0.394406502637522, 0.45793165305727407, 0.5420341458367673, 0.5390193259441539, 0.5607899529369254, 0.5814184436672613, 0.5957296498511967, 0.5866299365696154, 0.5944660705955405, 0.5988379744322676, 0.6192858270124385, 0.634759527680121, 0.6141460837894365, 0.6244601246557737, 0.6564083801288354, 0.6723599331943613, 0.6609131097793579, 0.663169860447708, 0.6793719734016218, 0.6690392258920168, 0.6669741970928091, 0.6916129145967332, 0.7010585053970939, 0.6932737835143742, 0.7078435417068633, 0.7317906727916316, 0.7291062505621659, 0.7397832329335966, 0.7435963624402097, 0.7549645908569035, 0.7504754152737165, 0.7554996892025596, 0.77688745526891, 0.7716294134918013, 0.777515821158886, 0.7979935838987953, 0.8026177412585208, 0.7946197343500037, 0.7575767463759372, 0.8430966429020229, 0.7800506788649058, 0.8367365904544529, 0.8271137499495557, 0.847186659511767, 0.8346454916816008, 0.839806821785475, 0.837811648061401, 0.8319445213204936, 0.8307496968068575, 0.8490374331411562, 0.8339787580465016, 0.859316036105156, 0.8504000847276888, 0.8515650998604926, 0.867553533692109, 0.8798818501986956, 0.8111980871150368, 0.8737744751729464, 0.84996255918553, 0.9013497609841196, 0.8858501456285778, 0.8948092201822683, 0.8786857935943102, 0.9137109667062759, 0.897885987633153, 0.8753206565191871, 0.9006433024218208, 0.8848270593505156], "val_f1_score_neg": [0.5955863282640829, 0.4460919383030135, 0.20758742980870157, 0.5242131919111157, 0.5012275633166301, 0.5969381317650473, 0.6343959585750527, 0.5677775792908251, 0.6342362300587087, 0.526140868556537, 0.6171721140382743, 0.6118311147887161, 0.6269930994998641, 0.3955727616007458, 0.5426069945298065, 0.6144724236487056, 0.6294817536787787, 0.6259202476401508, 0.5747948174427289, 0.5448505971890766, 0.6181901327350683, 0.5932611934890953, 0.6044683156118594, 0.6335656858219845, 0.6098210682645876, 0.46022867349370666, 0.454027830763438, 0.5622835689120822, 0.3215447649245749, 0.302215971578846, 0.6051891559531332, 0.5758327883318421, 0.2718424496822833, 0.6057789592232407, 0.2600207699951265, 0.5604053695782101, 0.5347982903241146, 0.4581355861565362, 0.5718883276253844, 0.4791958178693091, 0.5803782981202456, 0.4740714600801575, 0.5153808607960734, 0.3789045356894419, 0.4825028172764111, 0.5249275563672701, 0.41543129000693785, 0.5917766663173378, 0.5892740716228494, 0.497866073359362, 0.5428236190177704, 0.5570682504667229, 0.5964794924438295, 0.538967140156355, 0.5679637744949039, 0.5170827328595716, 0.5988055332469554, 0.5655919551259486, 0.5336928486663159, 0.5084292378395568, 0.6117596439933434, 0.5044419756490156, 0.4893923347402788, 0.5827229719305703, 0.3880598624440072, 0.577203660278346, 0.5476882863409391, 0.4301654462389618, 0.5553756404234063],