{"val_f1_score": [0.546403889170851, 0.5995517990390928, 0.6415096054294745, 0.6350876816670288, 0.6481956971495163, 0.6867439654315516, 0.5873940679741256, 0.6836978356856359, 0.7001015192062374, 0.6682557283565812, 0.6962120555499517, 0.6968638999800403, 0.6887274203324236, 0.6664650731439388, 0.6348598003074812, 0.6808860009653875, 0.6751659993202456, 0.5840700740048869, 0.6637098669630631, 0.688455501598165, 0.6621499066274059, 0.6711129545540188, 0.6011232701837314, 0.6523623061780381, 0.6752907584853414, 0.6816171537288492, 0.6470909644511313, 0.6500510195875431, 0.6896953471307832, 0.6632558313248947, 0.5882663575801954, 0.6223550742297169, 0.6443419134151019, 0.6648306793313685, 0.6781251095674996, 0.645398888130248, 0.6533298577156837, 0.66027553891873, 0.6596879698052796, 0.6081666500118815, 0.641169527494279, 0.6369046619674399, 0.6243466530420196, 0.5934955743926734, 0.6230076426381738, 0.6483335340238762, 0.6385110702503394, 0.6451207241485539, 0.6690472739592581, 0.5602616515335935, 0.638761771778844, 0.6619863109953785, 0.5697059131125093, 0.6650551755128806, 0.6554370917674909, 0.6343129334285945, 0.647418378173539, 0.5487790743009706, 0.6463898715465175, 0.6390346693236029, 0.6685152201711303, 0.664117525763753], "val_f1_score_neu": [0.6802438227266832, 0.6982903191651255, 0.7185343657614145, 0.7168352593595263, 0.7258732737501932, 0.6836103341756391, 0.7086806418918856, 0.7016708046440187, 0.742470316817496, 0.695607338353714, 0.710538515730727, 0.7422630192725139, 0.7256161713894039, 0.7345847510741259, 0.561318586043351, 0.7377535576680311, 0.737316452171932, 0.7027175181374098, 0.6692024867208868, 0.7080880603295063, 0.732582305411232, 0.7339876699628962, 0.7177173695694328, 0.7138204600690325, 0.6695235709083571, 0.7307792443351235, 0.6879711129394629, 0.7300624383143043, 0.7131121888143198, 0.7309185510040611, 0.7095617456696273, 0.7188776760410206, 0.7191519935300523, 0.7203957887887642, 0.7236230096071685, 0.7183987165010104, 0.7228011069665454, 0.7107325041666138, 0.7245610170935884, 0.7087472586252856, 0.6371899416463568, 0.7183710960400189, 0.7142817328647151, 0.7020115651485334, 0.7134614896811808, 0.631165989499501, 0.7175643570992755, 0.7237024479202483, 0.7137205827870833, 0.6969145829521888, 0.7161481026711503, 0.7064094141246827, 0.6953384789806509, 0.721690829035306, 0.7188443772723411, 0.712052191035378, 0.7178440648615907, 0.6958847750274334, 0.7154911043229392, 0.7153524816458288, 0.7064235457247272, 0.7054651832911963], "f1_score_pos": [0.5895974452678974, 0.65802224782797, 0.70928444312169, 0.7045902426426227, 0.7234271581356342, 0.7286983155287229, 0.7591038346290588, 0.7464634031057358, 0.7610649122641637, 0.7780429216531607, 0.7696930766105652, 0.7795841178068748, 0.8064584961304297, 0.7984089232408084, 0.8156153559684753, 0.8020444787465609, 0.7914999345174203, 0.8403863597374696, 0.8338987620977255, 0.8317817873679675, 0.8179962600652988, 0.8592342000741225, 0.8646300194355158, 0.8760629926736538, 0.8211198838857504, 0.8834320375552545, 0.8881243708041998, 0.8267679879298577, 0.8993444431286591, 0.9123869182971808, 0.8886893907418618, 0.8661104796024469, 0.9255808626229947, 0.9098337040497706, 0.8931148327313937, 0.8983509689569473, 0.9167618682751288, 0.9251237305311056, 0.9189667541247147, 0.9291513229791935, 0.9360865606711462, 0.9222676834234824, 0.9473171807252444, 0.9432244564478214, 0.9338691773322912, 0.9389262325488604, 0.9489476955853976, 0.9561670995675601, 0.9493288959448154, 0.9559618727518961, 0.9567312357517389, 0.9488169631132712, 0.9328156446035092, 0.9449160683613557, 0.9502221300051763, 0.9663662898998994, 0.965910486303843, 0.9594879138928193, 0.9019438028335571, 0.9669875949621201, 0.9641944674345163, 0.9518186862652118], "f1_score_pos_neg": [0.4307091161608696, 0.5532194811564225, 0.6243490347495446, 0.6409524839658004, 0.6620748845430521, 0.6740595950530126, 0.6951462385746149, 0.7070692296211536, 0.7248230897463285, 0.7296732194148577, 0.7285271298426849, 0.7359849432340035, 0.764215791454682, 0.7608979791402817, 0.7796289519621775, 0.7660454076070052, 0.7740763139266235, 0.8215457327090777, 0.8187834460001725, 0.7968586087226868, 0.8190266489982605, 0.8507668811541337, 0.8460634259077219, 0.8475963736955936, 0.821741751753367, 0.8721282103886971, 0.8851140622909253, 0.8334054499864578, 0.8927670407753724, 0.8737746901237048, 0.8870509668038442, 0.8841468542814255, 0.9184686404008132, 0.9077704434211438, 0.907144525876412, 0.906845687673642, 0.9177257602031414, 0.9070920118918786, 0.8763476862357213, 0.9297846899582789, 0.9324096017158948, 0.9191637875942084, 0.9430173142598226, 0.9382351430562826, 0.9337011988346393, 0.9423841295334009, 0.9417792845230836, 0.9481141097270526, 0.9453517496585846, 0.9591708825184748, 0.9519046247005463, 0.9465009444035016, 0.9395860628439829, 0.9394007405409446, 0.9536944157802142, 0.9651721532528217, 0.9602619753434107, 0.9517515725814379, 0.9156104257473578, 0.9637271085610757, 0.9569800862899194, 0.9483370322447556], "val_acc": [0.6328350388093974, 0.6422764155578964, 0.6889588233526066, 0.6637818065960202, 0.6894833542936092, 0.6973511738443262, 0.6485706824284665, 0.7039076757343491, 0.7172829711371571, 0.6989247364038687, 0.7109887307783828, 0.719381065716307, 0.7138735989776459, 0.6910569083493681, 0.649881983925719, 0.698662470057978, 0.6994492443658973, 0.632310530784841, 0.6868607329940846, 0.7088906410295069, 0.6931549883751678, 0.6965643924082354, 0.6719118739531292, 0.7012850768041523, 0.6905323984802411, 0.7094151610906687, 0.6881720351791432, 0.6939417735629279, 0.7057434938381014, 0.6957776095965326, 0.6538158965304615, 0.6687647586352801, 0.6695515347096103, 0.6934172517353551, 0.6957775998734564, 0.66902700506606, 0.6826645636883677, 0.6918436916300296, 0.6897456126828347, 0.6498819899752857, 0.6664044150304457, 0.672960920593978, 0.6627327568913082, 0.6372934732417125, 0.6530291089666443, 0.6629950255507282, 0.6677157052570586, 0.6721741396893737, 0.6934172565656292, 0.6252294884495869, 0.6734854454072542, 0.6787306608067014, 0.6210333101086, 0.6936795108123868, 0.6931549968789513, 0.6771571037652391, 0.6771570911189874, 0.638867039255917, 0.682402307065553, 0.670076049940498, 0.6876475145083352, 0.6884343075120727], "val_loss": [0.8042381319698311, 0.7897068512836779, 0.6941330720050861, 0.7529028350525943, 0.6822348616581528, 0.6914767586837877, 0.7963767279767002, 0.6546251896701396, 0.6510224182274971, 0.6657015147591838, 0.6611068693477902, 0.6522367656496669, 0.6550435317710038, 0.7478888137678821, 0.7955168629768106, 0.7450544224490714, 0.7174091164658709, 1.0115651483145593, 0.7196909125758505, 0.6914998127067931, 0.7404652475966828, 0.7756765141219503, 0.9042726682609941, 0.7846511282415612, 0.7336871458137877, 0.7431074963164961, 0.8051092124910703, 0.8198640174262954, 0.758102706824267, 0.874997829206028, 1.0131666582461702, 0.934669526393039, 1.0350664104341116, 0.851950917427164, 0.8537076830457522, 1.0067166586013532, 0.9117166658195648, 0.869905056085544, 0.9426104151730521, 1.1830583144884987, 0.936898962425304, 1.1007026022511643, 1.1714567547547294, 1.4471592365085313, 1.311109749469862, 0.9647426408105656, 1.1973439891476534, 1.2587082565159051, 0.9727539607398691, 1.6741523977467747, 1.1734831144326383, 1.0387399866610352, 1.6221586669050987, 0.9976544824604472, 1.0377923419648758, 1.1369872956084606, 1.192948747894253, 1.6396047115763623, 1.0027252216524194, 1.1487683251308638, 1.0056300361169594, 1.0035468787931876],