{"1": {"val_f1_score_neg": [0.0, 0.0, 0.0, 0.0, 0.0, 0.0, 0.0, 0.0, 0.0, 0.0, 0.0, 0.0, 0.0, 0.0, 0.0, 0.0, 0.0, 0.0, 0.0, 0.0, 0.0, 0.0, 0.0, 0.0, 0.0, 0.0, 0.0, 0.0, 0.0, 0.0, 0.0, 0.0, 0.0, 0.0, 0.0, 0.0, 0.0, 0.0, 0.0, 0.0, 0.0, 0.0, 0.0, 0.0, 0.0, 0.0, 0.0, 0.0, 0.0, 0.0, 0.0, 0.0], "f1_score": [0.23580112121999264, 0.24090378265827894, 0.24098903872072697, 0.24090756475925446, 0.2409878373146057, 0.240978529676795, 0.2409877786412835, 0.2409384697675705, 0.24101216904819012, 0.24096997920423746, 0.24100038688629866, 0.2409710045903921, 0.24095996469259262, 0.24093251395970583, 0.2408778192475438, 0.2409790875390172, 0.24094062577933073, 0.2409859225153923, 0.24093201849609613, 0.2410026965662837, 0.24099511560052633, 0.24096609093248844, 0.24099125247448683, 0.24082709662616253, 0.2409241134300828, 0.24101617746055126, 0.24098994676023722, 0.2409394746646285, 0.24094860721379519, 0.24098196160048246, 0.24098862893879414, 0.24094294104725122, 0.24097126442939043, 0.24101576302200556, 0.24089567176997662, 0.24097933899611235, 0.24091038946062326, 0.24094236735254526, 0.24098162539303303, 0.24092195089906454, 0.24098729249089956, 0.24088324699550867, 0.24100276827812195, 0.24101752042770386, 0.24098202493041754, 0.24092916026711464, 0.24095012433826923, 0.2409382201731205, 0.24101836793124676, 0.2409433526918292, 0.2409983379766345, 0.2409692769870162], "val_f1_score_pos_neg": [0.0, 0.0, 0.0, 0.0, 0.0, 0.0, 0.0, 0.0, 0.0, 0.0, 0.0, 0.0, 0.0, 0.0, 0.0, 0.0, 0.0, 0.0, 0.0, 0.0, 0.0, 0.0, 0.0, 0.0, 0.0, 0.0, 0.0, 0.0, 0.0, 0.0, 0.0, 0.0, 0.0, 0.0, 0.0, 0.0, 0.0, 0.0, 0.0, 0.0, 0.0, 0.0, 0.0, 0.0, 0.0, 0.0, 0.0, 0.0, 0.0, 0.0, 0.0, 0.0], "f1_score_pos": [0.013020832557231188, 0.0, 0.0, 0.0, 0.0, 0.0, 0.0, 0.0, 0.0, 0.0, 0.0, 0.0, 0.0, 0.0, 0.0, 0.0, 0.0, 0.0, 0.0, 0.0, 0.0, 0.0, 0.0, 0.0, 0.0, 0.0, 0.0, 0.0, 0.0, 0.0, 0.0, 0.0, 0.0, 0.0, 0.0, 0.0, 0.0, 0.0, 0.0, 0.0, 0.0, 0.0, 0.0, 0.0, 0.0, 0.0, 0.0, 0.0, 0.0, 0.0, 0.0, 0.0], "loss": [1.0740605667233467, 0.9869970120489597, 0.9728239886462688, 0.9742412939667702, 0.979885283857584, 0.9725484810769558, 0.9729176796972752, 0.9709360040724277, 0.9724375680088997, 0.9785171560943127, 0.9718276038765907, 0.9725702404975891, 0.97885737195611, 0.9740533828735352, 0.9728603139519691, 0.9733899049460888, 0.9716924615204334, 0.9710909612476826, 0.9722074866294861, 0.9732467569410801, 0.9712394699454308, 0.9715645611286163, 0.9708988144993782, 0.9728650636970997, 0.9744516722857952, 0.9704872295260429, 0.9668540731072426, 0.9704629257321358, 0.9718566499650478, 0.9678464271128178, 0.9672148525714874, 0.9688980802893639, 0.9662035964429379, 0.9681442119181156, 0.9660524651408195, 0.9739085398614407, 0.9636020213365555, 0.9651717804372311, 0.9678197391331196, 0.9652181677520275, 0.9641163423657417, 0.956737756729126, 0.9582670480012894, 0.9464041404426098, 0.9377925023436546, 0.9902251847088337, 0.932629905641079, 0.9168802350759506, 0.94961316883564, 0.9387440197169781, 0.9193047918379307, 0.9357142113149166], "val_f1_score_pos": [0.0, 0.0, 0.0, 0.0, 0.0, 0.0, 0.0, 0.0, 0.0, 0.0, 0.0, 0.0, 0.0, 0.0, 0.0, 0.0, 0.0, 0.0, 0.0, 0.0, 0.0, 0.0, 0.0, 0.0, 0.0, 0.0, 0.0, 0.0, 0.0, 0.0, 0.0, 0.0, 0.0, 0.0, 0.0, 0.0, 0.0, 0.0, 0.0, 0.0, 0.0, 0.0, 0.0, 0.0, 0.0, 0.0, 0.0, 0.0, 0.0, 0.0, 0.0, 0.0], "val_loss": [1.0052015483781556, 0.9688277601176857, 0.9716410941494192, 0.9815640228050977, 0.9666793084713021, 0.9663635568472914, 0.967909094561235, 0.969343735407024, 0.9686899397537293, 0.9689517438921154, 0.9681219930751764, 0.9745770592545798, 0.9667401568234315, 0.9673583052258099, 0.9757335339641442, 0.9667592949015676, 0.9654743206216793, 0.9728990887608874, 0.9736741596763326, 0.9671730600495194, 0.9686750114580773, 0.9683123796414106, 0.9720740160103376, 0.9826675524756654, 0.9773983191221188, 0.9696044138407739, 0.9633477633995781, 0.9793108272166388, 0.9660683483676336, 0.9635121195207992, 0.9717603534178534, 0.9696830237603542, 0.9727886277064514, 0.9671977538543406, 0.9707137194507786, 0.9702214364044526, 0.9703993779873987, 0.9840158134551398, 0.9604043724083224, 0.9653241060576995, 0.9668006699631142, 0.978307873184918, 0.9631974918585986, 0.9612805664780651, 0.9720890746693648, 0.9592349603269426, 0.9606151262811857, 0.9805660206511168, 0.997725414790069, 0.9716163473626916, 1.0304464799457984, 1.0481780746526885], "val_f1_score": [0.2367351456263341, 0.2367351456263341, 0.2367351456263341, 0.2367351456263341, 0.2367351456263341, 0.2367351456263341, 0.2367351456263341, 0.2367351456263341, 0.2367351456263341, 0.2367351456263341, 0.2367351456263341, 0.2367351456263341, 0.2367351456263341, 0.2367351456263341, 0.2367351456263341, 0.2367351456263341, 0.2367351456263341, 0.2367351456263341, 0.2367351456263341, 0.2367351456263341, 0.2367351456263341, 0.2367351456263341, 0.2367351456263341, 0.2367351456263341, 0.2367351456263341, 0.2367351456263341, 0.2367351456263341, 0.2367351456263341, 0.2367351456263341, 0.2367351456263341, 0.2367351456263341, 0.2367351456263341, 0.2367351456263341, 0.2367351456263341, 0.2367351456263341, 0.2367351456263341, 0.2367351456263341, 0.2367351456263341, 0.2367351456263341, 0.2367351456263341, 0.2367351456263341, 0.2367351456263341, 0.2367351456263341, 0.2367351456263341, 0.2367351456263341, 0.2367351456263341, 0.2367351456263341, 0.2367351456263341, 0.2367351456263341, 0.2367351456263341, 0.2367351456263341, 0.2367351456263341], "val_f1_score_neu": [0.7102054234726495, 0.7102054234726495, 0.7102054234726495, 0.7102054234726495, 0.7102054234726495, 0.7102054234726495, 0.7102054234726495, 0.7102054234726495, 0.7102054234726495, 0.7102054234726495, 0.7102054234726495, 0.7102054234726495, 0.7102054234726495, 0.7102054234726495, 0.7102054234726495, 0.7102054234726495, 0.7102054234726495, 0.7102054234726495, 0.7102054234726495, 0.7102054234726495, 0.7102054234726495, 0.7102054234726495, 0.7102054234726495, 0.7102054234726495, 0.7102054234726495, 0.7102054234726495, 0.7102054234726495, 0.7102054234726495, 0.7102054234726495, 0.7102054234726495, 0.7102054234726495, 0.7102054234726495, 0.7102054234726495, 0.7102054234726495, 0.7102054234726495, 0.7102054234726495, 0.7102054234726495, 0.7102054234726495, 0.7102054234726495, 0.7102054234726495, 0.7102054234726495, 0.7102054234726495, 0.7102054234726495, 0.7102054234726495, 0.7102054234726495, 0.7102054234726495, 0.7102054234726495, 0.7102054234726495, 0.7102054234726495, 0.7102054234726495, 0.7102054234726495, 0.7102054234726495], "val_acc": [0.5510571405418918, 0.5510571405418918, 0.5510571405418918, 0.5510571405418918, 0.5510571405418918, 0.5510571405418918, 0.5510571405418918, 0.5510571405418918, 0.5510571405418918, 0.5510571405418918, 0.5510571405418918, 0.5510571405418918, 0.5510571405418918, 0.5510571405418918, 0.5510571405418918, 0.5510571405418918, 0.5510571405418918, 0.5510571405418918, 0.5510571405418918, 0.5510571405418918, 0.5510571405418918, 0.5510571405418918, 0.5510571405418918, 0.5510571405418918, 0.5510571405418918, 0.5510571405418918, 0.5510571405418918, 0.5510571405418918, 0.5510571405418918, 0.5510571405418918, 0.5510571405418918, 0.5510571405418918, 0.5510571405418918, 0.5510571405418918, 0.5510571405418918, 0.5510571405418918, 0.5510571405418918, 0.5510571405418918, 0.5510571405418918, 0.5510571405418918, 0.5510571405418918, 0.5510571405418918, 0.5510571405418918, 0.5510571405418918, 0.5510571405418918, 0.5510571405418918, 0.5510571405418918, 0.5510571405418918, 0.5510571405418918, 0.5510571405418918, 0.5510571405418918, 0.5510571405418918],