{"val_f1_score_pos_neg": [0.4986137182356772, 0.5231561538524713, 0.6026656962804147, 0.5630792723282284, 0.6201470523814719, 0.6219876219117669, 0.6078379083548885, 0.6199897278208699, 0.6060670426033814, 0.655183301896146, 0.6509560753659505, 0.5512009767169187, 0.6309066444064825, 0.6170578879569729, 0.650546353522355, 0.5755764423565949, 0.6392625419917833, 0.6484431643327202, 0.560975290739158, 0.6381155100357742, 0.6328220078553111, 0.6429819003697177, 0.6354249703299489, 0.5921264043043143, 0.6383939629116303, 0.631331684018507, 0.5858105470775902, 0.5720520862718907, 0.6406181516873689, 0.6315364884854989, 0.5687562359182846, 0.5404780489736237, 0.5915319822199101, 0.6283848616759857, 0.6239121469055734, 0.5333073438229975, 0.6165503031182658, 0.5941962957726105, 0.595175938142931, 0.6269364011528421, 0.6138220231988878, 0.6083683841909413, 0.5653281117748657, 0.6109294274676793, 0.5782450158202739, 0.6063365343828199, 0.585525275120859, 0.5712387969323165, 0.5532184132527967, 0.6069908144590956, 0.6021384486619362, 0.6056702360843005, 0.614592125276365, 0.5278759563716415, 0.599664793751104, 0.6034891710111296, 0.5716089056196595, 0.5770134326982086, 0.46658635848374497, 0.5744966042501358, 0.6100276944489108], "loss": [1.023081009586652, 0.8463473717371622, 0.7890784939130148, 0.7761279344558716, 0.7262574285268784, 0.7178944249947866, 0.7126433104276657, 0.6550790518522263, 0.646991233030955, 0.6291502416133881, 0.5959413796663284, 0.6023341491818428, 0.5916176388661066, 0.5369384636481603, 0.5438236718376478, 0.5199693863590559, 0.5404257699847221, 0.5079115579525629, 0.4705258756875992, 0.4466392944256465, 0.477215014398098, 0.45029475291570026, 0.4173056532939275, 0.4899763862291972, 0.3907190536459287, 0.388388233880202, 0.3982912674546242, 0.3772950793306033, 0.4517313688993454, 0.32226240262389183, 0.3719714234272639, 0.3394305631518364, 0.3620959271987279, 0.3320629882315795, 0.2814733261863391, 0.3258878340323766, 0.28152022138237953, 0.2424623742699623, 0.3351453058421612, 0.2690378539264202, 0.3004015162587166, 0.2925834618508816, 0.3023645393550396, 0.24750501662492752, 0.2220840019484361, 0.24840116625030836, 0.1920400063196818, 0.1875582647820314, 0.3720508652428786, 0.23420500506957373, 0.23426865662137666, 0.21007711191972098, 0.18936603516340256, 0.2806692384183407, 0.16271577899654707, 0.1762151469786962, 0.2131523142258326, 0.3205516089995702, 0.2500330793360869, 0.3156888025502364, 0.16864377136031786], "f1_score_neu": [0.43943156814202666, 0.6154766604304314, 0.6678783645232519, 0.6599546695748965, 0.7235880742470423, 0.696678452193737, 0.6941868687669436, 0.756920392314593, 0.7619673858086268, 0.7375175580382347, 0.7712614784638087, 0.7481071924169859, 0.775225818157196, 0.8007284700870514, 0.784362276395162, 0.8009341061115265, 0.7783032556374868, 0.8007940451304117, 0.827276811003685, 0.8392354796330134, 0.8140998681386312, 0.8367756406466166, 0.8397898226976395, 0.8091987570126852, 0.8577338655789694, 0.8584751387437185, 0.85453133781751, 0.8680348346630732, 0.8323585192362467, 0.8945086896419525, 0.8377501169840494, 0.8777690231800079, 0.8749302277962366, 0.8762260774771372, 0.9005122780799866, 0.888229971130689, 0.8992375383774439, 0.9228497793277105, 0.87560107310613, 0.9124888728062311, 0.8971013476451238, 0.8963461369276047, 0.8871462891499201, 0.9172380417585373, 0.9286569704612097, 0.9164191683133444, 0.9372519652048746, 0.9369776795307795, 0.8535429139931997, 0.9182526916265488, 0.9176843911409378, 0.9333532849947611, 0.9406593640645345, 0.8924936105807623, 0.9498747934897741, 0.9463781217734019, 0.9277689158916473, 0.8571512065827847, 0.9109539886315664, 0.8829708422223727, 0.9471766004959742], "f1_score_neg": [0.20921347041924795, 0.4026739299297333, 0.4314759870370229, 0.4476127251982689, 0.4938558166225751, 0.5276817083358765, 0.5321341504653295, 0.5814891507228216, 0.5801622793078423, 0.5995195011297861, 0.6450717399517695, 0.6458826462427775, 0.640041341384252, 0.6775483141342798, 0.689570297797521, 0.7096092055241267, 0.6714784950017929, 0.74537093937397, 0.741243248184522, 0.7673443953196207, 0.7653220544258753, 0.7766413986682892, 0.792204812169075, 0.7823032836119334, 0.7996484140555064, 0.8003574907779694, 0.8003109494845072, 0.8171345194180807, 0.7798389295736948, 0.8409453481435776, 0.8208294709523519, 0.8512822737296423, 0.8516697982947031, 0.8410236835479736, 0.8673913776874542, 0.8612537135680517, 0.883352647225062, 0.8710432897011439, 0.8245315949122111, 0.8738385985294977, 0.8844745109478632, 0.873272493481636, 0.8391175468762716, 0.906669870018959, 0.8917006999254227, 0.8774224917093912, 0.9059171229600906, 0.9229800353447596, 0.8557234605153402, 0.9058124075333277, 0.9090141902367274, 0.8884044488271078, 0.9101462165514628, 0.884207084774971, 0.9193413456281027, 0.9113977154095968, 0.9201038380463918, 0.8719333360592524, 0.9084223260482153, 0.9045613507429758, 0.9250684628883997], "val_f1_score_neg": [0.33919638306988903, 0.35321450087300693, 0.5108836041389724, 0.4460435051899897, 0.5364890038857709, 0.5631608076837161, 0.5050528202193195, 0.5320150487040898, 0.4990426104993543, 0.5937776102376928, 0.5941319361528387, 0.41851521673991615, 0.5575933672923477, 0.5421169790232429, 0.5821901552326374, 0.4802966189453241, 0.5625349179422202, 0.5754585971114456, 0.4824601482397735, 0.5704686519763865, 0.5504037740503807, 0.5723945329328738, 0.5542147014824512, 0.4900724388094296, 0.5661163499059559, 0.5567957107676255, 0.4885159650953805, 0.47858354133506664, 0.5846740410548634, 0.560507259952281, 0.48750580797631876, 0.40844035828610653, 0.4926443503045548, 0.556674259527443, 0.5451950932812134, 0.41958099054189735, 0.5747739069267361, 0.5120851434483917, 0.5580733583225468, 0.5586800528047843, 0.5305229434027873, 0.5350266596384946, 0.4833361772830612, 0.5495456404771012, 0.46855287008825763, 0.5434273495906736, 0.5001567556043325, 0.5152856559069363, 0.5250557914450511, 0.5168522224475042, 0.5271276102239867, 0.5203773238169312, 0.5451653186273863, 0.3680464561658365, 0.5307768505137954, 0.5189266628772606, 0.4846774261985087, 0.4793533908157814, 0.3684623802924388, 0.48396177190887685, 0.5439587556062143], "val_f1_score_neu": [0.4427519813551229, 0.6834351733510587, 0.7094422468450042, 0.7089036102530026, 0.7121173334409332, 0.7170989464000239, 0.7079125703428475, 0.7112465132542742, 0.7144212787807254, 0.6435417649535222, 0.7080659809432691, 0.7018808110348671, 0.7190480464060663, 0.7254712552090127, 0.6463975100388466, 0.7116845500866259, 0.7051941937047167, 0.6935614200204869, 0.7104803873208949, 0.6460978315785085, 0.6736225266954325, 0.6916203376285804, 0.6735490070313505, 0.7024501622926835, 0.6918588372593691, 0.6782167457921469, 0.7093718793334031, 0.7051961681613327, 0.6938954550013778, 0.6258154823309225, 0.7074030259916734, 0.6989241004334076, 0.7049176760492692, 0.5963750390314912, 0.6577830011219982, 0.6973122114151005, 0.709995349717209, 0.6887113385678213, 0.6988374397975392, 0.6641546599889345, 0.6530738923295164, 0.5146378460219299, 0.6950600633244798, 0.6974749078814388, 0.6593573242230519, 0.6997414171742605, 0.6941839939429321, 0.7040694269676269, 0.6977559208182128, 0.6479485657094439, 0.6180279789057236, 0.6535231110588822, 0.64860991436823, 0.6851880491608371, 0.6844231070041531, 0.6115615441046954, 0.4569399967817006, 0.6839925042606857, 0.6923925801115088, 0.6941543841280713, 0.6880797004874785],