{
    "acc": 0.6873594522476196,
    "f1_score": 0.6465362310409546,
    "f1_score_neg": 0.6776650547981262,
    "f1_score_neu": 0.7310344576835632,
    "f1_score_pos": 0.5309090614318848,
    "f1_score_pos_neg": 0.6042870283126831,
    "loss": 0.7198712825775146
}