{"val_f1_score": [0.545320732181478, 0.530651913300731, 0.5963687871092109, 0.6771407662462194, 0.6732290701981201, 0.6651389718430892, 0.6787951432467445, 0.6832002712115196, 0.6572428740543422, 0.5675321019074124, 0.5955253402423334, 0.6925500502212448, 0.6813532908913847, 0.6872865267541507, 0.5975138152830562, 0.6609556531612247, 0.5697186535779741, 0.6794187191931431, 0.6804090467707367, 0.6588286240207784, 0.6562442000444374, 0.6732513525183983, 0.6403531391352392, 0.6810672196884215, 0.6801451941096748, 0.5835505424757627, 0.6027144961178287, 0.6248732634238486, 0.5652861386779847, 0.6605179866655211, 0.643330089992155, 0.6350869017418932, 0.6370046712612499, 0.6744059721316186, 0.6135762374356698, 0.6327153616554306, 0.6698073622688295, 0.6206000570296741, 0.6436326127336184, 0.661333282616643, 0.6624602821440387, 0.6498132666483534, 0.6630338463700728, 0.6564710682031835, 0.5825791592801802, 0.6369404052456251, 0.6262890132368314, 0.6620634823779624, 0.6061712002898025, 0.5475703175850125, 0.6510366911247838, 0.661219826261734, 0.5912675046401795, 0.6435288358728872, 0.6322228815372366, 0.592119126191078, 0.6227211255649554, 0.6405452262251639, 0.6580835214881737, 0.5658395821235951, 0.6420766900069064, 0.6541462032119026, 0.600537105960981], "val_f1_score_neu": [0.6831908120184847, 0.6784067841893008, 0.7098319413560037, 0.7120516540933525, 0.7293785456406798, 0.7239924916563276, 0.7356300947705561, 0.7169541656079956, 0.7341327682243005, 0.6977100890201126, 0.7121924194894436, 0.7333755820184563, 0.7013279240712261, 0.7344232549699873, 0.7077969985936152, 0.670511368250803, 0.7063013889362516, 0.7265396755322552, 0.7196692228004622, 0.6543164217750326, 0.7298862720892682, 0.7263493043307773, 0.6609769880599685, 0.7348755469417246, 0.7059221522813702, 0.7108615670434265, 0.7101067655079639, 0.7248398684592439, 0.6949641443036717, 0.7307215442252291, 0.7245398691217636, 0.7206873500906762, 0.7186575132563081, 0.6932096690478802, 0.7096848163178296, 0.7168490566389473, 0.70837086537614, 0.7167970655222687, 0.6908269392796899, 0.7135292155486906, 0.6704400219443336, 0.7086826795172323, 0.6855840562617345, 0.7167109362947137, 0.6980280988709745, 0.7055827068776056, 0.6723341311240427, 0.7175345491962798, 0.702636172553857, 0.6852535804425391, 0.7094928136717263, 0.7080372905531113, 0.6991208554596029, 0.7126090412936497, 0.7127474948017422, 0.6808855281925377, 0.7068791301770064, 0.7127322258362769, 0.6831584958745025, 0.6954442147754666, 0.705182121536596, 0.7043960009257749, 0.7083076611298011], "f1_score_pos": [0.5820118290813345, 0.6847908018450988, 0.705393481411432, 0.7056379090798529, 0.7383434803862321, 0.7399072819634488, 0.7564362624758169, 0.7685494062147642, 0.7749494494576203, 0.7855608126050547, 0.775101258566505, 0.7868275383585378, 0.809323008123197, 0.7854379235129607, 0.8027372172004298, 0.8254016802499169, 0.8089246820462378, 0.8343132248050288, 0.8392982577022753, 0.8490836330150303, 0.8351575457736066, 0.8370498748202073, 0.8753988883997265, 0.8436306589528134, 0.8722303533240369, 0.9005369740097147, 0.846452072262764, 0.9053605441984377, 0.9118393377253884, 0.8661805697177586, 0.9143022040003225, 0.9288683870905324, 0.9021528708307367, 0.9062154049936094, 0.90081235374275, 0.9234002169809843, 0.92008870055801, 0.9230615567219885, 0.9343543813416832, 0.9337963916753468, 0.9369582965185768, 0.9217011465838081, 0.9374030036361594, 0.9014341164576379, 0.9412071461740293, 0.9411040003362455, 0.9596367235246458, 0.952473372220993, 0.9540432260224694, 0.9268125625033128, 0.9179530222164957, 0.9594140131222574, 0.9597254026877252, 0.9566861367539355, 0.9579065175432908, 0.967406405430091, 0.9569531365444786, 0.9431695098939695, 0.9697783118800113, 0.9604940037978323, 0.9494691326429969, 0.9640022618205923, 0.9539610712151778], "f1_score_pos_neg": [0.45584186441019964, 0.6060344404295871, 0.6273176081870732, 0.6487735956907272, 0.6728742632426714, 0.6759614583693052, 0.7005774943452132, 0.7175232768058777, 0.7159420102834702, 0.7429502755403519, 0.7393354899004886, 0.7480201446696332, 0.7763935107933847, 0.7502360273348657, 0.7719766262330507, 0.795316210702846, 0.7927084643589822, 0.8049955164131365, 0.8209693016190278, 0.8202776187344601, 0.8381999887918171, 0.8299465030431747, 0.8497171872540524, 0.8410079079238992, 0.860479681899673, 0.8847488462924957, 0.8399331891223004, 0.873370205101214, 0.9016214734629581, 0.8542039810042632, 0.8963437111754167, 0.9111482689255163, 0.9003906367640746, 0.8823443604143042, 0.9072032766906839, 0.91726563949334, 0.9034269742275539, 0.9246398006614885, 0.9214651059163245, 0.9244782908966667, 0.9338235549236599, 0.9230674238581407, 0.9306302125516691, 0.9083893079506723, 0.9344048947095871, 0.9384120232180545, 0.9488583128703268, 0.9356930263732609, 0.9477482210648688, 0.9232675213562814, 0.9268073604295128, 0.9513623612491708, 0.9544517633162046, 0.9520087987184525, 0.9479837323489942, 0.9583984001686698, 0.9450599841381374, 0.9483754572115446, 0.9620249498831598, 0.9524324944144801, 0.9468395404125515, 0.9579249243987235, 0.9504450771369433], "val_acc": [0.6147390584010263, 0.5892997585098293, 0.6480461558487794, 0.6991869798489452, 0.688434296632232, 0.7007605634803632, 0.704169936108833, 0.7052189935513629, 0.6968266491092099, 0.623918170710733, 0.6546026589580949, 0.709415163466726, 0.7049567266583536, 0.7112509772873225, 0.6425386776987911, 0.6855494271355166, 0.6420141534951613, 0.6994492498058176, 0.695515343860288, 0.6795174446970091, 0.687647523621765, 0.7044322066753517, 0.6753212682631208, 0.7039076800956646, 0.6952530805001007, 0.6572252698467373, 0.6535536344677264, 0.6829268379283958, 0.6252294800239631, 0.6865984763712699, 0.6755835280279584, 0.681353263957526, 0.6658798807129408, 0.6892210698615464, 0.653291368731482, 0.6729609218914303, 0.6858116929499208, 0.6721741462860588, 0.6782061340863268, 0.6805664793794123, 0.6818777924443117, 0.6671911761606268, 0.6782061401358934, 0.6884343165473428, 0.6304746929066656, 0.6768948283684463, 0.6404405956877331, 0.6831890999911309, 0.6399160745479665, 0.5940204586002291, 0.6734854328391623, 0.6847626625506733, 0.6351953936848714, 0.6690270085988819, 0.6656176275447883, 0.612640962524424, 0.6493574675380668, 0.6784683968368679, 0.6782061323199159, 0.6212955638863988, 0.6792551711447871, 0.6732231814999484, 0.6567007569137471], "val_loss": [0.8731709950057159, 1.0318483141129517, 0.8105312496572225, 0.6813193584345095, 0.743218474897099, 0.673557467920837, 0.6918708819152488, 0.6638816176610077, 0.7166364898745419, 0.9490522031799065, 0.8735888371497603, 0.6865533431183469, 0.6836900673386559, 0.6755120902901837, 0.8963609328896487, 0.727996280022628, 0.969332985042619, 0.735565269787481, 0.746745547299744, 0.7546730871717041, 0.8444812731920438, 0.7335289484742368, 0.8218978203690461, 0.7941952834378194, 0.778557009187984, 1.0886563097370787, 1.0561733877693233, 0.9115300052065315, 1.2467844349925923, 0.9059936026872815, 1.041251946739909, 0.9878913572132821, 1.087688078693977, 0.8303905484278059, 1.1123382522776595, 1.0465145527831907, 0.8693027928561449, 1.080523958676386, 0.8986425746497038, 0.9902002562102201, 0.9683824416036028, 1.061591558793446, 0.9455185336701488, 0.9580217502794334, 1.4058626368387834, 1.0829324886738207, 1.207415367279533, 1.076427919874659, 1.4703561263293254, 1.7945568080402376, 1.049781992605531, 0.9981668335604224, 1.47520965367454, 1.1933847917148581, 1.246983290093795, 1.5633233828460829, 1.3787634701920155, 1.1425481317489128, 1.0993213479424473, 1.9363747011667907, 1.117377409965011, 1.1723676081439063, 1.4384540819352674],