{"f1_score_pos": [0.3724615960381925, 0.529224360982577, 0.5293649857242902, 0.5287506257494291, 0.5291696613033613, 0.5293426960706711, 0.5291957010825475, 0.5292670254906019, 0.5290523568789164, 0.529239555199941, 0.5292508055766424, 0.5293811534841856, 0.5292965446909269, 0.5292667001485825, 0.5293586030602455, 0.5290273129940033, 0.529084287583828, 0.5291962325572968, 0.529302383462588, 0.5291723112265269, 0.5286094546318054, 0.5289141039053599, 0.5291625609000524, 0.5286811317006747, 0.5293603067596754, 0.5290567850073179, 0.5294011781613032, 0.5293523222208023, 0.5292990629871687, 0.5285431568821272, 0.5290778577327728, 0.5290727019309998, 0.5290445735057195, 0.5293526897827784, 0.5288916925589243, 0.52915870398283, 0.5292861461639404, 0.5292812859018644, 0.5291474908590317, 0.529291478296121, 0.5291136726737022, 0.5293263246615728, 0.5289062187075615, 0.5291588480273882, 0.5290271503229936, 0.5290694683790207, 0.5290281996130943, 0.5291319017608961, 0.5290839994947115, 0.5293466572960218, 0.529182511071364, 0.528825913866361], "val_f1_score_pos": [0.5833714594998574, 0.5833714594998574, 0.5833714594998574, 0.5833714594998574, 0.5833714594998574, 0.5833714594998574, 0.5833714594998574, 0.5833714594998574, 0.5833714594998574, 0.5833714594998574, 0.5833714594998574, 0.5833714594998574, 0.5833714594998574, 0.5833714594998574, 0.5833714594998574, 0.5833714594998574, 0.5833714594998574, 0.5833714594998574, 0.5833714594998574, 0.5833714594998574, 0.5833714594998574, 0.5833714594998574, 0.5833714594998574, 0.5833714594998574, 0.5833714594998574, 0.5833714594998574, 0.5833714594998574, 0.5833714594998574, 0.5833714594998574, 0.5833714594998574, 0.5833714594998574, 0.5833714594998574, 0.5833714594998574, 0.5833714594998574, 0.5833714594998574, 0.5833714594998574, 0.5833714594998574, 0.5833714594998574, 0.5833714594998574, 0.5833714594998574, 0.5833714594998574, 0.5833714594998574, 0.5833714594998574, 0.5833714594998574, 0.5833714594998574, 0.5833714594998574, 0.5833714594998574, 0.5833714594998574, 0.5833714594998574, 0.5833714594998574, 0.5833714594998574, 0.5833714594998574], "val_f1_score_neg": [0.0, 0.0, 0.0, 0.0, 0.0, 0.0, 0.0, 0.0, 0.0, 0.0, 0.0, 0.0, 0.0, 0.0, 0.0, 0.0, 0.0, 0.0, 0.0, 0.0, 0.0, 0.0, 0.0, 0.0, 0.0, 0.0, 0.0, 0.0, 0.0, 0.0, 0.0, 0.0, 0.0, 0.0, 0.0, 0.0, 0.0, 0.0, 0.0, 0.0, 0.0, 0.0, 0.0, 0.0, 0.0, 0.0, 0.0, 0.0, 0.0, 0.0, 0.0, 0.0], "val_f1_score": [0.1944571611467322, 0.1944571611467322, 0.1944571611467322, 0.1944571611467322, 0.1944571611467322, 0.1944571611467322, 0.1944571611467322, 0.1944571611467322, 0.1944571611467322, 0.1944571611467322, 0.1944571611467322, 0.1944571611467322, 0.1944571611467322, 0.1944571611467322, 0.1944571611467322, 0.1944571611467322, 0.1944571611467322, 0.1944571611467322, 0.1944571611467322, 0.1944571611467322, 0.1944571611467322, 0.1944571611467322, 0.1944571611467322, 0.1944571611467322, 0.1944571611467322, 0.1944571611467322, 0.1944571611467322, 0.1944571611467322, 0.1944571611467322, 0.1944571611467322, 0.1944571611467322, 0.1944571611467322, 0.1944571611467322, 0.1944571611467322, 0.1944571611467322, 0.1944571611467322, 0.1944571611467322, 0.1944571611467322, 0.1944571611467322, 0.1944571611467322, 0.1944571611467322, 0.1944571611467322, 0.1944571611467322, 0.1944571611467322, 0.1944571611467322, 0.1944571611467322, 0.1944571611467322, 0.1944571611467322, 0.1944571611467322, 0.1944571611467322, 0.1944571611467322, 0.1944571611467322], "val_f1_score_neu": [0.0, 0.0, 0.0, 0.0, 0.0, 0.0, 0.0, 0.0, 0.0, 0.0, 0.0, 0.0, 0.0, 0.0, 0.0, 0.0, 0.0, 0.0, 0.0, 0.0, 0.0, 0.0, 0.0, 0.0, 0.0, 0.0, 0.0, 0.0, 0.0, 0.0, 0.0, 0.0, 0.0, 0.0, 0.0, 0.0, 0.0, 0.0, 0.0, 0.0, 0.0, 0.0, 0.0, 0.0, 0.0, 0.0, 0.0, 0.0, 0.0, 0.0, 0.0, 0.0], "f1_score_neg": [0.05217651526133219, 0.0, 0.0, 0.0, 0.0, 0.0, 0.0, 0.0, 0.0, 0.0, 0.0, 0.0, 0.0, 0.0, 0.0, 0.0, 0.0, 0.0, 0.0, 0.0, 0.0, 0.0, 0.0, 0.0, 0.0, 0.0, 0.0, 0.0, 0.0, 0.0, 0.0, 0.0, 0.0, 0.0, 0.0, 0.0, 0.0, 0.0, 0.0, 0.0, 0.0, 0.0, 0.0, 0.0, 0.0, 0.0, 0.0, 0.0, 0.0, 0.0, 0.0, 0.0], "f1_score_neu": [0.13001016030708948, 0.0, 0.0, 0.0, 0.0, 0.0, 0.0, 0.0, 0.0, 0.0, 0.0, 0.0, 0.0, 0.0, 0.0, 0.0, 0.0, 0.0, 0.0, 0.0, 0.0, 0.0, 0.0, 0.0, 0.0, 0.0, 0.0, 0.0, 0.0, 0.0, 0.0, 0.0, 0.0, 0.0, 0.0, 0.0, 0.0, 0.0, 0.0, 0.0, 0.0, 0.0, 0.0, 0.0, 0.0, 0.0, 0.0, 0.0, 0.0, 0.0, 0.0, 0.0], "f1_score": [0.18488275911659002, 0.17640812632938227, 0.17645499917368093, 0.17625021251539388, 0.17638989289601645, 0.17644756908218065, 0.17639856971800327, 0.1764223457624515, 0.1763507934908072, 0.17641318899889788, 0.17641694036622843, 0.17646039028962454, 0.1764321904629469, 0.1764222364872694, 0.1764528745164474, 0.1763424426317215, 0.17636143416166306, 0.1763987491528193, 0.17643413382271925, 0.17639077454805374, 0.176203158373634, 0.17630470419923464, 0.17638752609491348, 0.17622704866031805, 0.1764534426232179, 0.17635226746400198, 0.1764670635263125, 0.17645077593624592, 0.17643302492797375, 0.17618106119334698, 0.17635928901533285, 0.176357572277387, 0.17634819323817888, 0.17645090445876122, 0.17629723871747652, 0.17638623776535192, 0.17642871911327043, 0.17642710047463575, 0.17638250316182771, 0.17643049856026968, 0.17637122919162115, 0.17644211649894714, 0.17630207786957422, 0.1763862886776527, 0.17634238923589388, 0.17635649318496385, 0.17634274003406367, 0.1763773076236248, 0.176361337924997, 0.1764488915602366, 0.17639417635897794, 0.17627531041701636], "val_loss": [9.473027796061245, 9.473027796061245, 9.473027796061245, 9.473027796061245, 9.473027796061245, 9.473027796061245, 9.473027796061245, 9.473027796061245, 9.473027796061245, 9.473027796061245, 9.473027796061245, 9.473027796061245, 9.473027796061245, 9.473027796061245, 9.473027796061245, 9.473027796061245, 9.473027796061245, 9.473027796061245, 9.473027796061245, 9.473027796061245, 9.473027796061245, 9.473027796061245, 9.473027796061245, 9.473027796061245, 9.473027796061245, 9.473027796061245, 9.473027796061245, 9.473027796061245, 9.473027796061245, 9.473027796061245, 9.473027796061245, 9.473027796061245, 9.473027796061245, 9.473027796061245, 9.473027796061245, 9.473027796061245, 9.473027796061245, 9.473027796061245, 9.473027796061245, 9.473027796061245, 9.473027796061245, 9.473027796061245, 9.473027796061245, 9.473027796061245, 9.473027796061245, 9.473027796061245, 9.473027796061245, 9.473027796061245, 9.473027796061245, 9.473027796061245, 9.473027796061245, 9.473027796061245], "val_f1_score_pos_neg": [0.2916857297499287, 0.2916857297499287, 0.2916857297499287, 0.2916857297499287, 0.2916857297499287, 0.2916857297499287, 0.2916857297499287, 0.2916857297499287, 0.2916857297499287, 0.2916857297499287, 0.2916857297499287, 0.2916857297499287, 0.2916857297499287, 0.2916857297499287, 0.2916857297499287, 0.2916857297499287, 0.2916857297499287, 0.2916857297499287, 0.2916857297499287, 0.2916857297499287, 0.2916857297499287, 0.2916857297499287, 0.2916857297499287, 0.2916857297499287, 0.2916857297499287, 0.2916857297499287, 0.2916857297499287, 0.2916857297499287, 0.2916857297499287, 0.2916857297499287, 0.2916857297499287, 0.2916857297499287, 0.2916857297499287, 0.2916857297499287, 0.2916857297499287, 0.2916857297499287, 0.2916857297499287, 0.2916857297499287, 0.2916857297499287, 0.2916857297499287, 0.2916857297499287, 0.2916857297499287, 0.2916857297499287, 0.2916857297499287, 0.2916857297499287, 0.2916857297499287, 0.2916857297499287, 0.2916857297499287, 0.2916857297499287, 0.2916857297499287, 0.2916857297499287, 0.2916857297499287],