{"1": {"val_f1_score_pos": [0.3614507124491549, 0.2709240863519481, 0.3429916103546865, 0.24496825369853348, 0.30943485362487927, 0.3233193275470536, 0.387244281659403, 0.3190380633681731, 0.2897196463835009, 0.31561741486252076, 0.3547354512958981, 0.42056313606194423, 0.31432624986404456, 0.38308615961752657, 0.3722808865132334, 0.38304374127360113, 0.34236042294693164, 0.3313847463837734, 0.40902265734732607, 0.34559642946832736, 0.3924171945370911, 0.16494292929748453, 0.373068498093107, 0.348825600304906, 0.3526778392865751, 0.30289363924093843, 0.36348026844761255, 0.406958538457396, 0.284563315213665, 0.3647619436653788, 0.2671751495663561, 0.38909464170951, 0.36160735844278785, 0.3316466836204306, 0.38918128789302414, 0.356203319733603, 0.33525662183815225, 0.37343828446469324, 0.349124304236349, 0.3745332509212219, 0.3854716957366204, 0.35947035071391864, 0.30926363063566437, 0.3947662600943273, 0.3711248755294141, 0.36345588715828275, 0.31086449368655333, 0.34763924244605254, 0.3579814182146144, 0.27698293013235925, 0.4059720249445225, 0.34953753042210345, 0.3151092058331699, 0.342113285680317, 0.26411970884103897, 0.3936948944092655, 0.34754464826603165, 0.3904045683759534, 0.3565566678520156, 0.38894911572250007, 0.3773075739274516, 0.26832823990917504, 0.34811298733512613], "loss": [1.01699193057261, 0.9032164431716266, 0.8654186576604843, 0.8500970990249985, 0.8246293444382516, 0.8112855404615402, 0.781659431363407, 0.7640915379712456, 0.7467854187676781, 0.7261721005565241, 0.7191123052647239, 0.7069136712111925, 0.6844108951719183, 0.6864448060330591, 0.6709883436560631, 0.65547527098342, 0.6474218035214826, 0.6316472629183217, 0.6219903675741271, 0.6144474862437499, 0.5828972564716088, 0.5815317720959061, 0.5665414792142416, 0.5566531884434976, 0.5642177405718126, 0.5360104976908157, 0.5317031762709743, 0.524326652092369, 0.5098718653776144, 0.5130675576235119, 0.4808215985172673, 0.4919589836346476, 0.4717739855772571, 0.4865275221435647, 0.4640189709239884, 0.45519122187244265, 0.42125694590963814, 0.443498769676999, 0.4297986328601837, 0.42121181872330216, 0.43178440101052584, 0.38870733133272123, 0.40183453614774506, 0.402340673890553, 0.4170087752373595, 0.37685684448010043, 0.37468880865918963, 0.35828463321453646, 0.36546307566918823, 0.3277016712450667, 0.3499540743467055, 0.37638123480505065, 0.306433931287182, 0.3481093623528355, 0.32871822179540205, 0.3102873838261554, 0.34035226369374677, 0.3271278388013965, 0.3179497697243565, 0.31427445174439955, 0.2963611872768716, 0.32836560855962726, 0.26993860912166145], "f1_score_pos": [0.4627917048178221, 0.5123674904829577, 0.5362689834284154, 0.5525905836961771, 0.5696399292271388, 0.5711370173253512, 0.606740270398165, 0.610156382777189, 0.6441309326573422, 0.6441495947931942, 0.6406026933538286, 0.6680880859494209, 0.6805777651698965, 0.681016598485018, 0.696201323678619, 0.6959057654205122, 0.7053130743534941, 0.718010493407124, 0.7374587286459772, 0.7206338804803396, 0.7448656806036046, 0.743421985130561, 0.7481766107835268, 0.7638330428223861, 0.7635668178922251, 0.7807970364627085, 0.7838698766733471, 0.776620068048176, 0.7938541440587294, 0.7876148980699087, 0.8063211319477934, 0.8026236711364043, 0.8050188214371079, 0.814919265085145, 0.8028946295380592, 0.8142959887259885, 0.8449448829418734, 0.8223728180715912, 0.8327248672905722, 0.8288301025566301, 0.8290289420830576, 0.8423607812116021, 0.8529514439011875, 0.8478075634492072, 0.8247656741816747, 0.8579539625268233, 0.8512804523894661, 0.8645564964727351, 0.8603326062622824, 0.882547067576333, 0.8757692634275085, 0.8515548713897404, 0.8864192676387335, 0.8674852189264799, 0.8765761189554867, 0.8816766060496631, 0.8761857508828765, 0.8738737847459944, 0.8676720606653314, 0.8816944682284406, 0.8875259698221558, 0.8731511662665167, 0.891362477290003], "acc": [0.491907893827087, 0.5681578971837696, 0.5959868435012666, 0.6024999983216587, 0.6144078926820504, 0.6242763121661387, 0.6377631594475947, 0.6471052624677357, 0.6577631603730353, 0.6684210571019273, 0.672171052741377, 0.6788815781474113, 0.6906578929016465, 0.688947365864327, 0.7005263151306855, 0.7081578942505937, 0.7124342063539907, 0.7246052618873747, 0.7290131626160521, 0.7266447383322214, 0.7491447345206612, 0.7481578937486598, 0.754671048176916, 0.7610526304495963, 0.7627631551341006, 0.7694078942662791, 0.7741447357754958, 0.7780263165110036, 0.7880921034436477, 0.7857894752370683, 0.8011842154358563, 0.7930263167149142, 0.807894735744125, 0.7979605276333658, 0.8087499965178339, 0.8186184163940581, 0.8272368480500422, 0.8230921049651346, 0.8242763131856918, 0.8336184216957343, 0.8255263194441795, 0.8446052670478821, 0.8417763117896883, 0.8405921118039834, 0.8389473667270259, 0.851447372060073, 0.8539473669309365, 0.861776323302796, 0.8576315739437154, 0.8724342066990701, 0.8656578985484022, 0.857236838654468, 0.8839473653780786, 0.8669736828458937, 0.8749342105890575, 0.8825657889246941, 0.8713157886737272, 0.8782236862339472, 0.878289479174112, 0.8805263183618847, 0.8864473747579675, 0.8751973682328275, 0.8989473706797549], "val_f1_score": [0.5288185019027635, 0.49158448533222476, 0.5584914053660817, 0.432949550841984, 0.5311962208713543, 0.5322638043829626, 0.5279843213050901, 0.5579511557298902, 0.5444491369682446, 0.5408053561153575, 0.5621562568228683, 0.5597175528914126, 0.5505477242034349, 0.5224274662610275, 0.4379324657767944, 0.530443638067121, 0.5483397213231858, 0.5457821974762913, 0.5516138295037651, 0.5309486119692464, 0.4520567416662147, 0.49263878900673386, 0.5364499411173249, 0.45524987878694334, 0.5424364845172489, 0.5330024947468032, 0.499641262138957, 0.49886690236349873, 0.5292137690186769, 0.5443576270269479, 0.5110648648995191, 0.5503665533518395, 0.4711212265266259, 0.5293209592447697, 0.5124375739721795, 0.5175424648253595, 0.5018162711402397, 0.5139848348314677, 0.5208622356872541, 0.5175286810300503, 0.5332885115628193, 0.5281756805826617, 0.5188307269596593, 0.5146938893798231, 0.520148328387732, 0.5060419866591491, 0.5270562329728808, 0.5325967356850851, 0.49855542772801886, 0.49730256142189416, 0.5344517945814283, 0.522306758972422, 0.5095336805363792, 0.5208008433053261, 0.48803870103083585, 0.5097130597227605, 0.5265843578946521, 0.5339067412345087, 0.5253479029217444, 0.5373357044004182, 0.5339669505862358, 0.5011252941872909, 0.48617594112322454], "val_loss": [0.9229030544244111, 0.8155251712987833, 0.8135395937817514, 0.8278086207173614, 0.7942679888001981, 0.798466148003232, 0.8781203064251418, 0.7900985560597357, 0.7743837829650763, 0.7817271869567617, 0.7991938251286437, 0.8280894172068282, 0.796699592914873, 0.8519366314912025, 0.9198070540923661, 0.8271774179593325, 0.8599027043733841, 0.8068915262074284, 0.8448718836379384, 0.8745487236622695, 1.000579355752956, 0.9431669647984284, 0.8917275867213337, 1.0344759615702077, 0.8798335534304689, 0.9287652271961876, 0.9806146023780764, 1.0291933935073598, 0.9341291819024182, 0.8611538479095421, 0.9527413000462026, 0.9304176759087068, 1.071867041903147, 0.9573371545774036, 1.0471788909700182, 1.0439570108298724, 1.0955716576921581, 1.0151306373602198, 0.9729202989517328, 1.0235206911384764, 0.9900087643141582, 1.0026461092995675, 1.0210045828939396, 1.0512811349846467, 1.0873401539582044, 1.117049054149245, 1.0427835396534142, 1.052470002097157, 1.1983868467126728, 1.1792570660900437, 1.1970344188242306, 1.0242730602454453, 1.1713127009352746, 1.0906719038521873, 1.1689141668074312, 1.2514938665197821, 1.1042466948175023, 1.100243184945093, 1.141021262939803, 1.1411764450133302, 1.195103757938071, 1.2266862110355874, 1.423960923665931],