{"val_f1_score_neg": [0.34153780058209987, 0.3519947265987786, 0.39778159067538854, 0.5468811175030984, 0.5560327040501977, 0.4306432518735821, 0.6261331549536172, 0.661262240414228, 0.5199344103069966, 0.5504455137465403, 0.46482052133679236, 0.5658085586954033, 0.3835668523981288, 0.6245548874257025, 0.4702232478095139, 0.6450122757874666, 0.601222125651672, 0.575965456392957, 0.6048306843254656, 0.62209688841812, 0.6077600658143126, 0.5897482567467528, 0.4162913501934839, 0.5529123964723627, 0.5392783626527133, 0.5451343249937008, 0.6226948676008018, 0.535026880549284, 0.5109191316649134, 0.6134966800227242, 0.5179600551345359, 0.5596534844273943, 0.5010935615170762, 0.4391960031539788, 0.5457879918127463, 0.42933142583044437, 0.40432760138196516, 0.5044232741478951, 0.5773571799222235, 0.569639834337212, 0.46215459237003653, 0.5414569385558828, 0.5270870640432306, 0.5232262816011453, 0.3246464753694932, 0.5695819401409631, 0.5013551420969129, 0.5416494973869483, 0.546902828115883, 0.5319239111544422, 0.5275682150739214, 0.5193827520697378, 0.5315053617582214, 0.5285972390404968, 0.5653867838015683, 0.5808612279400499, 0.49866248840364047, 0.5474167209330613, 0.5547927214097014], "val_f1_score": [0.5663989897540883, 0.5668948631945664, 0.5735908800805924, 0.6607178220778914, 0.6543176282493267, 0.6085275331726544, 0.6826636681805562, 0.6809829382830144, 0.6352418241868518, 0.6570355916410927, 0.5835016096729385, 0.6730169800989214, 0.6021219929028082, 0.6857411881897539, 0.6183146860791479, 0.6726753124251567, 0.6788664636979602, 0.6663705002533117, 0.6402280509174886, 0.6441349071247072, 0.679553264024656, 0.6617154271278112, 0.6073989411554654, 0.5992421061855709, 0.5940602314994305, 0.6470269327741454, 0.6796660127522218, 0.631075606066631, 0.6375932570770598, 0.6713122112557796, 0.6370449530118537, 0.636567924581048, 0.5594483286009477, 0.6060341960202669, 0.6499275593753878, 0.5968907586458377, 0.5919952906556809, 0.626719445701412, 0.6548827087006918, 0.651622240605268, 0.6157049137933842, 0.6461043400211719, 0.633107625215722, 0.5888549897603841, 0.565254302372496, 0.6536169360855136, 0.6250075720565199, 0.6360108214759026, 0.6367845001290734, 0.6171842498038967, 0.6255408839356578, 0.6053505275714063, 0.6304616486654174, 0.626573011673813, 0.6240642335888222, 0.6458978910881361, 0.6250041350429214, 0.6364517671962501, 0.632714527487411], "f1_score_pos_neg": [0.39447194985721423, 0.48348521765159524, 0.5399842168325963, 0.5625174217250036, 0.582445862500564, 0.589555433910826, 0.6050768624181333, 0.6229925084373226, 0.6373195123413334, 0.6551894772311916, 0.6653011940095735, 0.6615124150462772, 0.6752520773721777, 0.6987395448529202, 0.7039957992408586, 0.7211367377768392, 0.7365164160728455, 0.7348362920076951, 0.7433575560217318, 0.7582674635493237, 0.7676615326300912, 0.7806569383196209, 0.7959043882463289, 0.7923859532760538, 0.7959734745647596, 0.809492619789165, 0.8163885085479073, 0.8377485508504121, 0.8567498229120089, 0.8647542984589286, 0.8590314329966254, 0.8466516746127087, 0.8689372863458551, 0.8737684417030086, 0.8924488554830137, 0.8849933600944021, 0.8960891009672828, 0.8991273453702098, 0.910197191912195, 0.8929004332293635, 0.9191787877808446, 0.9093711220699808, 0.9347795267467913, 0.9317099063292794, 0.9317454287539357, 0.8905184281908948, 0.9300782719384069, 0.937020506547845, 0.9449038045561832, 0.9344850467598956, 0.909977938817895, 0.9473247268925542, 0.9320932957141296, 0.9549327402011208, 0.9457456476014593, 0.9235274655663449, 0.9542094877232676, 0.9427798163631688, 0.9555492601964785], "f1_score": [0.4558666260993999, 0.5631757874203764, 0.6056953357613605, 0.6231719631215801, 0.6394136198188948, 0.6429702380429143, 0.6576018877651381, 0.6722605085891226, 0.682203973117082, 0.6966545504072438, 0.7057649000831272, 0.6987903591083444, 0.7128277194240819, 0.7343507558107376, 0.7364032002894775, 0.7532502509977507, 0.7644953883212545, 0.7638746059459188, 0.7729783401541088, 0.7857093571320825, 0.7891421182000119, 0.8042717608420745, 0.8164214154948359, 0.8149745088556538, 0.8200366931117099, 0.8296420762072438, 0.8361681051876234, 0.8527085761661115, 0.8701432217722354, 0.8787660436785739, 0.8730327959941782, 0.8620266771834829, 0.8824744412432546, 0.8867092184398485, 0.9033423688100732, 0.8973480974850447, 0.9078258781329446, 0.9112677114165347, 0.9184518670258315, 0.9029139306234277, 0.9285973368779473, 0.9181762389514757, 0.9406979356123053, 0.9385325889224592, 0.9391931450885275, 0.9006778811630995, 0.9374078907396483, 0.9442164204690767, 0.951257946698562, 0.94157633120599, 0.9180280903111333, 0.9528199265832487, 0.9390318173429241, 0.959591141861418, 0.9518456770026166, 0.9317200695690901, 0.9591543421797131, 0.9487225432758746, 0.9603519070407619], "val_f1_score_pos": [0.6913198992363775, 0.6458308067560634, 0.619727555485557, 0.7100353709143852, 0.6767315601008226, 0.6773876906879424, 0.6852108919023373, 0.7324680438230521, 0.6605674216605346, 0.6870470236925325, 0.5812129875258639, 0.7359125939310925, 0.7002612774590323, 0.734298967655456, 0.6664519767388565, 0.7297691149158863, 0.7280198681739068, 0.6926530390594876, 0.598790086256748, 0.7217588901144608, 0.7025390274250192, 0.6699586169412685, 0.6937137939878064, 0.5409188508487204, 0.5404975941541968, 0.7213783136290763, 0.7124611870404025, 0.6436971947335834, 0.7057532476778579, 0.6861937693995565, 0.678825233197106, 0.6330117829947093, 0.4885365833080631, 0.671767274507412, 0.7043383777876273, 0.6554764522175572, 0.6656945277129512, 0.6655922727324723, 0.7098957875598424, 0.6778022185761317, 0.6832897520396705, 0.7089874681731143, 0.7032086981927945, 0.5510158422360294, 0.6875304568323475, 0.7050577685834853, 0.6838531789584577, 0.6662555015715532, 0.7019597632254073, 0.6209033937114072, 0.6447290459737169, 0.5980530185177981, 0.6588004848602529, 0.6551067693134071, 0.6750446735577668, 0.6672756617193675, 0.6868280287555532, 0.6705866314093647, 0.6613235676848229], "f1_score_pos": [0.5276870432755222, 0.5907898153299871, 0.6262204511010129, 0.6322092077006465, 0.6522184234598408, 0.6472223854583242, 0.6682486864535705, 0.6825587587512058, 0.688665316156719, 0.7029419515443884, 0.7088977027198543, 0.702377025199973, 0.7144307416418324, 0.7506253168634747, 0.733492181352947, 0.7639210658228915, 0.7716664315565772, 0.7621615457793941, 0.7798820902471957, 0.8121772265952566, 0.7791683945966803, 0.8220658341179723, 0.8140140668205593, 0.8470233730647875, 0.8236574815667194, 0.8460920239272325, 0.8642502329919649, 0.861790204177732, 0.8783487638701564, 0.8840983101855153, 0.8514413619818895, 0.8752374506515005, 0.8850365294062573, 0.8939667253390603, 0.9111433022696039, 0.8842316477195077, 0.9110324026449866, 0.9302217195863309, 0.9126476250264955, 0.9000048851189406, 0.9340773522853851, 0.9300172050362048, 0.9417038410902023, 0.9331568414750306, 0.9432342583718507, 0.8750889709462291, 0.9425135753724886, 0.945294487087623, 0.9530466989330624, 0.941311468248782, 0.9358211833497753, 0.9536699859992318, 0.9316506152567656, 0.9592704909003299, 0.94897446943366, 0.9483893183262452, 0.9566246277612188, 0.9441945280717767, 0.9588692026293796],