{"1": {"val_f1_score": [0.5225153418622741, 0.551178626694643, 0.6197854931073773, 0.6313425186985345, 0.6189465487437895, 0.5655555697272776, 0.6715450216521437, 0.6261814102987714, 0.6266025603989932, 0.6758549720353727, 0.6854596883019468, 0.6498545728078703, 0.6476586736971207, 0.6969209825964446, 0.6064755282876, 0.6638389057979288, 0.6905788516641882, 0.6200854451269294, 0.6021947839458315, 0.6792877305532546, 0.5710397369274467, 0.6396469218881619, 0.6621928537670408, 0.6509567620621057, 0.6742105960939739, 0.652342481154205, 0.6815010739723404, 0.6065434066448316, 0.6671329472373234, 0.5964582039401377, 0.6575196681452835, 0.6449737782056895, 0.6513015506088092, 0.6594945324583377, 0.6567994480585758, 0.5534852285757798, 0.6701734810090584, 0.6367450370083261, 0.6605967210091351, 0.6147137251920722, 0.6575322149933526, 0.6586316361566119, 0.6637133929850141, 0.6486987758426881, 0.6599769706398428, 0.6597919996535718, 0.6573879631866847, 0.6508715528845318, 0.6470706859911767, 0.6422864849755622, 0.6433408201256668, 0.6456440688586441, 0.6618903178478394, 0.6533290266271592, 0.6507725042212582, 0.5968470991736411, 0.6100793596705895, 0.6236011507377954, 0.6230808386895215, 0.63342264687768, 0.6553157152949497, 0.6313776142510285, 0.658958919868049, 0.6510762962931071, 0.656575296420986, 0.6487062738037409, 0.6550829810731029, 0.6070349689484142], "val_f1_score_neu": [0.6353191060717263, 0.6842518510888512, 0.7088985184406378, 0.5871951091236371, 0.7170988371639216, 0.6989900474625874, 0.7302900506791686, 0.7174961215206059, 0.7190514408382193, 0.7296587242062186, 0.7326951367693125, 0.6513426684345313, 0.7265587603986466, 0.7392548191525509, 0.716709125379612, 0.7345038961620116, 0.7046806848708832, 0.721680731839656, 0.7036548451648245, 0.6873789215037869, 0.7143453855136859, 0.7234078941619086, 0.6629599507887345, 0.7010067439035516, 0.6879820494460459, 0.724493612071957, 0.7303604105154798, 0.7190645880158917, 0.7019153298463779, 0.6907295154487245, 0.6652707180544175, 0.7233877849647637, 0.6358867229328611, 0.7206761558444176, 0.7203237433431031, 0.6917534400527008, 0.7264180716616633, 0.721639349458726, 0.6783086485416283, 0.7174443145796223, 0.7202893273273291, 0.694125217666721, 0.7152369875405175, 0.7222391767605627, 0.6972276771315558, 0.6805361453204402, 0.7214328079845159, 0.7236665066477198, 0.7182928656706371, 0.6363432642014797, 0.720695515723795, 0.7023837687367065, 0.7190128825106648, 0.7036877935744945, 0.7097547982203626, 0.7061563069633446, 0.6956883443799383, 0.7009350208200684, 0.592366622903045, 0.7189122013866885, 0.7234023687660053, 0.7158917593668366, 0.7115217390849526, 0.6834507414496167, 0.7060649886301362, 0.7242833562732649, 0.7031083832161026, 0.7090611804072512], "f1_score_pos": [0.5807827413082123, 0.6713193580508232, 0.6854870412498713, 0.711177159100771, 0.71389115229249, 0.7369559593498707, 0.7160011660307646, 0.7348884306848049, 0.7331767752766609, 0.7833464499562979, 0.7837659921497107, 0.738501189276576, 0.7812611870467663, 0.8057539407163858, 0.8313662502914667, 0.831991670653224, 0.7886264827102423, 0.8258720617741346, 0.8554402031004429, 0.7966601643711329, 0.8484426755458117, 0.8859589826315641, 0.8618290927261114, 0.8502024337649345, 0.8618491888046265, 0.8470035139471292, 0.9119066651910543, 0.7916820645332336, 0.9051840882748365, 0.9077156633138657, 0.8780364375561476, 0.9174824841320515, 0.8883494399487972, 0.8777645193040371, 0.9356900285929441, 0.9189779106527567, 0.8585515897721052, 0.9407412707805634, 0.9277544748038054, 0.9399498030543327, 0.9512146040797234, 0.9352131262421608, 0.9259055331349373, 0.9536953587085009, 0.9536516033113003, 0.9567533675581217, 0.9149327967315912, 0.9540568981319666, 0.9605560582131147, 0.9616266824305058, 0.9492230080068111, 0.9652066603302956, 0.9721436835825443, 0.9660890959203243, 0.972271217033267, 0.9587036408483982, 0.9565444719046354, 0.9604819566011429, 0.9494187571108341, 0.9392821453511715, 0.9681906215846539, 0.9705734420567751, 0.9723550397902727, 0.9629239533096552, 0.977138290181756, 0.9766403958201408, 0.9742635264992714, 0.9630371760576963], "f1_score_pos_neg": [0.43937125988304615, 0.5117189679294825, 0.5850666724145412, 0.6373918391764164, 0.6618302054703236, 0.6703019216656685, 0.6648320276290178, 0.6741704139858484, 0.694189291447401, 0.7245534360408783, 0.7419419400393963, 0.7103995066136122, 0.7613037265837193, 0.7646613866090775, 0.7831341978162527, 0.7919640485197306, 0.7842501010745764, 0.7639955077320337, 0.8135772217065096, 0.8009820692241192, 0.8284021411091089, 0.8374487701803446, 0.8352721426635981, 0.8168481793254614, 0.8642868343740702, 0.8526544738560915, 0.9029452204704285, 0.8386507462710142, 0.8924375344067812, 0.8922889716923237, 0.871142977848649, 0.9026960171759129, 0.9038671143352985, 0.883066276088357, 0.9250030536204576, 0.9124633483588696, 0.8214243855327368, 0.9320795405656099, 0.926494462415576, 0.9352668784558773, 0.9496946465224028, 0.9394036177545786, 0.9329438731074333, 0.9512781538069248, 0.9511736426502466, 0.939661243930459, 0.9246481154114008, 0.9510614108294249, 0.957589054480195, 0.9625155050307512, 0.941523514688015, 0.9592163879424334, 0.9661994855850935, 0.968556459993124, 0.9697776865214109, 0.9625483714044094, 0.9508099127560854, 0.9553264789283276, 0.9559029936790466, 0.8909937217831612, 0.9631147254258394, 0.9696969874203205, 0.9748430997133255, 0.9613121543079615, 0.9725883044302464, 0.9738212637603283, 0.9697399418801069, 0.9672787301242352], "val_acc": [0.6097560906516515, 0.6197219989507992, 0.6685024898351724, 0.6480461610698525, 0.673223176747834, 0.636768948897395, 0.6949908262533433, 0.6650930949155346, 0.6629950250817696, 0.7099396804640244, 0.7062680342833326, 0.6755835327800728, 0.6782061408236995, 0.7151849024601568, 0.6774193417703952, 0.6978756801181036, 0.7057435064061933, 0.6800419647581709, 0.6393915485153978, 0.6963021236081277, 0.6724363885743706, 0.6855494362489464, 0.674796748889765, 0.6900078676173983, 0.6928927431636803, 0.6902701303679394, 0.6997115196845302, 0.6797796966458692, 0.6949908196566582, 0.672174146895705, 0.6721741408461384, 0.6740099721276288, 0.6690270092866879, 0.6803042082032474, 0.6947285508565505, 0.6157880815939424, 0.6923682176625982, 0.673485443031197, 0.6795174362713854, 0.6682402342909626, 0.6863362068833562, 0.6810910000502204, 0.6905323882882063, 0.6792551765847075, 0.6774193501960191, 0.6813532621911151, 0.6894833415066699, 0.6782061401358934, 0.6795174429305982, 0.6587988557760527, 0.6713873532823212, 0.6810910035830422, 0.6905323785651303, 0.6805664752369442, 0.6818777839405281, 0.6464725909131798, 0.6682402270846313, 0.6724363993760516, 0.6422764173243073, 0.6729609266435447, 0.6858116904957039, 0.6747967523444272, 0.6834513608345734, 0.6706005693920134, 0.6803042142528141, 0.6792551879960347, 0.677681614025165, 0.656700766027177],