{"1": {"f1_score_neg": [0.21803826342026392, 0.3334561502560973, 0.36236334095398587, 0.4498736895620823, 0.4963015615940094, 0.5383243343482415, 0.5880988637606303, 0.559868935495615, 0.6131083977719148, 0.6002402100712061, 0.666693676263094, 0.6213164292275906, 0.6861750856041908, 0.7044688363869985, 0.6639192023624977, 0.712784202148517, 0.7430269209047159, 0.7843970494965712, 0.7505529932677746, 0.7865900794665018, 0.7762006657818953, 0.7961089611053467, 0.8063482667009035, 0.8094786728421847, 0.7624171587328116, 0.8623542363444964, 0.7946936699251334, 0.8008215973774592, 0.8722433832784494, 0.8461571248869101, 0.8450924927989641, 0.8686702052752177, 0.8885561351974806, 0.8699578680098057, 0.8437670891483625, 0.8969687136511008, 0.8944043839971224, 0.896354059378306, 0.8827089642484983, 0.889111171166102, 0.9004454798996449, 0.8829113530615965, 0.9230791342755159, 0.9028858964641889, 0.9170446793238322, 0.9050403498113155, 0.9108675258855025, 0.8893528791765372, 0.9281216636300087, 0.9365653743346533, 0.9232872116068999, 0.9173611973722776, 0.9249318577349186, 0.9114157607158025, 0.9148037806153297, 0.9133230323592821, 0.931126918643713, 0.9317678386966387, 0.8965143002569675, 0.9092614017426968, 0.9447458038727442, 0.9168861346940199, 0.9079332451025645], "val_acc": [0.5557304019068846, 0.6378179896293649, 0.6309992172509831, 0.6585365792381273, 0.6616837181445966, 0.6611591812321873, 0.61972200983064, 0.6719118818472666, 0.6666666706528153, 0.656176234554688, 0.6740099673755144, 0.6826645626097628, 0.6758457992041232, 0.6606346761151746, 0.5053763363638357, 0.661421449344489, 0.6700760482522468, 0.6226068715113778, 0.6724363988445651, 0.6687647616991432, 0.6674534497910086, 0.6388670418508215, 0.6666666736385186, 0.6296879066403006, 0.6635195343412504, 0.6493574561267396, 0.647783894255003, 0.6325727767466623, 0.6650931033411583, 0.6629950268481805, 0.6388670314399395, 0.6519800743624009, 0.5861526418163681, 0.6469971114433003, 0.6656176161959888, 0.6551271998722847, 0.6548649515969341, 0.6370312085840729, 0.6527668643022753, 0.6136900117601775, 0.624180427943194, 0.6577498102919686, 0.6598478844088893, 0.6553894554164945, 0.6370312159310918, 0.6577498109016149, 0.6386047778028282, 0.594020449564959, 0.6519800569640349, 0.6517178098454489, 0.6527668432303998, 0.6351953815857382, 0.6393915647569992, 0.6496197255364935, 0.6401783408313294, 0.5819564659921259, 0.6312614763280147, 0.6428009404493322, 0.6417519063765753, 0.6454235495715638, 0.6380802553656093, 0.6178861720306242, 0.646997119868924], "acc": [0.5012499981870254, 0.5947916656732559, 0.6233333367854357, 0.6989583348234495, 0.6889583331843218, 0.7131250115732352, 0.7435416715840498, 0.7295833428700765, 0.733125009884437, 0.7416666708886623, 0.7758333335320154, 0.7681249963740507, 0.7818749907116095, 0.808958325535059, 0.7749999997516474, 0.761666669199864, 0.8189583371082941, 0.8414583317935467, 0.7954166655739149, 0.8529166554411253, 0.8504166565835476, 0.8516666640837988, 0.8639583326876163, 0.8581250049173832, 0.8470833239456018, 0.8899999943872293, 0.8731249993046125, 0.8745833362142245, 0.8899999981125196, 0.8810416733225187, 0.8906249987582365, 0.9179166667163372, 0.8993749978641669, 0.896250003327926, 0.8681249978641669, 0.917500006655852, 0.9187500129143397, 0.9168749998013178, 0.9154166566828886, 0.9104166689018408, 0.9166666703919569, 0.9139583383997282, 0.9404166725774606, 0.9352083330353101, 0.928124992797772, 0.9216666668653488, 0.9362500049173832, 0.8912500018874804, 0.9408333363632361, 0.9404166700939337, 0.9412500001490116, 0.9412499939401945, 0.9433333277702332, 0.9312499997516474, 0.9377083294093609, 0.9470833204686642, 0.9160416635374228, 0.9533333269258341, 0.9177083373069763, 0.939791655788819, 0.9566666608055433, 0.9537500118215879, 0.9349999949336052], "f1_score_pos": [0.546965409691135, 0.5909172476579746, 0.6284708293775717, 0.6842624594767889, 0.6646718022723993, 0.7029334306716919, 0.7273123239477476, 0.7276195784409841, 0.7135042175650597, 0.7267094825704893, 0.7564472866555055, 0.7633934294184049, 0.7695160607496897, 0.7998675505320231, 0.7731061627467474, 0.7502985075116158, 0.803854717562596, 0.8321416042745113, 0.7701376415789127, 0.8425746435920397, 0.8444758566717306, 0.8407987964649996, 0.8629196484883627, 0.8484947296480337, 0.8470109105110168, 0.8820042113463084, 0.8728383779525757, 0.8685416616499424, 0.8745502134164175, 0.8696336845556895, 0.8847891290982565, 0.9152989437182745, 0.8815086595714092, 0.8970795944333076, 0.8535542736450831, 0.9127951214710871, 0.9103378728032112, 0.9068021091322104, 0.912340622395277, 0.8984587329129378, 0.9050105897088846, 0.9093981099625429, 0.9319755596419176, 0.9298971481621265, 0.9182109075287977, 0.9121974743902683, 0.9351966964701811, 0.8749678060412407, 0.9303252138197422, 0.9333661658068498, 0.9352367967367172, 0.9374937824904919, 0.9347858106096586, 0.9240087668100992, 0.9314764104783535, 0.9472481235861778, 0.8956563087801138, 0.9511104710400105, 0.9061076082289219, 0.9350406676530838, 0.9511374433835348, 0.9567088633775711, 0.9314281791448593], "f1_score_pos_neg": [0.38250183314085007, 0.4621867034584284, 0.49541708268225193, 0.5670680652062098, 0.5804866788287958, 0.6206288821995258, 0.657705600063006, 0.6437442600727081, 0.6633062983552614, 0.6634748416642348, 0.7115704876681169, 0.6923549336691698, 0.7278455669681231, 0.7521681996683279, 0.7185126865903536, 0.7315413517256578, 0.7734408242007097, 0.8082693268855413, 0.7603453223903974, 0.8145823615292708, 0.8103382562597593, 0.8184538880983988, 0.8346339526275793, 0.8289867043495178, 0.8047140315175056, 0.8721792238454024, 0.8337660332520803, 0.8346816264092922, 0.8733968002100786, 0.8578954016168913, 0.8649408109486103, 0.8919845869143804, 0.8850323942800363, 0.883518728117148, 0.848660676429669, 0.9048819070061048, 0.9023711284001669, 0.9015780761837959, 0.8975247902174791, 0.8937849427262942, 0.9027280360460281, 0.8961547265450159, 0.9275273519257704, 0.9163915266593298, 0.917627797772487, 0.9086189133425554, 0.9230321161448956, 0.8821603457132975, 0.9292234405875206, 0.9349657669663429, 0.9292620147267977, 0.9274274868269762, 0.9298588422437509, 0.9177122712135315, 0.9231400998930136, 0.9302855829397837, 0.9133916012942791, 0.941439151763916, 0.9013109430670738, 0.922151026626428, 0.9479416112105051, 0.9367974897225698, 0.9196807121237119], "val_f1_score_neg": [0.29251486246679015, 0.2916080059418677, 0.23804654688260513, 0.37422234944680716, 0.46971454615359104, 0.42867307471628735, 0.581030345716534, 0.3714251491362549, 0.4951107774135981, 0.5433679250416529, 0.43461311656034995, 0.5702681001671461, 0.4708819004562687, 0.5120867393693992, 0.5299039729742625, 0.4777931867544963, 0.5078540684168276, 0.5609490795301822, 0.5139630501300932, 0.5093644573373992, 0.5610679056336177, 0.5794856405902216, 0.47030275341034433, 0.3473127350590218, 0.5161565377929221, 0.5612329232889681, 0.5658019541005841, 0.41284311063921797, 0.48375436541698374, 0.5209309377602758, 0.4789468491762103, 0.5120444798638368, 0.5410660362106091, 0.46396358580436725, 0.5317724716497662, 0.45428215875858213, 0.5356560206275708, 0.5400982486304416, 0.4969129030422498, 0.4168321905863307, 0.5362525853996917, 0.49031201527870893, 0.5420884349794486, 0.470397629662508, 0.5059453530899971, 0.5070274057989823, 0.36307613491042845, 0.32252198669530885, 0.46068521669740725, 0.5019216526767697, 0.5011525917578457, 0.4757556811643341, 0.4866315568959716, 0.523828928563778, 0.4686258120187274, 0.4939893536170011, 0.375239592257554, 0.46098085554009377, 0.4326908092329329, 0.513566521187639, 0.5352841182202766, 0.4137152988564271, 0.48293526342088333],