{"1": {"val_f1_score_pos_neg": [0.22191479070815104, 0.3151394166739417, 0.48801150199426385, 0.1615434796744191, 0.19495452376726882, 0.4042411497247364, 0.4004115548237883, 0.3820222454381, 0.3804018528167589, 0.5027888493392042, 0.4691617719450353, 0.5100284835480378, 0.44844620795170576, 0.4377761889136808, 0.39919395973378885, 0.28082302079321936, 0.4787801911152004, 0.501211856514068, 0.29569474207191276, 0.49773132680398735, 0.4415190599547063, 0.41105414823106534, 0.46349419069569014, 0.4984093992977168, 0.46251993957157883, 0.5047913288619676, 0.4104341128577105, 0.42177261243893976, 0.42217126742065675, 0.4795018751986972, 0.4821703136101318, 0.439949134610228, 0.463087097004733, 0.4658387633550827, 0.45385734315289605, 0.42387291409655087, 0.265565018730554, 0.48430670579971624, 0.4211449289021597, 0.45112752689201985, 0.4779515885791959, 0.45400806592489973, 0.46038623988708827, 0.4316438518555058, 0.39132596169620604, 0.4460639941145373, 0.4383316465824829, 0.4662627077724716, 0.4876713551383162, 0.4965825546474217, 0.36951733525679875, 0.4458054126086559, 0.38899189379909155, 0.4325862374463384, 0.3338646269359408, 0.43248150582470124, 0.42052427640757045, 0.36603122890612266, 0.397818319228014, 0.46267237609107376, 0.40402661178812377, 0.44815453073220163, 0.43623036963951467], "loss": [1.2340029113822513, 1.0380807105037901, 0.9140256974432204, 1.0057134280602138, 0.9001259489191903, 0.8287639535135694, 0.8423068672418594, 0.8122969584332572, 0.7960828675164117, 0.7402545147471957, 0.775818333029747, 0.729360529118114, 0.6976426723930571, 0.7223092797729704, 0.7253589431444804, 0.6727370238966413, 0.6556316216786703, 0.5866311291853586, 0.6343117472198274, 0.6213645471466912, 0.6916231082545387, 0.5555548030469153, 0.567965461148156, 0.5462386624680625, 0.6204799132214652, 0.5336214328805605, 0.5697952898012267, 0.5433812704351213, 0.4684301283624437, 0.48620374335183036, 0.4569074246618483, 0.4252086596356498, 0.4985584128234122, 0.3549479842185974, 0.3625038183397717, 0.5042400277323194, 0.3461860989530881, 0.41806183672613567, 0.40919336676597595, 0.4003225656019317, 0.36000003500117195, 0.31922044191095567, 0.43103375078903305, 0.33001497553454506, 0.34146525545252693, 0.24745634860462612, 0.36258549243211746, 0.34436260494920945, 0.31325625048743355, 0.26272986953457195, 0.22187278047204018, 0.3479495743910472, 0.2455288279387686, 0.2912873141467571, 0.22999930630127588, 0.2820597340663274, 0.1912511024210188, 0.28301655708087814, 0.25138237782650524, 0.1978874777754148, 0.20487208250496122, 0.3586028967466619, 0.20367677592568928], "f1_score_neu": [0.32971550648411113, 0.5111694091724025, 0.6449308469891548, 0.5520584045184983, 0.6207182755072912, 0.6919479138321347, 0.7016612622472975, 0.662014370991124, 0.691898935370975, 0.7213625179396735, 0.6907012214263281, 0.7406968971093496, 0.7368011491166221, 0.7074076591266526, 0.6955221560266283, 0.7471954507960213, 0.7639518760972552, 0.7668522132767571, 0.7686605999867121, 0.7510238654083676, 0.7689282066292233, 0.796644937660959, 0.7799881680144204, 0.8051930649413003, 0.7661745018429227, 0.8011023799578348, 0.7807652056217194, 0.8089110437366698, 0.8282224552498924, 0.8246209919452667, 0.8358505103323195, 0.8424145364099078, 0.823217487997479, 0.8804097854428821, 0.8686555756462945, 0.823377713561058, 0.8872038771708807, 0.8525784528917737, 0.8557047595580419, 0.8572342677248849, 0.8785399049520493, 0.8973523312144809, 0.8496965832180448, 0.89101014037927, 0.8958020789755715, 0.9213911245266596, 0.8710631446705924, 0.8829709374242358, 0.8962438272105323, 0.9168971677621206, 0.9266741640037961, 0.8842734595139822, 0.9220223741398917, 0.898765805694792, 0.9288322627544403, 0.9062896006637149, 0.9427126993735632, 0.9082239949040942, 0.913044371538692, 0.9395434012015661, 0.9404166142145792, 0.8790936834282346, 0.9359587166044447], "f1_score_neg": [0.2864594782909585, 0.34820205925239456, 0.43132099592023426, 0.32448258496717447, 0.4363177590486076, 0.4646782235294167, 0.48162266487876576, 0.5694435230559773, 0.5159200065665774, 0.5759285241365433, 0.5898362158073319, 0.5717057055897183, 0.6236568540334702, 0.6121789986888567, 0.633053923646609, 0.6342103762759103, 0.6023304280307558, 0.674237792690595, 0.6700942085848914, 0.6306957668728299, 0.6434410297208362, 0.6701564573579364, 0.7022234118647046, 0.6905968429313766, 0.6604537657565541, 0.6970407333638933, 0.6764286259810129, 0.702260810467932, 0.7420114129781723, 0.7100776218705707, 0.7530676631463898, 0.7776431408193376, 0.7979408187998666, 0.8201615363359451, 0.8204606225093206, 0.7004528368512789, 0.8344303253624175, 0.7451251761780845, 0.7720821218358146, 0.8118078692091836, 0.8054670459694333, 0.857814273900456, 0.7445986105336083, 0.8381482793225182, 0.8565972646077474, 0.891243138247066, 0.789835567275683, 0.8270857400364346, 0.8399997121757932, 0.8861477623383204, 0.8962028738525178, 0.8329606652259827, 0.8882396436399884, 0.8460535655419031, 0.8955907424290975, 0.8755393574635187, 0.918001843823327, 0.8715115239222845, 0.8713501542806625, 0.9100955757829878, 0.919567710823483, 0.805401904715432, 0.9005137963427438], "val_f1_score_neg": [0.1913684068287057, 0.2909615269677359, 0.6142393472599007, 0.1489083938337477, 0.011564838627518377, 0.4417830305865258, 0.5943897541342584, 0.4201349227400551, 0.47529747932009797, 0.6338351404565012, 0.6122905175481034, 0.6284927616664219, 0.5141345859378295, 0.5134188854983943, 0.6129896871903111, 0.20203473083792214, 0.5989561386061208, 0.5878605584115849, 0.19451896499656393, 0.613066619304832, 0.5049358233105637, 0.4369763250534351, 0.6121971662442426, 0.6132562588958981, 0.622432390902421, 0.5876816430447931, 0.48961667380674007, 0.5297188272467617, 0.5332374988350844, 0.5998682683242423, 0.5756032429082513, 0.5622498723927565, 0.590978775349384, 0.5780171836436037, 0.5293463914312868, 0.5745519545772191, 0.16299387356128126, 0.5679245647470317, 0.48117515686069906, 0.6125370616640424, 0.5978411609291011, 0.5338037162013703, 0.550828658510209, 0.4797064416911545, 0.42596812184951993, 0.5155339176007021, 0.4983156320483525, 0.5673708140287, 0.5753872827586964, 0.5963873361018237, 0.5914594824390266, 0.5997542813185684, 0.5243344598668039, 0.5079854841281635, 0.4911602838748326, 0.5248399974926602, 0.5690093555002131, 0.45243460002966523, 0.44155087530800635, 0.5463727177583684, 0.47250588850239295, 0.5454462348101002, 0.5366596005089477], "val_f1_score_neu": [0.15858247441131149, 0.6476934065542079, 0.6319823521941405, 0.7142699676701146, 0.6766336854116584, 0.6719192893345293, 0.7103642238939983, 0.7020427195059519, 0.7237315544447167, 0.6232509689721447, 0.714602677686977, 0.6601628331091294, 0.7236331970210125, 0.7246549120637891, 0.7331926590196195, 0.6755640633300356, 0.7309031403928097, 0.7040883611302842, 0.7159755740731994, 0.5747306995760788, 0.700572347619541, 0.7177866801076572, 0.7146498174534367, 0.5808124753252322, 0.7179594970854134, 0.7199072214970437, 0.6686882501886173, 0.7336014972524605, 0.7273552597936509, 0.7183234715483181, 0.689152455120756, 0.6936524672868603, 0.6918067690546428, 0.6936075639949958, 0.6774815881890431, 0.7242793668458658, 0.7081281736633878, 0.6471671759411928, 0.7165777338714788, 0.7149669419416049, 0.676747486310342, 0.7130996237935862, 0.7026895366163335, 0.7038567879153864, 0.6999247180841766, 0.7122586520201871, 0.6999648226792888, 0.7226026744602287, 0.659349606372835, 0.6961658445232578, 0.7098207777810965, 0.6857258574253688, 0.7286602489003393, 0.7145616251286546, 0.7282652865644516, 0.7193808240553735, 0.7179313040079965, 0.7226667567196056, 0.7198851088441496, 0.6840130909573533, 0.6955827278861365, 0.7104830651791633, 0.7200551609493192],