{"1": {"f1_score_neu": [0.5062724765286677, 0.6404800928301282, 0.6600308662487401, 0.7188722400201691, 0.7095951322052214, 0.7243975727922387, 0.7343911512030495, 0.7493556059069104, 0.7577528796262212, 0.7564396013816198, 0.7725286078121927, 0.7760671294397778, 0.7609171743194262, 0.7928639161917899, 0.790162518620491, 0.7991041524542702, 0.795866066382991, 0.7889805336793264, 0.795509971678257, 0.8095736015174124, 0.8275235609875785, 0.8338114197055498, 0.8441940413581001, 0.8332070509592692, 0.8665299672219489, 0.8276804031597244, 0.865683858593305, 0.8658371369043986, 0.8558346422182189, 0.8813729145460658, 0.8909732964303758, 0.8863864036069976, 0.8828619362579452, 0.8757073332866033, 0.8961205532153448, 0.9001222401857376, 0.9008049675159984, 0.8943304841717085, 0.9056612327694893, 0.9137284846769439, 0.9130099241932234, 0.915523875090811, 0.9014782152242131, 0.9116426457961401, 0.9178267336553998, 0.9163428569833437, 0.9354127554429902, 0.8997185702125231, 0.9378380179405212, 0.9153307378292084, 0.9392409490214454, 0.9311306509706709, 0.9246869583924612, 0.9479114164908727, 0.9376397339834107], "loss": [1.086761141816775, 0.8969028931525018, 0.8706597867939208, 0.804328160153495, 0.7959212362766266, 0.7741269278857443, 0.754574426346355, 0.7189792493979136, 0.6976659256551001, 0.6859056345290608, 0.6556238027082549, 0.6456487485104137, 0.6509276852011681, 0.601329430937767, 0.6041061261461841, 0.5682840173443159, 0.5895737591716979, 0.5972934895091586, 0.5709537358747588, 0.5551132274170717, 0.48684096584717435, 0.5031259796685643, 0.47036945902638966, 0.5054373927414417, 0.40238725849323803, 0.4869030618833171, 0.41487738200359875, 0.43265343664420974, 0.42324210165275467, 0.35928864321774906, 0.36486643304427463, 0.35712873480386204, 0.36461034706897205, 0.3736843843426969, 0.33817317419581944, 0.3178599588572979, 0.3328750646776623, 0.3364088883002599, 0.30497785802516675, 0.28179137801958454, 0.29821289475593304, 0.26780150023599464, 0.301519008146392, 0.290846716819538, 0.2637695274833176, 0.26239491316179436, 0.22329344145125812, 0.3207562826573849, 0.20930917229917315, 0.27443546760413384, 0.20847299260397753, 0.23530096891853544, 0.25365414698090816, 0.17887932703726822, 0.22546379785570833], "val_acc": [0.49016522368576904, 0.6136900093841202, 0.6328350394972034, 0.6509310203745332, 0.6580120568009084, 0.6464725981195111, 0.6483084221321425, 0.6443744987882468, 0.6281143459878566, 0.6637817987800426, 0.662995008230522, 0.6706005711584244, 0.6629950166561458, 0.6383425120665838, 0.6467348486927592, 0.6409651266287356, 0.6351953804289735, 0.66220824533393, 0.6383425053292111, 0.6428009428253895, 0.6454235478051529, 0.6522423275305536, 0.6084447904518512, 0.6543404214218974, 0.6084447807287751, 0.6530291029952374, 0.645685808789283, 0.6475216267523477, 0.6412273804846943, 0.6469971127407526, 0.63519537744327, 0.6037241022417372, 0.6370312129453883, 0.6052976599710056, 0.6511932861889375, 0.6462103295382507, 0.6386047680797522, 0.6346708766875728, 0.6409651062446662, 0.6386047724410676, 0.6346708556156974, 0.6315237336386353, 0.6328350310715796, 0.6194597434065894, 0.6367689538683567, 0.6480461648215217, 0.642014148743047, 0.6247049636363108, 0.635982173432711, 0.6323105073369084, 0.6351953805071333, 0.6226068769512982, 0.6338840830741891, 0.6296879041860837, 0.6247049575867442], "f1_score_neg": [0.21485290681529376, 0.32368436869647765, 0.34420335365252364, 0.3848709827288985, 0.43292041185001534, 0.4809375688847568, 0.5229391207297643, 0.5176112695286671, 0.5341168849004639, 0.5434958462913831, 0.5843950398266315, 0.6062298028005494, 0.5715587689644761, 0.6257181101375155, 0.6047092154622078, 0.6520034488704469, 0.6575432254208459, 0.6612160739799341, 0.6911686278051801, 0.6707135919067595, 0.7263404553135236, 0.713808111846447, 0.7622995964354939, 0.7106147333979607, 0.7590087975064913, 0.745823102692763, 0.7519066904981931, 0.7846885439422395, 0.7740940079092979, 0.8022590941852994, 0.8160052109095786, 0.8057384548915757, 0.8186300794283549, 0.8021160678731071, 0.8359970185491774, 0.8223862871527672, 0.8461142480373383, 0.8444427458776368, 0.8425266668200493, 0.8725618678662512, 0.8449922452370325, 0.8650611258215375, 0.839078543914689, 0.8640596510635482, 0.8586100613077482, 0.8565148777431912, 0.9026719265513949, 0.8502878488765823, 0.9014316292272674, 0.8534067331088914, 0.904137461549706, 0.8938490086131625, 0.8801314847336875, 0.9108510216077169, 0.901192820734448], "f1_score_pos_neg": [0.33522647495071095, 0.41906022901336354, 0.43482452837957275, 0.4755887919002109, 0.5085286291109191, 0.5343204157219993, 0.5595517766972383, 0.5814504503375955, 0.5880361331833733, 0.599631561173333, 0.6289410003357463, 0.6423894423577521, 0.6376483514904976, 0.6696043594015969, 0.6649275140629874, 0.6904808655381203, 0.6846612286236551, 0.6902021302117242, 0.7090754078494178, 0.7098875302407477, 0.7482762808601061, 0.74622809390227, 0.7685281236966451, 0.7418431888024012, 0.7979017164972093, 0.7596838259034686, 0.7950436025857925, 0.7887331032090716, 0.7924161884519789, 0.8297654605574079, 0.8297021546297603, 0.8341798202859031, 0.8336120090550847, 0.8213425212436252, 0.8452931112713284, 0.848496841887633, 0.8530804870857133, 0.8485929378204875, 0.8604129710131221, 0.8743485907713572, 0.8629311430785391, 0.8802876406245761, 0.860814556479454, 0.8717699580722384, 0.8818000265293651, 0.8784275982115004, 0.9037476918763585, 0.8635913282632828, 0.909981926282247, 0.8764871449934112, 0.9086602131525675, 0.8961983621120453, 0.8913106744488081, 0.9247416630387306, 0.903180307812161], "val_f1_score_pos": [0.6283423418983711, 0.6403957386670887, 0.6772453618305986, 0.7061639662930699, 0.6897829133414421, 0.6950244561068317, 0.6677572597770781, 0.6371306885486195, 0.6330578748772784, 0.7012461271931297, 0.6862971095972539, 0.708508193320938, 0.6591603907268253, 0.6985143949252053, 0.7024381477595814, 0.6927501403406915, 0.699302162206176, 0.6795820363731544, 0.6975690854868175, 0.688630197497137, 0.6815817388311447, 0.6834039443782893, 0.5250867937857355, 0.672771158632318, 0.6846189307566237, 0.6809954820672202, 0.6777175538282897, 0.6482866161800638, 0.6549805901415104, 0.6791085219433262, 0.6810968130897294, 0.6719797783531981, 0.6895462581875629, 0.5330246880302709, 0.6774517883630428, 0.6735628895361906, 0.6712904253282355, 0.6483147572320558, 0.6568781007877523, 0.6578707153672719, 0.6916665777958756, 0.6410493380655118, 0.6481041029435645, 0.6824652745503001, 0.6609635558492268, 0.6773114577854146, 0.6837303809315521, 0.5963062850659269, 0.6714694165758283, 0.6492472162341746, 0.6879700662862777, 0.6063536604870782, 0.6391231646195128, 0.6774764524148951, 0.6652374670257288], "val_f1_score_neu": [0.18935321128777935, 0.6725152225716984, 0.6760368855206509, 0.6207847954124532, 0.6917249328534246, 0.6499853888240787, 0.6958704037269895, 0.699622837539861, 0.6893511768279037, 0.6712315215577986, 0.6848555520673202, 0.6711881617658131, 0.7041663288788754, 0.6437275694669028, 0.6148396203000809, 0.6161244791728945, 0.5887793350838751, 0.6954097347155725, 0.6153828750405761, 0.6399071582058362, 0.6467643834742354, 0.6695003737904348, 0.6817355699624222, 0.6919752568702138, 0.5233220166494739, 0.6668552314706778, 0.6726870904780422, 0.686795298286601, 0.6883787863403988, 0.6605349109456072, 0.6290520285171941, 0.5458508924943333, 0.6252905316562938, 0.6787044044839032, 0.6701403114384877, 0.678248483084832, 0.6610341981549667, 0.6782492460805601, 0.6780625963161038, 0.671994806586555, 0.6158114127871436, 0.6786897281102237, 0.6777209464627678, 0.5941159983585427, 0.6785239355944912, 0.677439076066361, 0.6495969641593194, 0.6872135945858369, 0.6611099693520689, 0.6658340614673005, 0.6469626092172939, 0.6844659598987308, 0.6802418580087751, 0.6425784573666292, 0.63683068897666],