{"f1_score": [0.41359622853941486, 0.49870440745383915, 0.5879138044833533, 0.6445252855316617, 0.654913878939451, 0.6724403265613416, 0.7139141057985061, 0.7226294097036161, 0.7270130717557948, 0.7432335024399751, 0.7314843669892566, 0.7578111198767359, 0.7628281368048926, 0.7862314142957235, 0.7779786712920862, 0.837816081421759, 0.799896127219738, 0.8218090656592365, 0.8538980391089, 0.8200526300189764, 0.844083091756388, 0.8913307382579992, 0.8654660080171206, 0.8795657332405844, 0.8720511977663512, 0.9140774622011849, 0.8968121303653838, 0.8423949097045927, 0.8999658878160822, 0.9129855940248274, 0.8915757600345539, 0.9203815450384287, 0.93232869225612, 0.9126529943655954, 0.9401947273500972, 0.9361571325850879, 0.9410755230144554, 0.9050157728152886, 0.8782489078428658, 0.9590525300028357, 0.9512285611324286, 0.9455146595401305, 0.9573469804115924, 0.9576908493525478, 0.953020617082545, 0.9523586460846005, 0.9662661158086683, 0.9670037243453873, 0.9532942441781966, 0.9605226429091962, 0.9597680193238688, 0.9362009927649311, 0.9466206936026406, 0.9425882014182735, 0.9671447633639337, 0.9617765642542048, 0.9716532765232565, 0.9640229954767892, 0.9692198867580283, 0.968229549994789, 0.9774675972108152, 0.9750767807241326, 0.977941312264127, 0.9702382639182686, 0.9657599568669183, 0.9751068960275638, 0.9684970119002503], "loss": [1.1085786557318442, 0.7611709623131311, 0.6820001318880814, 0.6273806256033169, 0.6233051824176871, 0.5972930162729571, 0.5493298758420956, 0.5301083875926276, 0.5068510165685937, 0.5082786028451641, 0.5005022126836619, 0.4849687639826906, 0.4727592037657821, 0.43379858902954177, 0.45404747797055844, 0.36282001747377923, 0.41156183725225304, 0.38601087560671815, 0.33418566313382186, 0.36256291027002613, 0.35757195413188186, 0.25922449303292805, 0.2938166904169948, 0.26832577529515605, 0.28388133395760684, 0.22216665739115654, 0.23808532860720263, 0.3284348780324704, 0.23365206289351817, 0.20735104535015816, 0.23941833032023618, 0.1923687613282367, 0.1646939399728908, 0.19297282900118254, 0.1553813027565017, 0.160700523628557, 0.14616648245635896, 0.21577671877520468, 0.276378889888034, 0.12230846941168921, 0.13006737753654463, 0.11296104370641165, 0.10450680770159372, 0.10576437554394187, 0.1158390977007959, 0.11796592681164675, 0.08878165985845946, 0.08755660607126578, 0.10201455578585693, 0.09111078364918591, 0.10273538299462037, 0.1513056249200769, 0.132064385965221, 0.14878183635393175, 0.07305106005533415, 0.10151635921537801, 0.07458524401234734, 0.08204964225396458, 0.07496007768902338, 0.08242441430517929, 0.05866239316459315, 0.060975413722268224, 0.05083779948651413, 0.0729592631066971, 0.08790810957211052, 0.0732531151692979, 0.08051987566969845], "val_loss": [0.8140854661757804, 0.721354530791366, 0.6711417895155111, 0.6400502362632027, 0.6274870056918668, 0.7095257984368066, 0.6533050006031235, 0.6983997592152449, 0.6034609640656919, 0.7512183453042547, 0.6610272537317264, 0.8112959721997965, 0.6357116692419741, 0.7265496588629613, 0.6863828696527711, 0.6291701336626166, 0.8373937752612493, 0.7634037966510642, 1.0187737085822266, 0.6895014972287893, 0.7047140327092208, 0.79947129741821, 0.6819729721138232, 0.942699937690498, 0.8478332055385575, 0.8549593588094143, 1.150476953980285, 0.7519126032090762, 0.7453955252512025, 0.9622612420294826, 0.7648459368483347, 1.188469561333892, 0.8498962580477784, 0.8935124628595223, 1.0019377525163997, 1.133363908536836, 0.844879967782585, 0.9442255107168915, 1.0469413034816206, 0.884982194812881, 1.0644748930091037, 0.880588324275458, 1.0660740483094229, 0.9735593379525933, 0.9394603293053853, 1.1471133236649371, 0.9593148728589443, 1.2299435248997426, 1.3118277673334526, 1.252949045789257, 1.0205757825697934, 1.7627138756073926, 1.4788152810436388, 0.9364398872746563, 1.0900038908340783, 1.170955259083795, 1.0405174744597556, 1.336792844178861, 1.1176661027852723, 1.5009755369072781, 1.5007280603863289, 1.3134192991317148, 1.1623343984739258, 1.2650104085755438, 1.4644389391247612, 1.3626605708940551, 1.160766554724883], "f1_score_neu": [0.41993727533533903, 0.753368233697647, 0.777530117935403, 0.7860305548771856, 0.7849194677912539, 0.8013933908350114, 0.8244695516895734, 0.8255049207062474, 0.8274855106049164, 0.8362110308519032, 0.8355330342122357, 0.8392563957829591, 0.8381589318711797, 0.8565442729812158, 0.8290360304792571, 0.8986073896307758, 0.8620831627205147, 0.8758803247952189, 0.8945888842919933, 0.8766463886951161, 0.8838026636151458, 0.9253873566710904, 0.8977528540807078, 0.91559421238035, 0.9094227275920912, 0.9375326033629694, 0.9300780949030539, 0.8892386015528206, 0.9261575119123713, 0.9423083526251131, 0.9214948920393776, 0.9462164496892003, 0.9520497403670627, 0.9467225882339236, 0.958541728546713, 0.9556536295265904, 0.9635423400707269, 0.9356992046793755, 0.8959128800000528, 0.9715751151923746, 0.9665442900814787, 0.964208121308809, 0.9721289216641087, 0.9697611515512938, 0.9662943209683185, 0.9693207861654961, 0.9781213247881794, 0.9781259410885955, 0.9703362223011157, 0.9763308489277336, 0.9740412025246179, 0.9544080770816489, 0.9627350345159513, 0.9592722971629734, 0.9780092024833379, 0.9754924666141225, 0.9812829288239715, 0.9786142458329484, 0.97894716904946, 0.9794493898541604, 0.9841984361599002, 0.9877525916268768, 0.9885029287392649, 0.9799951722111236, 0.9781508898251561, 0.9834948330928769, 0.9798108067349336], "acc": [0.4920785770443456, 0.6714195087079917, 0.708808609892358, 0.7297211593850332, 0.7278200274637897, 0.7433460039784247, 0.7756654036211272, 0.7782002499348311, 0.7801013939432015, 0.7918250949814897, 0.7892902268354128, 0.8013308029362155, 0.8000633732447606, 0.824461344681463, 0.8057667974132398, 0.8704055768304301, 0.8333333444383813, 0.8456907482352698, 0.8716730055398059, 0.8507604704761385, 0.8593155979656901, 0.9084283927094348, 0.8783269894742542, 0.8979721059515147, 0.8881495562494179, 0.9236375215086798, 0.9128643797075492, 0.8662864398895863, 0.9103295380776071, 0.9255386572826951, 0.905576681305096, 0.9312420781272144, 0.9416983526469184, 0.9306083632814869, 0.9480354890170659, 0.9448669237026848, 0.9521546370629576, 0.9211026707378479, 0.8868821401559808, 0.9641951785643593, 0.9584917543958802, 0.9550063387220501, 0.9641951812084183, 0.9619771813258472, 0.9575411922880301, 0.9597591868824832, 0.9724334614358474, 0.9727503108132173, 0.9607097516343923, 0.9683143196601529, 0.9654626142238332, 0.9420152081433962, 0.9518377653244028, 0.9486691912468547, 0.9717997411509128, 0.9679974548716962, 0.9756020328693366, 0.9711660317443925, 0.9737008946023513, 0.974017750627641, 0.9803548801987797, 0.9813054449506888, 0.9828897490247575, 0.974017747983582, 0.9711660385434014, 0.9781368890793756, 0.9733840324579536],