{"1": {"val_loss": [0.8121912972901457, 0.7514705225579107, 0.7116256772049324, 0.697126343561038, 0.6893614894318949, 0.6954921344869129, 0.6891437482715059, 0.7049201972960425, 0.7944189309917533, 0.6698544671646166, 0.8392487218959608, 0.7368416303948033, 0.6830068348806548, 0.82655950012152, 0.6741679014260457, 0.714087805096446, 0.723358560868395, 0.9337146325183922, 0.7009219761411255, 0.8015799759692981, 0.8451444099276453, 0.7375314947722811, 0.8010130398954396, 0.8129825055239678, 0.780688161772441, 0.7700777117455065, 0.8039992020538465, 0.9585997226230122, 0.935869943851753, 0.8998588728617096, 0.9953937246953912, 0.9603760428482424, 1.1631469603695332, 0.8730049860499333, 1.4020948998108331, 0.9383547274484242, 0.8778291645870414, 1.0510865757542271, 0.9462075447460938, 1.0958837487395592, 1.15602917768747, 0.99943528538328, 1.117601929453768, 1.2571729652968535, 1.178514795699771, 1.3884488848792016, 1.0602081602025526, 1.036122847941489, 1.1685682213778512, 1.1331755550020859, 1.0298344708007994, 1.1411771296579445, 1.083641796764851, 1.4277838121834872, 1.3147410375065858, 1.2467870892047757, 1.2445242292387668, 1.3667663808823132], "acc": [0.5574999993497675, 0.6464772725647147, 0.6513636403463103, 0.6629545383832671, 0.6814772710204124, 0.6810227300633084, 0.689318183470856, 0.6899999955838377, 0.7185227315534245, 0.7204545417969878, 0.7288636341691017, 0.7329545508731495, 0.7428409044038166, 0.7456818202679808, 0.758863630619916, 0.7579545419324528, 0.7812499959360469, 0.7767045491121032, 0.7784090861678123, 0.7976136349818923, 0.7902272675525058, 0.7996590862219984, 0.8154545406048949, 0.8147727298465642, 0.828749994662675, 0.8309090841900219, 0.8329545482993126, 0.8552272692322731, 0.8454545478929173, 0.8719318231398409, 0.8661363632841543, 0.8618181910027157, 0.8819318169897253, 0.8692045428536155, 0.8809090886603702, 0.891136376017874, 0.887613638558171, 0.9111363637176427, 0.8932954533533617, 0.8967045491391962, 0.9162500033324416, 0.914431823248213, 0.8986363634467125, 0.9203409085219557, 0.9259090918031606, 0.9277272718873891, 0.930909089744091, 0.9198863648555495, 0.9407954541119662, 0.9382954490455714, 0.9342045397921042, 0.9454545419324528, 0.931704543530941, 0.934886364096945, 0.9495454545725476, 0.9540908953005617, 0.9481818174773996, 0.9470454576340589], "val_f1_score_pos_neg": [0.3808591319543622, 0.47136978286475045, 0.6460610309705126, 0.5760227395204494, 0.5842648051305921, 0.5683474931196687, 0.6962475338039703, 0.5569753001876119, 0.5251263897312053, 0.6690144235306826, 0.5289367351699557, 0.5628323030696902, 0.6334265689664771, 0.5239867497437775, 0.6707089057345107, 0.5980537944411531, 0.5849593003340791, 0.586203619466502, 0.6334142004321198, 0.584110684933201, 0.5420252165705584, 0.6536945997183635, 0.5997162480508128, 0.5670170748043085, 0.6662223985618473, 0.6523608774017106, 0.6069358168641257, 0.5885334956248914, 0.5387904956651554, 0.5798132703775125, 0.5814186212837055, 0.5674915411733061, 0.5479249439150713, 0.6510339906107495, 0.45967040570301865, 0.6294857996860077, 0.6065083495156833, 0.5873583603680619, 0.5892980964890997, 0.5482781755933605, 0.5335920862003539, 0.6026083477644542, 0.5859948419505394, 0.45822067985126985, 0.5258804902516416, 0.4523791058964533, 0.6216062629063424, 0.6038928609834766, 0.5751640116358692, 0.6152496425742212, 0.6245713724791144, 0.5956333421391513, 0.6207677864853304, 0.4910584083698942, 0.5286258246340277, 0.569717698074719, 0.5606870329539482, 0.5602686599018128], "val_f1_score_neu": [0.6769225868752332, 0.6865864099557087, 0.7110087369453116, 0.703052691390375, 0.7089948655112722, 0.7006369788222134, 0.677342105046239, 0.7209971687814366, 0.7095163689177398, 0.7024028310461867, 0.7075069881067043, 0.6719336978350604, 0.7295164072916884, 0.7093883795498114, 0.7185478808371502, 0.7228761448061063, 0.7059844676947424, 0.7077611675263702, 0.7229667488371266, 0.7240330935650037, 0.714073652752797, 0.7250601332424633, 0.7215737427215766, 0.7159644310911465, 0.6665736055111529, 0.7167469571964215, 0.7050678715004309, 0.715315652431355, 0.7137970238447252, 0.6780087089025846, 0.716519391930638, 0.7169413183606456, 0.7015722097451375, 0.6596471755297642, 0.6893050219641875, 0.7136106080593726, 0.7108140890128714, 0.7170225229126995, 0.7140660261094899, 0.7086367376701681, 0.7063213745315275, 0.6985080599816115, 0.7156406050118567, 0.6961386639272138, 0.6797297535028916, 0.6951799911368466, 0.6939759381074403, 0.6972724765171818, 0.7039666775484082, 0.7080668611942924, 0.6633817195079472, 0.6999863809623839, 0.7030247610571376, 0.6937906501676477, 0.6943492594585624, 0.7035316721898441, 0.7027636309355348, 0.7058573988926495], "val_f1_score": [0.47954696101089367, 0.5431086859176579, 0.6677102923487042, 0.6183660802583572, 0.6258415186339528, 0.6124440039858055, 0.6899457519022524, 0.6116492788590943, 0.5865897317586719, 0.680143901175037, 0.5884601658421679, 0.5991994528954279, 0.6654565479697251, 0.5857873171169302, 0.686655245426287, 0.6396612556406497, 0.6253010514462178, 0.6267228203904056, 0.663265060978301, 0.6307515076786835, 0.599374716140578, 0.6774831193655831, 0.6403354354146081, 0.6166662144091947, 0.6663394942547498, 0.6738229362382496, 0.6396465310580206, 0.6307942292179425, 0.5971260259009521, 0.6125451040618101, 0.6264522294187809, 0.6173081596223444, 0.5991407311122123, 0.6539050903559169, 0.5362152924476381, 0.6575274145293667, 0.6412769518216201, 0.6305797713308737, 0.6308874226510602, 0.6017310625138071, 0.591168543328271, 0.6345749400026555, 0.6292101223575703, 0.537526694411466, 0.5771636141587705, 0.5333127611786432, 0.6457294922096348, 0.6350194141522749, 0.6180982518439965, 0.6461887405264449, 0.6375081711105559, 0.6304177213084063, 0.6481868021137409, 0.5586358447760195, 0.5838669816277767, 0.6143223750069171, 0.6080459178416334, 0.6087982610645739], "val_acc": [0.6191974800464021, 0.6564385032766359, 0.6963021283602421, 0.6816155303034168, 0.6850249210180587, 0.6826645728017976, 0.7020718553952273, 0.6818777731388471, 0.6522423232473978, 0.7054812365274807, 0.645161299607962, 0.674009961935594, 0.7002360362128701, 0.650668767425228, 0.7091528959640705, 0.6923682075487232, 0.6884343075120727, 0.6501442401577349, 0.7023341145504187, 0.6829268210771482, 0.6656176306086514, 0.7020718626015586, 0.6797796888298917, 0.6824023148815306, 0.6810909956889049, 0.6976134318427529, 0.6865984685552924, 0.6643063151676949, 0.6742722210126257, 0.673223190003732, 0.6674534516981071, 0.6713873551894197, 0.6409651127631915, 0.6706005734563217, 0.613689996597181, 0.6858116875100004, 0.6826645528866868, 0.6747967549393317, 0.6850249083718071, 0.6616837150807334, 0.6574875433989594, 0.6758458008923744, 0.669551534099964, 0.656176243589958, 0.6611592015380969, 0.6396538179251519, 0.6758457907003397, 0.6745344957216124, 0.6719118854426163, 0.6797796978651618, 0.6690270098181744, 0.673485441264786, 0.6795174483705186, 0.6396538051382126, 0.6587988544786004, 0.6682402307581408, 0.6679779812634976, 0.6608969394753619],