{"val_f1_score_neg": [0.47641798026162185, 0.30814213332090673, 0.37881326478452404, 0.48289197987375876, 0.5255723114311305, 0.39763744822206254, 0.5998010704938177, 0.4972435403629891, 0.6503013324587482, 0.6408380831035141, 0.4013412746581511, 0.5959960970545953, 0.6544767835776136, 0.5223571712221025, 0.32801717427531596, 0.6323238499921793, 0.6105411876195251, 0.42502443089498926, 0.5300891660749835, 0.38697458734482315, 0.5425015089863903, 0.6424109251237184, 0.5416874969190042, 0.3189920337375868, 0.5790802023243847, 0.6123451626491522, 0.5392319125013654, 0.582587172110938, 0.5919377598398601, 0.502644303391807, 0.5552926753688415, 0.608913680761779, 0.49053122943822647, 0.4836153115558399, 0.4966345883216128, 0.6000622339740126, 0.5883715868840341, 0.414510212395093, 0.5216477071866882, 0.3004475344815593, 0.5822040008460634, 0.54424187609007, 0.5624516500502535, 0.47725947687014986, 0.5187108731476178, 0.562359276341229, 0.579556737645167, 0.5365107165307096, 0.541986250874254, 0.51269930041496, 0.3804450866324427, 0.5656866467033445, 0.5060286510656613, 0.5048391779451398, 0.5590060650911539, 0.54229688147313, 0.5398704018800426, 0.5352430586157713, 0.5809525970302165, 0.5369105438469527, 0.47590878485476534, 0.5321163925604341, 0.5233561408869901, 0.5589111151734019], "val_f1_score": [0.6153545587856314, 0.5601207795432006, 0.5786762952554454, 0.6427249489041911, 0.6618293416240602, 0.5848955528304047, 0.6685237998165798, 0.652400526761571, 0.6893077573687456, 0.6940290850039826, 0.5852465432458683, 0.6356523365540483, 0.6918109768868242, 0.596076505221065, 0.539675057528371, 0.6928953473536074, 0.6775517178244582, 0.6053157785324609, 0.6506965456439102, 0.6080969804670753, 0.6643925650739432, 0.6904558419493468, 0.641004899574833, 0.5612793393157581, 0.6672424386249826, 0.6484180722154097, 0.6250860410789602, 0.6484965627161562, 0.6427334186257323, 0.5838987357091816, 0.6311440166919338, 0.6710587466072605, 0.5616791661161468, 0.6180458736488458, 0.60907397508121, 0.6646216873449821, 0.6614608344930443, 0.5816752426336045, 0.6305938440453434, 0.5318561991524765, 0.6539656017635115, 0.6470362430884399, 0.640498974834125, 0.6105757049147363, 0.6353156818450669, 0.6334881937288094, 0.6454876692251931, 0.6159064630620472, 0.6345030427948246, 0.6280517274396112, 0.5680676341963478, 0.6337041543157214, 0.6272201946705244, 0.6187854857698626, 0.641458326864205, 0.6343444775415786, 0.6295933486781907, 0.6386168657435916, 0.6315183821482324, 0.6358525463830071, 0.5949427326020061, 0.6379499673499481, 0.6261576369400885, 0.6410654467170769], "f1_score_pos_neg": [0.4145967618429235, 0.5254273507744074, 0.5577308333345822, 0.5782520962612969, 0.6041192822158337, 0.6066352480224201, 0.6134386786392757, 0.6439088311578546, 0.6372814370053155, 0.6673148370214871, 0.6765039573822703, 0.6757112911769322, 0.7021746199045863, 0.695732370018959, 0.7184392985488687, 0.7212786419051034, 0.7286550232342311, 0.7569889697645392, 0.7597254849970341, 0.7614565534251077, 0.7664427310228348, 0.7842160394149167, 0.8014814305518355, 0.8113552587372916, 0.7987927815743855, 0.818922291376761, 0.8106546417943069, 0.8226720328841891, 0.8409868191395488, 0.861475088766643, 0.8434600846043655, 0.8605703855199474, 0.8828255688505513, 0.8709759871874537, 0.8807022560920034, 0.8864808322063514, 0.8910044735031468, 0.8974304475954601, 0.8951046030436244, 0.9098275048392159, 0.9057038144341537, 0.9168612435460091, 0.9157393745013646, 0.9083131173891681, 0.9229226788239819, 0.9252380856445858, 0.9288261314587933, 0.9044620634189674, 0.9430441350809166, 0.9357867113181523, 0.9300609662064484, 0.9367801286280155, 0.9136741746749196, 0.9387206440525395, 0.9508297932999474, 0.9394808518035072, 0.9426607931298869, 0.9296398189451013, 0.94645467666643, 0.9368908517062664, 0.9487692128334727, 0.9521899627787727, 0.9524386562407017, 0.921598560575928], "f1_score": [0.47793665075940744, 0.591480838400977, 0.6185065055532115, 0.632792126919542, 0.6533265965325492, 0.6563005431422165, 0.6622449271380901, 0.6866423439766679, 0.681562427431345, 0.7037363909184933, 0.7113455342394965, 0.7118050594414983, 0.7344673126935959, 0.7272990042609828, 0.7485765846712249, 0.7509885696428162, 0.7555029871208327, 0.7804787669863019, 0.783510513071503, 0.7856198001120772, 0.7887558431497642, 0.8043205658239978, 0.8219091642115798, 0.8273124561778137, 0.8172229778553758, 0.8360558391681739, 0.8275998176208564, 0.8397023885377816, 0.8560620322823524, 0.8724267743527889, 0.8599540378366198, 0.8715523880507264, 0.8939416749136788, 0.8827735989221505, 0.8919943145343235, 0.896273598074913, 0.9026423139231545, 0.9070468901523522, 0.9046680458954403, 0.9182643682828971, 0.9138778740806239, 0.9247497644807611, 0.9236343103860106, 0.9167037872331483, 0.9299194275268486, 0.9330406018665859, 0.9342668998454299, 0.9147495781736714, 0.9485795694802489, 0.9427224083670548, 0.9368823394179344, 0.9438519488487925, 0.9197618402540684, 0.9450693832976478, 0.9559720110680375, 0.945500414286341, 0.9492908098867961, 0.9360295427697045, 0.9522744789719582, 0.9427672896002021, 0.9543137539710317, 0.9576544011277812, 0.9573477735476834, 0.9290382862091064], "val_f1_score_pos": [0.6957640753872839, 0.6681360321003653, 0.6471998894461615, 0.7226175679142569, 0.7318538047183757, 0.6429240456441554, 0.6696586470543916, 0.7284101435370937, 0.6814313166072105, 0.7369785437645201, 0.6412781199350965, 0.5901012765338907, 0.7393903903469713, 0.5588842383557782, 0.5940671184542546, 0.71506603293115, 0.6865222022629084, 0.6719502918431992, 0.695234081734518, 0.7317361678471879, 0.7250491695675424, 0.7170629890578455, 0.6605667032158784, 0.6571166576158647, 0.7082133913115195, 0.6169073937478855, 0.6220406210394378, 0.6435307426431377, 0.6210771477538208, 0.5493929839152975, 0.628405805150574, 0.6897670398413775, 0.5029230666792115, 0.6625959764713695, 0.6220379218541197, 0.6854004047218971, 0.6960428421215344, 0.6320547845743161, 0.6583647451593343, 0.605035261972789, 0.671942656524157, 0.6855509635065911, 0.6934436287837424, 0.6519171905086136, 0.6854544308533858, 0.6904409919202781, 0.704055195557549, 0.6080296115083642, 0.6561850667812679, 0.6657944979425056, 0.6277653793009316, 0.6259638449666133, 0.6698969889743854, 0.6509814775743542, 0.675684564403746, 0.6840071966258553, 0.6898270453051135, 0.684809147623809, 0.691634123559202, 0.6680527082772634, 0.6083463504812769, 0.6855922925043944, 0.6593564822390546, 0.6728273499459068], "f1_score_pos": [0.5569882305072886, 0.615628699905106, 0.6467387548514775, 0.6542190105787345, 0.6705946714750358, 0.6755135559609958, 0.6857969792825835, 0.7015876072858062, 0.7078003021223205, 0.706441769110305, 0.7230942605861596, 0.7232780706669603, 0.7467232745672975, 0.7436600763882909, 0.7610427801098142, 0.7654819541743824, 0.7580002854977336, 0.794800900455032, 0.7924657501280308, 0.7981123626232147, 0.795602838907923, 0.8029627773378577, 0.8383210588778768, 0.8334638236888817, 0.80502878342356, 0.8504389870379653, 0.8372738856290068, 0.8417152549539294, 0.8600219881960324, 0.8726029028849942, 0.8714935289961951, 0.861860027802842, 0.9077324106224945, 0.8861869690673692, 0.9076471323413509, 0.8758150057068893, 0.9154019185474941, 0.9052678591438702, 0.9046653573002134, 0.9116874555391925, 0.9268103848610606, 0.9141456953116825, 0.9215271398425102, 0.9192991075771195, 0.9282722643443516, 0.9354330035192626, 0.9251552814883846, 0.934476127581937, 0.9497532690210002, 0.9417191121195044, 0.9454739136355264, 0.9443755847002778, 0.9102813505700657, 0.9450892204684871, 0.955975449510983, 0.9505691310124738, 0.9491731694766453, 0.9252022861370018, 0.9500270469912461, 0.9354354042027678, 0.9566275711570468, 0.9539715807352748, 0.9601773087467466, 0.9437571636268071],