{"loss": [1.0976736545562744, 1.069251537322998, 1.0446555614471436, 1.0155284404754639, 0.9839875102043152, 0.9623960852622986, 0.9495149850845337, 0.9490327835083008, 0.9481844305992126, 0.9507205486297607, 0.9469590783119202, 0.9393979907035828, 0.9416705965995789, 0.9456700682640076, 0.9469937086105347, 0.940883994102478, 0.9390989542007446, 0.9436528086662292, 0.9411881566047668, 0.9367724657058716, 0.9391335844993591, 0.9418594241142273, 0.9450880289077759, 0.9442420601844788, 0.9359768629074097, 0.9394588470458984, 0.9438791275024414, 0.9396383166313171, 0.9423277974128723, 0.945652186870575, 0.9411194920539856, 0.9355580806732178, 0.9392152428627014, 0.9422746300697327, 0.935815691947937, 0.935615062713623, 0.9379324316978455, 0.9375573992729187, 0.9315873980522156, 0.9399517774581909, 0.9413392543792725, 0.9388508200645447, 0.9360803961753845, 0.9327524900436401, 0.9358166456222534, 0.9359655380249023, 0.9350550770759583, 0.9353610277175903, 0.9336869716644287, 0.9276890158653259, 0.9348054528236389, 0.9333499073982239], "val_f1_score_neg": [0.0, 0.0, 0.0, 0.0, 0.0, 0.0, 0.0, 0.0, 0.0, 0.0, 0.0, 0.0, 0.0, 0.0, 0.0, 0.0, 0.0, 0.0, 0.0, 0.0, 0.0, 0.0, 0.0, 0.0, 0.0, 0.0, 0.0, 0.0, 0.0, 0.0, 0.0, 0.0, 0.0, 0.0, 0.0, 0.0, 0.0, 0.0, 0.0, 0.0, 0.0, 0.0, 0.0, 0.0, 0.0, 0.0, 0.0, 0.0, 0.0, 0.0, 0.0, 0.0], "f1_score_pos": [0.1607142835855484, 0.0, 0.0, 0.0, 0.0, 0.0, 0.0, 0.0, 0.0, 0.0, 0.0, 0.0, 0.0, 0.0, 0.0, 0.0, 0.0, 0.0, 0.0, 0.0, 0.0, 0.0, 0.0, 0.0, 0.0, 0.0, 0.0, 0.0, 0.0, 0.0, 0.0, 0.0, 0.0, 0.0, 0.0, 0.0, 0.0, 0.0, 0.0, 0.0, 0.0, 0.0, 0.0, 0.0, 0.0, 0.0, 0.0, 0.0, 0.0, 0.0, 0.0, 0.0], "val_loss": [1.071888633156166, 1.0460984996992138, 1.0213264262842479, 0.9959516925850378, 0.9762905823771502, 0.9669944718245499, 0.9622195896349455, 0.9621100013340801, 0.9602051519135661, 0.9607549306513005, 0.9608033826315773, 0.9588498573178812, 0.9591340672792854, 0.9586964441858, 0.9588651794653672, 0.9588350587689121, 0.9612451848606242, 0.9588026344320337, 0.959221784885113, 0.9590674492618922, 0.9590154445176718, 0.9590191073477724, 0.9598811615226616, 0.9589536635123873, 0.959368942505703, 0.959001878897349, 0.9590296395930737, 0.9593179895166766, 0.9601801928506475, 0.9590401828583972, 0.9599072529933927, 0.9593329182413318, 0.9595116350600379, 0.9594422469683933, 0.9592059216840386, 0.9606203336303855, 0.9592392216970724, 0.960070893188559, 0.959547264668194, 0.9609002015958538, 0.9595007069787623, 0.9599324629696113, 0.9599851102266985, 0.9599432219967775, 0.9598982116417792, 0.9603568260271808, 0.9609089240639584, 0.960021701338481, 0.9605665591939634, 0.9603406430041527, 0.9629125490255094, 0.9609687695404564], "val_f1_score_pos_neg": [0.0, 0.0, 0.0, 0.0, 0.0, 0.0, 0.0, 0.0, 0.0, 0.0, 0.0, 0.0, 0.0, 0.0, 0.0, 0.0, 0.0, 0.0, 0.0, 0.0, 0.0, 0.0, 0.0, 0.0, 0.0, 0.0, 0.0, 0.0, 0.0, 0.0, 0.0, 0.0, 0.0, 0.0, 0.0, 0.0, 0.0, 0.0, 0.0, 0.0, 0.0, 0.0, 0.0, 0.0, 0.0, 0.0, 0.0, 0.0, 0.0, 0.0, 0.0, 0.0], "f1_score_neu": [0.6401515603065491, 0.724082887172699, 0.724082887172699, 0.724082887172699, 0.724082887172699, 0.724082887172699, 0.724082887172699, 0.724082887172699, 0.724082887172699, 0.724082887172699, 0.724082887172699, 0.724082887172699, 0.724082887172699, 0.724082887172699, 0.724082887172699, 0.724082887172699, 0.724082887172699, 0.724082887172699, 0.724082887172699, 0.724082887172699, 0.724082887172699, 0.724082887172699, 0.724082887172699, 0.724082887172699, 0.724082887172699, 0.724082887172699, 0.724082887172699, 0.724082887172699, 0.724082887172699, 0.724082887172699, 0.724082887172699, 0.724082887172699, 0.724082887172699, 0.724082887172699, 0.724082887172699, 0.724082887172699, 0.724082887172699, 0.724082887172699, 0.724082887172699, 0.724082887172699, 0.724082887172699, 0.724082887172699, 0.724082887172699, 0.724082887172699, 0.724082887172699, 0.724082887172699, 0.724082887172699, 0.724082887172699, 0.724082887172699, 0.724082887172699, 0.724082887172699, 0.724082887172699], "f1_score_neg": [0.17499998211860657, 0.0, 0.0, 0.0, 0.0, 0.0, 0.0, 0.0, 0.0, 0.0, 0.0, 0.0, 0.0, 0.0, 0.0, 0.0, 0.0, 0.0, 0.0, 0.0, 0.0, 0.0, 0.0, 0.0, 0.0, 0.0, 0.0, 0.0, 0.0, 0.0, 0.0, 0.0, 0.0, 0.0, 0.0, 0.0, 0.0, 0.0, 0.0, 0.0, 0.0, 0.0, 0.0, 0.0, 0.0, 0.0, 0.0, 0.0, 0.0, 0.0, 0.0, 0.0], "val_f1_score_neu": [0.7102054234726495, 0.7102054234726495, 0.7102054234726495, 0.7102054234726495, 0.7102054234726495, 0.7102054234726495, 0.7102054234726495, 0.7102054234726495, 0.7102054234726495, 0.7102054234726495, 0.7102054234726495, 0.7102054234726495, 0.7102054234726495, 0.7102054234726495, 0.7102054234726495, 0.7102054234726495, 0.7102054234726495, 0.7102054234726495, 0.7102054234726495, 0.7102054234726495, 0.7102054234726495, 0.7102054234726495, 0.7102054234726495, 0.7102054234726495, 0.7102054234726495, 0.7102054234726495, 0.7102054234726495, 0.7102054234726495, 0.7102054234726495, 0.7102054234726495, 0.7102054234726495, 0.7102054234726495, 0.7102054234726495, 0.7102054234726495, 0.7102054234726495, 0.7102054234726495, 0.7102054234726495, 0.7102054234726495, 0.7102054234726495, 0.7102054234726495, 0.7102054234726495, 0.7102054234726495, 0.7102054234726495, 0.7102054234726495, 0.7102054234726495, 0.7102054234726495, 0.7102054234726495, 0.7102054234726495, 0.7102054234726495, 0.7102054234726495, 0.7102054234726495, 0.7102054234726495], "f1_score": [0.3252886235713959, 0.24136096239089966, 0.24136096239089966, 0.24136096239089966, 0.24136096239089966, 0.24136096239089966, 0.24136096239089966, 0.24136096239089966, 0.24136096239089966, 0.24136096239089966, 0.24136096239089966, 0.24136096239089966, 0.24136096239089966, 0.24136096239089966, 0.24136096239089966, 0.24136096239089966, 0.24136096239089966, 0.24136096239089966, 0.24136096239089966, 0.24136096239089966, 0.24136096239089966, 0.24136096239089966, 0.24136096239089966, 0.24136096239089966, 0.24136096239089966, 0.24136096239089966, 0.24136096239089966, 0.24136096239089966, 0.24136096239089966, 0.24136096239089966, 0.24136096239089966, 0.24136096239089966, 0.24136096239089966, 0.24136096239089966, 0.24136096239089966, 0.24136096239089966, 0.24136096239089966, 0.24136096239089966, 0.24136096239089966, 0.24136096239089966, 0.24136096239089966, 0.24136096239089966, 0.24136096239089966, 0.24136096239089966, 0.24136096239089966, 0.24136096239089966, 0.24136096239089966, 0.24136096239089966, 0.24136096239089966, 0.24136096239089966, 0.24136096239089966, 0.24136096239089966], "val_acc": [0.5510571405418918, 0.5510571405418918, 0.5510571405418918, 0.5510571405418918, 0.5510571405418918, 0.5510571405418918, 0.5510571405418918, 0.5510571405418918, 0.5510571405418918, 0.5510571405418918, 0.5510571405418918, 0.5510571405418918, 0.5510571405418918, 0.5510571405418918, 0.5510571405418918, 0.5510571405418918, 0.5510571405418918, 0.5510571405418918, 0.5510571405418918, 0.5510571405418918, 0.5510571405418918, 0.5510571405418918, 0.5510571405418918, 0.5510571405418918, 0.5510571405418918, 0.5510571405418918, 0.5510571405418918, 0.5510571405418918, 0.5510571405418918, 0.5510571405418918, 0.5510571405418918, 0.5510571405418918, 0.5510571405418918, 0.5510571405418918, 0.5510571405418918, 0.5510571405418918, 0.5510571405418918, 0.5510571405418918, 0.5510571405418918, 0.5510571405418918, 0.5510571405418918, 0.5510571405418918, 0.5510571405418918, 0.5510571405418918, 0.5510571405418918, 0.5510571405418918, 0.5510571405418918, 0.5510571405418918, 0.5510571405418918, 0.5510571405418918, 0.5510571405418918, 0.5510571405418918],