{"val_f1_score_pos_neg": [0.41818534620565406, 0.39972343006816835, 0.5832415882321189, 0.636012842140578, 0.5685104616601856, 0.462971206063709, 0.6547113606350146, 0.5854580421288933, 0.5769551459366713, 0.5731926929628696, 0.5919028692222973, 0.5003378657165425, 0.6462447438501417, 0.5497844822132272, 0.6333746612150151, 0.6057714288890628, 0.5579786112294121, 0.6302472192597708, 0.6222944408772406, 0.630501017056517, 0.6294134774609498, 0.648063186832591, 0.595805610067226, 0.586378136066949, 0.489248827486691, 0.605495960559865, 0.6464767300985693, 0.636654600301753, 0.580522741681786, 0.5496662329133026, 0.6377066014290106, 0.5994711335550104, 0.6252053127556437, 0.6238728107944611, 0.6101780680418327, 0.6000066089905249, 0.6297880395516117, 0.6243466488995516, 0.49689324649962857, 0.5120808692419901, 0.5572344193676154, 0.5349505264365764, 0.5472292384074612, 0.61150453008131, 0.5959547635860528, 0.6024432678470266, 0.5467007180351989, 0.6172167292705459, 0.568264296274938, 0.5005332046204779, 0.5817677702861228, 0.543826042011345, 0.6193280473894689, 0.5978431664456103, 0.5681732328989173, 0.5881296004987657, 0.6115950027882756, 0.6112628230078152], "loss": [1.0147185953039872, 0.8413971615465063, 0.7721859648039466, 0.7768292427062988, 0.7112130389401787, 0.6851914972066879, 0.6666508599331504, 0.6596161856463081, 0.6136720117769743, 0.6152059945620989, 0.606144821957538, 0.5576412395427102, 0.566348249190732, 0.5792478346510938, 0.5314624568349436, 0.5312687413472879, 0.5076877745358568, 0.516212606116345, 0.48329932673981313, 0.4720331991189404, 0.45662352285887065, 0.47584343231038045, 0.4255501192651297, 0.450679245748018, 0.3878763420017142, 0.4056351804419568, 0.3825537087885957, 0.391080837108587, 0.36360527771083934, 0.35525453502410337, 0.35720471410374893, 0.39257418403500005, 0.3258255241732848, 0.31572758876963664, 0.34943676367402077, 0.32030775358802394, 0.3235477795334239, 0.2853214032948017, 0.325296356097648, 0.30371543961135966, 0.2916777635875501, 0.29782285972645406, 0.2778320387005806, 0.27837920365364927, 0.2382279485464096, 0.2509308104452334, 0.2554670874225466, 0.28169714188889455, 0.20735828480438181, 0.25369253264446007, 0.24930660191335177, 0.2474436340363402, 0.23429388062734352, 0.20330203736298963, 0.21378388314654953, 0.23032638146296927, 0.294217973947525, 0.22934018840131007], "f1_score_neu": [0.43898108173897, 0.622927806291141, 0.6991761860094572, 0.638092218506101, 0.7250942376099134, 0.7364461759203359, 0.7513663290362609, 0.7341046968573018, 0.7741579036963614, 0.767436293394942, 0.770352522793569, 0.7857185461019215, 0.7897435262014991, 0.7760511973970815, 0.7961214412199823, 0.7885617417724509, 0.8064997933412853, 0.789310347092779, 0.8200865301646685, 0.8233953463403803, 0.8238536942946283, 0.8270044091500734, 0.8399350737270556, 0.831375072661199, 0.8649471535494453, 0.8530539329114714, 0.8626143806859067, 0.8530382153234983, 0.8731163387235842, 0.8713567131444028, 0.8762584344336861, 0.8533199892232293, 0.889085693578971, 0.8873243386808195, 0.8798754105442449, 0.8810523222935828, 0.8837681836203525, 0.8964643596034301, 0.8856150711837568, 0.9008120125845859, 0.9015258456531324, 0.8966659989796186, 0.9088428553782011, 0.907334112807324, 0.9235357751971797, 0.9165139010078028, 0.9114479869604111, 0.9038242634974027, 0.9343418188785252, 0.9129847374401594, 0.9175911561438912, 0.9196468277981407, 0.9217842166361055, 0.935469126230792, 0.9269912572283494, 0.9222720500669981, 0.8961325883865356, 0.9198531312377829], "f1_score_neg": [0.25316487502698837, 0.39401712425445257, 0.4369354902913696, 0.46129499611101654, 0.5174288784987048, 0.5384853541066772, 0.538943102877391, 0.5773056745529175, 0.5976787091870057, 0.6144293221203905, 0.646665199022544, 0.6640777015372327, 0.6403830518063746, 0.6724842920115119, 0.6922491592796225, 0.712818695526374, 0.7255863868876508, 0.7120275528807389, 0.7129254745025384, 0.7432138410053755, 0.7487460155236093, 0.7395074249882447, 0.7848332069422069, 0.7748596750591931, 0.7983339272047344, 0.8028781994392997, 0.817872994040188, 0.8151341457115976, 0.8263459346796337, 0.8069925316070256, 0.8103525983659845, 0.8080489462927768, 0.8471625855094508, 0.8273297909059023, 0.8396546252463993, 0.845883636098159, 0.8446054913495716, 0.8654280469605797, 0.8480983235334095, 0.8474815229051992, 0.8657730943278262, 0.8671107143163681, 0.8607725571644934, 0.8548352757566854, 0.9010173450959357, 0.8711640819122917, 0.8664425697765852, 0.8700693986917797, 0.8996560628476896, 0.8812972166036305, 0.8944603181199023, 0.8999638777030142, 0.8967411831805581, 0.9078570110233206, 0.9038764324627424, 0.8760166042729428, 0.8727104969714817, 0.896862091202485], "val_f1_score_neg": [0.23267626029251443, 0.17142917137273553, 0.46193060262478963, 0.6028983211098398, 0.46990880106741634, 0.26641769602078014, 0.5886306877433863, 0.49358312032556023, 0.5221898733412785, 0.49270843901472894, 0.4942216435317883, 0.3493620237433751, 0.579696228990022, 0.5414018163429668, 0.5731547009497842, 0.524406233907465, 0.5096373292457517, 0.556893073243167, 0.5397359194043988, 0.570143324729185, 0.575827232815292, 0.5875418389403161, 0.4929486886350745, 0.46033922091825974, 0.39046959559841793, 0.5052587423320208, 0.588745996860141, 0.5668967097348939, 0.5077335245960064, 0.40744416465322836, 0.5679868968521676, 0.5088698309517707, 0.5535681783261963, 0.5457011040758343, 0.5278318810972553, 0.49581868009807367, 0.5698765925056754, 0.5510194212659401, 0.31290974035964625, 0.3323042416413125, 0.4172144922142794, 0.39509010042945386, 0.4241646577875476, 0.5323639199266651, 0.5200976317647308, 0.5244237339906169, 0.3952910359641119, 0.5338946281378582, 0.43561313342554125, 0.35834911271027, 0.5008252231648923, 0.4675076549724741, 0.5455145342063004, 0.5237139608098427, 0.47278426772429505, 0.49489452034320974, 0.5476931865028344, 0.5503152147728785], "val_f1_score_neu": [0.11651118068034774, 0.684721751629509, 0.6785055113345221, 0.6988809512507531, 0.712627982064679, 0.6976651774439447, 0.6472486848128364, 0.7237045582654499, 0.716837280915223, 0.7134372876161295, 0.7077140167195309, 0.705193469163598, 0.7156134114908228, 0.704584599150906, 0.4320548240387499, 0.7176583013977242, 0.7028691348459287, 0.7138433087975717, 0.7203269242583814, 0.7052267754356161, 0.7084995778939432, 0.6563313640448918, 0.6615696061073312, 0.6849100341516751, 0.6978773904415744, 0.6539057346894739, 0.6520740013719074, 0.6713554713940514, 0.7106202446254507, 0.7065109172393855, 0.6825984297791647, 0.7085097043369812, 0.6216552747599634, 0.7023822797773518, 0.7093279492564317, 0.6580220040079493, 0.6547421752984461, 0.634631538372355, 0.6803834259181769, 0.6905524260942122, 0.6909288781507729, 0.6990327678294498, 0.7055158406738343, 0.6346098231325117, 0.6851696388445718, 0.6939658083816916, 0.6846342719260895, 0.6095479208279432, 0.6626205109812099, 0.6957412931883457, 0.6879758101074895, 0.7024410341844576, 0.687004829684862, 0.6865157025585079, 0.698803822387087, 0.5401057550014863, 0.6948500224339065, 0.6517902097456917],