{"loss": [1.0695784986019135, 0.9556401371955872, 0.9411790668964386, 0.9414348788559437, 0.9397477470338345, 0.9422805309295654, 0.9386039823293686, 0.9366390854120255, 0.943824514746666, 0.9400881044566631, 0.9382807835936546, 0.9394862838089466, 0.9370759837329388, 0.9378302022814751, 0.9380734674632549, 0.9363404214382172, 0.9374349340796471, 0.9383768998086452, 0.9368681982159615, 0.9359457343816757, 0.9380405209958553, 0.9337652809917927, 0.9363131672143936, 0.9446698613464832, 0.9314130805432796, 0.9346176013350487, 0.9329450465738773, 0.9330339804291725, 0.9327329024672508, 0.9373344667255878, 0.9314970821142197, 0.9308122433722019, 0.9308843165636063, 0.9301098026335239, 0.9413895979523659, 0.9342135414481163, 0.927544541656971, 0.9360853619873524, 0.9297763705253601, 0.9265420213341713, 0.9231387637555599, 0.9204526580870152, 0.9180903732776642, 0.9086437858641148, 0.9437801763415337, 0.9289375580847263, 0.8931221812963486, 0.917341735213995, 0.8933733068406582, 0.8753117620944977, 0.8910050094127655, 0.9045698344707489], "val_f1_score_neg": [0.0, 0.0, 0.0, 0.0, 0.0, 0.0, 0.0, 0.0, 0.0, 0.0, 0.0, 0.0, 0.0, 0.0, 0.0, 0.0, 0.0, 0.0, 0.0, 0.0, 0.0, 0.0, 0.0, 0.0, 0.0, 0.0, 0.0, 0.0, 0.0, 0.0, 0.0, 0.0, 0.0, 0.0, 0.0, 0.0, 0.0, 0.0, 0.0, 0.0, 0.0, 0.0, 0.0, 0.0, 0.0, 0.0, 0.0, 0.0, 0.0, 0.0, 0.0, 0.0], "f1_score_pos": [0.07462686393409967, 0.0, 0.0, 0.0, 0.0, 0.0, 0.0, 0.0, 0.0, 0.0, 0.0, 0.0, 0.0, 0.0, 0.0, 0.0, 0.0, 0.0, 0.0, 0.0, 0.0, 0.0, 0.0, 0.0, 0.0, 0.0, 0.0, 0.0, 0.0, 0.0, 0.0, 0.0, 0.0, 0.0, 0.0, 0.0, 0.0, 0.0, 0.0, 0.0, 0.0, 0.0, 0.0, 0.0, 0.0, 0.0, 0.0, 0.0, 0.0, 0.0, 0.0, 0.0], "val_loss": [0.9986328644308484, 0.9602046238105146, 0.9675600385000939, 0.9615246219995373, 0.961190693130699, 0.9652240516042259, 0.964183505247479, 0.9662325731602222, 0.9651107593961948, 0.96590469481974, 0.9643775287427401, 0.9594714602156368, 0.9645039844877592, 0.9718683899601891, 0.9636203202909571, 0.9662277384271934, 0.9923681614906252, 0.9615455359367975, 0.9604559640223734, 0.9614854903034514, 0.9677788138764966, 0.9629702788990894, 1.0119098876437462, 0.9646315515658044, 0.96988179514229, 0.9586219168492282, 0.9616924755969029, 0.9612160730190337, 0.9614808348133603, 0.9606319586006951, 0.966041296009968, 0.959484615360248, 0.96034540944522, 1.036592342110298, 0.9647029321632351, 0.9589162866542643, 0.9637741373832623, 0.9573911111793484, 0.9579953844087166, 0.9591973969060131, 0.9857252726295324, 0.9673147790345104, 0.9534014119953923, 1.0099904482503008, 1.0774661771252625, 0.9515328073737539, 0.9596760003780171, 0.9583929273602773, 0.9501566844805908, 1.002622051009497, 0.9855410020414688, 0.9527569438925317], "val_f1_score_pos_neg": [0.0, 0.0, 0.0, 0.0, 0.0, 0.0, 0.0, 0.0, 0.0, 0.0, 0.0, 0.0, 0.0, 0.0, 0.0, 0.0, 0.0, 0.0, 0.0, 0.0, 0.0, 0.0, 0.0, 0.0, 0.0, 0.0, 0.0, 0.0, 0.0, 0.0, 0.0, 0.0, 0.0, 0.0, 0.0, 0.0, 0.0, 0.0, 0.0, 0.0, 0.0, 0.0, 0.0, 0.0, 0.0, 0.0, 0.0, 0.0, 0.0, 0.0, 0.0, 0.0], "f1_score_neu": [0.5559174460358918, 0.7421029955148697, 0.7420433536171913, 0.7418750077486038, 0.7420183382928371, 0.7418089359998703, 0.7420045174658298, 0.7416610941290855, 0.7420636713504791, 0.7418088279664516, 0.741992074996233, 0.7418504320085049, 0.7420798949897289, 0.7419492229819298, 0.741981565952301, 0.7417570278048515, 0.7416730746626854, 0.7420035488903522, 0.7420143149793148, 0.7420452311635017, 0.7418730147182941, 0.741935558617115, 0.7415257953107357, 0.7419791258871555, 0.7420586831867695, 0.7420130968093872, 0.7420993074774742, 0.741970207542181, 0.7419526986777782, 0.7419545017182827, 0.742094948887825, 0.742084912955761, 0.7421321235597134, 0.7412657327950001, 0.7419203072786331, 0.7421071715652943, 0.7419841215014458, 0.7416750155389309, 0.7418965771794319, 0.7418329454958439, 0.7419181354343891, 0.7420596703886986, 0.7420562990009785, 0.7420523576438427, 0.7413665391504765, 0.7418698333203793, 0.7420925460755825, 0.7421096116304398, 0.7420356422662735, 0.741760291159153, 0.7417734935879707, 0.7421538606286049], "f1_score_neg": [0.0, 0.0, 0.0, 0.0, 0.0, 0.0, 0.0, 0.0, 0.0, 0.0, 0.0, 0.0, 0.0, 0.0, 0.0, 0.0, 0.0, 0.0, 0.0, 0.0, 0.0, 0.0, 0.0, 0.0, 0.0, 0.0, 0.0, 0.0, 0.0, 0.0, 0.0, 0.0, 0.0, 0.0, 0.0, 0.0, 0.0, 0.0, 0.0, 0.0, 0.0, 0.0, 0.0, 0.0, 0.0, 0.0, 0.0, 0.0, 0.0, 0.0, 0.0, 0.00390625], "val_f1_score_neu": [0.7102054234726495, 0.7102054234726495, 0.7102054234726495, 0.7102054234726495, 0.7102054234726495, 0.7102054234726495, 0.7102054234726495, 0.7102054234726495, 0.7102054234726495, 0.7102054234726495, 0.7102054234726495, 0.7102054234726495, 0.7102054234726495, 0.7102054234726495, 0.7102054234726495, 0.7102054234726495, 0.7102054234726495, 0.7102054234726495, 0.7102054234726495, 0.7102054234726495, 0.7102054234726495, 0.7102054234726495, 0.7102054234726495, 0.7102054234726495, 0.7102054234726495, 0.7102054234726495, 0.7102054234726495, 0.7102054234726495, 0.7102054234726495, 0.7102054234726495, 0.7102054234726495, 0.7102054234726495, 0.7102054234726495, 0.7102054234726495, 0.7102054234726495, 0.7102054234726495, 0.7102054234726495, 0.7102054234726495, 0.7102054234726495, 0.7102054234726495, 0.7102054234726495, 0.7102054234726495, 0.7102054234726495, 0.7102054234726495, 0.7102054234726495, 0.7102054234726495, 0.7102054234726495, 0.7102054234726495, 0.7102054234726495, 0.7102054234726495, 0.7102054234726495, 0.7102054234726495], "f1_score": [0.21018144488334656, 0.2473676735535264, 0.24734779447317123, 0.24729167763143778, 0.24733944796025753, 0.24726964719593525, 0.24733484257012606, 0.24722037464380264, 0.24735456705093384, 0.24726962205022573, 0.24733069352805614, 0.24728349037468433, 0.2473599687218666, 0.247316419146955, 0.24732720013707876, 0.2472523506730795, 0.24722436908632517, 0.24733452312648296, 0.24733811151236296, 0.24734841380268335, 0.24729101080447435, 0.2473118593916297, 0.24717526882886887, 0.24732638522982597, 0.24735289718955755, 0.24733770731836557, 0.24736643955111504, 0.24732340313494205, 0.24731758050620556, 0.2473181737586856, 0.24736499413847923, 0.2473616460338235, 0.2473773779347539, 0.2470885906368494, 0.24730677250772715, 0.2473690640181303, 0.24732804391533136, 0.24722501169890165, 0.2472988674417138, 0.24727765657007694, 0.24730605259537697, 0.2473532361909747, 0.24735210463404655, 0.2473507896065712, 0.24712218809872866, 0.24728994816541672, 0.2473641885444522, 0.24736987426877022, 0.24734522216022015, 0.24725343566387892, 0.24725783802568913, 0.24868671037256718], "val_acc": [0.5510571405418918, 0.5510571405418918, 0.5510571405418918, 0.5510571405418918, 0.5510571405418918, 0.5510571405418918, 0.5510571405418918, 0.5510571405418918, 0.5510571405418918, 0.5510571405418918, 0.5510571405418918, 0.5510571405418918, 0.5510571405418918, 0.5510571405418918, 0.5510571405418918, 0.5510571405418918, 0.5510571405418918, 0.5510571405418918, 0.5510571405418918, 0.5510571405418918, 0.5510571405418918, 0.5510571405418918, 0.5510571405418918, 0.5510571405418918, 0.5510571405418918, 0.5510571405418918, 0.5510571405418918, 0.5510571405418918, 0.5510571405418918, 0.5510571405418918, 0.5510571405418918, 0.5510571405418918, 0.5510571405418918, 0.5510571405418918, 0.5510571405418918, 0.5510571405418918, 0.5510571405418918, 0.5510571405418918, 0.5510571405418918, 0.5510571405418918, 0.5510571405418918, 0.5510571405418918, 0.5510571405418918, 0.5510571405418918, 0.5510571405418918, 0.5510571405418918, 0.5510571405418918, 0.5510571405418918, 0.5510571405418918, 0.5510571405418918, 0.5510571405418918, 0.5510571405418918],