{"1": {"val_f1_score_pos_neg": [0.44923675144684777, 0.6331373749053169, 0.5721087537817275, 0.5645571344954868, 0.5902162570825812, 0.5609834613119746, 0.6434251515689623, 0.6521889323047725, 0.5821519906896636, 0.6777146833792715, 0.6147346923647045, 0.6001648787841877, 0.5486951549629073, 0.6789971467487587, 0.6745493971329175, 0.6501570944707287, 0.5227728326458835, 0.6131138079378382, 0.6940879962621259, 0.6577798761065914, 0.6620050845982801, 0.6745686334729538, 0.6517614498089656, 0.6403688992879975, 0.6635715006031203, 0.6642777495205386, 0.6091367788524913, 0.5687724260592317, 0.6415571837233897, 0.5626946086024412, 0.6553927282320369, 0.5335207568780037, 0.6175558660213571, 0.642364533967369, 0.5711764999021235, 0.5885703693435412, 0.5729847146931389, 0.5525128646313346, 0.6465056316139127, 0.6350368570537352, 0.6256119574488788, 0.6124822399042862, 0.6326997553523744, 0.5393305844970491, 0.6322146646156731, 0.6581125819336046, 0.6288776713470571, 0.5967580615270491, 0.6559841484964722, 0.6517007919299518, 0.6514125021930257, 0.6034364130845259, 0.6220168964055589, 0.6407761730111055, 0.6161308994200672, 0.6177286942299663, 0.6334156528595956, 0.6644744410341005, 0.6324140740572671, 0.5997324909027124, 0.6327230214541145, 0.6457339196951721, 0.6037038697240986, 0.6245888028593786, 0.573486583285403, 0.6226672305543061, 0.5043837144060332, 0.6026342358140223, 0.6177508185424424, 0.6344466833282949], "loss": [0.997602641582489, 0.7712621814929522, 0.7209449249964494, 0.7111309984555612, 0.7174118516536859, 0.6554714418374575, 0.6449547547560471, 0.6120786953430909, 0.6221616073296621, 0.5884429262234614, 0.577064104951345, 0.5486611208090415, 0.535030114536102, 0.5231090285457097, 0.5396450093159308, 0.5065711427193421, 0.4719244958116458, 0.49780917167663574, 0.445917832163664, 0.4378586978866504, 0.44627533050683826, 0.4497129023075104, 0.40505194434752834, 0.4287735464481207, 0.4393641593364569, 0.38258465895285976, 0.3232936718716071, 0.4066654466665708, 0.34066595480992246, 0.2974363857736954, 0.3576900036289142, 0.2800022976902815, 0.2516383909835265, 0.365783472187244, 0.2394760325551033, 0.2625827006995678, 0.2567977217527536, 0.24409996460263544, 0.29358343292887396, 0.21840793496141067, 0.28762209759308743, 0.23232339981656808, 0.24624324360719094, 0.17751526961532924, 0.17637851891609338, 0.24846477978504622, 0.1857182357746821, 0.155668338904014, 0.1598545340104745, 0.13508266783677614, 0.26187724304886967, 0.16011203467272794, 0.13506436018416515, 0.13504751986609057, 0.20060614826014408, 0.12663941486523703, 0.13871415933737388, 0.15418582724837157, 0.16715113073587418, 0.11321144536710702, 0.15212980844080448, 0.16827444803829378, 0.11117719328747346, 0.11796363056279145, 0.09692608543600027, 0.10939074579912883, 0.11161862457027802, 0.18978885031090334, 0.10670551285147667, 0.07814754925381678], "f1_score_neu": [0.4167359198192851, 0.6944642095611646, 0.715495962363023, 0.7237913539776435, 0.7122100431185502, 0.7523471541129626, 0.7472391632887033, 0.7662079872993323, 0.752643360541417, 0.7699325887056497, 0.7621279611037328, 0.7931529123049516, 0.795383985225971, 0.7898039072751999, 0.7847499045041891, 0.7967888483634362, 0.8248040515642899, 0.7997675801698978, 0.8314638275366563, 0.8220087989018514, 0.8233659519599035, 0.8275956465647771, 0.8436515239568857, 0.8300639459720025, 0.8330684074988732, 0.8509217489224213, 0.8831138564990118, 0.8453054244701679, 0.8767306884894004, 0.8914662633950894, 0.8646291276583304, 0.9030769857076498, 0.9162305513253579, 0.8526315895410684, 0.91770761517378, 0.9065860613034322, 0.9159272542366614, 0.9168935429591399, 0.8908683921282108, 0.9292312000806515, 0.8923363433434413, 0.9153192444489553, 0.9172881085139054, 0.9443503125355794, 0.942712799860881, 0.9136195813234036, 0.9377013559524829, 0.9502747368354064, 0.9503876704436082, 0.9548111466261057, 0.9016143725468562, 0.949373471049162, 0.9599514546302649, 0.9570347036306674, 0.9321682567779834, 0.9602488577365875, 0.9553946210787847, 0.955044164107396, 0.9468508580556283, 0.9654957629167117, 0.9480192409111903, 0.9429799375625757, 0.9659201766435916, 0.9616460926257647, 0.9709371133492544, 0.9684133346264179, 0.9657529661288629, 0.9323022216558456, 0.9690207334665152, 0.9765660029191238], "f1_score_neg": [0.26591808850375503, 0.3528156555615939, 0.47625569024911296, 0.5265230983495712, 0.5251553631745852, 0.5609079347206996, 0.5970304230084786, 0.6118262524788196, 0.6308542765103854, 0.6395248220517085, 0.6657919941040186, 0.6817163148751626, 0.659982748902761, 0.7196127405533423, 0.6722175066287701, 0.7415683223651006, 0.7208587401188337, 0.7432082971701255, 0.7785929957261453, 0.813956583921726, 0.784632573907192, 0.7607985941263345, 0.8150304097395676, 0.7795349497061509, 0.826871626652204, 0.8324172003911092, 0.8721955991708316, 0.8260919142227906, 0.8683104434838662, 0.8541576174589304, 0.890098077746538, 0.8622908019102536, 0.8959003205482776, 0.8843482297200423, 0.9122183712629172, 0.876342128102596, 0.8967866954895166, 0.901908700282757, 0.8834294390219909, 0.92130079636207, 0.8765450016810343, 0.9042752797787006, 0.9274548956981072, 0.9268608895631937, 0.9113510606380609, 0.9140070837277633, 0.9246020213915751, 0.9370609728189615, 0.9149075952860025, 0.9431084658090885, 0.9234949338894624, 0.9310752279483355, 0.955567859686338, 0.9498970451263281, 0.9290917183344181, 0.9490710267653832, 0.9321764432466947, 0.9466122732712672, 0.9270216180728033, 0.9454571960064081, 0.9401656836271286, 0.956505421262521, 0.9397477301267477, 0.9556172146246984, 0.9605869455979421, 0.9552200665840735, 0.9528001351998403, 0.9400569464151676, 0.9528038914387043, 0.970092834188388], "val_f1_score_neg": [0.24311084548632303, 0.557507887181728, 0.4362463062668672, 0.41921023677847935, 0.45888531736398414, 0.43750961305836883, 0.5927994578271721, 0.578095533342584, 0.5208887952442655, 0.6248584957126554, 0.4964145100823294, 0.48179686956601975, 0.49557314718954526, 0.6350382339944997, 0.6254389966187626, 0.5663404221644778, 0.4219686724978296, 0.5225965391611008, 0.6532334782712703, 0.6396381605524983, 0.5891999963415973, 0.6168360745003303, 0.585139972188796, 0.5772961712777692, 0.6133281929956281, 0.6107106498774036, 0.49324070039522044, 0.45925659583742273, 0.5576574358294838, 0.46708108049004277, 0.5989045309732819, 0.3747548311362578, 0.5542739850625009, 0.5806811954948241, 0.4792363706877499, 0.45139328704366777, 0.4281398849539828, 0.46605682457459435, 0.5710670637265297, 0.5552286735801537, 0.528673473936099, 0.5227189737294184, 0.5411725544316732, 0.3607187710063463, 0.5845601296693735, 0.6043655119041055, 0.5516288674256009, 0.4977398370855473, 0.5928336920433085, 0.5989380021155303, 0.595486631801114, 0.5011316274380453, 0.5346225782967039, 0.5521413253543572, 0.5392396201807278, 0.5374202717016476, 0.5495194698643128, 0.614804303664846, 0.594589672890855, 0.5391313873061413, 0.5449563379116393, 0.5853901069182409, 0.5156696732357484, 0.5813459222972659, 0.46193407301261236, 0.5776126713944082, 0.40072658099185254, 0.502620300641999, 0.546190033583012, 0.5553041456597951],