{"val_f1_score_pos_neg": [0.1932358708713594, 0.3323995802137587, 0.45414917438458174, 0.48180124486720727, 0.3610892626706191, 0.48419339767834435, 0.4149497593114143, 0.42701217769450345, 0.42256416622390097, 0.5153642136987351, 0.45423218577067914, 0.5242224833046162, 0.4099016343748253, 0.45892966170328137, 0.337686314488444, 0.5483126755614459, 0.40342669932358555, 0.5188453288642447, 0.45559365911307875, 0.44090189308504557, 0.33807097286240667, 0.43905354940403274, 0.37148269372805787, 0.513399091970261, 0.43567892256160606, 0.5429703783356172, 0.5439562812025248, 0.41068711048356593, 0.4897585939406491, 0.43945186633115624, 0.35270529510842963, 0.4101530762872769, 0.4576848197562492, 0.39479208713815495, 0.519372720319947, 0.49614126517115226, 0.5366795446172363, 0.4575126612449196, 0.4441272161911052, 0.49244140842665546, 0.513019750287712, 0.4021292158037598, 0.42474062052386546, 0.5168819750851465, 0.5235780614000476, 0.49496890149350325, 0.4895623751819214, 0.4793323959469849, 0.43133508925817593, 0.47169669898200883, 0.5066937587307317, 0.3670013662238299, 0.4987374211934253, 0.4758602498996596, 0.2332171909293236, 0.4676129881106568, 0.45143428840349775, 0.5155401267128059, 0.49266581893557104, 0.5367279108236676, 0.4855459372685184, 0.4769747242753805, 0.4864402443800646, 0.5340912166180184, 0.506324428081298, 0.3575562985427091, 0.4871176856356701], "loss": [1.0736941712744095, 0.9028114431044635, 0.8738703903029946, 0.8661775299731422, 0.825124641551691, 0.8102376373375163, 0.780800090116613, 0.7922228452037362, 0.7531252494629692, 0.7474137413151124, 0.7234222950304255, 0.7212953593801049, 0.6751192387412576, 0.6882428351570579, 0.6582805593224133, 0.6493608013671988, 0.6502371894962647, 0.6288824344382566, 0.6046261296552771, 0.583106180324274, 0.5805371543940376, 0.5869671956581228, 0.58471200308379, 0.5320377998492297, 0.548138877048212, 0.525063148316215, 0.49584955020862465, 0.5244985910899499, 0.48393268927055244, 0.4831185989520129, 0.46014031811672096, 0.44626060917096977, 0.4615340425687678, 0.4026954581632334, 0.42359913315843134, 0.3745470156564432, 0.36398107821450515, 0.3714997669791474, 0.36244429165826125, 0.3786829826148117, 0.28311219175948815, 0.33499603104941983, 0.32237493794630556, 0.3373260793878752, 0.30508241188876767, 0.31238363464089003, 0.22156515191583073, 0.312335849246558, 0.23212332716759512, 0.25557880125501575, 0.20524396199513883, 0.20655220922301798, 0.25614534800543504, 0.17643988176303751, 0.23696905659402118, 0.22778226588578784, 0.18941228529986212, 0.1769783554927391, 0.19982461379293134, 0.16090888102703235, 0.2042381594724515, 0.1553275623523137, 0.13985584742006132, 0.1489062989678453, 0.12936822642736576, 0.19123350390616586, 0.14928165549302802], "f1_score_neu": [0.5261288787073949, 0.6982794439091402, 0.6998152180629618, 0.680847275783034, 0.712185098844416, 0.7149831915602964, 0.7232084896634606, 0.7123967777280247, 0.7221358576241661, 0.7263119176906698, 0.7352062367341098, 0.7339834684834761, 0.7567080627469456, 0.7510516547104892, 0.7557712407673106, 0.7532142733826357, 0.7592656849061742, 0.7696935429292566, 0.7773211230249966, 0.786647675668492, 0.7802867021630792, 0.7796386024531197, 0.7933164054856581, 0.8063183190191493, 0.8003182604032404, 0.8101431578397751, 0.8165911909411935, 0.8089342126074959, 0.828697087133632, 0.8261739480144837, 0.8363275221165489, 0.8426071273929933, 0.8388594099703957, 0.8636710450929754, 0.8510947095997193, 0.8771487754933974, 0.874535594792927, 0.874866940519389, 0.8768916559569976, 0.8700174040654126, 0.910197385970284, 0.8872814309947631, 0.8962943860713173, 0.8806936486678965, 0.9058847243294996, 0.8881489581921521, 0.9282954966320711, 0.8951173696447822, 0.9272157172946369, 0.918929769712336, 0.9361518910702538, 0.9338970710249508, 0.9196888769374174, 0.9478904368246303, 0.9215618258013445, 0.9258202647461611, 0.9419238760190851, 0.9498537060092477, 0.9359155744314194, 0.9504802113070208, 0.9370510648278629, 0.9505927308517343, 0.9579101274995243, 0.9564994205446804, 0.9623466852833243, 0.9377142164637061, 0.9533786633435417], "f1_score_neg": [0.29503438073922605, 0.38879634954911824, 0.4886235318639699, 0.4782510267241913, 0.5221459624521873, 0.5566833019256592, 0.5744737180716851, 0.5307666203554939, 0.5752103512778002, 0.5903296908911537, 0.6342523106757332, 0.6075927588869544, 0.6679276727578219, 0.625792694004143, 0.6606221058789421, 0.652510392753517, 0.6716369833139813, 0.6582306119448998, 0.7082385026356753, 0.6919807660229066, 0.6920676599530613, 0.6942064599955783, 0.7265393111635657, 0.7008943697985481, 0.7495956526083105, 0.72261984120397, 0.7749773675904554, 0.7328945534194217, 0.7326034570441526, 0.777644643888754, 0.7800022074404884, 0.7604410946369171, 0.7810508845483556, 0.8061769026167253, 0.7639395618701682, 0.8553904268671485, 0.8476927972891751, 0.8026609359418645, 0.8196616970440921, 0.8265094809672412, 0.8749286593759761, 0.8154765687444631, 0.8502737397656721, 0.829695768216077, 0.8634951964897268, 0.8290307824225986, 0.8962298517718035, 0.8653292997794992, 0.8945589486290427, 0.8746601509697297, 0.9027820667799782, 0.8989385164835874, 0.8829120152136859, 0.9327778737334644, 0.8947665331994786, 0.899007590378032, 0.9218452897141961, 0.9287967901019489, 0.8969617766492507, 0.9333934336900711, 0.9205749736112707, 0.9313685806358561, 0.9387059255557901, 0.9357174100244746, 0.9456889725783292, 0.9028025462346918, 0.9265558675808065], "val_f1_score_neg": [0.36619274911449345, 0.4293413096942507, 0.585382717341064, 0.5909175704150815, 0.492715526903421, 0.57561429816219, 0.5614442769815082, 0.4725945381714962, 0.5881425098047244, 0.614246976198616, 0.5559548033661956, 0.6216896098313223, 0.5382975821981975, 0.5680842441961242, 0.23492353008343622, 0.6416676720680549, 0.39894397102976725, 0.6098411804751346, 0.5138167837585247, 0.42584775197200286, 0.5595206948373428, 0.6366842634711135, 0.3146497179635516, 0.5665399212318125, 0.44534833725915535, 0.6359188414831929, 0.6416743802316437, 0.6063559644403513, 0.574574816591612, 0.6066589897621659, 0.3403713298149598, 0.6404388925807196, 0.5723634715880352, 0.4420564721631296, 0.6111652206527292, 0.5266012302991564, 0.6306808038547239, 0.45956525489439903, 0.47540587263229567, 0.5546618239653309, 0.6387511216677152, 0.4304043443498985, 0.4820282095678744, 0.6190136251179313, 0.6166899400523156, 0.6011357554110974, 0.5801056492612858, 0.6082046315630331, 0.6262952822100939, 0.6248734142669835, 0.5830483720799153, 0.42037638580804465, 0.5656278672327718, 0.5659075621222248, 0.3077076797315359, 0.6243315169095885, 0.5608775387516013, 0.6323579629423165, 0.5839320274017118, 0.6345641182126411, 0.5887305097058717, 0.5341663848586947, 0.6162941966086853, 0.6257781226303574, 0.6221017832966254, 0.312701569140306, 0.5943081478143779],