{"val_f1_score_pos_neg": [0.5355173292945485, 0.5536155035832822, 0.5598652205114698, 0.5436428047030507, 0.5862041152868753, 0.5729973312327216, 0.5989557678597447, 0.5805473254966983, 0.570877116168674, 0.4640753403711876, 0.46341372680416676, 0.5449896256902029, 0.41950970625289835, 0.5661333941609324, 0.6151059862859208, 0.5820099447024007, 0.5488943820952132, 0.5253886814711158, 0.5956139788708025, 0.6045478781064352, 0.5392265762027291, 0.5314271922396006, 0.5160487634353291, 0.5765825148222511, 0.5352819423576582, 0.525957667796683, 0.5579667313244246, 0.5309804879737735, 0.5971129005521189, 0.5592482756393274, 0.5760310285286216, 0.584762732574448, 0.5377889605656981, 0.5883979812824928, 0.5920163087653124, 0.5898334342218094, 0.5605949055978451, 0.5847063976039218, 0.5099728650929244, 0.578509534147463, 0.5883869279837949, 0.5844036052353806, 0.561303123193956, 0.5457393557954237, 0.5652761618605538, 0.5769882227660154, 0.5163712957644432, 0.5624078744889542, 0.5901294651353096, 0.5857204364276891, 0.5741507777444119, 0.5566993971897625, 0.5492845570376257, 0.595584952104571, 0.5675565990801761, 0.5236626054062453, 0.5265266980333242, 0.489979723548147, 0.5776469499529877, 0.5499181801552284, 0.5577950248767739, 0.4342384853638254, 0.5734153662828775, 0.5522289313230997, 0.5669542418070495, 0.5329003621632024], "f1_score_pos": [0.3802100601243966, 0.44099245449804453, 0.5145547290238216, 0.5413168876542699, 0.557631174133936, 0.5624406542794058, 0.5900705520707793, 0.5953553559084964, 0.6060683636867463, 0.6207486701786691, 0.634832140944984, 0.6474224501145777, 0.6410870216827463, 0.6657585816993897, 0.6670025020296899, 0.6884945694408173, 0.6808233680117499, 0.6994734394721486, 0.7101556243774694, 0.7134192544425522, 0.7339942770191139, 0.7437293944876041, 0.7497761165683927, 0.7518790982766371, 0.7759217918611152, 0.774893767711241, 0.7890302558304071, 0.7835937083651544, 0.807956897291093, 0.8015108748430867, 0.83538679077756, 0.8209836955110716, 0.8205991265209219, 0.8647189970457774, 0.8347415831712323, 0.8566566357560413, 0.853392825631436, 0.86830920077317, 0.8638611494384828, 0.8759675013625282, 0.8830259726950553, 0.8830934771286878, 0.8776207835799805, 0.8798803625042187, 0.8667562559832387, 0.8984524725071317, 0.8890657863622367, 0.9012177008133683, 0.9141866758593574, 0.8890879514409101, 0.8973636307750489, 0.9054527576854431, 0.9118925611656356, 0.9011143190580675, 0.904427551700115, 0.9128201284696891, 0.8911314861998029, 0.9186120963388104, 0.9213608878006705, 0.9185608745677626, 0.9299505937779022, 0.9175278299234323, 0.9177796002536545, 0.9283435510830964, 0.9263024653653164, 0.9401192186777272], "val_acc": [0.4455252860693307, 0.45953307363618984, 0.4508430555018315, 0.664202338217452, 0.5416342439818475, 0.49130998518989555, 0.6103761320602724, 0.6723735405931831, 0.5110246461034594, 0.642542153558224, 0.6421530463197661, 0.6713359340464867, 0.6272373503284232, 0.6743190686681082, 0.67937743918905, 0.6809338564693387, 0.6704280068747573, 0.6552529216740381, 0.662127112522818, 0.6522697842693205, 0.6586251662399054, 0.6645914418224231, 0.6355382632343376, 0.6763942901880979, 0.6635538223652524, 0.6507133570162703, 0.6560311242454865, 0.6239948077115258, 0.6647211409882967, 0.6691310036970948, 0.6370946819061745, 0.6588845637985704, 0.6664072610679458, 0.6613489036120948, 0.6007782123432085, 0.6505836680550828, 0.6630350203674901, 0.6514915758997549, 0.6421530524271162, 0.66238650235066, 0.6143968921691063, 0.6555123327616433, 0.6540856008090552, 0.6594033677290386, 0.660959788952047, 0.6442282665255159, 0.6444876745207919, 0.648378726959847, 0.646433204605731, 0.6389105026205535, 0.6315175066816823, 0.6582360510387, 0.6578469545460861, 0.6426718514098577, 0.6507133595674418, 0.6395590162308145, 0.6482490324324671, 0.6376134842131698, 0.6089494178112688, 0.6347600567974778, 0.6309987041427623, 0.6363164740777665, 0.6455252976114493, 0.6326848277785899, 0.6383916959069892, 0.6446173817267213], "val_f1_score_neu": [0.14061279735019389, 0.1417786945092423, 0.0863757380978935, 0.7218010085411418, 0.39074631601610693, 0.207402554167925, 0.586755544681648, 0.7223827932440663, 0.31798743600588675, 0.7250687067919978, 0.7252071989958697, 0.7349393310559245, 0.7178684171535625, 0.7330155839561334, 0.71398587727825, 0.7320537450403246, 0.732367255962931, 0.7232105176891025, 0.7017864544722511, 0.6708657610122641, 0.7266198490998779, 0.7266077800483555, 0.706576390798299, 0.7227151311943658, 0.7292309452123679, 0.7187706945625879, 0.7142828764773219, 0.6859723794939607, 0.7008204766284631, 0.7245285022428837, 0.6634961800352609, 0.7040809764008578, 0.7272984105634628, 0.7000187463797484, 0.5675839711410681, 0.6833813542212648, 0.719720599870892, 0.6890998156463435, 0.7172565682079696, 0.7099098785068892, 0.6071094631684893, 0.6899764121893006, 0.7046226317935107, 0.7193563436719694, 0.7127275297613923, 0.6831587754025689, 0.7157608180194514, 0.698234126957474, 0.6756887807765669, 0.6658943776336007, 0.659123977721124, 0.7131158528624806, 0.7178421349067787, 0.6643261151091134, 0.6996351295717341, 0.709361980165489, 0.7084915665800934, 0.7140757337154582, 0.6084034423574554, 0.6892381013599351, 0.6789847334844439, 0.7160989877160266, 0.6908211188557547, 0.6822886946291002, 0.6799203916591738, 0.7077261140683591], "f1_score_neg": [0.3382537769076836, 0.4287575742833813, 0.46790382172413664, 0.4927187071294856, 0.525421014223224, 0.5359309529973473, 0.5432620226746571, 0.558840512314244, 0.5870716332434613, 0.5934863741497391, 0.6023184902090792, 0.627052254754887, 0.6460470030648174, 0.6444040525695619, 0.6532097843192355, 0.6699215569230881, 0.669933564975432, 0.6908308631751411, 0.7039467352196848, 0.7147054191771793, 0.7184973225369643, 0.7237683518550997, 0.7121065401558695, 0.7374303151701083, 0.7610745367035393, 0.7615093114375729, 0.7397962645298553, 0.7852949997019961, 0.776507648905719, 0.7734614195136986, 0.8067082535122965, 0.7973004722264188, 0.8112480913932384, 0.8234947912276019, 0.8360064749846959, 0.831247413652133, 0.8220838903025056, 0.8465433795096349, 0.8484897201153778, 0.8682086058534706, 0.8585264071923141, 0.8632888968807823, 0.8714640598491894, 0.8626451692789961, 0.8724537767833179, 0.8937343769190306, 0.8794032374145985, 0.8876813586383093, 0.9086373783070765, 0.8834492661956023, 0.8927578624264298, 0.8981597826943286, 0.904602940809115, 0.9079375594610039, 0.8937599406148372, 0.9117526189018831, 0.9000393427057198, 0.9140435397492219, 0.9107352013227098, 0.9196116233422215, 0.9208363966032809, 0.9125683119199527, 0.9160160797074898, 0.9276708573892388, 0.9104540731276132, 0.9394577269570407], "val_f1_score_neg": [0.5633087851657942, 0.5926631237591596, 0.604052521143442, 0.5182753959054613, 0.6017450818601131, 0.6001162448591141, 0.5885734976342989, 0.6068334722487998, 0.5973521621001524, 0.5327308558304487, 0.5260433143369573, 0.5545776949473082, 0.47307248740190044, 0.5723270704310228, 0.6153343601294838, 0.5719660641154427, 0.578360092779078, 0.5839686893922036, 0.5926285233788299, 0.5909231838549157, 0.5707640873628214, 0.4665589532035798, 0.5736246206417158, 0.543518463925165, 0.5362367354787586, 0.5542355921172601, 0.5895588108073877, 0.5626484440149191, 0.5754399574065796, 0.5097040421149456, 0.5425771518903948, 0.570219844386426, 0.49130973996819227, 0.5622709126014809, 0.5748132951219412, 0.5712778057260427, 0.5375864625595578, 0.5718994793106456, 0.5672088910942721, 0.552053571597766, 0.566496677590406, 0.5568250091468623, 0.5543643403146054, 0.5437329617146542, 0.5515653563689938, 0.5567932295892025, 0.5559729111179149, 0.5422073216908327, 0.5725549241448191, 0.5749781503596968, 0.5448871028407848, 0.5318379045769708, 0.5428494274538933, 0.5893292084587533, 0.5652548104872499, 0.5484643725414994, 0.4759540644446545, 0.5196486557658699, 0.5621360618471326, 0.5572466065602234, 0.5606040537125405, 0.33020825005690874, 0.5680782403772753, 0.5426494227927637, 0.5589903485604916, 0.5193645679687866],