{"1": {"f1_score_neg": [0.20374201227807337, 0.36957053985032773, 0.4465018469426367, 0.4513439720289575, 0.5373359810974863, 0.5441549225813813, 0.5519414341284169, 0.565193278921975, 0.5872047336565124, 0.6023273236221738, 0.6452967905335956, 0.6335968354509937, 0.6498963865968916, 0.6885744159420332, 0.6911574593848653, 0.6868632626202371, 0.6642866703785129, 0.7096553461419212, 0.7592770324812995, 0.7673311506708463, 0.7530282404687669, 0.7699075043201447, 0.7724720570776198, 0.7670376780960295, 0.8087709744771322, 0.7731839161780145, 0.811117961174912, 0.8165902164247301, 0.8014135816031032, 0.8146837792462773, 0.8339030949605836, 0.8558526842130555, 0.8361602673927943, 0.8215431951814227, 0.8614460561010573, 0.8641530970732371, 0.8757629758781857, 0.8449743986129761, 0.8737222585413191, 0.8885896528760592, 0.8809754600127538, 0.8854568699995676, 0.8447361613313357, 0.9049792604313956, 0.9006029185321596, 0.8652810785505507, 0.9092109443412887, 0.9036336690187454, 0.8743738532066345, 0.9138656283418337, 0.9093315758638911, 0.8781392524639765, 0.9138269507222705, 0.9052678926123513, 0.8905458152294159, 0.8870912633008428, 0.9134308555059962], "val_acc": [0.615001302455749, 0.638604773050714, 0.6640440531049598, 0.6553894512740265, 0.6650931033411583, 0.6803042233662439, 0.6643063194508506, 0.6787306572113517, 0.6716496167206683, 0.6616837120168703, 0.6732231852516176, 0.6656176234023201, 0.680041963679566, 0.6323105175289431, 0.6708628321425545, 0.6538158839623696, 0.666404394724536, 0.6532913619941093, 0.6569630185856833, 0.6711250959717004, 0.6593233710851002, 0.6551271939634058, 0.6753212726244362, 0.6430632122351434, 0.6496197260054521, 0.6698137818281963, 0.6556517031447268, 0.6357199083061128, 0.6501442419241458, 0.6734854449382955, 0.6378179902390111, 0.6504065076603903, 0.5830055120233285, 0.6548649414048994, 0.6448990337935577, 0.6514555530037869, 0.6430632054977707, 0.6488329428029505, 0.6603724140524395, 0.6506687673470682, 0.6435877303892066, 0.6430632115473374, 0.6383425072363096, 0.6428009356190582, 0.6341463511864907, 0.6498819809400157, 0.6504065076603903, 0.6357199094628775, 0.6475216344901654, 0.6485706817406605, 0.6527668414639889, 0.643849980493496, 0.6561762314908247, 0.633097297886429, 0.6569630281680717, 0.6464725950556479, 0.6396538207701676], "acc": [0.5386111111276679, 0.6466666666997803, 0.7055555582046509, 0.6811111097534498, 0.7447222280833456, 0.7487499970528815, 0.7586111136608653, 0.7358333302868737, 0.7706944420933723, 0.7776388873656591, 0.7743055522441864, 0.806111110581292, 0.7969444460339017, 0.8120833295914862, 0.805555559694767, 0.8284722218910853, 0.7863888906108009, 0.832499999139044, 0.8509722269243665, 0.8562500004967054, 0.862916671567493, 0.8461111146542761, 0.863888884584109, 0.8643055508534113, 0.8725000015563436, 0.849861118528578, 0.8845833316445351, 0.8886111163430743, 0.8893055535025067, 0.8794444476564726, 0.9023611081971062, 0.888472220963902, 0.8854166600439284, 0.8944444474246767, 0.9188888859417703, 0.9080555563171705, 0.9069444421264861, 0.8951388854119513, 0.9016666660706202, 0.9288888888226615, 0.9166666641831398, 0.9222222103012933, 0.9115277810229195, 0.9311111072699229, 0.9344444332851304, 0.9109722210301293, 0.9308333322405815, 0.9186111059453752, 0.9247222203347418, 0.9405555509858661, 0.9354166645142767, 0.9297222255004777, 0.946944448682997, 0.9313888880941603, 0.9338888906770282, 0.9229166549113061, 0.9436110978325208], "f1_score_pos": [0.5267700759900941, 0.6065393214424452, 0.6583581682708528, 0.6468145789371597, 0.6988070888651742, 0.7044708968864547, 0.7249258425500658, 0.6900099747710757, 0.7396779987547133, 0.7450710891021622, 0.7308855015370581, 0.7858019404941134, 0.7665187194943428, 0.7782810148265626, 0.7666738687290086, 0.8077875301241875, 0.7429855124404033, 0.8086257932914628, 0.8231154729922613, 0.8375165950920846, 0.8489478685789638, 0.8086871355772018, 0.8445451863937907, 0.8461504901448885, 0.8457790621452861, 0.8239182606339455, 0.8662088670664363, 0.8712029746837087, 0.8766048923134804, 0.8541638768381543, 0.8876447810067071, 0.8600980101360215, 0.8604712097181214, 0.8859814140531752, 0.9115964323282242, 0.8906649334563149, 0.8826872499452697, 0.8773684460255835, 0.8738258886668417, 0.9147101317842802, 0.896329945160283, 0.9035844347543187, 0.9023522469732497, 0.9148300935824712, 0.9202337074610922, 0.8908680528402328, 0.9102628744310803, 0.8926180543171035, 0.9157178120480644, 0.9263662770390511, 0.919891251458062, 0.9246444842881627, 0.9363936425911056, 0.9171434541543325, 0.9273139288028082, 0.9072925423582395, 0.9309419012731976], "f1_score_pos_neg": [0.3652560443927844, 0.4880549336473147, 0.5524300142294831, 0.5490792728960514, 0.618071548640728, 0.6243129058016671, 0.6384336426854134, 0.6276016392641597, 0.6634413691030608, 0.6736992042925622, 0.6880911481049325, 0.709699384868145, 0.7082075385583771, 0.7334277166260613, 0.7289156632290946, 0.7473253996835815, 0.703636099687881, 0.7591405684749285, 0.7911962394913038, 0.8024238728814654, 0.8009880574213134, 0.7892973240878847, 0.808508623805311, 0.8065940861900648, 0.8272750203808149, 0.7985510925451914, 0.838663410809305, 0.8438965967959828, 0.839009246064557, 0.83442382597261, 0.8607739234964052, 0.8579753513137499, 0.8483157455921173, 0.8537623054451413, 0.8865212433867984, 0.877409015264776, 0.8792251100142797, 0.8611714277002547, 0.8737740756736861, 0.9016499006085925, 0.8886527005169127, 0.8945206503073374, 0.8735441979434755, 0.9099046811461449, 0.9104183067878088, 0.8780745615561804, 0.9097369106279479, 0.8981258720159531, 0.8950458367665609, 0.9201159485512309, 0.914611403312948, 0.9013918671343062, 0.9251102854808172, 0.9112056742111841, 0.908929872016112, 0.8971919028295411, 0.9221863763199912], "val_f1_score_neg": [0.40720494707019006, 0.36702621718607265, 0.5395937413485257, 0.40010552309549235, 0.5585740683055631, 0.5690207590339005, 0.5031585556345288, 0.5542779101213695, 0.4771669086996039, 0.5093602341771469, 0.4616456717182387, 0.5635879413368131, 0.5351989786986945, 0.509308676941014, 0.5764469776821362, 0.47471472466989295, 0.5406599057774327, 0.50360660982232, 0.44184656597140454, 0.4949787228306916, 0.5479838163278061, 0.45711622462790374, 0.49346192677034156, 0.534834570102169, 0.4785240146859312, 0.5194257302856996, 0.5017635362716663, 0.3966613669205362, 0.5278339184177788, 0.536329816199337, 0.4605503857073245, 0.49231199398460956, 0.2545404609829117, 0.4229620607653347, 0.44438791461826277, 0.5452654819897458, 0.4203408700554445, 0.525210700212049, 0.5136615323357591, 0.49555888510175555, 0.35262469466264684, 0.4406882573027577, 0.4711919383070396, 0.5480641672031603, 0.5458179002448451, 0.48541572042065534, 0.4748723755241097, 0.55893049496789, 0.47702479085802185, 0.4821746003243231, 0.5238125651582407, 0.5440973692793187, 0.5048662553207474, 0.3919990032856589, 0.531075368520315, 0.502479776775246, 0.48625694934758434],