{"f1_score_neu": [0.5205021532075036, 0.6648418161840666, 0.6448526808193752, 0.7201901936814898, 0.7160222878058752, 0.7401018944524583, 0.7434315802085967, 0.7464276495433989, 0.739025551648367, 0.7614125077213559, 0.7496584291969027, 0.7792618601095109, 0.7678019801775614, 0.791070608156068, 0.781062880442256, 0.8004531519753593, 0.8012707623697463, 0.8016558715275356, 0.8041682676190421, 0.8082470595836639, 0.8278141773882366, 0.8324181877431416, 0.8337491410119193, 0.8478733223109018, 0.8503648872886386, 0.8516449970858437, 0.8339048730475562, 0.8701673242307845, 0.8724377283028194, 0.8090240203198933, 0.8803566999378658, 0.8785893321037292, 0.8936263982738767, 0.8768894523382187, 0.8985158034733364, 0.8690826318093708, 0.9118338617540541, 0.9064341975109917, 0.9112142203819185, 0.9027456768921444, 0.8916705470709574, 0.9182682817890531, 0.8959497511386871, 0.9200392819586254, 0.9161171459016346, 0.914984466064544, 0.9231548862797874, 0.9221838584968022, 0.8588697899665151, 0.9226285808143162, 0.9418128601142338, 0.9238769922937665, 0.9121292794034594, 0.9220506555977321, 0.9406888775882267, 0.9229990925107684, 0.9279383740254811, 0.9346205031587964, 0.9383616937058312, 0.9334300281036467, 0.9455361870073137, 0.9334059464079993, 0.9367120131140664, 0.9390239900066739, 0.9422608663638433], "loss": [1.0380281124796187, 0.8689443029108501, 0.8633482300099873, 0.7939851603337696, 0.774431104461352, 0.741932770326024, 0.7254179943175543, 0.7090309794460025, 0.7006195996488843, 0.6845725682519731, 0.673815959975833, 0.6329366238344283, 0.6300271103779475, 0.5963015038342703, 0.588857331446239, 0.5880804622457141, 0.5595645241084553, 0.5598127966125807, 0.5682135639446122, 0.5495614625868344, 0.4978011803967612, 0.501101250804606, 0.4915572450984092, 0.46161081499996637, 0.44330543244168874, 0.4436146670154163, 0.4701192481886773, 0.4062742998912221, 0.39348033283438, 0.4996282919531777, 0.3804738734449659, 0.3750436149892353, 0.3385549180564426, 0.3771092508520399, 0.31519841739819165, 0.42418206341209863, 0.2906507379597142, 0.3117600551673344, 0.29322536005860284, 0.30269585212781314, 0.3281824663281441, 0.27239902619095074, 0.31664692965291796, 0.2660521962458179, 0.28011855607231456, 0.2652697428351357, 0.2593224250844547, 0.255777603104001, 0.3840940963654291, 0.2583915584144138, 0.19363748379761264, 0.2569797507354191, 0.2865276902559258, 0.2555118426680565, 0.2014115048306329, 0.25942555673065637, 0.2356023062907514, 0.21381912575591178, 0.2252116645021098, 0.23438267090490886, 0.19460375660232135, 0.22916796519642785, 0.20832569098898343, 0.214636673796035, 0.20256775857082435], "val_acc": [0.5966430527783115, 0.6304747015511367, 0.6407028489340455, 0.6414896449234865, 0.6622082392843633, 0.6477838996167636, 0.6522423207931809, 0.6695515408373367, 0.6640440645162871, 0.6629950220179064, 0.6685024989486023, 0.6535536260421027, 0.6548649353553327, 0.6608969353328938, 0.6629950196418493, 0.6451612887281212, 0.6719118776266386, 0.6428009512510132, 0.6509310084160875, 0.6480461491114068, 0.656176234554688, 0.6658798891385647, 0.6551271818642725, 0.6504065118028585, 0.6572252854786924, 0.6580120646168859, 0.6606346756462159, 0.6218200954370476, 0.6435877262467385, 0.6548649282271612, 0.6514555495491248, 0.6535536284181598, 0.6084448030981028, 0.6430632091712801, 0.6488329336895207, 0.6472593741938413, 0.640440593999482, 0.6118541878257059, 0.6399160678887537, 0.6462103299290497, 0.6422764220764217, 0.6294256546914405, 0.6003147204998376, 0.6396538226772661, 0.6333595630130272, 0.6299501676244308, 0.6372934779938269, 0.6328350442493178, 0.6498819737336844, 0.6252294830096665, 0.6239181723989842, 0.629687922194096, 0.6194597464704527, 0.6265407689531238, 0.620771045591648, 0.6365066921964205, 0.5969053183738684, 0.6315237373121448, 0.6338840830741891, 0.6320482597493637, 0.6260162532532775, 0.6289011257356963, 0.6178861780801909, 0.6464725896938873, 0.6344086122487806], "f1_score_neg": [0.2262824204351221, 0.30354097946768716, 0.38935424351976033, 0.41430149999048027, 0.45089362419786905, 0.4833057075738907, 0.5252552316302345, 0.5212112156053385, 0.5322846823504993, 0.5459084195040521, 0.5713676331298692, 0.5858406562890325, 0.5942708080013593, 0.6324798674100921, 0.6396937735733532, 0.6437773246850286, 0.6546285553347497, 0.659647649597554, 0.6715918438775199, 0.6814757266214916, 0.6713243158800262, 0.7200666474444526, 0.7122882789089566, 0.7186413272505715, 0.7608466701848167, 0.7557200874601092, 0.7575739331188656, 0.7818125401224408, 0.7870921755120868, 0.7256813962899503, 0.7807907905606997, 0.799982243350574, 0.828293060262998, 0.79964679479599, 0.8398507762522924, 0.7789196985818091, 0.8482200822659901, 0.8534341135195324, 0.8577872429575238, 0.8518928005581811, 0.843849201287542, 0.850212920989309, 0.8379344691832861, 0.8646605412165324, 0.8343885250034786, 0.876448949887639, 0.8785194350140435, 0.8715678701798121, 0.8264641477948144, 0.8727612289644423, 0.9027817071903319, 0.8853186319271723, 0.8524084928489867, 0.862967176806359, 0.8912644265663057, 0.879601334532102, 0.8910572301773798, 0.9030170845133918, 0.8977966791107541, 0.8770734681969597, 0.906522525208337, 0.8837167031708217, 0.893082354040373, 0.9181117010968072, 0.9086230439799172], "f1_score_pos_neg": [0.3536473984519641, 0.42969760050376254, 0.4688303529151848, 0.5055394612607502, 0.5215956575813747, 0.5581935498686064, 0.5780056675984746, 0.5806865997257686, 0.5959677870074908, 0.6086185429067839, 0.6212325912146341, 0.6457097693568185, 0.6483266300388745, 0.6720738914750871, 0.6777291631414777, 0.6925314600978579, 0.6987838482572919, 0.706125768167632, 0.706113324988456, 0.7127156598227364, 0.7307874957720438, 0.7477009076447714, 0.7460636971961885, 0.7675622382334301, 0.7833275305373328, 0.7852871786980402, 0.773728901431674, 0.8069320782309487, 0.8090792830501284, 0.7555463420493262, 0.8147518925723576, 0.8199150533903212, 0.8440029940434864, 0.818434769199008, 0.855897395383744, 0.801213576680138, 0.8671022334269115, 0.8614453098603657, 0.8690090619382405, 0.8659019314107441, 0.8498690937246595, 0.8730823411827996, 0.8524857418877738, 0.8806644082069397, 0.8678818011567706, 0.8830574772187642, 0.8899998409407479, 0.8865039008004325, 0.8355762603737059, 0.8839976681130273, 0.9139109012626466, 0.890846726440248, 0.8703224524146035, 0.884089205236662, 0.9076074851410729, 0.890356916047278, 0.8986680443797793, 0.9091504684516362, 0.9033628673780532, 0.8962275783220927, 0.9174679759002867, 0.9011266600518, 0.910885289311409, 0.9092349729367665, 0.9162889286166146], "val_f1_score_pos": [0.5973859851265904, 0.6924976575196399, 0.6847167787450584, 0.666894668548588, 0.6579882542261013, 0.6981240957701829, 0.648810014116961, 0.7126906525891752, 0.6982365764878786, 0.6650049358786106, 0.7148588876883064, 0.6798055143672714, 0.6370044698591405, 0.7147105205037166, 0.684480340547084, 0.6413628287025239, 0.6971164286965121, 0.6980245665962416, 0.6418897825184063, 0.6884263278992195, 0.6702059847677657, 0.7058313591505891, 0.6711958937684976, 0.6667978731222175, 0.6573787642500702, 0.680734525116416, 0.6870712958512705, 0.5686070868076691, 0.6472410439444501, 0.6801808617917253, 0.6678563065176213, 0.6845199801369724, 0.5395019214953021, 0.670510457611259, 0.6646893614550885, 0.6687878615394091, 0.6417528305690244, 0.5401114707946028, 0.6549663917461218, 0.6689902842748269, 0.6674453495776219, 0.6787972130739186, 0.667482992169615, 0.6585121709563243, 0.6549082362773754, 0.6140587679238698, 0.680210662347702, 0.6551203179040544, 0.6546166632358652, 0.6804629050931873, 0.6712910725537041, 0.6655798744192406, 0.6456450003824802, 0.6258418023695697, 0.6309470476642731, 0.6405366888328891, 0.6728352360796684, 0.6327462504299614, 0.6787058969604478, 0.6759135718580747, 0.5948898190592894, 0.6249574825828106, 0.5956772673858485, 0.6582851495575224, 0.6557099435731492],