{"f1_score_neu": [0.5965196790271684, 0.6685951728569833, 0.6643188462445611, 0.631516732275486, 0.6270441663892645, 0.6543479828458083, 0.6200431883335114, 0.660265015536233, 0.6607811086271939, 0.6794491449469015, 0.6856820865681297, 0.6643304350344759, 0.6846350360857812, 0.6971736542488399, 0.6931506458081698, 0.6995305403282768, 0.6963869686189451, 0.720487084827925, 0.6994461652479673, 0.7015850716515591, 0.7077210796506781, 0.7229072067298388, 0.7147764520425546, 0.7270647554021132, 0.7236705641997488, 0.7173965287051702, 0.7355794436053226, 0.7415054840476889, 0.7319205481755106, 0.7385207712650299, 0.740128611263476, 0.7536292672157288, 0.7686826084789476, 0.7476010914695891, 0.7590487152338028, 0.7853739873359078, 0.7859722164116407, 0.7998710094313872, 0.760692869950282, 0.826606356783917, 0.7817678635841921, 0.8174001213751341, 0.8121882120245382, 0.820980180250971, 0.8266171381661767, 0.8536487880506014, 0.8316562411032224, 0.8407559041914187, 0.8520526038972955, 0.865364986030679, 0.8621484590204138, 0.8624869585037231, 0.8697558445365805, 0.8879155555838033, 0.9087074689174953, 0.8681600203639582, 0.8999269196861669, 0.8935131171816274, 0.9091491903129377, 0.8903878597836745, 0.9049674217638216, 0.924746564344356, 0.9147116290895563, 0.9291646362919557, 0.916034072637558, 0.9394336444766898, 0.9372063820299349, 0.9259264657371923, 0.9560227770554391, 0.9209525663601724], "val_f1_score_pos_neg": [0.0, 0.020700167098723174, 0.03596543912992411, 0.33533043103662097, 0.024962594327937897, 0.2890129968275962, 0.09771856967254207, 0.29968379305870857, 0.19876968231868272, 0.31090349093032643, 0.1998759104266555, 0.24355466507653423, 0.34723749004716653, 0.37576102380595977, 0.2334774374506037, 0.32336988433813435, 0.2637084789952876, 0.19593400790033927, 0.516145804740264, 0.3088794586441831, 0.35461883242206427, 0.39271764325173225, 0.4604578049827469, 0.48228211401284304, 0.45158362182153006, 0.5030319041300614, 0.4210750312752623, 0.4642048911687977, 0.3836122950990619, 0.3676657311373662, 0.4917683423343029, 0.3863140712490073, 0.1551770101822125, 0.2389148847642805, 0.42474238579197077, 0.2903042527211447, 0.4501397509967428, 0.15815922249237588, 0.4658106255252459, 0.4169812677172568, 0.3602456245881397, 0.42836912455614545, 0.40614201674791695, 0.3296164355994451, 0.4244203815254283, 0.30574893114859597, 0.4718040477516305, 0.4410317981774025, 0.37376470607087464, 0.379131120521101, 0.24973465478801, 0.3055089426721692, 0.42537750915745276, 0.30787717448769525, 0.4292831558715745, 0.3701168849320225, 0.4168650163919927, 0.42180626946315003, 0.2874101519289716, 0.38082152790064433, 0.38879174236719316, 0.464702870494012, 0.35981332486243167, 0.34003661368486315, 0.3297658586925716, 0.20457918838075406, 0.4112594747296658, 0.3804519787008463, 0.4100859276196252, 0.4556600162696581], "acc": [0.48210526120505837, 0.5105263108485624, 0.5253947306620447, 0.5131578998346078, 0.5277631514166531, 0.5473684186213895, 0.5469736817635988, 0.5721052575268244, 0.5773684170685316, 0.5871052608678216, 0.6040789484977722, 0.5959210450712004, 0.611842113890146, 0.6167105342212477, 0.618157894987809, 0.6302631575810281, 0.6285526360336103, 0.6518421133882121, 0.6405263182364012, 0.6389473668838802, 0.6480263236321901, 0.6635526371629614, 0.665263157141836, 0.6702631437464764, 0.6738157844857166, 0.6713157884384456, 0.686973680791102, 0.6919736893553483, 0.6905263152561689, 0.700921048067118, 0.7059210523178703, 0.7131578930114445, 0.7264473650016283, 0.7202631627258501, 0.7310526261204168, 0.7468421074904894, 0.7542105223003187, 0.7632894696373689, 0.7494736768697438, 0.7885526301045167, 0.7730263102995721, 0.7935526331788615, 0.785526314064076, 0.800263156232081, 0.7935526308260465, 0.8334210585606726, 0.8081578933878949, 0.8164473662250921, 0.8311842123144552, 0.845789475660575, 0.8480263148483477, 0.840000005144822, 0.8496052638480538, 0.8678947326384092, 0.88447368615552, 0.8552631594632801, 0.8826315755906858, 0.8825000108856904, 0.8899999974589599, 0.8790789426941621, 0.8882894766958136, 0.9067105258765974, 0.8984210499023136, 0.9194736959118592, 0.9081578929173318, 0.9284210487415916, 0.9246052621226561, 0.9148684198919096, 0.9471052602717751, 0.9078947399791918], "loss": [1.0547187234226025, 0.9947998029621024, 0.9764392673969269, 0.9660222671533886, 0.9540871256276181, 0.9230999232907044, 0.9222879401947323, 0.8919655170879865, 0.8759124169224187, 0.8680681445096669, 0.8523445764654561, 0.8535986158408617, 0.8203480580919668, 0.8229211498247949, 0.8139497292669196, 0.792655946392762, 0.8068184938869978, 0.7680827096888894, 0.7726252024110994, 0.7770213774944607, 0.7697901670870028, 0.7523813992738724, 0.7314330778623882, 0.726285310952287, 0.7191275373885506, 0.727573175179331, 0.6944140242902856, 0.6911977827548981, 0.6902384012937546, 0.6642106544030341, 0.6413178804673647, 0.648275657704002, 0.628360841619341, 0.6193573921918869, 0.6091855933007441, 0.585734385800989, 0.5611432426069912, 0.5545464593328928, 0.5674350959689993, 0.5177239501162579, 0.5389913359754964, 0.48229573000418513, 0.5167968547657916, 0.4781808386507787, 0.49499740294719996, 0.4109848102456645, 0.4667262046744949, 0.4385404763253112, 0.40631256213313655, 0.3744667921411364, 0.37520223032487066, 0.389491269462987, 0.36693805573802246, 0.32916452833696414, 0.3020416360936667, 0.3619393418101888, 0.3021224839122672, 0.30003238018406064, 0.2793837479854885, 0.32163179940298986, 0.28233110943907186, 0.2563520493476014, 0.2666564107333359, 0.21856085720815158, 0.2455490380525589, 0.19629652072724543, 0.20453237320639586, 0.2267628049379901, 0.15715403384283969, 0.2554429510706349], "val_loss": [1.0146857243746827, 0.9680416157424745, 0.9289126494581829, 1.0026524034749802, 0.9175445263953129, 0.9036586759222343, 0.8850735458660598, 0.8766401531832528, 0.869003421489151, 0.8846778948726388, 0.8733017430131734, 0.8606241108381261, 0.84642043080997, 0.8452968113710898, 0.8539944018697717, 0.8978316149516412, 0.8407282141002512, 0.9190225341113044, 0.8952535363773049, 0.8031905332879338, 0.8089010002534774, 0.810721840211737, 0.8105998468517024, 0.9378516147440208, 1.0119592328356881, 0.8507847048868428, 0.8044027770310975, 1.0003503496669404, 0.8480571230091708, 0.8368167324051147, 0.8554952523754461, 0.8186134808888266, 1.117813740235645, 0.9528857405208222, 0.8045206907843342, 0.979547510960056, 0.8817378541557734, 1.246602017923459, 0.9960169611457657, 0.8702937138279011, 0.8980184801516101, 0.9896994669910385, 0.9448126718582894, 1.1303442332640565, 0.8875810150031941, 1.219912861093872, 0.8968706767783206, 0.9211578471028906, 1.0269034450996903, 0.9839292092201037, 1.185771599204166, 1.0544270043216522, 0.9545389917644358, 1.1593653279491978, 1.0474766819958639, 1.0929507029469465, 1.0479328756229436, 1.0802513061211123, 1.4065717630862546, 1.1639307987781136, 1.1495287337927362, 1.0705132654964844, 1.171894641540311, 1.3342138157199752, 1.1772550505343398, 1.5295198896260505, 1.3642047399129622, 1.1933508228730147, 1.439172478768936, 1.2458994861020196],