{"1": {"f1_score_pos": [0.5693876432277352, 0.6229592791859464, 0.6385477526509857, 0.6515213514876413, 0.6600403177690315, 0.6730466921959656, 0.675277788790474, 0.6911666707161919, 0.6951945615356346, 0.7035514167005039, 0.7148269138272747, 0.7251721137244419, 0.7296666189145491, 0.7405755861501497, 0.7443857581605274, 0.7563218083457056, 0.7667738212100473, 0.7723585592889523, 0.7791090826522634, 0.7832091673011761, 0.7953112112006628, 0.7996807157185423, 0.8046515300929786, 0.815834911038957, 0.827620967878515, 0.830245017646307, 0.8289309999415554, 0.8362092703924959, 0.8461263371205114, 0.8486856239731891, 0.8520377722445381, 0.8536279910359995, 0.8576855146097969, 0.8647310522770187, 0.8713417941382731, 0.8733093431780496, 0.871114545909456, 0.8721601842906341, 0.8915200608083044, 0.8874514059548876, 0.891615981842021, 0.898365878182123, 0.8966509317492984, 0.9009413062239507, 0.8937397417444063, 0.9083250093846077, 0.9015916720720898, 0.9004214581580885, 0.9037707467978618, 0.9041014676576996, 0.9106366027251305, 0.904583605971322, 0.9173006157364592, 0.9143609983330391, 0.9141990873723265, 0.9182318761406174, 0.9230843879521851, 0.9223961469878155, 0.9158841669335064], "val_f1_score_pos": [0.6400462448529638, 0.6691669282387843, 0.656222733676112, 0.6818837710449486, 0.6893691928118322, 0.6837550250974409, 0.6089493246445887, 0.6856666698945273, 0.688773484574999, 0.6275804625848168, 0.6164695561747432, 0.5738777504584798, 0.6667239417513995, 0.579281023813021, 0.6812646379583318, 0.6559231381132695, 0.6877350946235035, 0.5530462759339027, 0.6660034211191423, 0.6545120046030759, 0.6692682450352296, 0.6408772885552583, 0.67644578648535, 0.6538073607289308, 0.6186530586541978, 0.6556281756166982, 0.6601768265794908, 0.6674546331245756, 0.6477781595826553, 0.630282206739681, 0.6645689854539313, 0.667578424409935, 0.622388442130501, 0.6605421704709836, 0.657315690793571, 0.6189155882433167, 0.631273972261115, 0.6252509542683733, 0.6590657349302383, 0.6560876547041166, 0.6509725594927457, 0.643915077197625, 0.6194955790442286, 0.6557852182383519, 0.602734905987705, 0.5898425640852243, 0.4881794866735894, 0.6402973316966074, 0.6326649644500804, 0.6550104227639274, 0.6336596711080725, 0.637288905503475, 0.6516211180065249, 0.6024922363460999, 0.6206489223909731, 0.5195039023283748, 0.6431851048648455, 0.6508854659696582, 0.6465971734206939], "val_loss": [0.8231069162059779, 0.757210890252612, 0.7052466629260247, 0.7006446522905859, 0.6878767216096395, 0.6732571986601484, 0.691472351087323, 0.6694457934123836, 0.6673660905631338, 0.6943066952024802, 0.7124085325057271, 0.7280324648353772, 0.685863950804824, 0.7269164543705942, 0.6927149116297351, 0.6997817960209104, 0.696220115498447, 0.8073821450314956, 0.7160519724254821, 0.7351212821426827, 0.7417570834088646, 0.7973507302799792, 0.7648563885616978, 0.7710253869683908, 0.8716054853074807, 0.7916127782960596, 0.8082580051662662, 0.8300082925227942, 0.8351559135976379, 0.8815464326168246, 0.9009440970893546, 0.841208394938931, 0.9401280535241264, 0.8887543457187782, 0.9664625169746489, 0.9810502864976707, 0.9765702238015869, 1.0150475084504902, 0.963354463648476, 0.9656939620070542, 0.9723253079812401, 1.0249235202204345, 0.9832664128228852, 1.0100469328794983, 1.1147659079076235, 1.143534692815622, 1.310999689818416, 1.0408416230580726, 1.1345319872235158, 1.0725463303557483, 1.0659661810989585, 0.9882653029564259, 1.0760988629078203, 1.184605144081159, 1.1389130854908802, 1.3311182096262082, 1.1288838022430474, 1.0974626672478838, 1.1199756352122687], "acc": [0.6085906146341059, 0.6548694772384014, 0.6704944771635963, 0.6781187251090525, 0.6863391075328172, 0.6976029132324529, 0.7009600889326698, 0.7114081304879433, 0.7156124479963957, 0.7253388576209545, 0.7332454803268833, 0.7399912186595331, 0.7430346397735388, 0.7528551702039787, 0.7597264062059692, 0.7666603915737455, 0.7757279104871084, 0.7826305230009747, 0.7874937270539831, 0.7939884572562922, 0.8023029631564775, 0.807574044845729, 0.8149472884534592, 0.8235441757119205, 0.83163905742178, 0.8331764520007563, 0.8356237441944669, 0.8446598889448317, 0.849585843538065, 0.8533195275214901, 0.8557981907513487, 0.8635479461431623, 0.8656500988980254, 0.8707956798210081, 0.8772590375434323, 0.8787650594555111, 0.8767884022829283, 0.8824987434389362, 0.8907818799860865, 0.8949234464680813, 0.8958960832975595, 0.901763306436948, 0.9000690251992769, 0.9071598891842078, 0.9033948296763332, 0.912117217327038, 0.9087600390086452, 0.9082894063139536, 0.9108935781646086, 0.9125251032741194, 0.9157881493788647, 0.9144703769854393, 0.9206827281259868, 0.9227221401700054, 0.923035893155389, 0.9228162634070499, 0.9280245982664057, 0.930220880564377, 0.9253890539358658], "val_f1_score_neu": [0.597634751145402, 0.6603364942139343, 0.7457464517681224, 0.7505657499580585, 0.7394221195059867, 0.752503338744491, 0.7517014901735863, 0.7451101623794368, 0.7438120669202054, 0.7579918490971237, 0.7560453955689462, 0.7482007271762713, 0.7533907076767659, 0.7504557681765816, 0.7454169570225397, 0.7523668398595631, 0.7370303856980952, 0.7397112853928871, 0.7555246357936335, 0.7453129367526793, 0.746447504509167, 0.7472552057116764, 0.7351817647237104, 0.7446940139390427, 0.7461169429085069, 0.7189228896484993, 0.7362494305634472, 0.726661690879996, 0.725992021865536, 0.7442797174237127, 0.674266012194525, 0.7221063836214159, 0.7248604845291609, 0.7364661639570547, 0.6624337642176984, 0.7327298563282737, 0.7361987391728682, 0.7389214065326534, 0.7057166068882128, 0.7154344251560049, 0.7154015875517881, 0.7251568685093732, 0.7266173582631112, 0.7257924720220486, 0.7258904107033736, 0.7350946497641927, 0.723444532893326, 0.7242785574337038, 0.7039698970513805, 0.7248535547206806, 0.7234301721829814, 0.7336853650825238, 0.7027789312438782, 0.7300848663115026, 0.7259982875784962, 0.7293069025312049, 0.7222007380134414, 0.7001025904255629, 0.7076138448559635], "val_f1_score_neg": [0.6186911550350838, 0.6395366361799706, 0.4588687698879091, 0.5953642128925728, 0.6200994936416733, 0.6167012894523085, 0.6232599853676466, 0.6330076352178804, 0.6294633140826049, 0.5974676945245704, 0.5617258401837937, 0.6118559288565705, 0.5930534510334846, 0.6248555104875223, 0.6094678991381535, 0.6064467088149085, 0.6306824558411597, 0.6252605912900506, 0.5950573807843342, 0.6085980204480372, 0.5818518518593757, 0.5620242146629508, 0.6242958120202342, 0.5824074455270326, 0.5205312501622766, 0.5621358077743598, 0.6135844332104661, 0.5819418006237096, 0.5992256109845251, 0.566741787522661, 0.62102245990538, 0.6067923833680939, 0.6229573268261499, 0.5904708959284714, 0.6182072830852413, 0.6091069713233032, 0.5950262738689304, 0.49661891911286815, 0.6088254675465465, 0.6170911963289064, 0.6046975336240576, 0.6137162707339328, 0.6058789556950035, 0.5477651703356201, 0.6051873831890177, 0.5972558516513031, 0.5969160049200087, 0.6075919314046504, 0.6107348976298009, 0.5471286929406162, 0.5952482536605287, 0.5789106863926339, 0.6133889799764874, 0.5839101041869696, 0.5909759371758465, 0.6006654056301229, 0.5581613219521817, 0.5743045875322775, 0.589262683129188],