{"val_f1_score_neg": [0.1898937540592184, 0.5666812084518035, 0.5450360816017337, 0.5835351187583299, 0.45423322383798675, 0.5745123027950807, 0.5430073804861781, 0.5737266076131281, 0.4382445439126542, 0.33430877289040584, 0.6320377670587102, 0.601496719155717, 0.6183857941112698, 0.3016414970588534, 0.6313896794550815, 0.533933452132367, 0.5505262957839777, 0.5959017823474986, 0.5573614468673195, 0.6333077507838439, 0.6390391604030556, 0.5844937879868686, 0.6108066144956965, 0.6353283869592767, 0.41067874096451285, 0.6314642887849075, 0.5737633678326455, 0.6362308058929615, 0.5666079817191471, 0.29519952143895645, 0.5780781406408165, 0.5509703694782008, 0.6360358207868232, 0.6056119401981527, 0.5894623163901521, 0.6244582097593643, 0.5939335306378243, 0.6358156581746529, 0.6204332413568295, 0.6000558592100911, 0.630673082412174, 0.6082096304970714, 0.5292131775035763, 0.6040832470034996, 0.6002638580774435, 0.6032369233336043, 0.6166986739694456, 0.6289552406475344, 0.6328154987330057, 0.6116021114107837, 0.5627127031833805, 0.6041315733662501, 0.6158693989439693, 0.19372111839777276, 0.6134515178670124, 0.5778821449369875, 0.6007172884943246, 0.5894070132005016, 0.5151158484638246, 0.5908613761051571, 0.5991604482060449, 0.5919251475203321, 0.5871871903411343, 0.3819879137525889], "val_f1_score": [0.3375076811645034, 0.5083852245418328, 0.45482837566640855, 0.5122092057872452, 0.45661213922972516, 0.5384170108424936, 0.4719134975112455, 0.5151062651469908, 0.4870154425950936, 0.4296359692105719, 0.5818178255012108, 0.5556855294493153, 0.5988089422679838, 0.4380639130287325, 0.5870946312186636, 0.5245081372374734, 0.5828148840624525, 0.5063042908276838, 0.4697048340731787, 0.5838054608397799, 0.5909223999464452, 0.5706693123333957, 0.4776203822724947, 0.5709640623962241, 0.5127499759653051, 0.4809035203824749, 0.5658481646592264, 0.561076568259455, 0.5816535017697381, 0.47705735981437575, 0.5321312638161368, 0.569469764754947, 0.5703712992179089, 0.5840954836617168, 0.5811375488958217, 0.5890835993900204, 0.5830877094294539, 0.5943671152283896, 0.5719465113844466, 0.5699767030899556, 0.581815468798443, 0.5896542757092647, 0.5435505338311464, 0.5281958444881053, 0.5581673969034134, 0.5401851824152539, 0.5937849066571722, 0.5828403659195069, 0.5906328835628937, 0.5620802099834515, 0.5806000252269808, 0.5868217246359766, 0.540414557631789, 0.4372869847569442, 0.5639778321463945, 0.5293037493487387, 0.5737439158849763, 0.5822004797058603, 0.5449138614866469, 0.5706185172175804, 0.5842785429321748, 0.5831998194652905, 0.5607757311493654, 0.5109406152771123], "f1_score_pos_neg": [0.29506715511282283, 0.37100685346457696, 0.44101594885190326, 0.45195405930280685, 0.4795256290170882, 0.49241918242639965, 0.5318955981896983, 0.5469708926975727, 0.5609465651214123, 0.5827303607430723, 0.6009228502710661, 0.6146887503564358, 0.6251786276698112, 0.6131971693701215, 0.643945922040277, 0.6773647690812746, 0.6620104908943176, 0.676423019833035, 0.6796700167987082, 0.6973265078332689, 0.7127398202816645, 0.7442773116959466, 0.7544076508945889, 0.7451245105928845, 0.7648598228891691, 0.7816535391741328, 0.7800320113698641, 0.7891064029600885, 0.8365593925118446, 0.8364933157960573, 0.809967620505227, 0.8381168155206574, 0.8460283536050055, 0.8562263175845146, 0.8961942775381936, 0.8555836437477006, 0.8946574446227815, 0.8853663620021608, 0.9145056613617473, 0.8743627849552367, 0.9231460574600432, 0.9109947921501266, 0.9100769344303343, 0.8965804816948043, 0.9302128271924125, 0.9313396538297335, 0.9259184449911118, 0.9336857514248954, 0.9212100679675738, 0.9506392214033339, 0.9396187522345119, 0.950881153345108, 0.944626880188783, 0.9250240499774615, 0.9346186709072855, 0.9535447971688377, 0.9279565314451853, 0.9631588723924425, 0.9601555872294638, 0.9366720244288445, 0.9533758817447556, 0.9672986964384714, 0.9574718326330185, 0.9662648232446777], "f1_score": [0.3839344477487935, 0.490077414860328, 0.5387468648453554, 0.547606087807152, 0.5645002838638093, 0.5757129887739817, 0.6069389440947108, 0.6163671596182717, 0.6280931267473433, 0.6430270647009214, 0.6590449520283275, 0.6687047746446397, 0.6744137704372406, 0.665812488231394, 0.6949114559425248, 0.7205536100599501, 0.7055456961194674, 0.7187610252035989, 0.7215265192919307, 0.7341901701357629, 0.7520465387238396, 0.7728119699491395, 0.7820177525281906, 0.7787171113822196, 0.7920010917716556, 0.8073159323798286, 0.8066084914737277, 0.8135679256584909, 0.8553702582915624, 0.8563407932718595, 0.8317540180351999, 0.8581263331903352, 0.8619275357988145, 0.8725022657050027, 0.9084344771173265, 0.8679647197326025, 0.9060043618083, 0.8999378730853399, 0.9240081525511212, 0.8872403734260135, 0.9317184024386935, 0.9205762114789751, 0.9209371647901006, 0.906791971789466, 0.9376332453555531, 0.9399493551916547, 0.933490244878663, 0.9407862366901504, 0.92980997181601, 0.9565706021255918, 0.9460350722074509, 0.9565157989660898, 0.9518269035551283, 0.9324094206094742, 0.9428255433837572, 0.9593126368191507, 0.9364915581213104, 0.9676649065481292, 0.9659072019987636, 0.9430796917941835, 0.9588183644745085, 0.9717096024089389, 0.9628576570087009, 0.9704841565754678], "val_f1_score_pos": [0.10754615387506866, 0.2523232879158188, 0.0957140814424151, 0.23209111075437772, 0.18586458840243622, 0.3163313100963254, 0.14684397072685876, 0.2420354334422183, 0.28915113639681395, 0.2209075010284024, 0.423045710996095, 0.33471880611191446, 0.47384303322902305, 0.278749381830925, 0.45309800574546777, 0.30065354533255556, 0.4769414005062894, 0.19018905206650052, 0.11569106261096342, 0.41346149671415566, 0.41663644129340843, 0.3851029646326924, 0.08682603063585519, 0.3841656601702475, 0.4205424463593418, 0.08822439535212205, 0.3730678189674906, 0.3779009375763111, 0.4328857904289201, 0.4170890543249562, 0.2689691426193076, 0.4090015963423751, 0.3407779086349357, 0.4318749146905505, 0.42288542541897733, 0.4329596456782109, 0.41840574007231646, 0.43590250805697356, 0.38269692782716497, 0.37274913703649903, 0.4199901561827151, 0.45060665324310223, 0.3597574967068163, 0.23250963027767915, 0.3373328105077731, 0.2869052232866935, 0.47122454415341514, 0.39516081509159, 0.41825909079381385, 0.34622755036716574, 0.44086995336101015, 0.44596183101604286, 0.29604347179561274, 0.3919130245469145, 0.3453310456594475, 0.2643285112449622, 0.38962238614107647, 0.42722965571132804, 0.37445784695664347, 0.3878442642793857, 0.4304520976178774, 0.4369927688702452, 0.37170945077772566, 0.4167825773230985], "f1_score_pos": [0.32247275672852993, 0.36324923609693843, 0.4086182407206959, 0.4194436323725515, 0.4606466024286217, 0.4816000589893924, 0.5140182177225748, 0.5309633343584008, 0.5422375603682466, 0.5814524533020126, 0.5972795407805178, 0.6182980007595487, 0.6456886902451515, 0.5731059925423728, 0.6789208286338382, 0.682594370510843, 0.6349776776300536, 0.6926813796162605, 0.681646027498775, 0.702469306687514, 0.7211890568335851, 0.749199666082859, 0.7897717050380177, 0.7168084474073516, 0.8263136073946953, 0.7926162878672282, 0.80891831467549, 0.7702959001892142, 0.8839817891518275, 0.8316164000166787, 0.8578626190622648, 0.8551091891196039, 0.8810822831259834, 0.8945827318562402, 0.9094571073849996, 0.8907245629363589, 0.9094040741523107, 0.8758872523903847, 0.9192808874779277, 0.9189001338349448, 0.9307123339838452, 0.9149345060189565, 0.8943586208754115, 0.9414361500077777, 0.930146330760585, 0.9339484903547499, 0.9297516337699361, 0.9420482259657648, 0.918508306145668, 0.9514472774333425, 0.9527070447802544, 0.9595634589592615, 0.9389386541313596, 0.9525878015491698, 0.9566523416174783, 0.9523037142223783, 0.9041482458511988, 0.9678550470206473, 0.9611911550164223, 0.9537148550152779, 0.954173904326227, 0.9657250046730042, 0.9508887214793099, 0.9733544935782751],